customer_id,date,event,amount
cust_0002,2025-10-01,visit,
cust_0016,2025-10-01,purchase,17.9
cust_0025,2025-10-01,visit,
cust_0038,2025-10-01,visit,
cust_0051,2025-10-01,visit,
cust_0082,2025-10-01,visit,
cust_0092,2025-10-01,purchase,42.78
cust_0093,2025-10-01,visit,
cust_0095,2025-10-01,visit,
cust_0102,2025-10-01,visit,
cust_0107,2025-10-01,visit,
cust_0128,2025-10-01,visit,
cust_0141,2025-10-01,visit,
cust_0143,2025-10-01,ticket,
cust_0148,2025-10-01,visit,
cust_0159,2025-10-01,visit,
cust_0163,2025-10-01,purchase,15.35
cust_0165,2025-10-01,purchase,55.86
cust_0202,2025-10-01,visit,
cust_0204,2025-10-01,visit,
cust_0207,2025-10-01,visit,
cust_0221,2025-10-01,visit,
cust_0253,2025-10-01,visit,
cust_0268,2025-10-01,purchase,32.11
cust_0282,2025-10-01,purchase,59.44
cust_0301,2025-10-01,purchase,54.0
cust_0307,2025-10-01,visit,
cust_0315,2025-10-01,visit,
cust_0316,2025-10-01,visit,
cust_0337,2025-10-01,ticket,
cust_0343,2025-10-01,visit,
cust_0357,2025-10-01,visit,
cust_0359,2025-10-01,visit,
cust_0364,2025-10-01,visit,
cust_0380,2025-10-01,visit,
cust_0388,2025-10-01,purchase,70.16
cust_0391,2025-10-01,visit,
cust_0395,2025-10-01,purchase,23.66
cust_0403,2025-10-01,visit,
cust_0411,2025-10-01,visit,
cust_0412,2025-10-01,visit,
cust_0415,2025-10-01,visit,
cust_0429,2025-10-01,visit,
cust_0432,2025-10-01,purchase,47.37
cust_0432,2025-10-01,refund,47.37
cust_0452,2025-10-01,purchase,107.47
cust_0452,2025-10-01,refund,107.47
cust_0455,2025-10-01,purchase,60.27
cust_0474,2025-10-01,purchase,53.72
cust_0479,2025-10-01,purchase,15.05
cust_0484,2025-10-01,purchase,42.18
cust_0486,2025-10-01,visit,
cust_0497,2025-10-01,purchase,135.75
cust_0499,2025-10-01,visit,
cust_0504,2025-10-01,purchase,11.94
cust_0512,2025-10-01,visit,
cust_0520,2025-10-01,purchase,29.18
cust_0521,2025-10-01,purchase,60.37
cust_0542,2025-10-01,purchase,25.82
cust_0548,2025-10-01,purchase,37.31
cust_0565,2025-10-01,visit,
cust_0567,2025-10-01,visit,
cust_0570,2025-10-01,purchase,22.39
cust_0580,2025-10-01,purchase,45.1
cust_0582,2025-10-01,purchase,48.88
cust_0582,2025-10-01,refund,48.88
cust_0600,2025-10-01,purchase,27.17
cust_0608,2025-10-01,visit,
cust_0612,2025-10-01,visit,
cust_0617,2025-10-01,visit,
cust_0620,2025-10-01,visit,
cust_0630,2025-10-01,visit,
cust_0631,2025-10-01,purchase,43.27
cust_0632,2025-10-01,purchase,17.35
cust_0641,2025-10-01,visit,
cust_0645,2025-10-01,purchase,36.03
cust_0657,2025-10-01,visit,
cust_0677,2025-10-01,purchase,49.81
cust_0689,2025-10-01,purchase,47.38
cust_0696,2025-10-01,visit,
cust_0708,2025-10-01,purchase,68.7
cust_0719,2025-10-01,visit,
cust_0723,2025-10-01,visit,
cust_0733,2025-10-01,purchase,80.2
cust_0764,2025-10-01,purchase,45.34
cust_0767,2025-10-01,purchase,41.07
cust_0769,2025-10-01,visit,
cust_0770,2025-10-01,visit,
cust_0000,2025-10-02,visit,
cust_0005,2025-10-02,visit,
cust_0011,2025-10-02,visit,
cust_0066,2025-10-02,visit,
cust_0068,2025-10-02,purchase,54.69
cust_0083,2025-10-02,visit,
cust_0096,2025-10-02,visit,
cust_0122,2025-10-02,purchase,28.22
cust_0129,2025-10-02,visit,
cust_0135,2025-10-02,purchase,31.47
cust_0137,2025-10-02,visit,
cust_0145,2025-10-02,visit,
cust_0147,2025-10-02,visit,
cust_0156,2025-10-02,purchase,18.53
cust_0164,2025-10-02,visit,
cust_0173,2025-10-02,visit,
cust_0181,2025-10-02,purchase,28.51
cust_0182,2025-10-02,visit,
cust_0207,2025-10-02,visit,
cust_0210,2025-10-02,purchase,50.6
cust_0211,2025-10-02,purchase,18.46
cust_0229,2025-10-02,purchase,49.03
cust_0237,2025-10-02,purchase,20.49
cust_0242,2025-10-02,visit,
cust_0253,2025-10-02,purchase,31.35
cust_0258,2025-10-02,purchase,49.21
cust_0281,2025-10-02,purchase,22.86
cust_0284,2025-10-02,purchase,12.91
cust_0289,2025-10-02,purchase,24.49
cust_0297,2025-10-02,visit,
cust_0315,2025-10-02,ticket,
cust_0323,2025-10-02,visit,
cust_0333,2025-10-02,visit,
cust_0343,2025-10-02,visit,
cust_0345,2025-10-02,visit,
cust_0346,2025-10-02,purchase,12.27
cust_0361,2025-10-02,purchase,45.09
cust_0364,2025-10-02,purchase,30.98
cust_0378,2025-10-02,purchase,33.99
cust_0382,2025-10-02,visit,
cust_0384,2025-10-02,purchase,13.98
cust_0406,2025-10-02,visit,
cust_0411,2025-10-02,purchase,44.67
cust_0422,2025-10-02,purchase,37.09
cust_0425,2025-10-02,visit,
cust_0433,2025-10-02,purchase,27.34
cust_0444,2025-10-02,visit,
cust_0445,2025-10-02,visit,
cust_0448,2025-10-02,purchase,44.8
cust_0449,2025-10-02,purchase,10.77
cust_0459,2025-10-02,purchase,90.37
cust_0482,2025-10-02,visit,
cust_0490,2025-10-02,purchase,26.27
cust_0495,2025-10-02,visit,
cust_0504,2025-10-02,visit,
cust_0520,2025-10-02,purchase,95.7
cust_0539,2025-10-02,visit,
cust_0557,2025-10-02,visit,
cust_0560,2025-10-02,visit,
cust_0575,2025-10-02,visit,
cust_0599,2025-10-02,visit,
cust_0607,2025-10-02,visit,
cust_0608,2025-10-02,purchase,37.85
cust_0611,2025-10-02,visit,
cust_0615,2025-10-02,purchase,45.6
cust_0618,2025-10-02,visit,
cust_0634,2025-10-02,visit,
cust_0662,2025-10-02,visit,
cust_0666,2025-10-02,ticket,
cust_0695,2025-10-02,ticket,
cust_0698,2025-10-02,visit,
cust_0759,2025-10-02,ticket,
cust_0765,2025-10-02,visit,
cust_0770,2025-10-02,purchase,25.26
cust_0774,2025-10-02,purchase,32.43
cust_0799,2025-10-02,purchase,19.81
cust_0002,2025-10-03,visit,
cust_0023,2025-10-03,visit,
cust_0035,2025-10-03,visit,
cust_0041,2025-10-03,visit,
cust_0043,2025-10-03,purchase,25.71
cust_0044,2025-10-03,visit,
cust_0047,2025-10-03,visit,
cust_0049,2025-10-03,visit,
cust_0059,2025-10-03,purchase,42.09
cust_0075,2025-10-03,purchase,32.81
cust_0115,2025-10-03,purchase,41.41
cust_0120,2025-10-03,visit,
cust_0140,2025-10-03,visit,
cust_0141,2025-10-03,purchase,71.8
cust_0143,2025-10-03,purchase,40.35
cust_0147,2025-10-03,purchase,39.4
cust_0152,2025-10-03,visit,
cust_0161,2025-10-03,visit,
cust_0181,2025-10-03,purchase,40.96
cust_0187,2025-10-03,visit,
cust_0188,2025-10-03,purchase,61.61
cust_0188,2025-10-03,refund,61.61
cust_0192,2025-10-03,ticket,
cust_0209,2025-10-03,visit,
cust_0211,2025-10-03,visit,
cust_0221,2025-10-03,visit,
cust_0253,2025-10-03,purchase,109.92
cust_0258,2025-10-03,visit,
cust_0261,2025-10-03,purchase,30.32
cust_0264,2025-10-03,visit,
cust_0270,2025-10-03,visit,
cust_0274,2025-10-03,visit,
cust_0281,2025-10-03,visit,
cust_0285,2025-10-03,purchase,56.53
cust_0287,2025-10-03,purchase,23.38
cust_0288,2025-10-03,purchase,22.35
cust_0306,2025-10-03,visit,
cust_0307,2025-10-03,visit,
cust_0327,2025-10-03,purchase,52.51
cust_0343,2025-10-03,visit,
cust_0374,2025-10-03,visit,
cust_0387,2025-10-03,visit,
cust_0393,2025-10-03,ticket,
cust_0407,2025-10-03,visit,
cust_0418,2025-10-03,purchase,30.32
cust_0431,2025-10-03,purchase,72.92
cust_0437,2025-10-03,purchase,59.04
cust_0450,2025-10-03,visit,
cust_0461,2025-10-03,purchase,28.68
cust_0462,2025-10-03,purchase,30.43
cust_0468,2025-10-03,purchase,31.63
cust_0499,2025-10-03,visit,
cust_0508,2025-10-03,purchase,30.77
cust_0522,2025-10-03,visit,
cust_0523,2025-10-03,purchase,37.97
cust_0538,2025-10-03,visit,
cust_0542,2025-10-03,purchase,16.66
cust_0559,2025-10-03,visit,
cust_0561,2025-10-03,purchase,18.94
cust_0564,2025-10-03,visit,
cust_0567,2025-10-03,purchase,93.05
cust_0571,2025-10-03,purchase,21.39
cust_0585,2025-10-03,purchase,31.34
cust_0594,2025-10-03,visit,
cust_0624,2025-10-03,visit,
cust_0625,2025-10-03,visit,
cust_0637,2025-10-03,purchase,33.83
cust_0642,2025-10-03,visit,
cust_0646,2025-10-03,purchase,53.45
cust_0661,2025-10-03,visit,
cust_0677,2025-10-03,visit,
cust_0680,2025-10-03,visit,
cust_0683,2025-10-03,visit,
cust_0689,2025-10-03,visit,
cust_0692,2025-10-03,purchase,37.71
cust_0692,2025-10-03,refund,37.71
cust_0693,2025-10-03,visit,
cust_0701,2025-10-03,visit,
cust_0711,2025-10-03,purchase,65.95
cust_0712,2025-10-03,ticket,
cust_0719,2025-10-03,purchase,31.6
cust_0731,2025-10-03,visit,
cust_0761,2025-10-03,visit,
cust_0774,2025-10-03,purchase,43.98
cust_0797,2025-10-03,visit,
cust_0799,2025-10-03,purchase,36.0
cust_0000,2025-10-04,purchase,58.42
cust_0001,2025-10-04,purchase,71.23
cust_0012,2025-10-04,visit,
cust_0017,2025-10-04,purchase,23.21
cust_0020,2025-10-04,visit,
cust_0046,2025-10-04,visit,
cust_0050,2025-10-04,visit,
cust_0056,2025-10-04,visit,
cust_0067,2025-10-04,visit,
cust_0075,2025-10-04,visit,
cust_0083,2025-10-04,visit,
cust_0088,2025-10-04,visit,
cust_0094,2025-10-04,purchase,25.68
cust_0103,2025-10-04,visit,
cust_0119,2025-10-04,visit,
cust_0131,2025-10-04,purchase,30.89
cust_0132,2025-10-04,visit,
cust_0133,2025-10-04,purchase,48.14
cust_0133,2025-10-04,refund,48.14
cust_0182,2025-10-04,visit,
cust_0189,2025-10-04,visit,
cust_0240,2025-10-04,visit,
cust_0264,2025-10-04,purchase,58.07
cust_0279,2025-10-04,purchase,17.88
cust_0303,2025-10-04,visit,
cust_0311,2025-10-04,visit,
cust_0321,2025-10-04,visit,
cust_0347,2025-10-04,purchase,37.19
cust_0349,2025-10-04,visit,
cust_0350,2025-10-04,visit,
cust_0365,2025-10-04,visit,
cust_0392,2025-10-04,visit,
cust_0394,2025-10-04,visit,
cust_0395,2025-10-04,purchase,11.35
cust_0437,2025-10-04,visit,
cust_0438,2025-10-04,visit,
cust_0449,2025-10-04,visit,
cust_0455,2025-10-04,ticket,
cust_0458,2025-10-04,purchase,31.44
cust_0467,2025-10-04,visit,
cust_0470,2025-10-04,purchase,57.65
cust_0485,2025-10-04,visit,
cust_0516,2025-10-04,visit,
cust_0517,2025-10-04,visit,
cust_0565,2025-10-04,visit,
cust_0573,2025-10-04,visit,
cust_0583,2025-10-04,purchase,28.57
cust_0583,2025-10-04,refund,28.57
cust_0617,2025-10-04,visit,
cust_0630,2025-10-04,visit,
cust_0631,2025-10-04,visit,
cust_0640,2025-10-04,visit,
cust_0644,2025-10-04,visit,
cust_0645,2025-10-04,ticket,
cust_0648,2025-10-04,ticket,
cust_0649,2025-10-04,visit,
cust_0655,2025-10-04,visit,
cust_0657,2025-10-04,visit,
cust_0661,2025-10-04,visit,
cust_0666,2025-10-04,purchase,33.2
cust_0666,2025-10-04,refund,33.2
cust_0671,2025-10-04,purchase,32.02
cust_0671,2025-10-04,refund,32.02
cust_0672,2025-10-04,visit,
cust_0688,2025-10-04,purchase,28.82
cust_0690,2025-10-04,purchase,15.8
cust_0701,2025-10-04,purchase,42.59
cust_0714,2025-10-04,visit,
cust_0715,2025-10-04,visit,
cust_0737,2025-10-04,visit,
cust_0756,2025-10-04,ticket,
cust_0772,2025-10-04,purchase,29.7
cust_0778,2025-10-04,purchase,41.26
cust_0003,2025-10-05,visit,
cust_0011,2025-10-05,purchase,39.08
cust_0012,2025-10-05,visit,
cust_0022,2025-10-05,purchase,39.36
cust_0034,2025-10-05,purchase,28.02
cust_0039,2025-10-05,visit,
cust_0044,2025-10-05,purchase,35.09
cust_0046,2025-10-05,visit,
cust_0050,2025-10-05,visit,
cust_0067,2025-10-05,purchase,43.2
cust_0068,2025-10-05,visit,
cust_0076,2025-10-05,visit,
cust_0098,2025-10-05,visit,
cust_0102,2025-10-05,visit,
cust_0103,2025-10-05,purchase,49.09
cust_0114,2025-10-05,visit,
cust_0120,2025-10-05,visit,
cust_0151,2025-10-05,visit,
cust_0172,2025-10-05,purchase,27.01
cust_0187,2025-10-05,visit,
cust_0191,2025-10-05,visit,
cust_0202,2025-10-05,visit,
cust_0207,2025-10-05,visit,
cust_0210,2025-10-05,visit,
cust_0211,2025-10-05,purchase,48.84
cust_0215,2025-10-05,purchase,55.58
cust_0219,2025-10-05,visit,
cust_0220,2025-10-05,ticket,
cust_0221,2025-10-05,visit,
cust_0223,2025-10-05,visit,
cust_0232,2025-10-05,visit,
cust_0238,2025-10-05,visit,
cust_0244,2025-10-05,purchase,74.52
cust_0247,2025-10-05,purchase,28.33
cust_0256,2025-10-05,visit,
cust_0271,2025-10-05,visit,
cust_0290,2025-10-05,visit,
cust_0298,2025-10-05,purchase,46.25
cust_0298,2025-10-05,refund,46.25
cust_0300,2025-10-05,visit,
cust_0301,2025-10-05,purchase,47.73
cust_0334,2025-10-05,visit,
cust_0337,2025-10-05,purchase,19.81
cust_0347,2025-10-05,visit,
cust_0354,2025-10-05,ticket,
cust_0360,2025-10-05,purchase,34.77
cust_0371,2025-10-05,visit,
cust_0385,2025-10-05,visit,
cust_0400,2025-10-05,purchase,38.7
cust_0424,2025-10-05,visit,
cust_0430,2025-10-05,visit,
cust_0435,2025-10-05,visit,
cust_0443,2025-10-05,visit,
cust_0446,2025-10-05,visit,
cust_0474,2025-10-05,purchase,47.3
cust_0506,2025-10-05,visit,
cust_0517,2025-10-05,visit,
cust_0520,2025-10-05,purchase,15.14
cust_0520,2025-10-05,refund,15.14
cust_0526,2025-10-05,purchase,53.22
cust_0530,2025-10-05,purchase,21.29
cust_0538,2025-10-05,visit,
cust_0543,2025-10-05,visit,
cust_0565,2025-10-05,purchase,68.27
cust_0566,2025-10-05,visit,
cust_0574,2025-10-05,visit,
cust_0582,2025-10-05,visit,
cust_0606,2025-10-05,visit,
cust_0611,2025-10-05,visit,
cust_0631,2025-10-05,visit,
cust_0644,2025-10-05,visit,
cust_0652,2025-10-05,visit,
cust_0687,2025-10-05,visit,
cust_0696,2025-10-05,purchase,49.63
cust_0704,2025-10-05,purchase,19.39
cust_0712,2025-10-05,ticket,
cust_0768,2025-10-05,purchase,21.53
cust_0788,2025-10-05,purchase,39.29
cust_0793,2025-10-05,purchase,28.73
cust_0797,2025-10-05,purchase,43.19
cust_0002,2025-10-06,visit,
cust_0025,2025-10-06,visit,
cust_0031,2025-10-06,visit,
cust_0032,2025-10-06,visit,
cust_0037,2025-10-06,visit,
cust_0049,2025-10-06,purchase,38.19
cust_0056,2025-10-06,visit,
cust_0072,2025-10-06,visit,
cust_0085,2025-10-06,visit,
cust_0105,2025-10-06,purchase,79.09
cust_0116,2025-10-06,visit,
cust_0130,2025-10-06,visit,
cust_0150,2025-10-06,visit,
cust_0151,2025-10-06,visit,
cust_0157,2025-10-06,purchase,22.77
cust_0186,2025-10-06,purchase,19.2
cust_0223,2025-10-06,visit,
cust_0225,2025-10-06,visit,
cust_0256,2025-10-06,visit,
cust_0258,2025-10-06,visit,
cust_0261,2025-10-06,purchase,35.34
cust_0277,2025-10-06,visit,
cust_0293,2025-10-06,ticket,
cust_0294,2025-10-06,visit,
cust_0299,2025-10-06,purchase,85.48
cust_0327,2025-10-06,visit,
cust_0335,2025-10-06,purchase,59.36
cust_0337,2025-10-06,visit,
cust_0339,2025-10-06,purchase,17.63
cust_0340,2025-10-06,ticket,
cust_0358,2025-10-06,purchase,24.79
cust_0369,2025-10-06,visit,
cust_0375,2025-10-06,purchase,21.09
cust_0380,2025-10-06,purchase,24.75
cust_0383,2025-10-06,visit,
cust_0392,2025-10-06,visit,
cust_0406,2025-10-06,visit,
cust_0424,2025-10-06,visit,
cust_0427,2025-10-06,visit,
cust_0440,2025-10-06,visit,
cust_0457,2025-10-06,visit,
cust_0461,2025-10-06,purchase,23.39
cust_0473,2025-10-06,visit,
cust_0479,2025-10-06,purchase,50.67
cust_0490,2025-10-06,visit,
cust_0508,2025-10-06,visit,
cust_0515,2025-10-06,visit,
cust_0522,2025-10-06,visit,
cust_0548,2025-10-06,purchase,26.04
cust_0552,2025-10-06,purchase,81.35
cust_0552,2025-10-06,refund,81.35
cust_0586,2025-10-06,visit,
cust_0587,2025-10-06,purchase,17.45
cust_0594,2025-10-06,visit,
cust_0619,2025-10-06,purchase,27.91
cust_0628,2025-10-06,purchase,22.36
cust_0636,2025-10-06,visit,
cust_0639,2025-10-06,purchase,37.15
cust_0640,2025-10-06,visit,
cust_0650,2025-10-06,purchase,29.41
cust_0659,2025-10-06,visit,
cust_0685,2025-10-06,visit,
cust_0689,2025-10-06,purchase,12.94
cust_0698,2025-10-06,purchase,33.56
cust_0698,2025-10-06,refund,33.56
cust_0699,2025-10-06,purchase,41.42
cust_0705,2025-10-06,visit,
cust_0713,2025-10-06,visit,
cust_0719,2025-10-06,visit,
cust_0723,2025-10-06,visit,
cust_0747,2025-10-06,purchase,36.55
cust_0751,2025-10-06,purchase,16.83
cust_0020,2025-10-07,purchase,41.1
cust_0022,2025-10-07,purchase,36.55
cust_0024,2025-10-07,visit,
cust_0031,2025-10-07,visit,
cust_0049,2025-10-07,visit,
cust_0051,2025-10-07,purchase,98.9
cust_0084,2025-10-07,purchase,66.95
cust_0107,2025-10-07,visit,
cust_0117,2025-10-07,visit,
cust_0130,2025-10-07,visit,
cust_0134,2025-10-07,purchase,48.07
cust_0135,2025-10-07,purchase,39.05
cust_0145,2025-10-07,visit,
cust_0156,2025-10-07,visit,
cust_0168,2025-10-07,purchase,24.19
cust_0178,2025-10-07,purchase,31.82
cust_0182,2025-10-07,visit,
cust_0184,2025-10-07,purchase,32.51
cust_0193,2025-10-07,visit,
cust_0211,2025-10-07,visit,
cust_0212,2025-10-07,purchase,44.7
cust_0232,2025-10-07,purchase,21.03
cust_0242,2025-10-07,visit,
cust_0250,2025-10-07,visit,
cust_0259,2025-10-07,purchase,102.35
cust_0260,2025-10-07,visit,
cust_0268,2025-10-07,ticket,
cust_0276,2025-10-07,visit,
cust_0290,2025-10-07,visit,
cust_0292,2025-10-07,visit,
cust_0294,2025-10-07,visit,
cust_0301,2025-10-07,purchase,23.77
cust_0307,2025-10-07,purchase,71.03
cust_0307,2025-10-07,refund,71.03
cust_0315,2025-10-07,purchase,58.73
cust_0317,2025-10-07,purchase,43.43
cust_0325,2025-10-07,purchase,18.65
cust_0334,2025-10-07,visit,
cust_0344,2025-10-07,visit,
cust_0351,2025-10-07,visit,
cust_0360,2025-10-07,purchase,32.78
cust_0383,2025-10-07,purchase,57.93
cust_0389,2025-10-07,ticket,
cust_0396,2025-10-07,purchase,20.98
cust_0397,2025-10-07,purchase,63.18
cust_0400,2025-10-07,visit,
cust_0404,2025-10-07,purchase,18.62
cust_0418,2025-10-07,visit,
cust_0437,2025-10-07,purchase,22.32
cust_0438,2025-10-07,ticket,
cust_0441,2025-10-07,purchase,56.39
cust_0475,2025-10-07,visit,
cust_0480,2025-10-07,purchase,39.01
cust_0495,2025-10-07,visit,
cust_0503,2025-10-07,visit,
cust_0526,2025-10-07,visit,
cust_0536,2025-10-07,purchase,19.45
cust_0564,2025-10-07,visit,
cust_0567,2025-10-07,visit,
cust_0574,2025-10-07,visit,
cust_0577,2025-10-07,visit,
cust_0599,2025-10-07,ticket,
cust_0609,2025-10-07,ticket,
cust_0625,2025-10-07,ticket,
cust_0636,2025-10-07,visit,
cust_0639,2025-10-07,purchase,34.47
cust_0648,2025-10-07,purchase,71.95
cust_0648,2025-10-07,refund,71.95
cust_0649,2025-10-07,visit,
cust_0655,2025-10-07,visit,
cust_0667,2025-10-07,visit,
cust_0671,2025-10-07,visit,
cust_0683,2025-10-07,visit,
cust_0686,2025-10-07,visit,
cust_0693,2025-10-07,visit,
cust_0694,2025-10-07,visit,
cust_0703,2025-10-07,purchase,26.13
cust_0714,2025-10-07,purchase,32.42
cust_0719,2025-10-07,visit,
cust_0722,2025-10-07,ticket,
cust_0739,2025-10-07,visit,
cust_0740,2025-10-07,purchase,28.26
cust_0742,2025-10-07,visit,
cust_0757,2025-10-07,visit,
cust_0762,2025-10-07,visit,
cust_0773,2025-10-07,visit,
cust_0794,2025-10-07,visit,
cust_0033,2025-10-08,purchase,16.72
cust_0061,2025-10-08,purchase,33.36
cust_0062,2025-10-08,visit,
cust_0096,2025-10-08,purchase,32.52
cust_0098,2025-10-08,purchase,40.4
cust_0098,2025-10-08,refund,40.4
cust_0115,2025-10-08,purchase,82.24
cust_0138,2025-10-08,visit,
cust_0139,2025-10-08,purchase,30.72
cust_0166,2025-10-08,visit,
cust_0170,2025-10-08,purchase,82.82
cust_0192,2025-10-08,visit,
cust_0193,2025-10-08,visit,
cust_0203,2025-10-08,purchase,32.56
cust_0210,2025-10-08,visit,
cust_0214,2025-10-08,purchase,11.74
cust_0220,2025-10-08,visit,
cust_0232,2025-10-08,purchase,37.7
cust_0233,2025-10-08,purchase,50.33
cust_0234,2025-10-08,visit,
cust_0242,2025-10-08,visit,
cust_0243,2025-10-08,purchase,58.24
cust_0253,2025-10-08,visit,
cust_0257,2025-10-08,visit,
cust_0275,2025-10-08,visit,
cust_0278,2025-10-08,visit,
cust_0288,2025-10-08,purchase,91.32
cust_0293,2025-10-08,purchase,31.32
cust_0297,2025-10-08,visit,
cust_0298,2025-10-08,purchase,16.23
cust_0301,2025-10-08,visit,
cust_0309,2025-10-08,purchase,25.04
cust_0320,2025-10-08,visit,
cust_0327,2025-10-08,purchase,26.14
cust_0346,2025-10-08,purchase,80.29
cust_0407,2025-10-08,visit,
cust_0412,2025-10-08,visit,
cust_0415,2025-10-08,visit,
cust_0416,2025-10-08,visit,
cust_0424,2025-10-08,visit,
cust_0430,2025-10-08,visit,
cust_0432,2025-10-08,visit,
cust_0448,2025-10-08,visit,
cust_0450,2025-10-08,visit,
cust_0465,2025-10-08,visit,
cust_0468,2025-10-08,purchase,30.74
cust_0470,2025-10-08,visit,
cust_0471,2025-10-08,purchase,36.59
cust_0478,2025-10-08,purchase,46.45
cust_0479,2025-10-08,purchase,83.98
cust_0495,2025-10-08,purchase,20.31
cust_0495,2025-10-08,refund,20.31
cust_0498,2025-10-08,visit,
cust_0528,2025-10-08,purchase,105.03
cust_0540,2025-10-08,visit,
cust_0543,2025-10-08,purchase,79.96
cust_0553,2025-10-08,visit,
cust_0574,2025-10-08,purchase,28.03
cust_0609,2025-10-08,purchase,34.19
cust_0615,2025-10-08,purchase,22.34
cust_0617,2025-10-08,purchase,33.43
cust_0617,2025-10-08,refund,33.43
cust_0624,2025-10-08,visit,
cust_0626,2025-10-08,visit,
cust_0641,2025-10-08,visit,
cust_0647,2025-10-08,purchase,41.21
cust_0652,2025-10-08,purchase,30.15
cust_0665,2025-10-08,purchase,21.2
cust_0668,2025-10-08,purchase,37.85
cust_0679,2025-10-08,purchase,26.62
cust_0703,2025-10-08,purchase,59.0
cust_0708,2025-10-08,purchase,30.44
cust_0717,2025-10-08,visit,
cust_0719,2025-10-08,visit,
cust_0728,2025-10-08,visit,
cust_0729,2025-10-08,purchase,76.61
cust_0736,2025-10-08,purchase,54.74
cust_0745,2025-10-08,visit,
cust_0746,2025-10-08,visit,
cust_0763,2025-10-08,purchase,60.67
cust_0782,2025-10-08,visit,
cust_0783,2025-10-08,visit,
cust_0799,2025-10-08,visit,
cust_0000,2025-10-09,visit,
cust_0001,2025-10-09,purchase,44.46
cust_0025,2025-10-09,purchase,36.38
cust_0028,2025-10-09,purchase,26.9
cust_0041,2025-10-09,visit,
cust_0054,2025-10-09,visit,
cust_0072,2025-10-09,visit,
cust_0098,2025-10-09,purchase,65.69
cust_0105,2025-10-09,ticket,
cust_0111,2025-10-09,visit,
cust_0112,2025-10-09,purchase,43.31
cust_0114,2025-10-09,purchase,30.47
cust_0115,2025-10-09,visit,
cust_0138,2025-10-09,ticket,
cust_0145,2025-10-09,visit,
cust_0168,2025-10-09,visit,
cust_0172,2025-10-09,visit,
cust_0173,2025-10-09,visit,
cust_0186,2025-10-09,visit,
cust_0202,2025-10-09,purchase,33.28
cust_0211,2025-10-09,visit,
cust_0224,2025-10-09,visit,
cust_0231,2025-10-09,visit,
cust_0241,2025-10-09,purchase,13.07
cust_0242,2025-10-09,visit,
cust_0252,2025-10-09,purchase,55.53
cust_0256,2025-10-09,visit,
cust_0261,2025-10-09,visit,
cust_0267,2025-10-09,visit,
cust_0271,2025-10-09,visit,
cust_0273,2025-10-09,visit,
cust_0283,2025-10-09,purchase,38.65
cust_0284,2025-10-09,purchase,40.61
cust_0289,2025-10-09,purchase,23.32
cust_0291,2025-10-09,visit,
cust_0294,2025-10-09,purchase,31.73
cust_0295,2025-10-09,visit,
cust_0303,2025-10-09,visit,
cust_0305,2025-10-09,visit,
cust_0306,2025-10-09,ticket,
cust_0308,2025-10-09,purchase,23.97
cust_0310,2025-10-09,purchase,45.55
cust_0366,2025-10-09,purchase,41.98
cust_0372,2025-10-09,visit,
cust_0380,2025-10-09,visit,
cust_0389,2025-10-09,ticket,
cust_0390,2025-10-09,purchase,39.97
cust_0393,2025-10-09,purchase,45.48
cust_0395,2025-10-09,ticket,
cust_0409,2025-10-09,purchase,11.87
cust_0434,2025-10-09,visit,
cust_0442,2025-10-09,visit,
cust_0443,2025-10-09,visit,
cust_0449,2025-10-09,visit,
cust_0451,2025-10-09,purchase,76.86
cust_0451,2025-10-09,refund,76.86
cust_0471,2025-10-09,visit,
cust_0495,2025-10-09,visit,
cust_0512,2025-10-09,visit,
cust_0527,2025-10-09,visit,
cust_0532,2025-10-09,ticket,
cust_0539,2025-10-09,visit,
cust_0541,2025-10-09,visit,
cust_0566,2025-10-09,visit,
cust_0576,2025-10-09,ticket,
cust_0578,2025-10-09,visit,
cust_0594,2025-10-09,purchase,46.37
cust_0605,2025-10-09,purchase,109.33
cust_0612,2025-10-09,ticket,
cust_0614,2025-10-09,visit,
cust_0620,2025-10-09,visit,
cust_0625,2025-10-09,visit,
cust_0632,2025-10-09,purchase,52.91
cust_0640,2025-10-09,visit,
cust_0643,2025-10-09,visit,
cust_0647,2025-10-09,visit,
cust_0662,2025-10-09,visit,
cust_0668,2025-10-09,visit,
cust_0675,2025-10-09,visit,
cust_0680,2025-10-09,purchase,21.79
cust_0702,2025-10-09,visit,
cust_0728,2025-10-09,visit,
cust_0745,2025-10-09,visit,
cust_0765,2025-10-09,purchase,49.94
cust_0768,2025-10-09,visit,
cust_0770,2025-10-09,purchase,55.3
cust_0775,2025-10-09,purchase,86.25
cust_0790,2025-10-09,purchase,36.93
cust_0002,2025-10-10,visit,
cust_0003,2025-10-10,visit,
cust_0013,2025-10-10,visit,
cust_0019,2025-10-10,visit,
cust_0024,2025-10-10,visit,
cust_0037,2025-10-10,purchase,32.07
cust_0043,2025-10-10,purchase,35.68
cust_0045,2025-10-10,purchase,60.79
cust_0058,2025-10-10,purchase,43.4
cust_0066,2025-10-10,visit,
cust_0102,2025-10-10,visit,
cust_0124,2025-10-10,purchase,19.7
cust_0125,2025-10-10,visit,
cust_0128,2025-10-10,purchase,59.18
cust_0136,2025-10-10,visit,
cust_0145,2025-10-10,purchase,26.78
cust_0158,2025-10-10,visit,
cust_0179,2025-10-10,visit,
cust_0204,2025-10-10,visit,
cust_0209,2025-10-10,visit,
cust_0223,2025-10-10,visit,
cust_0230,2025-10-10,ticket,
cust_0234,2025-10-10,visit,
cust_0236,2025-10-10,visit,
cust_0273,2025-10-10,purchase,92.15
cust_0278,2025-10-10,visit,
cust_0282,2025-10-10,ticket,
cust_0294,2025-10-10,visit,
cust_0302,2025-10-10,visit,
cust_0306,2025-10-10,visit,
cust_0315,2025-10-10,purchase,28.71
cust_0316,2025-10-10,visit,
cust_0324,2025-10-10,purchase,73.49
cust_0336,2025-10-10,visit,
cust_0343,2025-10-10,purchase,15.23
cust_0344,2025-10-10,visit,
cust_0364,2025-10-10,visit,
cust_0371,2025-10-10,visit,
cust_0372,2025-10-10,visit,
cust_0400,2025-10-10,purchase,68.22
cust_0409,2025-10-10,purchase,22.57
cust_0423,2025-10-10,visit,
cust_0427,2025-10-10,visit,
cust_0438,2025-10-10,ticket,
cust_0448,2025-10-10,purchase,30.37
cust_0453,2025-10-10,purchase,20.87
cust_0454,2025-10-10,visit,
cust_0468,2025-10-10,visit,
cust_0477,2025-10-10,visit,
cust_0485,2025-10-10,visit,
cust_0489,2025-10-10,visit,
cust_0491,2025-10-10,purchase,25.98
cust_0510,2025-10-10,visit,
cust_0525,2025-10-10,purchase,18.16
cust_0532,2025-10-10,visit,
cust_0541,2025-10-10,purchase,24.52
cust_0542,2025-10-10,visit,
cust_0545,2025-10-10,visit,
cust_0548,2025-10-10,visit,
cust_0554,2025-10-10,visit,
cust_0575,2025-10-10,visit,
cust_0597,2025-10-10,purchase,52.0
cust_0598,2025-10-10,purchase,27.22
cust_0607,2025-10-10,ticket,
cust_0612,2025-10-10,visit,
cust_0624,2025-10-10,purchase,46.58
cust_0645,2025-10-10,visit,
cust_0647,2025-10-10,visit,
cust_0657,2025-10-10,visit,
cust_0671,2025-10-10,visit,
cust_0676,2025-10-10,purchase,86.64
cust_0679,2025-10-10,visit,
cust_0692,2025-10-10,visit,
cust_0698,2025-10-10,visit,
cust_0700,2025-10-10,visit,
cust_0701,2025-10-10,purchase,13.91
cust_0722,2025-10-10,visit,
cust_0724,2025-10-10,purchase,28.9
cust_0726,2025-10-10,visit,
cust_0731,2025-10-10,purchase,54.88
cust_0734,2025-10-10,visit,
cust_0739,2025-10-10,visit,
cust_0770,2025-10-10,purchase,65.28
cust_0773,2025-10-10,visit,
cust_0791,2025-10-10,purchase,41.96
cust_0001,2025-10-11,visit,
cust_0002,2025-10-11,purchase,58.52
cust_0018,2025-10-11,purchase,47.67
cust_0022,2025-10-11,visit,
cust_0026,2025-10-11,purchase,30.34
cust_0056,2025-10-11,purchase,25.68
cust_0066,2025-10-11,purchase,12.0
cust_0115,2025-10-11,purchase,72.61
cust_0120,2025-10-11,visit,
cust_0125,2025-10-11,visit,
cust_0171,2025-10-11,visit,
cust_0177,2025-10-11,purchase,75.63
cust_0182,2025-10-11,visit,
cust_0192,2025-10-11,visit,
cust_0194,2025-10-11,visit,
cust_0226,2025-10-11,visit,
cust_0235,2025-10-11,purchase,91.74
cust_0237,2025-10-11,visit,
cust_0243,2025-10-11,ticket,
cust_0268,2025-10-11,visit,
cust_0278,2025-10-11,ticket,
cust_0279,2025-10-11,visit,
cust_0286,2025-10-11,purchase,38.3
cust_0298,2025-10-11,purchase,30.99
cust_0299,2025-10-11,purchase,77.59
cust_0304,2025-10-11,ticket,
cust_0308,2025-10-11,ticket,
cust_0311,2025-10-11,ticket,
cust_0317,2025-10-11,visit,
cust_0347,2025-10-11,visit,
cust_0352,2025-10-11,visit,
cust_0356,2025-10-11,visit,
cust_0360,2025-10-11,purchase,17.17
cust_0376,2025-10-11,purchase,28.17
cust_0392,2025-10-11,visit,
cust_0449,2025-10-11,visit,
cust_0462,2025-10-11,visit,
cust_0471,2025-10-11,visit,
cust_0491,2025-10-11,visit,
cust_0502,2025-10-11,visit,
cust_0507,2025-10-11,visit,
cust_0521,2025-10-11,purchase,19.91
cust_0527,2025-10-11,purchase,69.84
cust_0527,2025-10-11,refund,69.84
cust_0538,2025-10-11,visit,
cust_0549,2025-10-11,visit,
cust_0577,2025-10-11,visit,
cust_0585,2025-10-11,visit,
cust_0587,2025-10-11,visit,
cust_0596,2025-10-11,ticket,
cust_0613,2025-10-11,visit,
cust_0615,2025-10-11,purchase,24.77
cust_0621,2025-10-11,visit,
cust_0622,2025-10-11,visit,
cust_0624,2025-10-11,visit,
cust_0645,2025-10-11,visit,
cust_0648,2025-10-11,purchase,21.11
cust_0655,2025-10-11,purchase,36.77
cust_0662,2025-10-11,purchase,40.5
cust_0666,2025-10-11,visit,
cust_0680,2025-10-11,visit,
cust_0682,2025-10-11,purchase,31.75
cust_0682,2025-10-11,refund,31.75
cust_0686,2025-10-11,purchase,57.22
cust_0702,2025-10-11,visit,
cust_0704,2025-10-11,ticket,
cust_0709,2025-10-11,visit,
cust_0736,2025-10-11,purchase,42.97
cust_0752,2025-10-11,visit,
cust_0753,2025-10-11,visit,
cust_0773,2025-10-11,purchase,19.07
cust_0773,2025-10-11,refund,19.07
cust_0777,2025-10-11,visit,
cust_0779,2025-10-11,purchase,39.35
cust_0794,2025-10-11,visit,
cust_0796,2025-10-11,purchase,64.9
cust_0022,2025-10-12,purchase,47.29
cust_0023,2025-10-12,visit,
cust_0047,2025-10-12,purchase,29.77
cust_0065,2025-10-12,purchase,43.17
cust_0076,2025-10-12,visit,
cust_0080,2025-10-12,purchase,29.37
cust_0092,2025-10-12,purchase,36.25
cust_0117,2025-10-12,purchase,54.54
cust_0122,2025-10-12,purchase,62.91
cust_0125,2025-10-12,purchase,9.12
cust_0125,2025-10-12,refund,9.12
cust_0139,2025-10-12,visit,
cust_0140,2025-10-12,purchase,28.33
cust_0150,2025-10-12,visit,
cust_0153,2025-10-12,purchase,20.33
cust_0161,2025-10-12,visit,
cust_0172,2025-10-12,visit,
cust_0173,2025-10-12,visit,
cust_0185,2025-10-12,visit,
cust_0207,2025-10-12,visit,
cust_0215,2025-10-12,visit,
cust_0232,2025-10-12,visit,
cust_0235,2025-10-12,visit,
cust_0236,2025-10-12,purchase,36.69
cust_0264,2025-10-12,visit,
cust_0265,2025-10-12,visit,
cust_0272,2025-10-12,visit,
cust_0287,2025-10-12,purchase,30.04
cust_0319,2025-10-12,visit,
cust_0322,2025-10-12,purchase,14.23
cust_0331,2025-10-12,purchase,39.33
cust_0353,2025-10-12,ticket,
cust_0369,2025-10-12,visit,
cust_0377,2025-10-12,purchase,48.4
cust_0386,2025-10-12,visit,
cust_0411,2025-10-12,visit,
cust_0412,2025-10-12,purchase,40.31
cust_0413,2025-10-12,purchase,8.71
cust_0413,2025-10-12,refund,8.71
cust_0423,2025-10-12,purchase,41.98
cust_0427,2025-10-12,visit,
cust_0433,2025-10-12,purchase,18.55
cust_0436,2025-10-12,purchase,51.57
cust_0439,2025-10-12,purchase,92.85
cust_0442,2025-10-12,visit,
cust_0445,2025-10-12,visit,
cust_0449,2025-10-12,visit,
cust_0467,2025-10-12,ticket,
cust_0471,2025-10-12,ticket,
cust_0474,2025-10-12,visit,
cust_0477,2025-10-12,visit,
cust_0482,2025-10-12,purchase,37.13
cust_0492,2025-10-12,visit,
cust_0494,2025-10-12,ticket,
cust_0498,2025-10-12,visit,
cust_0517,2025-10-12,visit,
cust_0519,2025-10-12,purchase,39.89
cust_0521,2025-10-12,purchase,27.35
cust_0524,2025-10-12,visit,
cust_0542,2025-10-12,visit,
cust_0585,2025-10-12,purchase,45.82
cust_0599,2025-10-12,visit,
cust_0602,2025-10-12,purchase,33.0
cust_0608,2025-10-12,purchase,82.36
cust_0614,2025-10-12,visit,
cust_0623,2025-10-12,visit,
cust_0626,2025-10-12,purchase,100.26
cust_0637,2025-10-12,visit,
cust_0644,2025-10-12,visit,
cust_0649,2025-10-12,purchase,35.68
cust_0651,2025-10-12,purchase,45.0
cust_0651,2025-10-12,refund,45.0
cust_0668,2025-10-12,purchase,45.0
cust_0676,2025-10-12,visit,
cust_0689,2025-10-12,visit,
cust_0696,2025-10-12,visit,
cust_0708,2025-10-12,visit,
cust_0734,2025-10-12,purchase,33.65
cust_0743,2025-10-12,visit,
cust_0745,2025-10-12,visit,
cust_0747,2025-10-12,visit,
cust_0748,2025-10-12,visit,
cust_0770,2025-10-12,visit,
cust_0792,2025-10-12,purchase,55.96
cust_0003,2025-10-13,purchase,24.0
cust_0014,2025-10-13,visit,
cust_0036,2025-10-13,visit,
cust_0058,2025-10-13,visit,
cust_0061,2025-10-13,purchase,65.75
cust_0066,2025-10-13,visit,
cust_0071,2025-10-13,purchase,51.37
cust_0081,2025-10-13,visit,
cust_0082,2025-10-13,visit,
cust_0102,2025-10-13,purchase,41.43
cust_0125,2025-10-13,purchase,39.01
cust_0140,2025-10-13,visit,
cust_0150,2025-10-13,visit,
cust_0158,2025-10-13,purchase,25.85
cust_0180,2025-10-13,purchase,40.21
cust_0185,2025-10-13,visit,
cust_0201,2025-10-13,purchase,14.21
cust_0221,2025-10-13,visit,
cust_0231,2025-10-13,visit,
cust_0238,2025-10-13,visit,
cust_0258,2025-10-13,visit,
cust_0272,2025-10-13,visit,
cust_0283,2025-10-13,purchase,58.08
cust_0288,2025-10-13,visit,
cust_0302,2025-10-13,ticket,
cust_0329,2025-10-13,visit,
cust_0343,2025-10-13,purchase,29.45
cust_0349,2025-10-13,purchase,61.84
cust_0365,2025-10-13,purchase,24.6
cust_0372,2025-10-13,visit,
cust_0378,2025-10-13,visit,
cust_0384,2025-10-13,purchase,37.42
cust_0386,2025-10-13,purchase,40.55
cust_0391,2025-10-13,visit,
cust_0392,2025-10-13,purchase,48.13
cust_0412,2025-10-13,purchase,36.53
cust_0415,2025-10-13,visit,
cust_0422,2025-10-13,visit,
cust_0450,2025-10-13,purchase,31.51
cust_0451,2025-10-13,purchase,48.74
cust_0453,2025-10-13,visit,
cust_0458,2025-10-13,purchase,52.4
cust_0464,2025-10-13,visit,
cust_0474,2025-10-13,visit,
cust_0477,2025-10-13,visit,
cust_0482,2025-10-13,purchase,30.03
cust_0502,2025-10-13,purchase,36.45
cust_0511,2025-10-13,purchase,28.63
cust_0524,2025-10-13,purchase,54.46
cust_0539,2025-10-13,purchase,68.65
cust_0541,2025-10-13,purchase,38.54
cust_0548,2025-10-13,ticket,
cust_0558,2025-10-13,visit,
cust_0562,2025-10-13,visit,
cust_0569,2025-10-13,purchase,77.2
cust_0571,2025-10-13,visit,
cust_0575,2025-10-13,visit,
cust_0587,2025-10-13,visit,
cust_0610,2025-10-13,purchase,14.35
cust_0614,2025-10-13,visit,
cust_0615,2025-10-13,visit,
cust_0618,2025-10-13,purchase,51.85
cust_0627,2025-10-13,purchase,50.36
cust_0651,2025-10-13,visit,
cust_0654,2025-10-13,visit,
cust_0662,2025-10-13,visit,
cust_0669,2025-10-13,visit,
cust_0676,2025-10-13,visit,
cust_0679,2025-10-13,visit,
cust_0712,2025-10-13,visit,
cust_0725,2025-10-13,visit,
cust_0733,2025-10-13,visit,
cust_0734,2025-10-13,visit,
cust_0740,2025-10-13,visit,
cust_0765,2025-10-13,purchase,29.67
cust_0770,2025-10-13,visit,
cust_0771,2025-10-13,visit,
cust_0000,2025-10-14,visit,
cust_0008,2025-10-14,purchase,30.22
cust_0038,2025-10-14,visit,
cust_0051,2025-10-14,visit,
cust_0074,2025-10-14,purchase,77.99
cust_0075,2025-10-14,purchase,34.15
cust_0076,2025-10-14,visit,
cust_0079,2025-10-14,purchase,24.64
cust_0090,2025-10-14,visit,
cust_0092,2025-10-14,visit,
cust_0098,2025-10-14,visit,
cust_0111,2025-10-14,visit,
cust_0132,2025-10-14,visit,
cust_0147,2025-10-14,purchase,31.53
cust_0150,2025-10-14,visit,
cust_0152,2025-10-14,visit,
cust_0165,2025-10-14,visit,
cust_0166,2025-10-14,purchase,45.94
cust_0172,2025-10-14,visit,
cust_0175,2025-10-14,visit,
cust_0185,2025-10-14,visit,
cust_0203,2025-10-14,ticket,
cust_0230,2025-10-14,visit,
cust_0251,2025-10-14,visit,
cust_0254,2025-10-14,ticket,
cust_0256,2025-10-14,visit,
cust_0273,2025-10-14,purchase,24.7
cust_0278,2025-10-14,purchase,44.63
cust_0278,2025-10-14,refund,44.63
cust_0282,2025-10-14,visit,
cust_0293,2025-10-14,visit,
cust_0299,2025-10-14,purchase,34.58
cust_0310,2025-10-14,visit,
cust_0312,2025-10-14,visit,
cust_0314,2025-10-14,visit,
cust_0321,2025-10-14,visit,
cust_0322,2025-10-14,visit,
cust_0323,2025-10-14,visit,
cust_0334,2025-10-14,purchase,30.59
cust_0342,2025-10-14,purchase,18.64
cust_0345,2025-10-14,visit,
cust_0365,2025-10-14,visit,
cust_0371,2025-10-14,ticket,
cust_0407,2025-10-14,visit,
cust_0416,2025-10-14,purchase,30.04
cust_0422,2025-10-14,visit,
cust_0433,2025-10-14,visit,
cust_0443,2025-10-14,visit,
cust_0470,2025-10-14,purchase,22.33
cust_0502,2025-10-14,purchase,16.46
cust_0505,2025-10-14,visit,
cust_0512,2025-10-14,purchase,14.43
cust_0515,2025-10-14,purchase,34.34
cust_0516,2025-10-14,purchase,39.81
cust_0538,2025-10-14,visit,
cust_0543,2025-10-14,visit,
cust_0545,2025-10-14,visit,
cust_0552,2025-10-14,purchase,47.24
cust_0553,2025-10-14,visit,
cust_0569,2025-10-14,visit,
cust_0576,2025-10-14,visit,
cust_0586,2025-10-14,visit,
cust_0606,2025-10-14,visit,
cust_0610,2025-10-14,visit,
cust_0614,2025-10-14,visit,
cust_0630,2025-10-14,purchase,53.46
cust_0633,2025-10-14,visit,
cust_0636,2025-10-14,visit,
cust_0637,2025-10-14,visit,
cust_0654,2025-10-14,purchase,38.08
cust_0654,2025-10-14,refund,38.08
cust_0657,2025-10-14,visit,
cust_0660,2025-10-14,visit,
cust_0667,2025-10-14,visit,
cust_0669,2025-10-14,visit,
cust_0692,2025-10-14,visit,
cust_0694,2025-10-14,visit,
cust_0700,2025-10-14,purchase,83.94
cust_0726,2025-10-14,purchase,45.45
cust_0733,2025-10-14,purchase,8.63
cust_0737,2025-10-14,visit,
cust_0746,2025-10-14,purchase,73.25
cust_0752,2025-10-14,purchase,35.01
cust_0770,2025-10-14,purchase,29.81
cust_0010,2025-10-15,visit,
cust_0011,2025-10-15,purchase,25.44
cust_0016,2025-10-15,visit,
cust_0019,2025-10-15,visit,
cust_0021,2025-10-15,visit,
cust_0027,2025-10-15,visit,
cust_0069,2025-10-15,visit,
cust_0077,2025-10-15,visit,
cust_0086,2025-10-15,purchase,57.37
cust_0090,2025-10-15,visit,
cust_0109,2025-10-15,visit,
cust_0140,2025-10-15,purchase,29.11
cust_0158,2025-10-15,purchase,43.08
cust_0176,2025-10-15,purchase,36.09
cust_0176,2025-10-15,refund,36.09
cust_0180,2025-10-15,visit,
cust_0181,2025-10-15,ticket,
cust_0185,2025-10-15,purchase,44.71
cust_0186,2025-10-15,visit,
cust_0187,2025-10-15,visit,
cust_0189,2025-10-15,visit,
cust_0193,2025-10-15,visit,
cust_0195,2025-10-15,purchase,123.48
cust_0205,2025-10-15,purchase,37.71
cust_0228,2025-10-15,purchase,34.87
cust_0228,2025-10-15,refund,34.87
cust_0252,2025-10-15,visit,
cust_0258,2025-10-15,purchase,35.32
cust_0260,2025-10-15,purchase,38.12
cust_0265,2025-10-15,purchase,33.7
cust_0269,2025-10-15,visit,
cust_0270,2025-10-15,visit,
cust_0275,2025-10-15,purchase,44.13
cust_0282,2025-10-15,visit,
cust_0284,2025-10-15,visit,
cust_0285,2025-10-15,visit,
cust_0289,2025-10-15,purchase,69.73
cust_0291,2025-10-15,purchase,98.71
cust_0309,2025-10-15,visit,
cust_0311,2025-10-15,visit,
cust_0323,2025-10-15,visit,
cust_0350,2025-10-15,visit,
cust_0372,2025-10-15,visit,
cust_0375,2025-10-15,ticket,
cust_0403,2025-10-15,visit,
cust_0407,2025-10-15,visit,
cust_0416,2025-10-15,purchase,35.42
cust_0424,2025-10-15,purchase,37.04
cust_0429,2025-10-15,visit,
cust_0437,2025-10-15,purchase,40.8
cust_0440,2025-10-15,purchase,33.62
cust_0463,2025-10-15,ticket,
cust_0473,2025-10-15,visit,
cust_0487,2025-10-15,ticket,
cust_0494,2025-10-15,visit,
cust_0512,2025-10-15,purchase,17.7
cust_0516,2025-10-15,visit,
cust_0521,2025-10-15,purchase,24.6
cust_0526,2025-10-15,purchase,46.1
cust_0529,2025-10-15,purchase,64.27
cust_0529,2025-10-15,refund,64.27
cust_0551,2025-10-15,ticket,
cust_0553,2025-10-15,visit,
cust_0556,2025-10-15,visit,
cust_0567,2025-10-15,visit,
cust_0595,2025-10-15,visit,
cust_0598,2025-10-15,purchase,30.34
cust_0623,2025-10-15,purchase,42.23
cust_0633,2025-10-15,purchase,50.98
cust_0633,2025-10-15,refund,50.98
cust_0635,2025-10-15,visit,
cust_0648,2025-10-15,visit,
cust_0663,2025-10-15,visit,
cust_0670,2025-10-15,visit,
cust_0679,2025-10-15,purchase,27.84
cust_0681,2025-10-15,purchase,24.28
cust_0701,2025-10-15,purchase,19.49
cust_0704,2025-10-15,ticket,
cust_0734,2025-10-15,visit,
cust_0741,2025-10-15,purchase,24.65
cust_0747,2025-10-15,visit,
cust_0749,2025-10-15,purchase,51.33
cust_0755,2025-10-15,purchase,49.93
cust_0762,2025-10-15,visit,
cust_0770,2025-10-15,visit,
cust_0778,2025-10-15,visit,
cust_0779,2025-10-15,visit,
cust_0780,2025-10-15,purchase,40.3
cust_0787,2025-10-15,visit,
cust_0788,2025-10-15,visit,
cust_0789,2025-10-15,purchase,38.01
cust_0000,2025-10-16,visit,
cust_0003,2025-10-16,purchase,26.56
cust_0005,2025-10-16,visit,
cust_0007,2025-10-16,purchase,24.78
cust_0011,2025-10-16,purchase,15.12
cust_0013,2025-10-16,purchase,40.34
cust_0038,2025-10-16,purchase,43.52
cust_0040,2025-10-16,visit,
cust_0061,2025-10-16,ticket,
cust_0068,2025-10-16,visit,
cust_0082,2025-10-16,purchase,63.71
cust_0088,2025-10-16,purchase,52.02
cust_0116,2025-10-16,visit,
cust_0120,2025-10-16,visit,
cust_0124,2025-10-16,visit,
cust_0125,2025-10-16,visit,
cust_0128,2025-10-16,visit,
cust_0132,2025-10-16,visit,
cust_0149,2025-10-16,ticket,
cust_0152,2025-10-16,purchase,24.12
cust_0162,2025-10-16,purchase,40.7
cust_0162,2025-10-16,refund,40.7
cust_0169,2025-10-16,purchase,33.94
cust_0173,2025-10-16,purchase,33.45
cust_0216,2025-10-16,ticket,
cust_0242,2025-10-16,visit,
cust_0243,2025-10-16,purchase,40.7
cust_0253,2025-10-16,visit,
cust_0260,2025-10-16,visit,
cust_0263,2025-10-16,purchase,16.69
cust_0264,2025-10-16,visit,
cust_0277,2025-10-16,visit,
cust_0278,2025-10-16,visit,
cust_0279,2025-10-16,visit,
cust_0282,2025-10-16,visit,
cust_0293,2025-10-16,visit,
cust_0306,2025-10-16,visit,
cust_0311,2025-10-16,visit,
cust_0314,2025-10-16,visit,
cust_0327,2025-10-16,visit,
cust_0340,2025-10-16,visit,
cust_0349,2025-10-16,purchase,42.49
cust_0350,2025-10-16,purchase,42.09
cust_0366,2025-10-16,visit,
cust_0368,2025-10-16,purchase,22.74
cust_0369,2025-10-16,visit,
cust_0375,2025-10-16,purchase,38.01
cust_0375,2025-10-16,refund,38.01
cust_0381,2025-10-16,visit,
cust_0393,2025-10-16,purchase,38.49
cust_0403,2025-10-16,purchase,39.87
cust_0408,2025-10-16,purchase,48.65
cust_0413,2025-10-16,visit,
cust_0438,2025-10-16,visit,
cust_0441,2025-10-16,ticket,
cust_0452,2025-10-16,visit,
cust_0473,2025-10-16,purchase,53.52
cust_0479,2025-10-16,visit,
cust_0484,2025-10-16,purchase,80.96
cust_0489,2025-10-16,visit,
cust_0527,2025-10-16,visit,
cust_0539,2025-10-16,purchase,31.0
cust_0543,2025-10-16,purchase,43.86
cust_0543,2025-10-16,refund,43.86
cust_0548,2025-10-16,visit,
cust_0553,2025-10-16,purchase,50.54
cust_0562,2025-10-16,purchase,168.2
cust_0589,2025-10-16,visit,
cust_0597,2025-10-16,purchase,26.37
cust_0598,2025-10-16,visit,
cust_0607,2025-10-16,visit,
cust_0619,2025-10-16,visit,
cust_0634,2025-10-16,purchase,25.12
cust_0641,2025-10-16,ticket,
cust_0648,2025-10-16,purchase,35.81
cust_0692,2025-10-16,visit,
cust_0698,2025-10-16,purchase,16.99
cust_0707,2025-10-16,visit,
cust_0747,2025-10-16,purchase,32.2
cust_0785,2025-10-16,ticket,
cust_0791,2025-10-16,visit,
cust_0796,2025-10-16,visit,
cust_0797,2025-10-16,visit,
cust_0009,2025-10-17,purchase,37.12
cust_0013,2025-10-17,visit,
cust_0022,2025-10-17,visit,
cust_0038,2025-10-17,visit,
cust_0050,2025-10-17,purchase,24.3
cust_0055,2025-10-17,purchase,37.44
cust_0063,2025-10-17,visit,
cust_0066,2025-10-17,purchase,54.54
cust_0103,2025-10-17,purchase,25.61
cust_0111,2025-10-17,purchase,85.24
cust_0122,2025-10-17,purchase,26.47
cust_0124,2025-10-17,visit,
cust_0125,2025-10-17,purchase,42.93
cust_0127,2025-10-17,visit,
cust_0135,2025-10-17,visit,
cust_0149,2025-10-17,purchase,37.55
cust_0162,2025-10-17,purchase,22.78
cust_0211,2025-10-17,visit,
cust_0212,2025-10-17,visit,
cust_0217,2025-10-17,visit,
cust_0242,2025-10-17,visit,
cust_0250,2025-10-17,visit,
cust_0262,2025-10-17,visit,
cust_0282,2025-10-17,purchase,47.61
cust_0284,2025-10-17,visit,
cust_0294,2025-10-17,visit,
cust_0295,2025-10-17,visit,
cust_0296,2025-10-17,visit,
cust_0303,2025-10-17,visit,
cust_0311,2025-10-17,purchase,32.32
cust_0319,2025-10-17,visit,
cust_0321,2025-10-17,visit,
cust_0324,2025-10-17,visit,
cust_0337,2025-10-17,visit,
cust_0339,2025-10-17,ticket,
cust_0365,2025-10-17,visit,
cust_0371,2025-10-17,purchase,67.64
cust_0379,2025-10-17,visit,
cust_0382,2025-10-17,purchase,38.76
cust_0389,2025-10-17,visit,
cust_0392,2025-10-17,purchase,47.96
cust_0411,2025-10-17,visit,
cust_0417,2025-10-17,visit,
cust_0425,2025-10-17,purchase,37.83
cust_0437,2025-10-17,ticket,
cust_0444,2025-10-17,ticket,
cust_0467,2025-10-17,visit,
cust_0478,2025-10-17,visit,
cust_0493,2025-10-17,visit,
cust_0506,2025-10-17,visit,
cust_0516,2025-10-17,purchase,58.04
cust_0516,2025-10-17,refund,58.04
cust_0531,2025-10-17,visit,
cust_0541,2025-10-17,visit,
cust_0555,2025-10-17,purchase,48.42
cust_0566,2025-10-17,visit,
cust_0569,2025-10-17,purchase,70.36
cust_0569,2025-10-17,refund,70.36
cust_0570,2025-10-17,visit,
cust_0580,2025-10-17,visit,
cust_0611,2025-10-17,visit,
cust_0627,2025-10-17,visit,
cust_0647,2025-10-17,visit,
cust_0656,2025-10-17,purchase,40.11
cust_0659,2025-10-17,visit,
cust_0678,2025-10-17,visit,
cust_0680,2025-10-17,visit,
cust_0682,2025-10-17,purchase,91.62
cust_0686,2025-10-17,purchase,28.11
cust_0693,2025-10-17,visit,
cust_0739,2025-10-17,visit,
cust_0762,2025-10-17,visit,
cust_0772,2025-10-17,ticket,
cust_0001,2025-10-18,visit,
cust_0007,2025-10-18,visit,
cust_0029,2025-10-18,visit,
cust_0033,2025-10-18,visit,
cust_0049,2025-10-18,visit,
cust_0055,2025-10-18,purchase,38.63
cust_0072,2025-10-18,purchase,30.9
cust_0090,2025-10-18,visit,
cust_0097,2025-10-18,visit,
cust_0098,2025-10-18,visit,
cust_0106,2025-10-18,visit,
cust_0112,2025-10-18,visit,
cust_0124,2025-10-18,visit,
cust_0141,2025-10-18,visit,
cust_0142,2025-10-18,ticket,
cust_0143,2025-10-18,visit,
cust_0151,2025-10-18,visit,
cust_0155,2025-10-18,visit,
cust_0159,2025-10-18,visit,
cust_0163,2025-10-18,visit,
cust_0184,2025-10-18,visit,
cust_0192,2025-10-18,visit,
cust_0201,2025-10-18,ticket,
cust_0217,2025-10-18,visit,
cust_0226,2025-10-18,visit,
cust_0237,2025-10-18,visit,
cust_0249,2025-10-18,purchase,52.54
cust_0258,2025-10-18,purchase,37.01
cust_0259,2025-10-18,visit,
cust_0266,2025-10-18,visit,
cust_0268,2025-10-18,visit,
cust_0276,2025-10-18,visit,
cust_0277,2025-10-18,purchase,42.53
cust_0277,2025-10-18,refund,42.53
cust_0278,2025-10-18,purchase,34.63
cust_0285,2025-10-18,visit,
cust_0297,2025-10-18,purchase,28.54
cust_0301,2025-10-18,purchase,50.23
cust_0310,2025-10-18,visit,
cust_0314,2025-10-18,visit,
cust_0353,2025-10-18,purchase,35.29
cust_0358,2025-10-18,visit,
cust_0376,2025-10-18,visit,
cust_0378,2025-10-18,visit,
cust_0400,2025-10-18,visit,
cust_0401,2025-10-18,purchase,21.63
cust_0405,2025-10-18,purchase,69.71
cust_0415,2025-10-18,visit,
cust_0418,2025-10-18,purchase,52.69
cust_0448,2025-10-18,visit,
cust_0454,2025-10-18,purchase,35.73
cust_0455,2025-10-18,visit,
cust_0466,2025-10-18,visit,
cust_0468,2025-10-18,visit,
cust_0475,2025-10-18,purchase,48.09
cust_0496,2025-10-18,visit,
cust_0502,2025-10-18,purchase,51.97
cust_0505,2025-10-18,purchase,37.92
cust_0537,2025-10-18,visit,
cust_0538,2025-10-18,visit,
cust_0589,2025-10-18,visit,
cust_0617,2025-10-18,purchase,28.69
cust_0618,2025-10-18,purchase,26.36
cust_0625,2025-10-18,visit,
cust_0634,2025-10-18,visit,
cust_0649,2025-10-18,purchase,22.75
cust_0669,2025-10-18,visit,
cust_0676,2025-10-18,visit,
cust_0693,2025-10-18,visit,
cust_0723,2025-10-18,purchase,70.64
cust_0730,2025-10-18,purchase,48.12
cust_0742,2025-10-18,visit,
cust_0743,2025-10-18,purchase,29.31
cust_0748,2025-10-18,visit,
cust_0780,2025-10-18,visit,
cust_0782,2025-10-18,purchase,18.02
cust_0783,2025-10-18,visit,
cust_0785,2025-10-18,visit,
cust_0794,2025-10-18,purchase,40.6
cust_0795,2025-10-18,purchase,49.41
cust_0798,2025-10-18,visit,
cust_0012,2025-10-19,visit,
cust_0013,2025-10-19,visit,
cust_0016,2025-10-19,visit,
cust_0019,2025-10-19,visit,
cust_0023,2025-10-19,visit,
cust_0027,2025-10-19,visit,
cust_0028,2025-10-19,visit,
cust_0030,2025-10-19,purchase,39.15
cust_0035,2025-10-19,purchase,35.46
cust_0040,2025-10-19,purchase,58.14
cust_0051,2025-10-19,visit,
cust_0074,2025-10-19,purchase,44.72
cust_0077,2025-10-19,visit,
cust_0081,2025-10-19,visit,
cust_0091,2025-10-19,visit,
cust_0092,2025-10-19,visit,
cust_0093,2025-10-19,ticket,
cust_0097,2025-10-19,visit,
cust_0100,2025-10-19,purchase,35.08
cust_0114,2025-10-19,visit,
cust_0125,2025-10-19,visit,
cust_0129,2025-10-19,visit,
cust_0132,2025-10-19,purchase,39.44
cust_0137,2025-10-19,purchase,15.42
cust_0149,2025-10-19,purchase,55.54
cust_0159,2025-10-19,visit,
cust_0161,2025-10-19,ticket,
cust_0166,2025-10-19,purchase,30.04
cust_0177,2025-10-19,purchase,25.61
cust_0177,2025-10-19,refund,25.61
cust_0178,2025-10-19,purchase,41.98
cust_0181,2025-10-19,purchase,52.71
cust_0181,2025-10-19,refund,52.71
cust_0196,2025-10-19,purchase,32.13
cust_0205,2025-10-19,purchase,26.55
cust_0238,2025-10-19,visit,
cust_0239,2025-10-19,visit,
cust_0244,2025-10-19,visit,
cust_0245,2025-10-19,visit,
cust_0247,2025-10-19,visit,
cust_0252,2025-10-19,ticket,
cust_0257,2025-10-19,visit,
cust_0258,2025-10-19,visit,
cust_0261,2025-10-19,visit,
cust_0273,2025-10-19,purchase,20.55
cust_0282,2025-10-19,purchase,13.21
cust_0318,2025-10-19,purchase,24.42
cust_0321,2025-10-19,purchase,21.31
cust_0339,2025-10-19,visit,
cust_0361,2025-10-19,purchase,23.79
cust_0367,2025-10-19,purchase,36.74
cust_0367,2025-10-19,refund,36.74
cust_0368,2025-10-19,purchase,40.89
cust_0376,2025-10-19,purchase,26.78
cust_0378,2025-10-19,visit,
cust_0382,2025-10-19,visit,
cust_0389,2025-10-19,visit,
cust_0396,2025-10-19,visit,
cust_0400,2025-10-19,visit,
cust_0408,2025-10-19,visit,
cust_0424,2025-10-19,purchase,60.68
cust_0435,2025-10-19,visit,
cust_0479,2025-10-19,purchase,21.76
cust_0492,2025-10-19,visit,
cust_0519,2025-10-19,visit,
cust_0522,2025-10-19,visit,
cust_0531,2025-10-19,visit,
cust_0547,2025-10-19,visit,
cust_0557,2025-10-19,purchase,44.83
cust_0562,2025-10-19,visit,
cust_0569,2025-10-19,purchase,28.63
cust_0569,2025-10-19,refund,28.63
cust_0579,2025-10-19,visit,
cust_0600,2025-10-19,purchase,27.05
cust_0618,2025-10-19,visit,
cust_0620,2025-10-19,visit,
cust_0643,2025-10-19,purchase,32.94
cust_0666,2025-10-19,visit,
cust_0667,2025-10-19,visit,
cust_0669,2025-10-19,visit,
cust_0677,2025-10-19,visit,
cust_0680,2025-10-19,visit,
cust_0689,2025-10-19,visit,
cust_0700,2025-10-19,visit,
cust_0703,2025-10-19,purchase,20.2
cust_0719,2025-10-19,visit,
cust_0730,2025-10-19,visit,
cust_0731,2025-10-19,purchase,33.52
cust_0739,2025-10-19,purchase,36.74
cust_0746,2025-10-19,visit,
cust_0752,2025-10-19,visit,
cust_0755,2025-10-19,visit,
cust_0758,2025-10-19,visit,
cust_0763,2025-10-19,visit,
cust_0766,2025-10-19,visit,
cust_0769,2025-10-19,visit,
cust_0771,2025-10-19,visit,
cust_0772,2025-10-19,visit,
cust_0774,2025-10-19,purchase,38.17
cust_0774,2025-10-19,refund,38.17
cust_0775,2025-10-19,purchase,14.46
cust_0779,2025-10-19,purchase,58.85
cust_0782,2025-10-19,purchase,23.84
cust_0786,2025-10-19,visit,
cust_0793,2025-10-19,visit,
cust_0002,2025-10-20,visit,
cust_0006,2025-10-20,purchase,17.85
cust_0019,2025-10-20,visit,
cust_0043,2025-10-20,purchase,36.02
cust_0049,2025-10-20,visit,
cust_0065,2025-10-20,visit,
cust_0075,2025-10-20,visit,
cust_0078,2025-10-20,purchase,33.45
cust_0081,2025-10-20,purchase,42.23
cust_0103,2025-10-20,purchase,14.57
cust_0114,2025-10-20,visit,
cust_0120,2025-10-20,visit,
cust_0137,2025-10-20,visit,
cust_0145,2025-10-20,visit,
cust_0147,2025-10-20,visit,
cust_0161,2025-10-20,visit,
cust_0165,2025-10-20,visit,
cust_0167,2025-10-20,visit,
cust_0179,2025-10-20,purchase,39.16
cust_0181,2025-10-20,visit,
cust_0189,2025-10-20,visit,
cust_0191,2025-10-20,purchase,31.62
cust_0202,2025-10-20,purchase,39.17
cust_0205,2025-10-20,visit,
cust_0211,2025-10-20,visit,
cust_0215,2025-10-20,visit,
cust_0217,2025-10-20,visit,
cust_0219,2025-10-20,visit,
cust_0237,2025-10-20,purchase,38.95
cust_0261,2025-10-20,visit,
cust_0263,2025-10-20,visit,
cust_0267,2025-10-20,visit,
cust_0287,2025-10-20,purchase,28.58
cust_0306,2025-10-20,visit,
cust_0321,2025-10-20,visit,
cust_0326,2025-10-20,visit,
cust_0333,2025-10-20,visit,
cust_0343,2025-10-20,visit,
cust_0354,2025-10-20,visit,
cust_0362,2025-10-20,visit,
cust_0363,2025-10-20,purchase,55.58
cust_0375,2025-10-20,purchase,79.63
cust_0379,2025-10-20,purchase,42.09
cust_0388,2025-10-20,visit,
cust_0418,2025-10-20,purchase,37.73
cust_0426,2025-10-20,visit,
cust_0442,2025-10-20,visit,
cust_0471,2025-10-20,visit,
cust_0474,2025-10-20,visit,
cust_0485,2025-10-20,purchase,48.17
cust_0523,2025-10-20,visit,
cust_0526,2025-10-20,visit,
cust_0543,2025-10-20,visit,
cust_0550,2025-10-20,purchase,54.53
cust_0555,2025-10-20,purchase,18.98
cust_0560,2025-10-20,visit,
cust_0567,2025-10-20,purchase,45.1
cust_0569,2025-10-20,visit,
cust_0591,2025-10-20,purchase,31.13
cust_0593,2025-10-20,purchase,40.03
cust_0597,2025-10-20,purchase,63.42
cust_0604,2025-10-20,visit,
cust_0618,2025-10-20,purchase,39.21
cust_0630,2025-10-20,visit,
cust_0633,2025-10-20,purchase,35.33
cust_0666,2025-10-20,purchase,45.07
cust_0683,2025-10-20,visit,
cust_0685,2025-10-20,visit,
cust_0690,2025-10-20,visit,
cust_0713,2025-10-20,purchase,29.83
cust_0717,2025-10-20,purchase,29.08
cust_0735,2025-10-20,visit,
cust_0756,2025-10-20,visit,
cust_0766,2025-10-20,visit,
cust_0774,2025-10-20,visit,
cust_0778,2025-10-20,visit,
cust_0788,2025-10-20,visit,
cust_0796,2025-10-20,visit,
cust_0797,2025-10-20,visit,
cust_0799,2025-10-20,visit,
cust_0001,2025-10-21,visit,
cust_0004,2025-10-21,visit,
cust_0028,2025-10-21,purchase,34.15
cust_0035,2025-10-21,visit,
cust_0046,2025-10-21,purchase,41.49
cust_0051,2025-10-21,visit,
cust_0053,2025-10-21,ticket,
cust_0074,2025-10-21,visit,
cust_0084,2025-10-21,visit,
cust_0092,2025-10-21,visit,
cust_0102,2025-10-21,visit,
cust_0107,2025-10-21,purchase,37.56
cust_0108,2025-10-21,visit,
cust_0109,2025-10-21,visit,
cust_0115,2025-10-21,visit,
cust_0121,2025-10-21,purchase,32.95
cust_0121,2025-10-21,refund,32.95
cust_0138,2025-10-21,visit,
cust_0146,2025-10-21,visit,
cust_0163,2025-10-21,purchase,16.44
cust_0164,2025-10-21,visit,
cust_0178,2025-10-21,visit,
cust_0181,2025-10-21,visit,
cust_0182,2025-10-21,visit,
cust_0195,2025-10-21,purchase,30.76
cust_0204,2025-10-21,visit,
cust_0208,2025-10-21,visit,
cust_0217,2025-10-21,visit,
cust_0229,2025-10-21,visit,
cust_0232,2025-10-21,visit,
cust_0251,2025-10-21,visit,
cust_0256,2025-10-21,ticket,
cust_0260,2025-10-21,purchase,23.99
cust_0282,2025-10-21,purchase,18.34
cust_0282,2025-10-21,refund,18.34
cust_0310,2025-10-21,purchase,14.67
cust_0317,2025-10-21,purchase,70.81
cust_0320,2025-10-21,purchase,22.63
cust_0323,2025-10-21,visit,
cust_0327,2025-10-21,purchase,42.68
cust_0350,2025-10-21,purchase,71.74
cust_0361,2025-10-21,visit,
cust_0379,2025-10-21,ticket,
cust_0388,2025-10-21,visit,
cust_0390,2025-10-21,visit,
cust_0393,2025-10-21,purchase,51.85
cust_0395,2025-10-21,visit,
cust_0400,2025-10-21,visit,
cust_0402,2025-10-21,visit,
cust_0406,2025-10-21,visit,
cust_0411,2025-10-21,visit,
cust_0415,2025-10-21,visit,
cust_0436,2025-10-21,purchase,75.44
cust_0440,2025-10-21,visit,
cust_0441,2025-10-21,purchase,125.29
cust_0449,2025-10-21,purchase,26.68
cust_0449,2025-10-21,refund,26.68
cust_0452,2025-10-21,visit,
cust_0461,2025-10-21,purchase,33.7
cust_0482,2025-10-21,purchase,23.8
cust_0483,2025-10-21,purchase,49.05
cust_0506,2025-10-21,visit,
cust_0509,2025-10-21,visit,
cust_0516,2025-10-21,ticket,
cust_0534,2025-10-21,ticket,
cust_0535,2025-10-21,visit,
cust_0558,2025-10-21,visit,
cust_0581,2025-10-21,purchase,60.79
cust_0588,2025-10-21,visit,
cust_0595,2025-10-21,visit,
cust_0612,2025-10-21,purchase,32.73
cust_0632,2025-10-21,purchase,78.84
cust_0665,2025-10-21,purchase,38.87
cust_0668,2025-10-21,purchase,28.35
cust_0677,2025-10-21,purchase,28.82
cust_0680,2025-10-21,purchase,51.27
cust_0703,2025-10-21,purchase,40.56
cust_0706,2025-10-21,visit,
cust_0713,2025-10-21,ticket,
cust_0716,2025-10-21,visit,
cust_0721,2025-10-21,purchase,34.8
cust_0733,2025-10-21,purchase,25.79
cust_0736,2025-10-21,visit,
cust_0746,2025-10-21,visit,
cust_0747,2025-10-21,visit,
cust_0752,2025-10-21,purchase,65.93
cust_0758,2025-10-21,purchase,20.93
cust_0771,2025-10-21,ticket,
cust_0787,2025-10-21,visit,
cust_0000,2025-10-22,purchase,76.42
cust_0005,2025-10-22,visit,
cust_0016,2025-10-22,visit,
cust_0044,2025-10-22,purchase,24.51
cust_0047,2025-10-22,purchase,29.56
cust_0057,2025-10-22,purchase,16.51
cust_0069,2025-10-22,visit,
cust_0093,2025-10-22,visit,
cust_0094,2025-10-22,visit,
cust_0096,2025-10-22,visit,
cust_0127,2025-10-22,visit,
cust_0148,2025-10-22,ticket,
cust_0150,2025-10-22,purchase,22.17
cust_0151,2025-10-22,visit,
cust_0167,2025-10-22,visit,
cust_0173,2025-10-22,visit,
cust_0175,2025-10-22,visit,
cust_0188,2025-10-22,visit,
cust_0191,2025-10-22,visit,
cust_0197,2025-10-22,visit,
cust_0204,2025-10-22,visit,
cust_0216,2025-10-22,visit,
cust_0229,2025-10-22,visit,
cust_0240,2025-10-22,visit,
cust_0247,2025-10-22,purchase,23.93
cust_0247,2025-10-22,refund,23.93
cust_0253,2025-10-22,visit,
cust_0255,2025-10-22,purchase,22.38
cust_0258,2025-10-22,visit,
cust_0259,2025-10-22,visit,
cust_0260,2025-10-22,ticket,
cust_0264,2025-10-22,visit,
cust_0268,2025-10-22,purchase,19.92
cust_0270,2025-10-22,visit,
cust_0272,2025-10-22,visit,
cust_0274,2025-10-22,visit,
cust_0284,2025-10-22,purchase,44.32
cust_0295,2025-10-22,visit,
cust_0372,2025-10-22,visit,
cust_0395,2025-10-22,visit,
cust_0404,2025-10-22,visit,
cust_0413,2025-10-22,visit,
cust_0416,2025-10-22,visit,
cust_0433,2025-10-22,purchase,58.38
cust_0438,2025-10-22,visit,
cust_0443,2025-10-22,visit,
cust_0444,2025-10-22,purchase,55.42
cust_0446,2025-10-22,purchase,42.59
cust_0453,2025-10-22,purchase,49.92
cust_0479,2025-10-22,visit,
cust_0481,2025-10-22,ticket,
cust_0491,2025-10-22,visit,
cust_0507,2025-10-22,visit,
cust_0511,2025-10-22,visit,
cust_0515,2025-10-22,visit,
cust_0524,2025-10-22,visit,
cust_0530,2025-10-22,purchase,41.72
cust_0530,2025-10-22,refund,41.72
cust_0547,2025-10-22,visit,
cust_0566,2025-10-22,purchase,24.22
cust_0576,2025-10-22,purchase,40.97
cust_0585,2025-10-22,visit,
cust_0607,2025-10-22,visit,
cust_0612,2025-10-22,visit,
cust_0617,2025-10-22,purchase,41.08
cust_0632,2025-10-22,visit,
cust_0643,2025-10-22,purchase,22.26
cust_0644,2025-10-22,purchase,29.79
cust_0645,2025-10-22,purchase,20.99
cust_0645,2025-10-22,refund,20.99
cust_0666,2025-10-22,visit,
cust_0667,2025-10-22,purchase,29.04
cust_0688,2025-10-22,visit,
cust_0696,2025-10-22,visit,
cust_0698,2025-10-22,purchase,49.92
cust_0711,2025-10-22,visit,
cust_0714,2025-10-22,purchase,63.42
cust_0733,2025-10-22,visit,
cust_0735,2025-10-22,purchase,54.22
cust_0738,2025-10-22,visit,
cust_0747,2025-10-22,visit,
cust_0756,2025-10-22,purchase,21.81
cust_0762,2025-10-22,purchase,47.21
cust_0767,2025-10-22,purchase,34.71
cust_0767,2025-10-22,refund,34.71
cust_0773,2025-10-22,visit,
cust_0794,2025-10-22,visit,
cust_0797,2025-10-22,visit,
cust_0035,2025-10-23,visit,
cust_0048,2025-10-23,visit,
cust_0062,2025-10-23,visit,
cust_0082,2025-10-23,visit,
cust_0104,2025-10-23,visit,
cust_0120,2025-10-23,visit,
cust_0143,2025-10-23,purchase,58.08
cust_0159,2025-10-23,visit,
cust_0169,2025-10-23,visit,
cust_0178,2025-10-23,visit,
cust_0180,2025-10-23,visit,
cust_0192,2025-10-23,visit,
cust_0198,2025-10-23,purchase,34.66
cust_0207,2025-10-23,purchase,33.85
cust_0226,2025-10-23,visit,
cust_0227,2025-10-23,purchase,76.17
cust_0239,2025-10-23,visit,
cust_0242,2025-10-23,visit,
cust_0255,2025-10-23,visit,
cust_0262,2025-10-23,visit,
cust_0270,2025-10-23,purchase,54.76
cust_0271,2025-10-23,visit,
cust_0289,2025-10-23,visit,
cust_0290,2025-10-23,visit,
cust_0319,2025-10-23,visit,
cust_0324,2025-10-23,visit,
cust_0339,2025-10-23,purchase,108.79
cust_0356,2025-10-23,purchase,19.49
cust_0357,2025-10-23,visit,
cust_0365,2025-10-23,visit,
cust_0371,2025-10-23,visit,
cust_0373,2025-10-23,visit,
cust_0380,2025-10-23,purchase,33.43
cust_0380,2025-10-23,refund,33.43
cust_0406,2025-10-23,visit,
cust_0410,2025-10-23,visit,
cust_0412,2025-10-23,purchase,28.81
cust_0435,2025-10-23,visit,
cust_0436,2025-10-23,visit,
cust_0440,2025-10-23,purchase,38.36
cust_0443,2025-10-23,purchase,61.72
cust_0443,2025-10-23,refund,61.72
cust_0460,2025-10-23,purchase,33.19
cust_0462,2025-10-23,visit,
cust_0467,2025-10-23,purchase,19.59
cust_0475,2025-10-23,visit,
cust_0492,2025-10-23,visit,
cust_0497,2025-10-23,visit,
cust_0547,2025-10-23,purchase,41.11
cust_0548,2025-10-23,purchase,36.07
cust_0558,2025-10-23,visit,
cust_0559,2025-10-23,purchase,57.95
cust_0566,2025-10-23,visit,
cust_0576,2025-10-23,visit,
cust_0579,2025-10-23,purchase,24.68
cust_0580,2025-10-23,visit,
cust_0593,2025-10-23,purchase,37.37
cust_0596,2025-10-23,purchase,34.41
cust_0630,2025-10-23,visit,
cust_0644,2025-10-23,purchase,46.18
cust_0665,2025-10-23,purchase,38.45
cust_0675,2025-10-23,ticket,
cust_0677,2025-10-23,purchase,79.42
cust_0681,2025-10-23,purchase,44.54
cust_0683,2025-10-23,visit,
cust_0692,2025-10-23,visit,
cust_0700,2025-10-23,visit,
cust_0702,2025-10-23,ticket,
cust_0708,2025-10-23,visit,
cust_0716,2025-10-23,visit,
cust_0729,2025-10-23,purchase,37.02
cust_0739,2025-10-23,purchase,34.78
cust_0775,2025-10-23,visit,
cust_0776,2025-10-23,visit,
cust_0781,2025-10-23,purchase,26.23
cust_0789,2025-10-23,visit,
cust_0003,2025-10-24,visit,
cust_0009,2025-10-24,visit,
cust_0013,2025-10-24,visit,
cust_0014,2025-10-24,visit,
cust_0019,2025-10-24,visit,
cust_0044,2025-10-24,purchase,22.74
cust_0044,2025-10-24,refund,22.74
cust_0051,2025-10-24,purchase,20.31
cust_0071,2025-10-24,visit,
cust_0074,2025-10-24,ticket,
cust_0079,2025-10-24,purchase,20.01
cust_0089,2025-10-24,visit,
cust_0096,2025-10-24,purchase,33.82
cust_0103,2025-10-24,purchase,57.22
cust_0108,2025-10-24,visit,
cust_0119,2025-10-24,purchase,25.21
cust_0120,2025-10-24,purchase,73.4
cust_0129,2025-10-24,visit,
cust_0147,2025-10-24,visit,
cust_0159,2025-10-24,purchase,39.93
cust_0166,2025-10-24,purchase,25.99
cust_0182,2025-10-24,visit,
cust_0197,2025-10-24,ticket,
cust_0198,2025-10-24,visit,
cust_0200,2025-10-24,visit,
cust_0231,2025-10-24,purchase,25.36
cust_0251,2025-10-24,visit,
cust_0263,2025-10-24,visit,
cust_0266,2025-10-24,purchase,17.49
cust_0273,2025-10-24,purchase,37.57
cust_0277,2025-10-24,purchase,19.6
cust_0293,2025-10-24,purchase,32.27
cust_0308,2025-10-24,visit,
cust_0337,2025-10-24,visit,
cust_0369,2025-10-24,ticket,
cust_0371,2025-10-24,visit,
cust_0380,2025-10-24,visit,
cust_0382,2025-10-24,visit,
cust_0392,2025-10-24,purchase,29.81
cust_0424,2025-10-24,visit,
cust_0428,2025-10-24,visit,
cust_0432,2025-10-24,purchase,44.29
cust_0433,2025-10-24,visit,
cust_0441,2025-10-24,visit,
cust_0446,2025-10-24,visit,
cust_0461,2025-10-24,visit,
cust_0473,2025-10-24,visit,
cust_0492,2025-10-24,visit,
cust_0504,2025-10-24,purchase,54.18
cust_0506,2025-10-24,visit,
cust_0512,2025-10-24,visit,
cust_0515,2025-10-24,purchase,20.77
cust_0521,2025-10-24,visit,
cust_0523,2025-10-24,purchase,53.82
cust_0540,2025-10-24,visit,
cust_0573,2025-10-24,visit,
cust_0576,2025-10-24,purchase,39.22
cust_0578,2025-10-24,purchase,93.77
cust_0588,2025-10-24,purchase,98.28
cust_0597,2025-10-24,purchase,81.39
cust_0599,2025-10-24,visit,
cust_0611,2025-10-24,visit,
cust_0616,2025-10-24,visit,
cust_0622,2025-10-24,ticket,
cust_0626,2025-10-24,visit,
cust_0629,2025-10-24,visit,
cust_0633,2025-10-24,purchase,53.71
cust_0664,2025-10-24,visit,
cust_0672,2025-10-24,purchase,26.74
cust_0682,2025-10-24,ticket,
cust_0687,2025-10-24,visit,
cust_0688,2025-10-24,visit,
cust_0705,2025-10-24,visit,
cust_0711,2025-10-24,visit,
cust_0715,2025-10-24,purchase,19.72
cust_0720,2025-10-24,visit,
cust_0724,2025-10-24,purchase,72.75
cust_0725,2025-10-24,purchase,44.41
cust_0734,2025-10-24,visit,
cust_0735,2025-10-24,visit,
cust_0761,2025-10-24,visit,
cust_0770,2025-10-24,purchase,54.45
cust_0775,2025-10-24,purchase,23.47
cust_0788,2025-10-24,visit,
cust_0789,2025-10-24,purchase,37.69
cust_0795,2025-10-24,visit,
cust_0797,2025-10-24,purchase,45.24
cust_0799,2025-10-24,visit,
cust_0012,2025-10-25,purchase,43.67
cust_0025,2025-10-25,visit,
cust_0028,2025-10-25,visit,
cust_0036,2025-10-25,purchase,52.5
cust_0061,2025-10-25,visit,
cust_0062,2025-10-25,visit,
cust_0074,2025-10-25,purchase,23.26
cust_0076,2025-10-25,purchase,26.47
cust_0077,2025-10-25,visit,
cust_0083,2025-10-25,ticket,
cust_0101,2025-10-25,visit,
cust_0108,2025-10-25,purchase,14.84
cust_0114,2025-10-25,visit,
cust_0117,2025-10-25,visit,
cust_0139,2025-10-25,purchase,11.74
cust_0140,2025-10-25,visit,
cust_0142,2025-10-25,visit,
cust_0143,2025-10-25,visit,
cust_0154,2025-10-25,purchase,42.24
cust_0156,2025-10-25,visit,
cust_0164,2025-10-25,visit,
cust_0167,2025-10-25,visit,
cust_0172,2025-10-25,purchase,70.89
cust_0174,2025-10-25,purchase,22.56
cust_0185,2025-10-25,purchase,26.15
cust_0189,2025-10-25,purchase,29.52
cust_0189,2025-10-25,refund,29.52
cust_0191,2025-10-25,visit,
cust_0194,2025-10-25,visit,
cust_0195,2025-10-25,purchase,36.09
cust_0201,2025-10-25,visit,
cust_0206,2025-10-25,purchase,41.44
cust_0218,2025-10-25,visit,
cust_0223,2025-10-25,visit,
cust_0226,2025-10-25,purchase,61.8
cust_0240,2025-10-25,purchase,41.63
cust_0245,2025-10-25,visit,
cust_0253,2025-10-25,visit,
cust_0258,2025-10-25,visit,
cust_0274,2025-10-25,visit,
cust_0288,2025-10-25,visit,
cust_0295,2025-10-25,visit,
cust_0337,2025-10-25,visit,
cust_0342,2025-10-25,visit,
cust_0343,2025-10-25,visit,
cust_0376,2025-10-25,visit,
cust_0398,2025-10-25,visit,
cust_0402,2025-10-25,visit,
cust_0410,2025-10-25,visit,
cust_0449,2025-10-25,visit,
cust_0462,2025-10-25,purchase,37.2
cust_0466,2025-10-25,purchase,44.84
cust_0468,2025-10-25,purchase,53.0
cust_0489,2025-10-25,visit,
cust_0492,2025-10-25,visit,
cust_0495,2025-10-25,purchase,47.32
cust_0495,2025-10-25,refund,47.32
cust_0525,2025-10-25,visit,
cust_0530,2025-10-25,visit,
cust_0546,2025-10-25,visit,
cust_0547,2025-10-25,visit,
cust_0552,2025-10-25,purchase,37.11
cust_0556,2025-10-25,ticket,
cust_0557,2025-10-25,visit,
cust_0568,2025-10-25,visit,
cust_0573,2025-10-25,purchase,56.93
cust_0576,2025-10-25,visit,
cust_0587,2025-10-25,visit,
cust_0588,2025-10-25,visit,
cust_0593,2025-10-25,visit,
cust_0603,2025-10-25,visit,
cust_0608,2025-10-25,visit,
cust_0614,2025-10-25,visit,
cust_0630,2025-10-25,visit,
cust_0633,2025-10-25,purchase,11.75
cust_0637,2025-10-25,purchase,66.14
cust_0639,2025-10-25,purchase,19.48
cust_0643,2025-10-25,visit,
cust_0652,2025-10-25,purchase,31.55
cust_0667,2025-10-25,purchase,21.32
cust_0694,2025-10-25,purchase,66.6
cust_0702,2025-10-25,ticket,
cust_0703,2025-10-25,visit,
cust_0710,2025-10-25,visit,
cust_0723,2025-10-25,visit,
cust_0727,2025-10-25,visit,
cust_0742,2025-10-25,purchase,47.36
cust_0749,2025-10-25,visit,
cust_0753,2025-10-25,purchase,19.78
cust_0755,2025-10-25,purchase,44.68
cust_0765,2025-10-25,visit,
cust_0766,2025-10-25,visit,
cust_0786,2025-10-25,visit,
cust_0789,2025-10-25,ticket,
cust_0793,2025-10-25,purchase,47.45
cust_0001,2025-10-26,visit,
cust_0003,2025-10-26,visit,
cust_0004,2025-10-26,visit,
cust_0009,2025-10-26,visit,
cust_0064,2025-10-26,visit,
cust_0071,2025-10-26,visit,
cust_0087,2025-10-26,purchase,67.95
cust_0109,2025-10-26,visit,
cust_0113,2025-10-26,purchase,33.23
cust_0118,2025-10-26,visit,
cust_0122,2025-10-26,purchase,24.92
cust_0126,2025-10-26,visit,
cust_0139,2025-10-26,visit,
cust_0148,2025-10-26,purchase,23.41
cust_0150,2025-10-26,visit,
cust_0152,2025-10-26,visit,
cust_0154,2025-10-26,ticket,
cust_0155,2025-10-26,ticket,
cust_0159,2025-10-26,visit,
cust_0162,2025-10-26,visit,
cust_0173,2025-10-26,visit,
cust_0180,2025-10-26,visit,
cust_0190,2025-10-26,ticket,
cust_0195,2025-10-26,visit,
cust_0209,2025-10-26,visit,
cust_0227,2025-10-26,visit,
cust_0238,2025-10-26,visit,
cust_0255,2025-10-26,purchase,36.96
cust_0258,2025-10-26,purchase,57.89
cust_0260,2025-10-26,visit,
cust_0297,2025-10-26,visit,
cust_0305,2025-10-26,purchase,42.05
cust_0329,2025-10-26,visit,
cust_0352,2025-10-26,purchase,37.84
cust_0360,2025-10-26,purchase,24.63
cust_0380,2025-10-26,visit,
cust_0381,2025-10-26,visit,
cust_0384,2025-10-26,visit,
cust_0387,2025-10-26,visit,
cust_0395,2025-10-26,visit,
cust_0402,2025-10-26,purchase,107.29
cust_0406,2025-10-26,purchase,52.85
cust_0438,2025-10-26,ticket,
cust_0444,2025-10-26,visit,
cust_0468,2025-10-26,visit,
cust_0490,2025-10-26,visit,
cust_0493,2025-10-26,purchase,34.1
cust_0495,2025-10-26,visit,
cust_0522,2025-10-26,purchase,26.12
cust_0524,2025-10-26,visit,
cust_0543,2025-10-26,purchase,24.54
cust_0545,2025-10-26,visit,
cust_0548,2025-10-26,visit,
cust_0549,2025-10-26,visit,
cust_0554,2025-10-26,visit,
cust_0567,2025-10-26,visit,
cust_0569,2025-10-26,ticket,
cust_0589,2025-10-26,visit,
cust_0600,2025-10-26,purchase,28.2
cust_0608,2025-10-26,visit,
cust_0609,2025-10-26,visit,
cust_0618,2025-10-26,visit,
cust_0628,2025-10-26,purchase,56.77
cust_0630,2025-10-26,purchase,50.79
cust_0639,2025-10-26,visit,
cust_0643,2025-10-26,visit,
cust_0649,2025-10-26,purchase,52.45
cust_0649,2025-10-26,refund,52.45
cust_0670,2025-10-26,visit,
cust_0692,2025-10-26,visit,
cust_0695,2025-10-26,ticket,
cust_0706,2025-10-26,visit,
cust_0710,2025-10-26,visit,
cust_0712,2025-10-26,visit,
cust_0746,2025-10-26,purchase,27.97
cust_0776,2025-10-26,visit,
cust_0781,2025-10-26,purchase,50.91
cust_0000,2025-10-27,visit,
cust_0016,2025-10-27,ticket,
cust_0018,2025-10-27,purchase,21.19
cust_0041,2025-10-27,purchase,54.1
cust_0041,2025-10-27,refund,54.1
cust_0068,2025-10-27,visit,
cust_0077,2025-10-27,visit,
cust_0081,2025-10-27,visit,
cust_0122,2025-10-27,visit,
cust_0124,2025-10-27,visit,
cust_0125,2025-10-27,purchase,22.37
cust_0127,2025-10-27,visit,
cust_0128,2025-10-27,visit,
cust_0138,2025-10-27,visit,
cust_0147,2025-10-27,visit,
cust_0153,2025-10-27,visit,
cust_0159,2025-10-27,ticket,
cust_0160,2025-10-27,visit,
cust_0174,2025-10-27,visit,
cust_0182,2025-10-27,purchase,30.37
cust_0183,2025-10-27,purchase,18.95
cust_0188,2025-10-27,visit,
cust_0197,2025-10-27,visit,
cust_0200,2025-10-27,visit,
cust_0203,2025-10-27,ticket,
cust_0218,2025-10-27,visit,
cust_0232,2025-10-27,visit,
cust_0233,2025-10-27,visit,
cust_0240,2025-10-27,visit,
cust_0242,2025-10-27,purchase,35.86
cust_0252,2025-10-27,visit,
cust_0259,2025-10-27,visit,
cust_0260,2025-10-27,visit,
cust_0262,2025-10-27,visit,
cust_0272,2025-10-27,visit,
cust_0285,2025-10-27,visit,
cust_0288,2025-10-27,visit,
cust_0295,2025-10-27,visit,
cust_0311,2025-10-27,visit,
cust_0312,2025-10-27,visit,
cust_0323,2025-10-27,purchase,79.88
cust_0331,2025-10-27,purchase,41.61
cust_0331,2025-10-27,refund,41.61
cust_0340,2025-10-27,purchase,16.61
cust_0341,2025-10-27,visit,
cust_0348,2025-10-27,purchase,104.59
cust_0389,2025-10-27,visit,
cust_0406,2025-10-27,purchase,18.81
cust_0409,2025-10-27,visit,
cust_0416,2025-10-27,purchase,18.6
cust_0445,2025-10-27,purchase,35.76
cust_0446,2025-10-27,purchase,72.75
cust_0448,2025-10-27,visit,
cust_0452,2025-10-27,visit,
cust_0469,2025-10-27,visit,
cust_0472,2025-10-27,purchase,17.34
cust_0477,2025-10-27,visit,
cust_0484,2025-10-27,purchase,15.4
cust_0504,2025-10-27,purchase,39.08
cust_0507,2025-10-27,purchase,20.92
cust_0508,2025-10-27,visit,
cust_0509,2025-10-27,visit,
cust_0522,2025-10-27,ticket,
cust_0533,2025-10-27,visit,
cust_0544,2025-10-27,visit,
cust_0557,2025-10-27,purchase,65.26
cust_0566,2025-10-27,visit,
cust_0572,2025-10-27,visit,
cust_0576,2025-10-27,purchase,25.86
cust_0577,2025-10-27,visit,
cust_0580,2025-10-27,visit,
cust_0582,2025-10-27,purchase,56.26
cust_0609,2025-10-27,purchase,32.0
cust_0633,2025-10-27,visit,
cust_0643,2025-10-27,visit,
cust_0667,2025-10-27,visit,
cust_0700,2025-10-27,visit,
cust_0715,2025-10-27,purchase,29.07
cust_0717,2025-10-27,purchase,45.77
cust_0719,2025-10-27,purchase,24.91
cust_0745,2025-10-27,visit,
cust_0764,2025-10-27,visit,
cust_0768,2025-10-27,visit,
cust_0772,2025-10-27,visit,
cust_0009,2025-10-28,purchase,53.54
cust_0012,2025-10-28,visit,
cust_0040,2025-10-28,visit,
cust_0051,2025-10-28,visit,
cust_0067,2025-10-28,visit,
cust_0068,2025-10-28,visit,
cust_0080,2025-10-28,visit,
cust_0083,2025-10-28,visit,
cust_0086,2025-10-28,purchase,34.92
cust_0098,2025-10-28,visit,
cust_0103,2025-10-28,visit,
cust_0129,2025-10-28,visit,
cust_0139,2025-10-28,purchase,40.66
cust_0142,2025-10-28,visit,
cust_0160,2025-10-28,purchase,24.46
cust_0171,2025-10-28,purchase,51.89
cust_0173,2025-10-28,ticket,
cust_0175,2025-10-28,visit,
cust_0177,2025-10-28,purchase,40.58
cust_0178,2025-10-28,purchase,39.16
cust_0183,2025-10-28,visit,
cust_0184,2025-10-28,purchase,65.73
cust_0199,2025-10-28,visit,
cust_0205,2025-10-28,visit,
cust_0214,2025-10-28,visit,
cust_0227,2025-10-28,purchase,49.87
cust_0232,2025-10-28,purchase,56.64
cust_0237,2025-10-28,visit,
cust_0251,2025-10-28,ticket,
cust_0257,2025-10-28,visit,
cust_0266,2025-10-28,visit,
cust_0276,2025-10-28,visit,
cust_0281,2025-10-28,purchase,62.83
cust_0284,2025-10-28,visit,
cust_0295,2025-10-28,visit,
cust_0296,2025-10-28,visit,
cust_0311,2025-10-28,visit,
cust_0317,2025-10-28,visit,
cust_0323,2025-10-28,purchase,37.25
cust_0384,2025-10-28,purchase,29.76
cust_0387,2025-10-28,purchase,36.07
cust_0395,2025-10-28,purchase,26.24
cust_0403,2025-10-28,purchase,26.16
cust_0404,2025-10-28,visit,
cust_0406,2025-10-28,visit,
cust_0411,2025-10-28,visit,
cust_0415,2025-10-28,visit,
cust_0426,2025-10-28,visit,
cust_0431,2025-10-28,visit,
cust_0432,2025-10-28,visit,
cust_0452,2025-10-28,visit,
cust_0453,2025-10-28,purchase,71.1
cust_0465,2025-10-28,visit,
cust_0477,2025-10-28,visit,
cust_0489,2025-10-28,purchase,67.62
cust_0504,2025-10-28,visit,
cust_0506,2025-10-28,purchase,47.58
cust_0511,2025-10-28,visit,
cust_0513,2025-10-28,purchase,59.81
cust_0519,2025-10-28,visit,
cust_0524,2025-10-28,purchase,22.16
cust_0526,2025-10-28,visit,
cust_0539,2025-10-28,purchase,22.69
cust_0549,2025-10-28,visit,
cust_0569,2025-10-28,visit,
cust_0574,2025-10-28,visit,
cust_0594,2025-10-28,purchase,25.69
cust_0598,2025-10-28,purchase,50.36
cust_0599,2025-10-28,visit,
cust_0607,2025-10-28,purchase,92.73
cust_0619,2025-10-28,visit,
cust_0626,2025-10-28,visit,
cust_0627,2025-10-28,visit,
cust_0633,2025-10-28,visit,
cust_0636,2025-10-28,visit,
cust_0644,2025-10-28,ticket,
cust_0654,2025-10-28,purchase,42.45
cust_0654,2025-10-28,refund,42.45
cust_0665,2025-10-28,purchase,19.0
cust_0676,2025-10-28,visit,
cust_0684,2025-10-28,visit,
cust_0703,2025-10-28,visit,
cust_0711,2025-10-28,visit,
cust_0736,2025-10-28,purchase,24.99
cust_0741,2025-10-28,purchase,41.61
cust_0769,2025-10-28,purchase,51.5
cust_0769,2025-10-28,refund,51.5
cust_0773,2025-10-28,purchase,42.54
cust_0776,2025-10-28,visit,
cust_0778,2025-10-28,visit,
cust_0783,2025-10-28,visit,
cust_0787,2025-10-28,visit,
cust_0789,2025-10-28,purchase,27.71
cust_0792,2025-10-28,visit,
cust_0003,2025-10-29,purchase,47.84
cust_0015,2025-10-29,purchase,20.66
cust_0018,2025-10-29,purchase,25.44
cust_0022,2025-10-29,purchase,32.06
cust_0033,2025-10-29,visit,
cust_0034,2025-10-29,purchase,64.25
cust_0035,2025-10-29,visit,
cust_0049,2025-10-29,purchase,23.41
cust_0051,2025-10-29,purchase,33.81
cust_0072,2025-10-29,visit,
cust_0084,2025-10-29,purchase,38.31
cust_0085,2025-10-29,purchase,35.03
cust_0091,2025-10-29,visit,
cust_0092,2025-10-29,purchase,111.75
cust_0093,2025-10-29,visit,
cust_0098,2025-10-29,visit,
cust_0103,2025-10-29,visit,
cust_0111,2025-10-29,visit,
cust_0117,2025-10-29,visit,
cust_0122,2025-10-29,purchase,59.36
cust_0128,2025-10-29,visit,
cust_0134,2025-10-29,visit,
cust_0143,2025-10-29,purchase,36.18
cust_0159,2025-10-29,purchase,21.53
cust_0159,2025-10-29,refund,21.53
cust_0164,2025-10-29,visit,
cust_0182,2025-10-29,visit,
cust_0193,2025-10-29,visit,
cust_0199,2025-10-29,visit,
cust_0223,2025-10-29,purchase,33.48
cust_0226,2025-10-29,purchase,61.2
cust_0238,2025-10-29,purchase,37.29
cust_0249,2025-10-29,visit,
cust_0251,2025-10-29,visit,
cust_0252,2025-10-29,visit,
cust_0287,2025-10-29,purchase,82.36
cust_0287,2025-10-29,refund,82.36
cust_0292,2025-10-29,purchase,90.86
cust_0306,2025-10-29,visit,
cust_0342,2025-10-29,visit,
cust_0349,2025-10-29,visit,
cust_0352,2025-10-29,visit,
cust_0362,2025-10-29,visit,
cust_0368,2025-10-29,visit,
cust_0373,2025-10-29,visit,
cust_0400,2025-10-29,visit,
cust_0406,2025-10-29,purchase,45.3
cust_0423,2025-10-29,visit,
cust_0426,2025-10-29,visit,
cust_0430,2025-10-29,visit,
cust_0438,2025-10-29,visit,
cust_0448,2025-10-29,purchase,26.24
cust_0453,2025-10-29,visit,
cust_0454,2025-10-29,visit,
cust_0456,2025-10-29,visit,
cust_0483,2025-10-29,purchase,62.93
cust_0483,2025-10-29,refund,62.93
cust_0497,2025-10-29,visit,
cust_0513,2025-10-29,purchase,16.33
cust_0526,2025-10-29,visit,
cust_0539,2025-10-29,purchase,74.68
cust_0541,2025-10-29,purchase,82.08
cust_0549,2025-10-29,ticket,
cust_0553,2025-10-29,visit,
cust_0555,2025-10-29,visit,
cust_0560,2025-10-29,visit,
cust_0566,2025-10-29,visit,
cust_0583,2025-10-29,visit,
cust_0587,2025-10-29,visit,
cust_0601,2025-10-29,visit,
cust_0603,2025-10-29,visit,
cust_0609,2025-10-29,purchase,35.16
cust_0613,2025-10-29,visit,
cust_0615,2025-10-29,purchase,16.75
cust_0624,2025-10-29,visit,
cust_0645,2025-10-29,visit,
cust_0654,2025-10-29,visit,
cust_0663,2025-10-29,visit,
cust_0669,2025-10-29,visit,
cust_0670,2025-10-29,purchase,41.26
cust_0676,2025-10-29,purchase,53.54
cust_0683,2025-10-29,visit,
cust_0699,2025-10-29,purchase,31.94
cust_0711,2025-10-29,visit,
cust_0715,2025-10-29,visit,
cust_0719,2025-10-29,purchase,55.0
cust_0725,2025-10-29,visit,
cust_0740,2025-10-29,purchase,43.9
cust_0758,2025-10-29,visit,
cust_0765,2025-10-29,visit,
cust_0777,2025-10-29,purchase,16.49
cust_0786,2025-10-29,visit,
cust_0787,2025-10-29,purchase,38.53
cust_0797,2025-10-29,visit,
cust_0007,2025-10-30,visit,
cust_0010,2025-10-30,visit,
cust_0014,2025-10-30,purchase,50.04
cust_0017,2025-10-30,visit,
cust_0029,2025-10-30,visit,
cust_0044,2025-10-30,visit,
cust_0061,2025-10-30,ticket,
cust_0080,2025-10-30,visit,
cust_0083,2025-10-30,visit,
cust_0085,2025-10-30,purchase,32.34
cust_0113,2025-10-30,visit,
cust_0119,2025-10-30,purchase,53.94
cust_0124,2025-10-30,purchase,20.51
cust_0140,2025-10-30,visit,
cust_0142,2025-10-30,visit,
cust_0170,2025-10-30,visit,
cust_0171,2025-10-30,visit,
cust_0175,2025-10-30,purchase,37.07
cust_0180,2025-10-30,visit,
cust_0181,2025-10-30,visit,
cust_0182,2025-10-30,visit,
cust_0191,2025-10-30,purchase,35.24
cust_0211,2025-10-30,visit,
cust_0219,2025-10-30,purchase,31.57
cust_0223,2025-10-30,visit,
cust_0226,2025-10-30,visit,
cust_0229,2025-10-30,visit,
cust_0232,2025-10-30,purchase,41.61
cust_0244,2025-10-30,purchase,24.05
cust_0246,2025-10-30,visit,
cust_0247,2025-10-30,visit,
cust_0252,2025-10-30,purchase,39.64
cust_0258,2025-10-30,visit,
cust_0260,2025-10-30,purchase,12.65
cust_0262,2025-10-30,ticket,
cust_0270,2025-10-30,purchase,62.45
cust_0272,2025-10-30,purchase,26.59
cust_0293,2025-10-30,purchase,25.74
cust_0314,2025-10-30,visit,
cust_0317,2025-10-30,purchase,24.9
cust_0329,2025-10-30,visit,
cust_0335,2025-10-30,visit,
cust_0339,2025-10-30,purchase,106.81
cust_0340,2025-10-30,purchase,87.12
cust_0340,2025-10-30,refund,87.12
cust_0341,2025-10-30,visit,
cust_0347,2025-10-30,purchase,28.23
cust_0352,2025-10-30,visit,
cust_0365,2025-10-30,purchase,42.88
cust_0370,2025-10-30,visit,
cust_0388,2025-10-30,visit,
cust_0399,2025-10-30,visit,
cust_0407,2025-10-30,visit,
cust_0409,2025-10-30,visit,
cust_0410,2025-10-30,visit,
cust_0430,2025-10-30,purchase,34.76
cust_0432,2025-10-30,purchase,43.67
cust_0435,2025-10-30,purchase,48.76
cust_0446,2025-10-30,purchase,32.99
cust_0447,2025-10-30,visit,
cust_0448,2025-10-30,visit,
cust_0452,2025-10-30,ticket,
cust_0453,2025-10-30,visit,
cust_0467,2025-10-30,visit,
cust_0474,2025-10-30,visit,
cust_0481,2025-10-30,visit,
cust_0498,2025-10-30,purchase,112.16
cust_0506,2025-10-30,visit,
cust_0559,2025-10-30,visit,
cust_0569,2025-10-30,visit,
cust_0576,2025-10-30,visit,
cust_0578,2025-10-30,purchase,47.24
cust_0596,2025-10-30,visit,
cust_0612,2025-10-30,purchase,24.27
cust_0615,2025-10-30,ticket,
cust_0630,2025-10-30,purchase,39.65
cust_0633,2025-10-30,visit,
cust_0635,2025-10-30,visit,
cust_0652,2025-10-30,purchase,44.09
cust_0658,2025-10-30,visit,
cust_0675,2025-10-30,ticket,
cust_0701,2025-10-30,visit,
cust_0722,2025-10-30,visit,
cust_0724,2025-10-30,purchase,80.0
cust_0725,2025-10-30,visit,
cust_0731,2025-10-30,purchase,31.93
cust_0732,2025-10-30,visit,
cust_0736,2025-10-30,visit,
cust_0742,2025-10-30,visit,
cust_0749,2025-10-30,visit,
cust_0752,2025-10-30,purchase,43.07
cust_0779,2025-10-30,visit,
cust_0783,2025-10-30,visit,
cust_0799,2025-10-30,visit,
cust_0008,2025-10-31,visit,
cust_0031,2025-10-31,visit,
cust_0035,2025-10-31,purchase,45.29
cust_0045,2025-10-31,visit,
cust_0048,2025-10-31,visit,
cust_0051,2025-10-31,visit,
cust_0055,2025-10-31,visit,
cust_0057,2025-10-31,visit,
cust_0065,2025-10-31,visit,
cust_0071,2025-10-31,purchase,96.08
cust_0076,2025-10-31,visit,
cust_0079,2025-10-31,purchase,34.17
cust_0085,2025-10-31,visit,
cust_0099,2025-10-31,purchase,42.41
cust_0100,2025-10-31,visit,
cust_0104,2025-10-31,purchase,10.73
cust_0113,2025-10-31,purchase,48.02
cust_0119,2025-10-31,purchase,26.66
cust_0124,2025-10-31,purchase,24.22
cust_0142,2025-10-31,visit,
cust_0164,2025-10-31,visit,
cust_0170,2025-10-31,purchase,52.51
cust_0170,2025-10-31,refund,52.51
cust_0174,2025-10-31,visit,
cust_0188,2025-10-31,visit,
cust_0191,2025-10-31,purchase,55.65
cust_0225,2025-10-31,visit,
cust_0232,2025-10-31,purchase,57.78
cust_0251,2025-10-31,purchase,42.96
cust_0256,2025-10-31,purchase,30.43
cust_0258,2025-10-31,visit,
cust_0263,2025-10-31,purchase,71.24
cust_0273,2025-10-31,visit,
cust_0276,2025-10-31,visit,
cust_0288,2025-10-31,purchase,56.58
cust_0301,2025-10-31,visit,
cust_0305,2025-10-31,visit,
cust_0306,2025-10-31,visit,
cust_0307,2025-10-31,purchase,28.23
cust_0310,2025-10-31,visit,
cust_0317,2025-10-31,visit,
cust_0319,2025-10-31,visit,
cust_0325,2025-10-31,visit,
cust_0328,2025-10-31,purchase,26.01
cust_0337,2025-10-31,visit,
cust_0346,2025-10-31,purchase,71.14
cust_0348,2025-10-31,visit,
cust_0378,2025-10-31,purchase,24.58
cust_0405,2025-10-31,visit,
cust_0413,2025-10-31,purchase,63.07
cust_0419,2025-10-31,visit,
cust_0423,2025-10-31,visit,
cust_0446,2025-10-31,purchase,36.43
cust_0460,2025-10-31,purchase,63.29
cust_0468,2025-10-31,purchase,85.78
cust_0469,2025-10-31,purchase,11.33
cust_0476,2025-10-31,visit,
cust_0479,2025-10-31,visit,
cust_0483,2025-10-31,visit,
cust_0491,2025-10-31,ticket,
cust_0492,2025-10-31,visit,
cust_0499,2025-10-31,visit,
cust_0506,2025-10-31,purchase,205.53
cust_0508,2025-10-31,purchase,25.96
cust_0511,2025-10-31,visit,
cust_0520,2025-10-31,visit,
cust_0528,2025-10-31,visit,
cust_0534,2025-10-31,visit,
cust_0546,2025-10-31,visit,
cust_0547,2025-10-31,visit,
cust_0559,2025-10-31,purchase,42.78
cust_0567,2025-10-31,visit,
cust_0568,2025-10-31,visit,
cust_0585,2025-10-31,purchase,57.18
cust_0594,2025-10-31,purchase,36.98
cust_0602,2025-10-31,purchase,66.48
cust_0606,2025-10-31,ticket,
cust_0608,2025-10-31,visit,
cust_0621,2025-10-31,purchase,33.3
cust_0630,2025-10-31,purchase,29.86
cust_0643,2025-10-31,visit,
cust_0669,2025-10-31,purchase,24.84
cust_0670,2025-10-31,visit,
cust_0676,2025-10-31,visit,
cust_0680,2025-10-31,ticket,
cust_0696,2025-10-31,visit,
cust_0699,2025-10-31,ticket,
cust_0701,2025-10-31,visit,
cust_0735,2025-10-31,visit,
cust_0736,2025-10-31,visit,
cust_0745,2025-10-31,visit,
cust_0761,2025-10-31,visit,
cust_0762,2025-10-31,purchase,30.92
cust_0772,2025-10-31,purchase,20.42
cust_0785,2025-10-31,visit,
cust_0789,2025-10-31,visit,
cust_0799,2025-10-31,visit,
cust_0001,2025-11-01,purchase,37.38
cust_0001,2025-11-01,refund,37.38
cust_0002,2025-11-01,purchase,14.59
cust_0016,2025-11-01,purchase,48.4
cust_0048,2025-11-01,visit,
cust_0052,2025-11-01,visit,
cust_0055,2025-11-01,visit,
cust_0069,2025-11-01,ticket,
cust_0075,2025-11-01,visit,
cust_0085,2025-11-01,visit,
cust_0095,2025-11-01,visit,
cust_0106,2025-11-01,visit,
cust_0111,2025-11-01,visit,
cust_0116,2025-11-01,visit,
cust_0127,2025-11-01,purchase,34.09
cust_0136,2025-11-01,purchase,51.73
cust_0136,2025-11-01,refund,51.73
cust_0143,2025-11-01,purchase,34.77
cust_0149,2025-11-01,visit,
cust_0168,2025-11-01,visit,
cust_0183,2025-11-01,ticket,
cust_0186,2025-11-01,visit,
cust_0204,2025-11-01,purchase,26.05
cust_0207,2025-11-01,purchase,46.8
cust_0208,2025-11-01,visit,
cust_0218,2025-11-01,purchase,72.57
cust_0226,2025-11-01,visit,
cust_0232,2025-11-01,visit,
cust_0244,2025-11-01,purchase,17.27
cust_0245,2025-11-01,visit,
cust_0264,2025-11-01,ticket,
cust_0268,2025-11-01,ticket,
cust_0325,2025-11-01,purchase,35.79
cust_0357,2025-11-01,purchase,25.37
cust_0361,2025-11-01,visit,
cust_0374,2025-11-01,visit,
cust_0375,2025-11-01,visit,
cust_0378,2025-11-01,visit,
cust_0383,2025-11-01,purchase,38.7
cust_0393,2025-11-01,visit,
cust_0410,2025-11-01,purchase,28.9
cust_0428,2025-11-01,purchase,29.4
cust_0429,2025-11-01,visit,
cust_0432,2025-11-01,visit,
cust_0436,2025-11-01,visit,
cust_0445,2025-11-01,visit,
cust_0447,2025-11-01,purchase,27.54
cust_0449,2025-11-01,purchase,87.2
cust_0451,2025-11-01,visit,
cust_0461,2025-11-01,purchase,22.23
cust_0471,2025-11-01,purchase,38.92
cust_0492,2025-11-01,visit,
cust_0493,2025-11-01,visit,
cust_0496,2025-11-01,purchase,44.08
cust_0506,2025-11-01,visit,
cust_0524,2025-11-01,purchase,58.37
cust_0539,2025-11-01,purchase,50.72
cust_0541,2025-11-01,ticket,
cust_0543,2025-11-01,purchase,75.78
cust_0546,2025-11-01,purchase,32.55
cust_0557,2025-11-01,visit,
cust_0589,2025-11-01,purchase,40.61
cust_0596,2025-11-01,visit,
cust_0618,2025-11-01,visit,
cust_0634,2025-11-01,visit,
cust_0641,2025-11-01,visit,
cust_0642,2025-11-01,visit,
cust_0643,2025-11-01,purchase,46.42
cust_0647,2025-11-01,visit,
cust_0649,2025-11-01,visit,
cust_0659,2025-11-01,visit,
cust_0664,2025-11-01,visit,
cust_0668,2025-11-01,purchase,49.85
cust_0670,2025-11-01,visit,
cust_0685,2025-11-01,visit,
cust_0687,2025-11-01,visit,
cust_0691,2025-11-01,visit,
cust_0701,2025-11-01,purchase,13.76
cust_0702,2025-11-01,visit,
cust_0711,2025-11-01,purchase,26.92
cust_0715,2025-11-01,visit,
cust_0721,2025-11-01,purchase,37.68
cust_0722,2025-11-01,visit,
cust_0737,2025-11-01,purchase,18.62
cust_0737,2025-11-01,refund,18.62
cust_0745,2025-11-01,visit,
cust_0747,2025-11-01,purchase,33.41
cust_0749,2025-11-01,visit,
cust_0766,2025-11-01,visit,
cust_0775,2025-11-01,visit,
cust_0782,2025-11-01,purchase,28.76
cust_0787,2025-11-01,visit,
cust_0799,2025-11-01,purchase,45.95
cust_0022,2025-11-02,purchase,26.26
cust_0039,2025-11-02,visit,
cust_0045,2025-11-02,visit,
cust_0046,2025-11-02,ticket,
cust_0058,2025-11-02,visit,
cust_0064,2025-11-02,purchase,15.93
cust_0064,2025-11-02,refund,15.93
cust_0075,2025-11-02,visit,
cust_0083,2025-11-02,purchase,95.57
cust_0123,2025-11-02,visit,
cust_0124,2025-11-02,purchase,34.19
cust_0149,2025-11-02,visit,
cust_0169,2025-11-02,purchase,32.01
cust_0174,2025-11-02,purchase,87.88
cust_0177,2025-11-02,visit,
cust_0186,2025-11-02,purchase,99.31
cust_0189,2025-11-02,visit,
cust_0191,2025-11-02,visit,
cust_0199,2025-11-02,visit,
cust_0201,2025-11-02,purchase,26.57
cust_0204,2025-11-02,visit,
cust_0215,2025-11-02,visit,
cust_0227,2025-11-02,visit,
cust_0232,2025-11-02,visit,
cust_0240,2025-11-02,visit,
cust_0260,2025-11-02,visit,
cust_0263,2025-11-02,visit,
cust_0272,2025-11-02,purchase,15.45
cust_0292,2025-11-02,purchase,34.93
cust_0301,2025-11-02,visit,
cust_0304,2025-11-02,visit,
cust_0323,2025-11-02,purchase,16.54
cust_0323,2025-11-02,refund,16.54
cust_0324,2025-11-02,visit,
cust_0331,2025-11-02,ticket,
cust_0357,2025-11-02,visit,
cust_0359,2025-11-02,visit,
cust_0378,2025-11-02,visit,
cust_0391,2025-11-02,visit,
cust_0402,2025-11-02,purchase,64.68
cust_0410,2025-11-02,visit,
cust_0412,2025-11-02,visit,
cust_0422,2025-11-02,visit,
cust_0441,2025-11-02,visit,
cust_0443,2025-11-02,visit,
cust_0471,2025-11-02,visit,
cust_0477,2025-11-02,visit,
cust_0508,2025-11-02,purchase,14.32
cust_0516,2025-11-02,visit,
cust_0526,2025-11-02,visit,
cust_0529,2025-11-02,visit,
cust_0540,2025-11-02,purchase,25.2
cust_0544,2025-11-02,visit,
cust_0565,2025-11-02,visit,
cust_0570,2025-11-02,visit,
cust_0574,2025-11-02,visit,
cust_0586,2025-11-02,visit,
cust_0589,2025-11-02,ticket,
cust_0595,2025-11-02,purchase,18.43
cust_0618,2025-11-02,visit,
cust_0632,2025-11-02,visit,
cust_0635,2025-11-02,purchase,40.83
cust_0636,2025-11-02,purchase,60.86
cust_0656,2025-11-02,visit,
cust_0660,2025-11-02,purchase,28.88
cust_0703,2025-11-02,visit,
cust_0725,2025-11-02,visit,
cust_0727,2025-11-02,visit,
cust_0733,2025-11-02,visit,
cust_0737,2025-11-02,visit,
cust_0749,2025-11-02,visit,
cust_0761,2025-11-02,purchase,39.63
cust_0765,2025-11-02,visit,
cust_0775,2025-11-02,visit,
cust_0007,2025-11-03,visit,
cust_0010,2025-11-03,visit,
cust_0014,2025-11-03,visit,
cust_0016,2025-11-03,visit,
cust_0018,2025-11-03,visit,
cust_0022,2025-11-03,visit,
cust_0039,2025-11-03,visit,
cust_0041,2025-11-03,visit,
cust_0064,2025-11-03,visit,
cust_0069,2025-11-03,visit,
cust_0073,2025-11-03,purchase,32.91
cust_0080,2025-11-03,purchase,57.32
cust_0136,2025-11-03,visit,
cust_0151,2025-11-03,ticket,
cust_0204,2025-11-03,purchase,22.81
cust_0205,2025-11-03,visit,
cust_0217,2025-11-03,purchase,35.56
cust_0260,2025-11-03,purchase,48.11
cust_0277,2025-11-03,purchase,37.08
cust_0279,2025-11-03,purchase,45.68
cust_0284,2025-11-03,visit,
cust_0288,2025-11-03,visit,
cust_0306,2025-11-03,visit,
cust_0307,2025-11-03,ticket,
cust_0309,2025-11-03,purchase,40.58
cust_0310,2025-11-03,purchase,19.97
cust_0319,2025-11-03,visit,
cust_0323,2025-11-03,visit,
cust_0332,2025-11-03,purchase,61.33
cust_0342,2025-11-03,purchase,48.81
cust_0343,2025-11-03,purchase,65.62
cust_0354,2025-11-03,purchase,30.84
cust_0354,2025-11-03,refund,30.84
cust_0366,2025-11-03,purchase,20.38
cust_0369,2025-11-03,ticket,
cust_0374,2025-11-03,purchase,54.43
cust_0375,2025-11-03,purchase,27.49
cust_0385,2025-11-03,visit,
cust_0390,2025-11-03,visit,
cust_0394,2025-11-03,visit,
cust_0396,2025-11-03,visit,
cust_0443,2025-11-03,visit,
cust_0450,2025-11-03,visit,
cust_0451,2025-11-03,visit,
cust_0461,2025-11-03,visit,
cust_0486,2025-11-03,purchase,30.62
cust_0496,2025-11-03,purchase,21.27
cust_0498,2025-11-03,visit,
cust_0503,2025-11-03,visit,
cust_0523,2025-11-03,visit,
cust_0534,2025-11-03,visit,
cust_0540,2025-11-03,visit,
cust_0543,2025-11-03,visit,
cust_0544,2025-11-03,purchase,47.93
cust_0553,2025-11-03,visit,
cust_0561,2025-11-03,purchase,29.18
cust_0562,2025-11-03,visit,
cust_0569,2025-11-03,visit,
cust_0573,2025-11-03,visit,
cust_0580,2025-11-03,visit,
cust_0582,2025-11-03,visit,
cust_0595,2025-11-03,visit,
cust_0598,2025-11-03,purchase,42.44
cust_0607,2025-11-03,ticket,
cust_0636,2025-11-03,purchase,27.55
cust_0643,2025-11-03,ticket,
cust_0655,2025-11-03,visit,
cust_0657,2025-11-03,visit,
cust_0692,2025-11-03,purchase,41.32
cust_0694,2025-11-03,visit,
cust_0695,2025-11-03,purchase,36.51
cust_0699,2025-11-03,purchase,16.67
cust_0699,2025-11-03,refund,16.67
cust_0713,2025-11-03,visit,
cust_0720,2025-11-03,purchase,39.41
cust_0734,2025-11-03,visit,
cust_0742,2025-11-03,purchase,22.15
cust_0756,2025-11-03,visit,
cust_0761,2025-11-03,visit,
cust_0777,2025-11-03,purchase,30.59
cust_0779,2025-11-03,visit,
cust_0782,2025-11-03,visit,
cust_0790,2025-11-03,purchase,33.63
cust_0002,2025-11-04,purchase,64.57
cust_0023,2025-11-04,purchase,21.13
cust_0028,2025-11-04,visit,
cust_0032,2025-11-04,visit,
cust_0038,2025-11-04,visit,
cust_0044,2025-11-04,visit,
cust_0057,2025-11-04,visit,
cust_0063,2025-11-04,visit,
cust_0130,2025-11-04,purchase,34.53
cust_0132,2025-11-04,purchase,12.51
cust_0151,2025-11-04,visit,
cust_0170,2025-11-04,visit,
cust_0194,2025-11-04,visit,
cust_0195,2025-11-04,visit,
cust_0209,2025-11-04,visit,
cust_0210,2025-11-04,visit,
cust_0239,2025-11-04,purchase,23.39
cust_0261,2025-11-04,visit,
cust_0272,2025-11-04,visit,
cust_0280,2025-11-04,purchase,22.56
cust_0282,2025-11-04,visit,
cust_0283,2025-11-04,visit,
cust_0319,2025-11-04,purchase,19.1
cust_0327,2025-11-04,purchase,26.52
cust_0333,2025-11-04,visit,
cust_0338,2025-11-04,purchase,74.09
cust_0353,2025-11-04,visit,
cust_0372,2025-11-04,visit,
cust_0385,2025-11-04,visit,
cust_0391,2025-11-04,purchase,49.22
cust_0406,2025-11-04,visit,
cust_0425,2025-11-04,visit,
cust_0429,2025-11-04,purchase,21.66
cust_0437,2025-11-04,purchase,42.95
cust_0445,2025-11-04,purchase,37.31
cust_0448,2025-11-04,visit,
cust_0454,2025-11-04,visit,
cust_0464,2025-11-04,ticket,
cust_0470,2025-11-04,visit,
cust_0477,2025-11-04,purchase,68.21
cust_0478,2025-11-04,visit,
cust_0485,2025-11-04,purchase,21.54
cust_0486,2025-11-04,purchase,34.97
cust_0487,2025-11-04,visit,
cust_0490,2025-11-04,visit,
cust_0493,2025-11-04,visit,
cust_0505,2025-11-04,visit,
cust_0518,2025-11-04,visit,
cust_0534,2025-11-04,visit,
cust_0538,2025-11-04,visit,
cust_0546,2025-11-04,visit,
cust_0577,2025-11-04,visit,
cust_0586,2025-11-04,visit,
cust_0588,2025-11-04,visit,
cust_0595,2025-11-04,purchase,16.26
cust_0598,2025-11-04,purchase,94.08
cust_0602,2025-11-04,visit,
cust_0607,2025-11-04,visit,
cust_0628,2025-11-04,purchase,15.67
cust_0635,2025-11-04,ticket,
cust_0659,2025-11-04,visit,
cust_0684,2025-11-04,visit,
cust_0720,2025-11-04,visit,
cust_0735,2025-11-04,purchase,84.24
cust_0743,2025-11-04,visit,
cust_0774,2025-11-04,visit,
cust_0794,2025-11-04,visit,
cust_0007,2025-11-05,purchase,59.64
cust_0009,2025-11-05,visit,
cust_0022,2025-11-05,visit,
cust_0030,2025-11-05,ticket,
cust_0049,2025-11-05,visit,
cust_0054,2025-11-05,visit,
cust_0074,2025-11-05,ticket,
cust_0083,2025-11-05,visit,
cust_0103,2025-11-05,purchase,72.85
cust_0106,2025-11-05,purchase,15.29
cust_0134,2025-11-05,purchase,37.0
cust_0148,2025-11-05,visit,
cust_0149,2025-11-05,visit,
cust_0155,2025-11-05,visit,
cust_0156,2025-11-05,visit,
cust_0164,2025-11-05,visit,
cust_0173,2025-11-05,visit,
cust_0203,2025-11-05,purchase,42.17
cust_0221,2025-11-05,visit,
cust_0222,2025-11-05,purchase,38.83
cust_0229,2025-11-05,visit,
cust_0231,2025-11-05,visit,
cust_0232,2025-11-05,visit,
cust_0234,2025-11-05,visit,
cust_0244,2025-11-05,purchase,16.2
cust_0313,2025-11-05,visit,
cust_0318,2025-11-05,visit,
cust_0324,2025-11-05,visit,
cust_0326,2025-11-05,visit,
cust_0328,2025-11-05,visit,
cust_0329,2025-11-05,ticket,
cust_0330,2025-11-05,visit,
cust_0341,2025-11-05,visit,
cust_0361,2025-11-05,purchase,47.61
cust_0375,2025-11-05,ticket,
cust_0376,2025-11-05,purchase,50.65
cust_0378,2025-11-05,visit,
cust_0399,2025-11-05,ticket,
cust_0410,2025-11-05,visit,
cust_0426,2025-11-05,visit,
cust_0452,2025-11-05,visit,
cust_0454,2025-11-05,purchase,19.79
cust_0458,2025-11-05,purchase,18.96
cust_0462,2025-11-05,visit,
cust_0464,2025-11-05,visit,
cust_0477,2025-11-05,visit,
cust_0480,2025-11-05,visit,
cust_0487,2025-11-05,purchase,29.24
cust_0503,2025-11-05,purchase,38.86
cust_0509,2025-11-05,visit,
cust_0510,2025-11-05,visit,
cust_0515,2025-11-05,purchase,53.2
cust_0528,2025-11-05,visit,
cust_0533,2025-11-05,purchase,38.04
cust_0540,2025-11-05,purchase,55.81
cust_0544,2025-11-05,ticket,
cust_0545,2025-11-05,visit,
cust_0553,2025-11-05,visit,
cust_0570,2025-11-05,purchase,34.39
cust_0570,2025-11-05,refund,34.39
cust_0577,2025-11-05,visit,
cust_0580,2025-11-05,visit,
cust_0583,2025-11-05,visit,
cust_0589,2025-11-05,purchase,21.91
cust_0597,2025-11-05,purchase,35.21
cust_0608,2025-11-05,purchase,41.19
cust_0615,2025-11-05,visit,
cust_0617,2025-11-05,purchase,16.81
cust_0617,2025-11-05,refund,16.81
cust_0621,2025-11-05,visit,
cust_0636,2025-11-05,purchase,32.3
cust_0637,2025-11-05,purchase,27.7
cust_0644,2025-11-05,purchase,53.14
cust_0654,2025-11-05,purchase,30.83
cust_0654,2025-11-05,refund,30.83
cust_0676,2025-11-05,visit,
cust_0694,2025-11-05,visit,
cust_0699,2025-11-05,purchase,27.96
cust_0700,2025-11-05,visit,
cust_0705,2025-11-05,purchase,17.43
cust_0718,2025-11-05,purchase,77.75
cust_0718,2025-11-05,refund,77.75
cust_0738,2025-11-05,purchase,45.46
cust_0738,2025-11-05,refund,45.46
cust_0789,2025-11-05,ticket,
cust_0794,2025-11-05,visit,
cust_0001,2025-11-06,purchase,80.23
cust_0016,2025-11-06,purchase,39.51
cust_0028,2025-11-06,purchase,28.88
cust_0034,2025-11-06,purchase,52.85
cust_0050,2025-11-06,purchase,35.5
cust_0051,2025-11-06,ticket,
cust_0060,2025-11-06,visit,
cust_0070,2025-11-06,visit,
cust_0080,2025-11-06,purchase,25.07
cust_0093,2025-11-06,visit,
cust_0104,2025-11-06,purchase,21.14
cust_0154,2025-11-06,purchase,54.51
cust_0154,2025-11-06,refund,54.51
cust_0178,2025-11-06,purchase,27.03
cust_0195,2025-11-06,purchase,27.45
cust_0201,2025-11-06,visit,
cust_0211,2025-11-06,visit,
cust_0250,2025-11-06,purchase,29.21
cust_0276,2025-11-06,visit,
cust_0282,2025-11-06,visit,
cust_0290,2025-11-06,purchase,53.04
cust_0292,2025-11-06,purchase,46.3
cust_0311,2025-11-06,visit,
cust_0317,2025-11-06,purchase,38.6
cust_0325,2025-11-06,visit,
cust_0331,2025-11-06,visit,
cust_0335,2025-11-06,purchase,49.2
cust_0337,2025-11-06,purchase,44.38
cust_0348,2025-11-06,visit,
cust_0352,2025-11-06,visit,
cust_0354,2025-11-06,visit,
cust_0358,2025-11-06,purchase,15.61
cust_0365,2025-11-06,purchase,49.53
cust_0376,2025-11-06,visit,
cust_0389,2025-11-06,visit,
cust_0394,2025-11-06,visit,
cust_0396,2025-11-06,purchase,7.38
cust_0402,2025-11-06,purchase,73.43
cust_0423,2025-11-06,visit,
cust_0424,2025-11-06,purchase,12.15
cust_0431,2025-11-06,visit,
cust_0448,2025-11-06,purchase,34.28
cust_0452,2025-11-06,purchase,45.86
cust_0453,2025-11-06,purchase,80.84
cust_0457,2025-11-06,visit,
cust_0461,2025-11-06,purchase,35.44
cust_0461,2025-11-06,refund,35.44
cust_0492,2025-11-06,purchase,39.76
cust_0510,2025-11-06,visit,
cust_0532,2025-11-06,visit,
cust_0543,2025-11-06,purchase,39.17
cust_0566,2025-11-06,visit,
cust_0567,2025-11-06,purchase,44.75
cust_0573,2025-11-06,purchase,23.71
cust_0577,2025-11-06,visit,
cust_0578,2025-11-06,visit,
cust_0594,2025-11-06,visit,
cust_0603,2025-11-06,visit,
cust_0608,2025-11-06,purchase,42.31
cust_0621,2025-11-06,visit,
cust_0630,2025-11-06,visit,
cust_0636,2025-11-06,purchase,22.48
cust_0647,2025-11-06,visit,
cust_0664,2025-11-06,purchase,31.27
cust_0674,2025-11-06,visit,
cust_0686,2025-11-06,visit,
cust_0690,2025-11-06,visit,
cust_0692,2025-11-06,visit,
cust_0699,2025-11-06,visit,
cust_0713,2025-11-06,visit,
cust_0741,2025-11-06,purchase,22.19
cust_0742,2025-11-06,visit,
cust_0747,2025-11-06,visit,
cust_0755,2025-11-06,visit,
cust_0779,2025-11-06,purchase,33.04
cust_0002,2025-11-07,visit,
cust_0004,2025-11-07,visit,
cust_0007,2025-11-07,visit,
cust_0029,2025-11-07,visit,
cust_0047,2025-11-07,visit,
cust_0050,2025-11-07,visit,
cust_0053,2025-11-07,purchase,53.35
cust_0069,2025-11-07,purchase,83.8
cust_0077,2025-11-07,purchase,33.6
cust_0078,2025-11-07,purchase,28.52
cust_0092,2025-11-07,visit,
cust_0097,2025-11-07,purchase,29.12
cust_0098,2025-11-07,visit,
cust_0112,2025-11-07,visit,
cust_0121,2025-11-07,ticket,
cust_0132,2025-11-07,purchase,18.97
cust_0133,2025-11-07,visit,
cust_0153,2025-11-07,purchase,71.48
cust_0179,2025-11-07,purchase,24.97
cust_0185,2025-11-07,visit,
cust_0188,2025-11-07,visit,
cust_0199,2025-11-07,purchase,23.58
cust_0204,2025-11-07,visit,
cust_0205,2025-11-07,visit,
cust_0213,2025-11-07,purchase,13.9
cust_0231,2025-11-07,visit,
cust_0245,2025-11-07,purchase,45.11
cust_0260,2025-11-07,visit,
cust_0263,2025-11-07,visit,
cust_0267,2025-11-07,visit,
cust_0282,2025-11-07,visit,
cust_0288,2025-11-07,visit,
cust_0292,2025-11-07,visit,
cust_0295,2025-11-07,visit,
cust_0306,2025-11-07,visit,
cust_0308,2025-11-07,visit,
cust_0359,2025-11-07,purchase,62.78
cust_0367,2025-11-07,purchase,55.4
cust_0369,2025-11-07,purchase,12.12
cust_0376,2025-11-07,purchase,79.98
cust_0384,2025-11-07,purchase,22.9
cust_0385,2025-11-07,purchase,45.49
cust_0392,2025-11-07,visit,
cust_0406,2025-11-07,purchase,59.0
cust_0409,2025-11-07,visit,
cust_0412,2025-11-07,visit,
cust_0415,2025-11-07,visit,
cust_0429,2025-11-07,visit,
cust_0430,2025-11-07,purchase,33.0
cust_0436,2025-11-07,purchase,20.67
cust_0443,2025-11-07,purchase,55.49
cust_0458,2025-11-07,visit,
cust_0462,2025-11-07,visit,
cust_0468,2025-11-07,purchase,38.3
cust_0471,2025-11-07,purchase,63.59
cust_0477,2025-11-07,visit,
cust_0483,2025-11-07,visit,
cust_0487,2025-11-07,visit,
cust_0496,2025-11-07,purchase,40.22
cust_0530,2025-11-07,visit,
cust_0535,2025-11-07,visit,
cust_0588,2025-11-07,visit,
cust_0609,2025-11-07,visit,
cust_0617,2025-11-07,purchase,17.77
cust_0620,2025-11-07,ticket,
cust_0640,2025-11-07,visit,
cust_0651,2025-11-07,purchase,52.27
cust_0671,2025-11-07,visit,
cust_0679,2025-11-07,purchase,13.57
cust_0694,2025-11-07,visit,
cust_0708,2025-11-07,visit,
cust_0730,2025-11-07,visit,
cust_0734,2025-11-07,visit,
cust_0739,2025-11-07,visit,
cust_0742,2025-11-07,purchase,54.35
cust_0748,2025-11-07,visit,
cust_0749,2025-11-07,visit,
cust_0752,2025-11-07,purchase,10.24
cust_0777,2025-11-07,visit,
cust_0778,2025-11-07,visit,
cust_0785,2025-11-07,visit,
cust_0010,2025-11-08,purchase,37.85
cust_0022,2025-11-08,visit,
cust_0025,2025-11-08,visit,
cust_0029,2025-11-08,visit,
cust_0036,2025-11-08,visit,
cust_0041,2025-11-08,purchase,24.25
cust_0041,2025-11-08,refund,24.25
cust_0042,2025-11-08,visit,
cust_0044,2025-11-08,purchase,46.42
cust_0044,2025-11-08,refund,46.42
cust_0060,2025-11-08,visit,
cust_0070,2025-11-08,visit,
cust_0091,2025-11-08,visit,
cust_0103,2025-11-08,purchase,25.77
cust_0113,2025-11-08,visit,
cust_0118,2025-11-08,purchase,50.15
cust_0137,2025-11-08,visit,
cust_0153,2025-11-08,visit,
cust_0159,2025-11-08,purchase,73.12
cust_0162,2025-11-08,visit,
cust_0169,2025-11-08,visit,
cust_0195,2025-11-08,visit,
cust_0199,2025-11-08,purchase,20.69
cust_0202,2025-11-08,ticket,
cust_0204,2025-11-08,visit,
cust_0205,2025-11-08,visit,
cust_0218,2025-11-08,purchase,57.99
cust_0219,2025-11-08,visit,
cust_0229,2025-11-08,visit,
cust_0235,2025-11-08,visit,
cust_0267,2025-11-08,visit,
cust_0277,2025-11-08,visit,
cust_0283,2025-11-08,visit,
cust_0304,2025-11-08,purchase,91.76
cust_0336,2025-11-08,visit,
cust_0360,2025-11-08,visit,
cust_0361,2025-11-08,visit,
cust_0364,2025-11-08,visit,
cust_0373,2025-11-08,purchase,21.78
cust_0394,2025-11-08,visit,
cust_0402,2025-11-08,visit,
cust_0403,2025-11-08,purchase,21.05
cust_0408,2025-11-08,visit,
cust_0416,2025-11-08,visit,
cust_0427,2025-11-08,visit,
cust_0430,2025-11-08,visit,
cust_0431,2025-11-08,purchase,58.27
cust_0441,2025-11-08,purchase,21.54
cust_0443,2025-11-08,visit,
cust_0446,2025-11-08,visit,
cust_0454,2025-11-08,visit,
cust_0456,2025-11-08,purchase,43.36
cust_0470,2025-11-08,visit,
cust_0486,2025-11-08,visit,
cust_0508,2025-11-08,purchase,27.44
cust_0521,2025-11-08,purchase,34.9
cust_0521,2025-11-08,refund,34.9
cust_0531,2025-11-08,visit,
cust_0532,2025-11-08,visit,
cust_0535,2025-11-08,purchase,30.93
cust_0557,2025-11-08,visit,
cust_0559,2025-11-08,visit,
cust_0568,2025-11-08,purchase,63.34
cust_0576,2025-11-08,visit,
cust_0583,2025-11-08,visit,
cust_0594,2025-11-08,visit,
cust_0597,2025-11-08,visit,
cust_0602,2025-11-08,visit,
cust_0611,2025-11-08,purchase,31.61
cust_0611,2025-11-08,refund,31.61
cust_0618,2025-11-08,purchase,22.86
cust_0624,2025-11-08,ticket,
cust_0633,2025-11-08,visit,
cust_0641,2025-11-08,purchase,101.45
cust_0654,2025-11-08,purchase,36.67
cust_0655,2025-11-08,visit,
cust_0663,2025-11-08,purchase,37.01
cust_0668,2025-11-08,visit,
cust_0679,2025-11-08,purchase,28.12
cust_0681,2025-11-08,visit,
cust_0695,2025-11-08,purchase,26.11
cust_0708,2025-11-08,visit,
cust_0710,2025-11-08,visit,
cust_0719,2025-11-08,purchase,68.03
cust_0743,2025-11-08,visit,
cust_0747,2025-11-08,visit,
cust_0748,2025-11-08,visit,
cust_0752,2025-11-08,visit,
cust_0753,2025-11-08,visit,
cust_0784,2025-11-08,purchase,35.96
cust_0006,2025-11-09,purchase,51.96
cust_0008,2025-11-09,visit,
cust_0009,2025-11-09,visit,
cust_0011,2025-11-09,visit,
cust_0014,2025-11-09,visit,
cust_0031,2025-11-09,ticket,
cust_0041,2025-11-09,purchase,75.89
cust_0045,2025-11-09,purchase,59.81
cust_0053,2025-11-09,visit,
cust_0058,2025-11-09,visit,
cust_0062,2025-11-09,purchase,52.39
cust_0062,2025-11-09,refund,52.39
cust_0073,2025-11-09,purchase,36.05
cust_0074,2025-11-09,visit,
cust_0075,2025-11-09,visit,
cust_0076,2025-11-09,ticket,
cust_0078,2025-11-09,visit,
cust_0088,2025-11-09,purchase,29.48
cust_0103,2025-11-09,purchase,42.59
cust_0104,2025-11-09,visit,
cust_0114,2025-11-09,purchase,23.09
cust_0132,2025-11-09,purchase,73.81
cust_0150,2025-11-09,purchase,9.85
cust_0164,2025-11-09,visit,
cust_0181,2025-11-09,ticket,
cust_0185,2025-11-09,visit,
cust_0191,2025-11-09,visit,
cust_0209,2025-11-09,purchase,16.27
cust_0215,2025-11-09,purchase,32.26
cust_0233,2025-11-09,visit,
cust_0242,2025-11-09,visit,
cust_0243,2025-11-09,visit,
cust_0253,2025-11-09,visit,
cust_0257,2025-11-09,visit,
cust_0260,2025-11-09,visit,
cust_0263,2025-11-09,visit,
cust_0268,2025-11-09,visit,
cust_0273,2025-11-09,visit,
cust_0295,2025-11-09,purchase,28.47
cust_0304,2025-11-09,visit,
cust_0318,2025-11-09,visit,
cust_0328,2025-11-09,purchase,58.3
cust_0341,2025-11-09,ticket,
cust_0348,2025-11-09,visit,
cust_0369,2025-11-09,purchase,67.54
cust_0376,2025-11-09,visit,
cust_0382,2025-11-09,purchase,18.68
cust_0403,2025-11-09,visit,
cust_0409,2025-11-09,purchase,37.0
cust_0412,2025-11-09,purchase,51.73
cust_0414,2025-11-09,purchase,42.71
cust_0415,2025-11-09,purchase,23.74
cust_0424,2025-11-09,visit,
cust_0431,2025-11-09,visit,
cust_0433,2025-11-09,purchase,52.0
cust_0443,2025-11-09,visit,
cust_0485,2025-11-09,visit,
cust_0494,2025-11-09,purchase,15.96
cust_0499,2025-11-09,visit,
cust_0513,2025-11-09,visit,
cust_0518,2025-11-09,visit,
cust_0519,2025-11-09,visit,
cust_0542,2025-11-09,visit,
cust_0543,2025-11-09,purchase,29.73
cust_0547,2025-11-09,ticket,
cust_0555,2025-11-09,purchase,54.92
cust_0559,2025-11-09,visit,
cust_0581,2025-11-09,purchase,60.6
cust_0605,2025-11-09,visit,
cust_0612,2025-11-09,purchase,54.69
cust_0632,2025-11-09,visit,
cust_0643,2025-11-09,purchase,22.26
cust_0651,2025-11-09,purchase,68.56
cust_0654,2025-11-09,visit,
cust_0662,2025-11-09,purchase,55.94
cust_0701,2025-11-09,visit,
cust_0719,2025-11-09,visit,
cust_0723,2025-11-09,visit,
cust_0725,2025-11-09,visit,
cust_0733,2025-11-09,purchase,27.85
cust_0734,2025-11-09,purchase,103.96
cust_0747,2025-11-09,visit,
cust_0762,2025-11-09,purchase,28.98
cust_0769,2025-11-09,purchase,43.31
cust_0786,2025-11-09,visit,
cust_0787,2025-11-09,ticket,
cust_0791,2025-11-09,visit,
cust_0795,2025-11-09,visit,
cust_0014,2025-11-10,visit,
cust_0015,2025-11-10,visit,
cust_0017,2025-11-10,purchase,15.16
cust_0028,2025-11-10,purchase,20.12
cust_0028,2025-11-10,refund,20.12
cust_0037,2025-11-10,visit,
cust_0038,2025-11-10,visit,
cust_0041,2025-11-10,visit,
cust_0049,2025-11-10,visit,
cust_0055,2025-11-10,visit,
cust_0094,2025-11-10,visit,
cust_0110,2025-11-10,purchase,16.18
cust_0110,2025-11-10,refund,16.18
cust_0112,2025-11-10,visit,
cust_0125,2025-11-10,visit,
cust_0129,2025-11-10,purchase,64.62
cust_0135,2025-11-10,visit,
cust_0137,2025-11-10,visit,
cust_0143,2025-11-10,purchase,11.06
cust_0162,2025-11-10,visit,
cust_0172,2025-11-10,purchase,47.6
cust_0176,2025-11-10,visit,
cust_0178,2025-11-10,ticket,
cust_0183,2025-11-10,visit,
cust_0258,2025-11-10,purchase,94.36
cust_0260,2025-11-10,purchase,34.56
cust_0265,2025-11-10,purchase,61.48
cust_0266,2025-11-10,visit,
cust_0286,2025-11-10,visit,
cust_0289,2025-11-10,visit,
cust_0308,2025-11-10,purchase,91.74
cust_0310,2025-11-10,visit,
cust_0322,2025-11-10,visit,
cust_0342,2025-11-10,visit,
cust_0343,2025-11-10,purchase,25.09
cust_0367,2025-11-10,purchase,12.31
cust_0372,2025-11-10,visit,
cust_0373,2025-11-10,visit,
cust_0394,2025-11-10,visit,
cust_0405,2025-11-10,purchase,21.49
cust_0423,2025-11-10,visit,
cust_0442,2025-11-10,visit,
cust_0443,2025-11-10,purchase,26.93
cust_0450,2025-11-10,visit,
cust_0455,2025-11-10,visit,
cust_0459,2025-11-10,visit,
cust_0466,2025-11-10,visit,
cust_0468,2025-11-10,ticket,
cust_0479,2025-11-10,purchase,37.77
cust_0483,2025-11-10,visit,
cust_0495,2025-11-10,purchase,60.98
cust_0497,2025-11-10,ticket,
cust_0510,2025-11-10,visit,
cust_0515,2025-11-10,visit,
cust_0519,2025-11-10,visit,
cust_0524,2025-11-10,purchase,34.33
cust_0525,2025-11-10,visit,
cust_0543,2025-11-10,visit,
cust_0548,2025-11-10,purchase,24.18
cust_0554,2025-11-10,visit,
cust_0584,2025-11-10,purchase,30.85
cust_0589,2025-11-10,visit,
cust_0591,2025-11-10,visit,
cust_0611,2025-11-10,purchase,29.94
cust_0624,2025-11-10,visit,
cust_0633,2025-11-10,visit,
cust_0634,2025-11-10,visit,
cust_0640,2025-11-10,ticket,
cust_0657,2025-11-10,purchase,34.29
cust_0663,2025-11-10,visit,
cust_0669,2025-11-10,purchase,27.28
cust_0671,2025-11-10,visit,
cust_0683,2025-11-10,visit,
cust_0693,2025-11-10,ticket,
cust_0714,2025-11-10,purchase,23.69
cust_0714,2025-11-10,refund,23.69
cust_0722,2025-11-10,purchase,14.2
cust_0730,2025-11-10,visit,
cust_0737,2025-11-10,visit,
cust_0739,2025-11-10,purchase,25.93
cust_0754,2025-11-10,purchase,59.91
cust_0762,2025-11-10,visit,
cust_0778,2025-11-10,purchase,30.35
cust_0788,2025-11-10,purchase,23.32
cust_0795,2025-11-10,purchase,33.49
cust_0001,2025-11-11,visit,
cust_0005,2025-11-11,visit,
cust_0008,2025-11-11,visit,
cust_0033,2025-11-11,visit,
cust_0039,2025-11-11,visit,
cust_0045,2025-11-11,visit,
cust_0050,2025-11-11,purchase,65.79
cust_0069,2025-11-11,visit,
cust_0073,2025-11-11,purchase,47.58
cust_0074,2025-11-11,visit,
cust_0087,2025-11-11,visit,
cust_0098,2025-11-11,visit,
cust_0111,2025-11-11,visit,
cust_0134,2025-11-11,visit,
cust_0135,2025-11-11,visit,
cust_0167,2025-11-11,visit,
cust_0198,2025-11-11,purchase,27.48
cust_0201,2025-11-11,visit,
cust_0205,2025-11-11,visit,
cust_0218,2025-11-11,visit,
cust_0221,2025-11-11,visit,
cust_0225,2025-11-11,purchase,68.99
cust_0228,2025-11-11,visit,
cust_0243,2025-11-11,visit,
cust_0257,2025-11-11,visit,
cust_0258,2025-11-11,visit,
cust_0272,2025-11-11,purchase,48.18
cust_0279,2025-11-11,visit,
cust_0286,2025-11-11,visit,
cust_0292,2025-11-11,visit,
cust_0304,2025-11-11,visit,
cust_0305,2025-11-11,visit,
cust_0320,2025-11-11,purchase,25.04
cust_0320,2025-11-11,refund,25.04
cust_0324,2025-11-11,visit,
cust_0325,2025-11-11,visit,
cust_0330,2025-11-11,purchase,50.83
cust_0333,2025-11-11,visit,
cust_0334,2025-11-11,visit,
cust_0335,2025-11-11,purchase,15.04
cust_0342,2025-11-11,visit,
cust_0346,2025-11-11,ticket,
cust_0375,2025-11-11,visit,
cust_0377,2025-11-11,visit,
cust_0379,2025-11-11,purchase,29.76
cust_0393,2025-11-11,purchase,73.26
cust_0407,2025-11-11,purchase,55.9
cust_0420,2025-11-11,visit,
cust_0430,2025-11-11,visit,
cust_0436,2025-11-11,visit,
cust_0441,2025-11-11,visit,
cust_0460,2025-11-11,visit,
cust_0470,2025-11-11,purchase,22.83
cust_0480,2025-11-11,purchase,28.74
cust_0481,2025-11-11,ticket,
cust_0519,2025-11-11,visit,
cust_0521,2025-11-11,visit,
cust_0524,2025-11-11,visit,
cust_0537,2025-11-11,visit,
cust_0544,2025-11-11,visit,
cust_0545,2025-11-11,purchase,75.9
cust_0552,2025-11-11,visit,
cust_0570,2025-11-11,visit,
cust_0582,2025-11-11,visit,
cust_0594,2025-11-11,purchase,43.19
cust_0597,2025-11-11,visit,
cust_0598,2025-11-11,visit,
cust_0606,2025-11-11,purchase,35.52
cust_0608,2025-11-11,purchase,23.42
cust_0613,2025-11-11,purchase,57.51
cust_0616,2025-11-11,purchase,84.96
cust_0618,2025-11-11,purchase,42.46
cust_0625,2025-11-11,visit,
cust_0626,2025-11-11,visit,
cust_0642,2025-11-11,visit,
cust_0666,2025-11-11,visit,
cust_0678,2025-11-11,visit,
cust_0695,2025-11-11,visit,
cust_0706,2025-11-11,visit,
cust_0713,2025-11-11,visit,
cust_0733,2025-11-11,purchase,43.8
cust_0742,2025-11-11,visit,
cust_0746,2025-11-11,visit,
cust_0773,2025-11-11,purchase,33.84
cust_0775,2025-11-11,purchase,59.65
cust_0776,2025-11-11,visit,
cust_0779,2025-11-11,purchase,32.16
cust_0793,2025-11-11,visit,
cust_0028,2025-11-12,purchase,72.47
cust_0029,2025-11-12,visit,
cust_0063,2025-11-12,visit,
cust_0071,2025-11-12,purchase,21.37
cust_0085,2025-11-12,visit,
cust_0087,2025-11-12,visit,
cust_0092,2025-11-12,visit,
cust_0094,2025-11-12,purchase,48.45
cust_0108,2025-11-12,visit,
cust_0109,2025-11-12,visit,
cust_0127,2025-11-12,visit,
cust_0131,2025-11-12,visit,
cust_0144,2025-11-12,visit,
cust_0159,2025-11-12,visit,
cust_0161,2025-11-12,purchase,69.03
cust_0164,2025-11-12,visit,
cust_0180,2025-11-12,purchase,68.12
cust_0184,2025-11-12,ticket,
cust_0185,2025-11-12,visit,
cust_0230,2025-11-12,visit,
cust_0233,2025-11-12,purchase,18.46
cust_0239,2025-11-12,visit,
cust_0253,2025-11-12,purchase,33.77
cust_0255,2025-11-12,visit,
cust_0260,2025-11-12,purchase,15.63
cust_0277,2025-11-12,purchase,30.19
cust_0283,2025-11-12,visit,
cust_0284,2025-11-12,visit,
cust_0296,2025-11-12,ticket,
cust_0298,2025-11-12,visit,
cust_0315,2025-11-12,visit,
cust_0326,2025-11-12,visit,
cust_0351,2025-11-12,visit,
cust_0362,2025-11-12,visit,
cust_0380,2025-11-12,visit,
cust_0384,2025-11-12,visit,
cust_0388,2025-11-12,visit,
cust_0389,2025-11-12,visit,
cust_0395,2025-11-12,purchase,18.39
cust_0401,2025-11-12,ticket,
cust_0403,2025-11-12,visit,
cust_0406,2025-11-12,visit,
cust_0407,2025-11-12,visit,
cust_0429,2025-11-12,visit,
cust_0440,2025-11-12,purchase,32.99
cust_0449,2025-11-12,purchase,37.69
cust_0454,2025-11-12,visit,
cust_0466,2025-11-12,visit,
cust_0467,2025-11-12,visit,
cust_0501,2025-11-12,visit,
cust_0502,2025-11-12,visit,
cust_0541,2025-11-12,visit,
cust_0560,2025-11-12,visit,
cust_0570,2025-11-12,purchase,29.91
cust_0577,2025-11-12,visit,
cust_0581,2025-11-12,purchase,15.01
cust_0595,2025-11-12,visit,
cust_0608,2025-11-12,visit,
cust_0611,2025-11-12,visit,
cust_0612,2025-11-12,visit,
cust_0640,2025-11-12,visit,
cust_0647,2025-11-12,purchase,35.42
cust_0652,2025-11-12,visit,
cust_0657,2025-11-12,purchase,24.23
cust_0675,2025-11-12,visit,
cust_0686,2025-11-12,purchase,67.84
cust_0714,2025-11-12,purchase,49.28
cust_0716,2025-11-12,ticket,
cust_0732,2025-11-12,visit,
cust_0735,2025-11-12,purchase,26.29
cust_0748,2025-11-12,purchase,56.87
cust_0756,2025-11-12,purchase,68.22
cust_0763,2025-11-12,visit,
cust_0764,2025-11-12,purchase,102.57
cust_0784,2025-11-12,purchase,20.67
cust_0785,2025-11-12,visit,
cust_0793,2025-11-12,purchase,17.63
cust_0799,2025-11-12,visit,
cust_0019,2025-11-13,visit,
cust_0023,2025-11-13,visit,
cust_0028,2025-11-13,visit,
cust_0032,2025-11-13,visit,
cust_0038,2025-11-13,visit,
cust_0043,2025-11-13,visit,
cust_0044,2025-11-13,visit,
cust_0046,2025-11-13,visit,
cust_0053,2025-11-13,purchase,82.6
cust_0055,2025-11-13,visit,
cust_0064,2025-11-13,purchase,55.29
cust_0072,2025-11-13,purchase,35.45
cust_0100,2025-11-13,visit,
cust_0115,2025-11-13,visit,
cust_0116,2025-11-13,visit,
cust_0120,2025-11-13,ticket,
cust_0127,2025-11-13,visit,
cust_0129,2025-11-13,visit,
cust_0149,2025-11-13,purchase,38.04
cust_0159,2025-11-13,purchase,17.34
cust_0159,2025-11-13,refund,17.34
cust_0177,2025-11-13,visit,
cust_0193,2025-11-13,purchase,46.09
cust_0195,2025-11-13,purchase,24.99
cust_0198,2025-11-13,purchase,40.19
cust_0199,2025-11-13,purchase,86.86
cust_0204,2025-11-13,purchase,15.55
cust_0211,2025-11-13,visit,
cust_0238,2025-11-13,visit,
cust_0239,2025-11-13,visit,
cust_0242,2025-11-13,purchase,44.98
cust_0261,2025-11-13,purchase,24.54
cust_0263,2025-11-13,purchase,36.59
cust_0263,2025-11-13,refund,36.59
cust_0264,2025-11-13,visit,
cust_0286,2025-11-13,visit,
cust_0316,2025-11-13,visit,
cust_0317,2025-11-13,visit,
cust_0340,2025-11-13,visit,
cust_0369,2025-11-13,visit,
cust_0378,2025-11-13,purchase,25.01
cust_0383,2025-11-13,visit,
cust_0436,2025-11-13,purchase,53.55
cust_0445,2025-11-13,purchase,34.91
cust_0449,2025-11-13,purchase,64.6
cust_0455,2025-11-13,visit,
cust_0460,2025-11-13,visit,
cust_0472,2025-11-13,purchase,12.98
cust_0472,2025-11-13,refund,12.98
cust_0487,2025-11-13,purchase,88.37
cust_0488,2025-11-13,ticket,
cust_0494,2025-11-13,purchase,20.26
cust_0506,2025-11-13,visit,
cust_0512,2025-11-13,purchase,46.38
cust_0517,2025-11-13,visit,
cust_0523,2025-11-13,purchase,40.93
cust_0525,2025-11-13,purchase,23.6
cust_0526,2025-11-13,purchase,72.17
cust_0534,2025-11-13,purchase,41.2
cust_0559,2025-11-13,visit,
cust_0560,2025-11-13,purchase,11.0
cust_0567,2025-11-13,purchase,60.94
cust_0571,2025-11-13,purchase,31.68
cust_0596,2025-11-13,visit,
cust_0597,2025-11-13,ticket,
cust_0603,2025-11-13,visit,
cust_0619,2025-11-13,ticket,
cust_0646,2025-11-13,purchase,56.52
cust_0650,2025-11-13,purchase,133.35
cust_0656,2025-11-13,visit,
cust_0661,2025-11-13,visit,
cust_0676,2025-11-13,visit,
cust_0677,2025-11-13,visit,
cust_0678,2025-11-13,visit,
cust_0680,2025-11-13,visit,
cust_0682,2025-11-13,visit,
cust_0693,2025-11-13,visit,
cust_0705,2025-11-13,purchase,60.26
cust_0707,2025-11-13,visit,
cust_0711,2025-11-13,purchase,18.88
cust_0711,2025-11-13,refund,18.88
cust_0719,2025-11-13,purchase,37.62
cust_0731,2025-11-13,ticket,
cust_0738,2025-11-13,visit,
cust_0746,2025-11-13,visit,
cust_0752,2025-11-13,visit,
cust_0765,2025-11-13,visit,
cust_0772,2025-11-13,purchase,18.17
cust_0790,2025-11-13,visit,
cust_0796,2025-11-13,purchase,48.49
cust_0002,2025-11-14,visit,
cust_0005,2025-11-14,visit,
cust_0008,2025-11-14,visit,
cust_0012,2025-11-14,visit,
cust_0022,2025-11-14,visit,
cust_0036,2025-11-14,visit,
cust_0041,2025-11-14,ticket,
cust_0088,2025-11-14,visit,
cust_0092,2025-11-14,visit,
cust_0111,2025-11-14,purchase,97.08
cust_0112,2025-11-14,ticket,
cust_0118,2025-11-14,purchase,34.58
cust_0125,2025-11-14,visit,
cust_0145,2025-11-14,visit,
cust_0179,2025-11-14,purchase,97.83
cust_0180,2025-11-14,purchase,59.4
cust_0182,2025-11-14,visit,
cust_0191,2025-11-14,visit,
cust_0192,2025-11-14,visit,
cust_0232,2025-11-14,visit,
cust_0234,2025-11-14,visit,
cust_0235,2025-11-14,ticket,
cust_0242,2025-11-14,visit,
cust_0257,2025-11-14,visit,
cust_0273,2025-11-14,visit,
cust_0275,2025-11-14,visit,
cust_0284,2025-11-14,purchase,41.07
cust_0286,2025-11-14,visit,
cust_0293,2025-11-14,visit,
cust_0299,2025-11-14,visit,
cust_0302,2025-11-14,visit,
cust_0342,2025-11-14,visit,
cust_0357,2025-11-14,visit,
cust_0396,2025-11-14,visit,
cust_0404,2025-11-14,purchase,40.28
cust_0406,2025-11-14,visit,
cust_0407,2025-11-14,visit,
cust_0412,2025-11-14,visit,
cust_0415,2025-11-14,visit,
cust_0416,2025-11-14,visit,
cust_0418,2025-11-14,visit,
cust_0431,2025-11-14,visit,
cust_0432,2025-11-14,visit,
cust_0433,2025-11-14,visit,
cust_0445,2025-11-14,purchase,19.56
cust_0448,2025-11-14,purchase,29.3
cust_0486,2025-11-14,purchase,25.88
cust_0499,2025-11-14,visit,
cust_0503,2025-11-14,visit,
cust_0507,2025-11-14,visit,
cust_0512,2025-11-14,visit,
cust_0520,2025-11-14,purchase,36.12
cust_0526,2025-11-14,purchase,47.45
cust_0530,2025-11-14,visit,
cust_0545,2025-11-14,visit,
cust_0548,2025-11-14,visit,
cust_0555,2025-11-14,visit,
cust_0589,2025-11-14,visit,
cust_0601,2025-11-14,purchase,30.85
cust_0603,2025-11-14,visit,
cust_0613,2025-11-14,visit,
cust_0618,2025-11-14,visit,
cust_0621,2025-11-14,purchase,49.02
cust_0631,2025-11-14,visit,
cust_0634,2025-11-14,purchase,23.02
cust_0649,2025-11-14,visit,
cust_0702,2025-11-14,visit,
cust_0704,2025-11-14,purchase,37.37
cust_0710,2025-11-14,visit,
cust_0715,2025-11-14,visit,
cust_0728,2025-11-14,purchase,56.35
cust_0731,2025-11-14,visit,
cust_0735,2025-11-14,visit,
cust_0741,2025-11-14,purchase,81.36
cust_0742,2025-11-14,visit,
cust_0745,2025-11-14,visit,
cust_0747,2025-11-14,visit,
cust_0752,2025-11-14,purchase,35.48
cust_0765,2025-11-14,visit,
cust_0792,2025-11-14,purchase,30.98
cust_0797,2025-11-14,ticket,
cust_0798,2025-11-14,ticket,
cust_0034,2025-11-15,purchase,11.44
cust_0042,2025-11-15,visit,
cust_0057,2025-11-15,visit,
cust_0069,2025-11-15,visit,
cust_0076,2025-11-15,purchase,43.52
cust_0083,2025-11-15,visit,
cust_0091,2025-11-15,purchase,17.15
cust_0093,2025-11-15,purchase,77.49
cust_0107,2025-11-15,purchase,54.72
cust_0114,2025-11-15,visit,
cust_0127,2025-11-15,visit,
cust_0142,2025-11-15,purchase,48.28
cust_0149,2025-11-15,visit,
cust_0155,2025-11-15,visit,
cust_0178,2025-11-15,purchase,109.42
cust_0182,2025-11-15,visit,
cust_0185,2025-11-15,purchase,27.04
cust_0212,2025-11-15,purchase,28.6
cust_0215,2025-11-15,purchase,29.89
cust_0218,2025-11-15,visit,
cust_0220,2025-11-15,visit,
cust_0231,2025-11-15,visit,
cust_0234,2025-11-15,visit,
cust_0235,2025-11-15,visit,
cust_0240,2025-11-15,purchase,163.94
cust_0251,2025-11-15,purchase,29.53
cust_0258,2025-11-15,visit,
cust_0260,2025-11-15,visit,
cust_0261,2025-11-15,ticket,
cust_0263,2025-11-15,visit,
cust_0268,2025-11-15,purchase,66.43
cust_0269,2025-11-15,purchase,22.91
cust_0269,2025-11-15,refund,22.91
cust_0282,2025-11-15,visit,
cust_0284,2025-11-15,visit,
cust_0286,2025-11-15,visit,
cust_0294,2025-11-15,visit,
cust_0313,2025-11-15,visit,
cust_0316,2025-11-15,purchase,35.78
cust_0340,2025-11-15,visit,
cust_0350,2025-11-15,visit,
cust_0358,2025-11-15,visit,
cust_0366,2025-11-15,purchase,100.42
cust_0408,2025-11-15,visit,
cust_0433,2025-11-15,visit,
cust_0434,2025-11-15,purchase,38.38
cust_0435,2025-11-15,visit,
cust_0439,2025-11-15,visit,
cust_0441,2025-11-15,ticket,
cust_0457,2025-11-15,visit,
cust_0468,2025-11-15,visit,
cust_0503,2025-11-15,visit,
cust_0504,2025-11-15,visit,
cust_0527,2025-11-15,visit,
cust_0534,2025-11-15,purchase,61.36
cust_0543,2025-11-15,visit,
cust_0550,2025-11-15,visit,
cust_0567,2025-11-15,purchase,27.94
cust_0567,2025-11-15,refund,27.94
cust_0569,2025-11-15,visit,
cust_0594,2025-11-15,purchase,34.41
cust_0598,2025-11-15,purchase,74.2
cust_0613,2025-11-15,purchase,30.33
cust_0631,2025-11-15,visit,
cust_0640,2025-11-15,purchase,48.41
cust_0649,2025-11-15,ticket,
cust_0656,2025-11-15,purchase,31.44
cust_0681,2025-11-15,visit,
cust_0684,2025-11-15,visit,
cust_0685,2025-11-15,visit,
cust_0714,2025-11-15,visit,
cust_0715,2025-11-15,purchase,53.88
cust_0732,2025-11-15,visit,
cust_0743,2025-11-15,visit,
cust_0755,2025-11-15,purchase,74.01
cust_0781,2025-11-15,visit,
cust_0789,2025-11-15,visit,
cust_0791,2025-11-15,visit,
cust_0001,2025-11-16,visit,
cust_0004,2025-11-16,visit,
cust_0007,2025-11-16,visit,
cust_0026,2025-11-16,purchase,52.43
cust_0040,2025-11-16,purchase,43.83
cust_0055,2025-11-16,purchase,15.06
cust_0060,2025-11-16,purchase,77.64
cust_0060,2025-11-16,refund,77.64
cust_0066,2025-11-16,visit,
cust_0067,2025-11-16,purchase,47.64
cust_0076,2025-11-16,visit,
cust_0077,2025-11-16,visit,
cust_0124,2025-11-16,visit,
cust_0137,2025-11-16,purchase,41.13
cust_0142,2025-11-16,purchase,45.15
cust_0164,2025-11-16,ticket,
cust_0168,2025-11-16,purchase,59.54
cust_0178,2025-11-16,purchase,46.25
cust_0179,2025-11-16,purchase,24.86
cust_0181,2025-11-16,purchase,52.82
cust_0185,2025-11-16,visit,
cust_0201,2025-11-16,purchase,59.06
cust_0230,2025-11-16,purchase,48.65
cust_0231,2025-11-16,visit,
cust_0251,2025-11-16,visit,
cust_0280,2025-11-16,visit,
cust_0288,2025-11-16,visit,
cust_0292,2025-11-16,visit,
cust_0311,2025-11-16,purchase,25.72
cust_0315,2025-11-16,visit,
cust_0317,2025-11-16,purchase,49.97
cust_0319,2025-11-16,purchase,56.11
cust_0331,2025-11-16,purchase,43.34
cust_0335,2025-11-16,visit,
cust_0352,2025-11-16,visit,
cust_0359,2025-11-16,purchase,29.79
cust_0359,2025-11-16,refund,29.79
cust_0373,2025-11-16,visit,
cust_0383,2025-11-16,visit,
cust_0384,2025-11-16,purchase,60.19
cust_0396,2025-11-16,visit,
cust_0428,2025-11-16,visit,
cust_0436,2025-11-16,purchase,22.38
cust_0446,2025-11-16,visit,
cust_0451,2025-11-16,purchase,31.23
cust_0452,2025-11-16,purchase,41.75
cust_0457,2025-11-16,ticket,
cust_0464,2025-11-16,purchase,120.28
cust_0468,2025-11-16,visit,
cust_0469,2025-11-16,visit,
cust_0477,2025-11-16,purchase,27.29
cust_0506,2025-11-16,visit,
cust_0519,2025-11-16,purchase,37.08
cust_0524,2025-11-16,visit,
cust_0537,2025-11-16,purchase,30.26
cust_0540,2025-11-16,visit,
cust_0560,2025-11-16,purchase,73.62
cust_0563,2025-11-16,visit,
cust_0594,2025-11-16,visit,
cust_0596,2025-11-16,visit,
cust_0623,2025-11-16,ticket,
cust_0637,2025-11-16,visit,
cust_0652,2025-11-16,purchase,34.79
cust_0708,2025-11-16,purchase,23.91
cust_0710,2025-11-16,visit,
cust_0724,2025-11-16,visit,
cust_0748,2025-11-16,visit,
cust_0750,2025-11-16,visit,
cust_0756,2025-11-16,visit,
cust_0766,2025-11-16,visit,
cust_0000,2025-11-17,visit,
cust_0005,2025-11-17,visit,
cust_0007,2025-11-17,ticket,
cust_0011,2025-11-17,visit,
cust_0049,2025-11-17,purchase,67.48
cust_0055,2025-11-17,visit,
cust_0057,2025-11-17,visit,
cust_0071,2025-11-17,purchase,45.96
cust_0075,2025-11-17,purchase,28.62
cust_0087,2025-11-17,purchase,20.27
cust_0089,2025-11-17,purchase,52.21
cust_0089,2025-11-17,refund,52.21
cust_0093,2025-11-17,visit,
cust_0105,2025-11-17,visit,
cust_0134,2025-11-17,purchase,41.44
cust_0146,2025-11-17,visit,
cust_0154,2025-11-17,ticket,
cust_0159,2025-11-17,visit,
cust_0172,2025-11-17,visit,
cust_0180,2025-11-17,purchase,37.88
cust_0191,2025-11-17,visit,
cust_0210,2025-11-17,visit,
cust_0216,2025-11-17,visit,
cust_0219,2025-11-17,visit,
cust_0221,2025-11-17,purchase,14.64
cust_0226,2025-11-17,visit,
cust_0238,2025-11-17,purchase,30.57
cust_0255,2025-11-17,purchase,72.72
cust_0278,2025-11-17,visit,
cust_0282,2025-11-17,visit,
cust_0293,2025-11-17,visit,
cust_0299,2025-11-17,visit,
cust_0306,2025-11-17,purchase,49.14
cust_0317,2025-11-17,purchase,38.77
cust_0327,2025-11-17,purchase,35.64
cust_0334,2025-11-17,visit,
cust_0347,2025-11-17,purchase,62.22
cust_0369,2025-11-17,purchase,50.25
cust_0379,2025-11-17,visit,
cust_0406,2025-11-17,visit,
cust_0410,2025-11-17,purchase,50.47
cust_0431,2025-11-17,visit,
cust_0444,2025-11-17,visit,
cust_0449,2025-11-17,purchase,19.34
cust_0475,2025-11-17,visit,
cust_0493,2025-11-17,purchase,31.02
cust_0500,2025-11-17,visit,
cust_0507,2025-11-17,visit,
cust_0511,2025-11-17,visit,
cust_0521,2025-11-17,visit,
cust_0522,2025-11-17,purchase,26.71
cust_0524,2025-11-17,purchase,45.06
cust_0531,2025-11-17,purchase,26.12
cust_0533,2025-11-17,ticket,
cust_0547,2025-11-17,purchase,23.57
cust_0558,2025-11-17,visit,
cust_0567,2025-11-17,visit,
cust_0580,2025-11-17,visit,
cust_0585,2025-11-17,purchase,53.83
cust_0601,2025-11-17,visit,
cust_0611,2025-11-17,visit,
cust_0648,2025-11-17,purchase,32.17
cust_0660,2025-11-17,visit,
cust_0664,2025-11-17,visit,
cust_0668,2025-11-17,purchase,16.82
cust_0669,2025-11-17,purchase,113.85
cust_0679,2025-11-17,purchase,32.32
cust_0700,2025-11-17,purchase,47.33
cust_0711,2025-11-17,visit,
cust_0725,2025-11-17,purchase,38.93
cust_0729,2025-11-17,visit,
cust_0738,2025-11-17,visit,
cust_0740,2025-11-17,visit,
cust_0742,2025-11-17,visit,
cust_0768,2025-11-17,visit,
cust_0771,2025-11-17,visit,
cust_0773,2025-11-17,visit,
cust_0781,2025-11-17,visit,
cust_0788,2025-11-17,visit,
cust_0790,2025-11-17,visit,
cust_0799,2025-11-17,visit,
cust_0017,2025-11-18,purchase,52.96
cust_0031,2025-11-18,visit,
cust_0041,2025-11-18,purchase,43.39
cust_0050,2025-11-18,visit,
cust_0056,2025-11-18,visit,
cust_0064,2025-11-18,visit,
cust_0083,2025-11-18,purchase,37.88
cust_0086,2025-11-18,visit,
cust_0091,2025-11-18,visit,
cust_0104,2025-11-18,visit,
cust_0105,2025-11-18,visit,
cust_0129,2025-11-18,visit,
cust_0137,2025-11-18,visit,
cust_0175,2025-11-18,purchase,55.2
cust_0178,2025-11-18,visit,
cust_0181,2025-11-18,purchase,47.57
cust_0187,2025-11-18,visit,
cust_0191,2025-11-18,visit,
cust_0194,2025-11-18,visit,
cust_0202,2025-11-18,visit,
cust_0205,2025-11-18,visit,
cust_0207,2025-11-18,purchase,55.71
cust_0210,2025-11-18,visit,
cust_0214,2025-11-18,purchase,35.6
cust_0215,2025-11-18,visit,
cust_0225,2025-11-18,visit,
cust_0226,2025-11-18,purchase,28.37
cust_0245,2025-11-18,purchase,49.96
cust_0245,2025-11-18,refund,49.96
cust_0266,2025-11-18,visit,
cust_0271,2025-11-18,visit,
cust_0289,2025-11-18,purchase,60.39
cust_0296,2025-11-18,visit,
cust_0305,2025-11-18,visit,
cust_0313,2025-11-18,purchase,19.53
cust_0324,2025-11-18,purchase,23.0
cust_0339,2025-11-18,ticket,
cust_0343,2025-11-18,purchase,20.66
cust_0350,2025-11-18,purchase,20.89
cust_0355,2025-11-18,visit,
cust_0390,2025-11-18,visit,
cust_0392,2025-11-18,visit,
cust_0393,2025-11-18,visit,
cust_0399,2025-11-18,visit,
cust_0405,2025-11-18,ticket,
cust_0407,2025-11-18,visit,
cust_0409,2025-11-18,purchase,39.43
cust_0458,2025-11-18,purchase,27.53
cust_0465,2025-11-18,ticket,
cust_0495,2025-11-18,purchase,42.18
cust_0498,2025-11-18,purchase,21.47
cust_0507,2025-11-18,visit,
cust_0532,2025-11-18,visit,
cust_0551,2025-11-18,visit,
cust_0555,2025-11-18,visit,
cust_0557,2025-11-18,visit,
cust_0572,2025-11-18,purchase,26.46
cust_0598,2025-11-18,visit,
cust_0613,2025-11-18,visit,
cust_0621,2025-11-18,purchase,40.83
cust_0639,2025-11-18,ticket,
cust_0654,2025-11-18,ticket,
cust_0667,2025-11-18,visit,
cust_0696,2025-11-18,purchase,54.44
cust_0707,2025-11-18,visit,
cust_0708,2025-11-18,visit,
cust_0726,2025-11-18,visit,
cust_0740,2025-11-18,visit,
cust_0770,2025-11-18,purchase,74.76
cust_0782,2025-11-18,visit,
cust_0795,2025-11-18,purchase,54.91
cust_0018,2025-11-19,purchase,42.9
cust_0021,2025-11-19,purchase,25.91
cust_0028,2025-11-19,purchase,36.37
cust_0072,2025-11-19,visit,
cust_0082,2025-11-19,visit,
cust_0094,2025-11-19,purchase,42.03
cust_0124,2025-11-19,visit,
cust_0125,2025-11-19,purchase,34.88
cust_0131,2025-11-19,visit,
cust_0140,2025-11-19,purchase,46.2
cust_0144,2025-11-19,purchase,66.07
cust_0148,2025-11-19,visit,
cust_0151,2025-11-19,visit,
cust_0163,2025-11-19,purchase,73.09
cust_0168,2025-11-19,visit,
cust_0178,2025-11-19,visit,
cust_0179,2025-11-19,purchase,49.37
cust_0203,2025-11-19,visit,
cust_0230,2025-11-19,visit,
cust_0231,2025-11-19,purchase,30.17
cust_0233,2025-11-19,purchase,55.38
cust_0233,2025-11-19,refund,55.38
cust_0243,2025-11-19,purchase,21.96
cust_0247,2025-11-19,visit,
cust_0249,2025-11-19,visit,
cust_0258,2025-11-19,purchase,50.46
cust_0268,2025-11-19,visit,
cust_0289,2025-11-19,purchase,27.2
cust_0293,2025-11-19,visit,
cust_0299,2025-11-19,visit,
cust_0330,2025-11-19,purchase,24.83
cust_0335,2025-11-19,purchase,22.08
cust_0335,2025-11-19,refund,22.08
cust_0340,2025-11-19,purchase,70.19
cust_0350,2025-11-19,purchase,34.06
cust_0356,2025-11-19,visit,
cust_0374,2025-11-19,purchase,55.85
cust_0376,2025-11-19,visit,
cust_0390,2025-11-19,visit,
cust_0403,2025-11-19,purchase,43.88
cust_0412,2025-11-19,purchase,26.58
cust_0419,2025-11-19,visit,
cust_0424,2025-11-19,visit,
cust_0430,2025-11-19,visit,
cust_0433,2025-11-19,visit,
cust_0447,2025-11-19,purchase,29.71
cust_0448,2025-11-19,purchase,22.87
cust_0453,2025-11-19,purchase,50.79
cust_0484,2025-11-19,visit,
cust_0504,2025-11-19,purchase,129.37
cust_0523,2025-11-19,visit,
cust_0528,2025-11-19,purchase,37.46
cust_0546,2025-11-19,visit,
cust_0550,2025-11-19,purchase,47.56
cust_0552,2025-11-19,visit,
cust_0554,2025-11-19,visit,
cust_0557,2025-11-19,visit,
cust_0569,2025-11-19,visit,
cust_0576,2025-11-19,visit,
cust_0597,2025-11-19,purchase,27.87
cust_0600,2025-11-19,visit,
cust_0601,2025-11-19,purchase,45.15
cust_0607,2025-11-19,visit,
cust_0614,2025-11-19,visit,
cust_0625,2025-11-19,visit,
cust_0640,2025-11-19,visit,
cust_0668,2025-11-19,purchase,48.93
cust_0700,2025-11-19,visit,
cust_0725,2025-11-19,visit,
cust_0729,2025-11-19,purchase,17.86
cust_0732,2025-11-19,visit,
cust_0748,2025-11-19,visit,
cust_0753,2025-11-19,purchase,75.25
cust_0756,2025-11-19,purchase,31.85
cust_0762,2025-11-19,visit,
cust_0774,2025-11-19,visit,
cust_0784,2025-11-19,visit,
cust_0792,2025-11-19,visit,
cust_0798,2025-11-19,visit,
cust_0004,2025-11-20,purchase,53.72
cust_0013,2025-11-20,visit,
cust_0032,2025-11-20,purchase,24.53
cust_0045,2025-11-20,visit,
cust_0067,2025-11-20,visit,
cust_0070,2025-11-20,visit,
cust_0083,2025-11-20,visit,
cust_0100,2025-11-20,visit,
cust_0115,2025-11-20,purchase,56.69
cust_0122,2025-11-20,ticket,
cust_0146,2025-11-20,visit,
cust_0173,2025-11-20,visit,
cust_0188,2025-11-20,visit,
cust_0190,2025-11-20,purchase,38.73
cust_0192,2025-11-20,purchase,51.73
cust_0194,2025-11-20,visit,
cust_0203,2025-11-20,visit,
cust_0204,2025-11-20,visit,
cust_0219,2025-11-20,purchase,42.07
cust_0236,2025-11-20,visit,
cust_0253,2025-11-20,purchase,28.66
cust_0258,2025-11-20,visit,
cust_0262,2025-11-20,visit,
cust_0264,2025-11-20,visit,
cust_0277,2025-11-20,visit,
cust_0279,2025-11-20,visit,
cust_0294,2025-11-20,purchase,72.94
cust_0336,2025-11-20,purchase,33.82
cust_0337,2025-11-20,visit,
cust_0378,2025-11-20,purchase,70.76
cust_0393,2025-11-20,purchase,33.21
cust_0393,2025-11-20,refund,33.21
cust_0405,2025-11-20,ticket,
cust_0414,2025-11-20,visit,
cust_0415,2025-11-20,purchase,61.18
cust_0415,2025-11-20,refund,61.18
cust_0419,2025-11-20,visit,
cust_0436,2025-11-20,purchase,24.13
cust_0437,2025-11-20,visit,
cust_0438,2025-11-20,purchase,31.31
cust_0443,2025-11-20,ticket,
cust_0446,2025-11-20,visit,
cust_0448,2025-11-20,visit,
cust_0462,2025-11-20,purchase,19.74
cust_0476,2025-11-20,purchase,57.59
cust_0482,2025-11-20,purchase,56.59
cust_0495,2025-11-20,purchase,33.54
cust_0508,2025-11-20,visit,
cust_0543,2025-11-20,visit,
cust_0565,2025-11-20,ticket,
cust_0567,2025-11-20,visit,
cust_0594,2025-11-20,visit,
cust_0601,2025-11-20,visit,
cust_0623,2025-11-20,visit,
cust_0634,2025-11-20,visit,
cust_0652,2025-11-20,visit,
cust_0676,2025-11-20,visit,
cust_0688,2025-11-20,purchase,41.97
cust_0692,2025-11-20,visit,
cust_0693,2025-11-20,visit,
cust_0696,2025-11-20,purchase,34.78
cust_0720,2025-11-20,visit,
cust_0739,2025-11-20,visit,
cust_0742,2025-11-20,purchase,38.96
cust_0747,2025-11-20,purchase,21.46
cust_0750,2025-11-20,visit,
cust_0764,2025-11-20,visit,
cust_0770,2025-11-20,purchase,75.18
cust_0783,2025-11-20,purchase,60.88
cust_0791,2025-11-20,visit,
cust_0797,2025-11-20,visit,
cust_0001,2025-11-21,visit,
cust_0011,2025-11-21,purchase,64.73
cust_0033,2025-11-21,visit,
cust_0034,2025-11-21,purchase,83.52
cust_0040,2025-11-21,visit,
cust_0047,2025-11-21,purchase,46.27
cust_0047,2025-11-21,refund,46.27
cust_0051,2025-11-21,visit,
cust_0064,2025-11-21,purchase,36.61
cust_0068,2025-11-21,visit,
cust_0070,2025-11-21,visit,
cust_0074,2025-11-21,visit,
cust_0075,2025-11-21,visit,
cust_0092,2025-11-21,visit,
cust_0100,2025-11-21,visit,
cust_0103,2025-11-21,visit,
cust_0105,2025-11-21,visit,
cust_0107,2025-11-21,visit,
cust_0113,2025-11-21,visit,
cust_0125,2025-11-21,purchase,31.59
cust_0125,2025-11-21,refund,31.59
cust_0140,2025-11-21,visit,
cust_0144,2025-11-21,visit,
cust_0150,2025-11-21,visit,
cust_0152,2025-11-21,purchase,28.41
cust_0170,2025-11-21,visit,
cust_0177,2025-11-21,visit,
cust_0191,2025-11-21,visit,
cust_0192,2025-11-21,purchase,68.64
cust_0204,2025-11-21,purchase,37.63
cust_0204,2025-11-21,refund,37.63
cust_0205,2025-11-21,visit,
cust_0215,2025-11-21,visit,
cust_0220,2025-11-21,visit,
cust_0221,2025-11-21,visit,
cust_0231,2025-11-21,visit,
cust_0239,2025-11-21,visit,
cust_0246,2025-11-21,purchase,23.72
cust_0261,2025-11-21,purchase,11.76
cust_0266,2025-11-21,purchase,78.37
cust_0294,2025-11-21,visit,
cust_0304,2025-11-21,visit,
cust_0311,2025-11-21,purchase,27.44
cust_0331,2025-11-21,visit,
cust_0337,2025-11-21,purchase,53.28
cust_0342,2025-11-21,visit,
cust_0362,2025-11-21,purchase,31.49
cust_0372,2025-11-21,purchase,22.66
cust_0379,2025-11-21,visit,
cust_0406,2025-11-21,purchase,41.27
cust_0411,2025-11-21,purchase,36.73
cust_0417,2025-11-21,visit,
cust_0434,2025-11-21,visit,
cust_0436,2025-11-21,purchase,36.26
cust_0445,2025-11-21,purchase,65.97
cust_0448,2025-11-21,visit,
cust_0455,2025-11-21,purchase,63.08
cust_0465,2025-11-21,purchase,24.15
cust_0468,2025-11-21,visit,
cust_0470,2025-11-21,purchase,25.37
cust_0473,2025-11-21,visit,
cust_0485,2025-11-21,visit,
cust_0495,2025-11-21,visit,
cust_0499,2025-11-21,visit,
cust_0500,2025-11-21,purchase,68.62
cust_0509,2025-11-21,ticket,
cust_0516,2025-11-21,visit,
cust_0527,2025-11-21,purchase,58.71
cust_0528,2025-11-21,purchase,30.16
cust_0542,2025-11-21,visit,
cust_0544,2025-11-21,purchase,38.4
cust_0547,2025-11-21,visit,
cust_0550,2025-11-21,visit,
cust_0551,2025-11-21,visit,
cust_0553,2025-11-21,visit,
cust_0560,2025-11-21,visit,
cust_0564,2025-11-21,purchase,46.86
cust_0568,2025-11-21,visit,
cust_0570,2025-11-21,visit,
cust_0575,2025-11-21,visit,
cust_0608,2025-11-21,visit,
cust_0614,2025-11-21,visit,
cust_0621,2025-11-21,purchase,37.88
cust_0632,2025-11-21,ticket,
cust_0644,2025-11-21,visit,
cust_0655,2025-11-21,visit,
cust_0663,2025-11-21,visit,
cust_0669,2025-11-21,visit,
cust_0670,2025-11-21,visit,
cust_0687,2025-11-21,visit,
cust_0692,2025-11-21,visit,
cust_0693,2025-11-21,visit,
cust_0694,2025-11-21,purchase,54.8
cust_0697,2025-11-21,purchase,38.52
cust_0698,2025-11-21,purchase,42.52
cust_0705,2025-11-21,visit,
cust_0715,2025-11-21,visit,
cust_0717,2025-11-21,visit,
cust_0719,2025-11-21,visit,
cust_0733,2025-11-21,ticket,
cust_0029,2025-11-22,visit,
cust_0031,2025-11-22,visit,
cust_0049,2025-11-22,purchase,32.71
cust_0055,2025-11-22,visit,
cust_0089,2025-11-22,visit,
cust_0110,2025-11-22,purchase,44.57
cust_0111,2025-11-22,visit,
cust_0125,2025-11-22,visit,
cust_0135,2025-11-22,ticket,
cust_0141,2025-11-22,purchase,70.47
cust_0150,2025-11-22,purchase,32.72
cust_0169,2025-11-22,visit,
cust_0181,2025-11-22,visit,
cust_0185,2025-11-22,visit,
cust_0197,2025-11-22,purchase,22.09
cust_0198,2025-11-22,purchase,76.19
cust_0203,2025-11-22,visit,
cust_0207,2025-11-22,visit,
cust_0217,2025-11-22,purchase,143.67
cust_0218,2025-11-22,visit,
cust_0224,2025-11-22,purchase,32.67
cust_0233,2025-11-22,purchase,29.49
cust_0247,2025-11-22,visit,
cust_0249,2025-11-22,purchase,23.76
cust_0264,2025-11-22,visit,
cust_0269,2025-11-22,purchase,25.27
cust_0271,2025-11-22,visit,
cust_0278,2025-11-22,purchase,19.02
cust_0290,2025-11-22,visit,
cust_0297,2025-11-22,visit,
cust_0299,2025-11-22,purchase,31.89
cust_0319,2025-11-22,visit,
cust_0327,2025-11-22,purchase,40.67
cust_0333,2025-11-22,purchase,32.49
cust_0376,2025-11-22,purchase,36.92
cust_0394,2025-11-22,visit,
cust_0396,2025-11-22,purchase,28.4
cust_0396,2025-11-22,refund,28.4
cust_0401,2025-11-22,visit,
cust_0404,2025-11-22,visit,
cust_0407,2025-11-22,visit,
cust_0409,2025-11-22,visit,
cust_0435,2025-11-22,purchase,67.58
cust_0442,2025-11-22,visit,
cust_0447,2025-11-22,visit,
cust_0464,2025-11-22,visit,
cust_0470,2025-11-22,visit,
cust_0471,2025-11-22,purchase,28.65
cust_0480,2025-11-22,purchase,72.31
cust_0498,2025-11-22,visit,
cust_0499,2025-11-22,visit,
cust_0500,2025-11-22,purchase,22.39
cust_0507,2025-11-22,purchase,27.07
cust_0513,2025-11-22,purchase,41.3
cust_0520,2025-11-22,visit,
cust_0530,2025-11-22,purchase,20.71
cust_0551,2025-11-22,purchase,30.53
cust_0559,2025-11-22,visit,
cust_0574,2025-11-22,visit,
cust_0596,2025-11-22,visit,
cust_0597,2025-11-22,visit,
cust_0625,2025-11-22,purchase,57.38
cust_0630,2025-11-22,purchase,41.99
cust_0649,2025-11-22,ticket,
cust_0657,2025-11-22,visit,
cust_0667,2025-11-22,purchase,23.07
cust_0678,2025-11-22,purchase,15.09
cust_0707,2025-11-22,purchase,47.84
cust_0728,2025-11-22,visit,
cust_0743,2025-11-22,purchase,56.94
cust_0744,2025-11-22,purchase,24.34
cust_0753,2025-11-22,purchase,45.99
cust_0755,2025-11-22,purchase,77.34
cust_0756,2025-11-22,purchase,41.23
cust_0768,2025-11-22,visit,
cust_0778,2025-11-22,purchase,38.98
cust_0781,2025-11-22,visit,
cust_0789,2025-11-22,visit,
cust_0791,2025-11-22,purchase,62.33
cust_0795,2025-11-22,visit,
cust_0002,2025-11-23,ticket,
cust_0005,2025-11-23,visit,
cust_0019,2025-11-23,visit,
cust_0048,2025-11-23,visit,
cust_0049,2025-11-23,ticket,
cust_0054,2025-11-23,visit,
cust_0058,2025-11-23,purchase,23.39
cust_0066,2025-11-23,purchase,28.46
cust_0068,2025-11-23,visit,
cust_0076,2025-11-23,purchase,28.96
cust_0083,2025-11-23,visit,
cust_0104,2025-11-23,visit,
cust_0111,2025-11-23,purchase,81.33
cust_0113,2025-11-23,visit,
cust_0115,2025-11-23,visit,
cust_0116,2025-11-23,visit,
cust_0121,2025-11-23,purchase,46.56
cust_0125,2025-11-23,visit,
cust_0135,2025-11-23,purchase,21.75
cust_0146,2025-11-23,visit,
cust_0149,2025-11-23,visit,
cust_0155,2025-11-23,purchase,50.15
cust_0165,2025-11-23,visit,
cust_0201,2025-11-23,purchase,56.37
cust_0208,2025-11-23,visit,
cust_0215,2025-11-23,purchase,23.73
cust_0252,2025-11-23,visit,
cust_0260,2025-11-23,visit,
cust_0265,2025-11-23,visit,
cust_0272,2025-11-23,visit,
cust_0273,2025-11-23,visit,
cust_0286,2025-11-23,visit,
cust_0287,2025-11-23,visit,
cust_0312,2025-11-23,visit,
cust_0315,2025-11-23,visit,
cust_0321,2025-11-23,visit,
cust_0324,2025-11-23,visit,
cust_0330,2025-11-23,visit,
cust_0332,2025-11-23,visit,
cust_0352,2025-11-23,visit,
cust_0371,2025-11-23,purchase,33.78
cust_0377,2025-11-23,visit,
cust_0384,2025-11-23,visit,
cust_0389,2025-11-23,visit,
cust_0396,2025-11-23,purchase,72.96
cust_0409,2025-11-23,visit,
cust_0412,2025-11-23,visit,
cust_0415,2025-11-23,visit,
cust_0421,2025-11-23,visit,
cust_0458,2025-11-23,visit,
cust_0486,2025-11-23,visit,
cust_0492,2025-11-23,visit,
cust_0510,2025-11-23,purchase,51.74
cust_0523,2025-11-23,purchase,57.93
cust_0528,2025-11-23,visit,
cust_0541,2025-11-23,visit,
cust_0548,2025-11-23,visit,
cust_0556,2025-11-23,visit,
cust_0565,2025-11-23,visit,
cust_0576,2025-11-23,visit,
cust_0578,2025-11-23,visit,
cust_0590,2025-11-23,visit,
cust_0597,2025-11-23,visit,
cust_0600,2025-11-23,visit,
cust_0627,2025-11-23,purchase,41.81
cust_0642,2025-11-23,visit,
cust_0647,2025-11-23,purchase,29.14
cust_0651,2025-11-23,purchase,86.25
cust_0663,2025-11-23,visit,
cust_0670,2025-11-23,visit,
cust_0673,2025-11-23,visit,
cust_0676,2025-11-23,visit,
cust_0699,2025-11-23,purchase,53.75
cust_0703,2025-11-23,purchase,51.52
cust_0711,2025-11-23,visit,
cust_0722,2025-11-23,visit,
cust_0725,2025-11-23,purchase,63.42
cust_0734,2025-11-23,ticket,
cust_0735,2025-11-23,visit,
cust_0757,2025-11-23,visit,
cust_0762,2025-11-23,visit,
cust_0773,2025-11-23,visit,
cust_0779,2025-11-23,visit,
cust_0781,2025-11-23,visit,
cust_0788,2025-11-23,visit,
cust_0795,2025-11-23,visit,
cust_0799,2025-11-23,purchase,39.07
cust_0002,2025-11-24,visit,
cust_0014,2025-11-24,purchase,25.89
cust_0031,2025-11-24,visit,
cust_0056,2025-11-24,visit,
cust_0060,2025-11-24,purchase,102.14
cust_0072,2025-11-24,visit,
cust_0074,2025-11-24,visit,
cust_0097,2025-11-24,visit,
cust_0111,2025-11-24,purchase,68.04
cust_0129,2025-11-24,visit,
cust_0131,2025-11-24,purchase,68.86
cust_0133,2025-11-24,visit,
cust_0135,2025-11-24,purchase,30.44
cust_0142,2025-11-24,purchase,40.74
cust_0145,2025-11-24,visit,
cust_0150,2025-11-24,visit,
cust_0155,2025-11-24,purchase,31.22
cust_0175,2025-11-24,purchase,12.19
cust_0176,2025-11-24,purchase,30.76
cust_0180,2025-11-24,purchase,26.19
cust_0194,2025-11-24,visit,
cust_0199,2025-11-24,visit,
cust_0202,2025-11-24,visit,
cust_0205,2025-11-24,purchase,96.58
cust_0206,2025-11-24,visit,
cust_0216,2025-11-24,purchase,19.42
cust_0233,2025-11-24,purchase,68.0
cust_0233,2025-11-24,refund,68.0
cust_0249,2025-11-24,purchase,42.56
cust_0254,2025-11-24,purchase,13.36
cust_0256,2025-11-24,visit,
cust_0273,2025-11-24,visit,
cust_0278,2025-11-24,purchase,42.71
cust_0296,2025-11-24,visit,
cust_0304,2025-11-24,visit,
cust_0311,2025-11-24,visit,
cust_0314,2025-11-24,visit,
cust_0326,2025-11-24,purchase,33.64
cust_0347,2025-11-24,visit,
cust_0357,2025-11-24,visit,
cust_0365,2025-11-24,purchase,13.64
cust_0381,2025-11-24,visit,
cust_0386,2025-11-24,purchase,50.21
cust_0392,2025-11-24,visit,
cust_0394,2025-11-24,visit,
cust_0398,2025-11-24,purchase,39.73
cust_0427,2025-11-24,visit,
cust_0443,2025-11-24,visit,
cust_0470,2025-11-24,visit,
cust_0471,2025-11-24,visit,
cust_0478,2025-11-24,purchase,23.53
cust_0510,2025-11-24,purchase,30.29
cust_0521,2025-11-24,purchase,28.4
cust_0559,2025-11-24,purchase,41.46
cust_0565,2025-11-24,visit,
cust_0567,2025-11-24,visit,
cust_0568,2025-11-24,visit,
cust_0602,2025-11-24,visit,
cust_0604,2025-11-24,visit,
cust_0614,2025-11-24,visit,
cust_0642,2025-11-24,purchase,41.07
cust_0644,2025-11-24,visit,
cust_0646,2025-11-24,purchase,23.21
cust_0648,2025-11-24,visit,
cust_0651,2025-11-24,purchase,12.74
cust_0657,2025-11-24,purchase,29.27
cust_0678,2025-11-24,visit,
cust_0684,2025-11-24,visit,
cust_0692,2025-11-24,purchase,45.71
cust_0701,2025-11-24,visit,
cust_0716,2025-11-24,visit,
cust_0722,2025-11-24,purchase,26.36
cust_0745,2025-11-24,visit,
cust_0756,2025-11-24,visit,
cust_0776,2025-11-24,visit,
cust_0778,2025-11-24,purchase,15.25
cust_0779,2025-11-24,visit,
cust_0782,2025-11-24,visit,
cust_0003,2025-11-25,visit,
cust_0005,2025-11-25,purchase,32.85
cust_0021,2025-11-25,purchase,11.22
cust_0022,2025-11-25,visit,
cust_0023,2025-11-25,purchase,39.89
cust_0039,2025-11-25,visit,
cust_0046,2025-11-25,purchase,54.6
cust_0051,2025-11-25,purchase,25.8
cust_0060,2025-11-25,purchase,37.45
cust_0068,2025-11-25,visit,
cust_0071,2025-11-25,visit,
cust_0084,2025-11-25,purchase,19.11
cust_0085,2025-11-25,ticket,
cust_0091,2025-11-25,visit,
cust_0101,2025-11-25,visit,
cust_0107,2025-11-25,visit,
cust_0116,2025-11-25,purchase,29.4
cust_0116,2025-11-25,refund,29.4
cust_0121,2025-11-25,purchase,32.72
cust_0137,2025-11-25,purchase,34.89
cust_0141,2025-11-25,visit,
cust_0147,2025-11-25,purchase,28.44
cust_0155,2025-11-25,purchase,41.44
cust_0195,2025-11-25,visit,
cust_0199,2025-11-25,visit,
cust_0217,2025-11-25,visit,
cust_0229,2025-11-25,visit,
cust_0242,2025-11-25,visit,
cust_0255,2025-11-25,visit,
cust_0268,2025-11-25,visit,
cust_0279,2025-11-25,purchase,17.96
cust_0284,2025-11-25,purchase,38.77
cust_0287,2025-11-25,visit,
cust_0294,2025-11-25,visit,
cust_0296,2025-11-25,visit,
cust_0301,2025-11-25,visit,
cust_0324,2025-11-25,visit,
cust_0342,2025-11-25,purchase,24.66
cust_0343,2025-11-25,purchase,13.9
cust_0371,2025-11-25,visit,
cust_0374,2025-11-25,ticket,
cust_0378,2025-11-25,visit,
cust_0384,2025-11-25,purchase,62.57
cust_0412,2025-11-25,visit,
cust_0435,2025-11-25,visit,
cust_0443,2025-11-25,purchase,40.19
cust_0446,2025-11-25,purchase,28.02
cust_0454,2025-11-25,purchase,42.26
cust_0457,2025-11-25,visit,
cust_0465,2025-11-25,visit,
cust_0485,2025-11-25,visit,
cust_0489,2025-11-25,purchase,10.83
cust_0491,2025-11-25,purchase,45.02
cust_0502,2025-11-25,visit,
cust_0551,2025-11-25,visit,
cust_0572,2025-11-25,ticket,
cust_0585,2025-11-25,purchase,19.92
cust_0589,2025-11-25,visit,
cust_0597,2025-11-25,ticket,
cust_0600,2025-11-25,visit,
cust_0612,2025-11-25,visit,
cust_0620,2025-11-25,purchase,57.12
cust_0634,2025-11-25,visit,
cust_0635,2025-11-25,visit,
cust_0636,2025-11-25,purchase,38.03
cust_0644,2025-11-25,visit,
cust_0646,2025-11-25,visit,
cust_0653,2025-11-25,visit,
cust_0655,2025-11-25,purchase,52.68
cust_0655,2025-11-25,refund,52.68
cust_0657,2025-11-25,visit,
cust_0696,2025-11-25,purchase,30.34
cust_0705,2025-11-25,visit,
cust_0725,2025-11-25,visit,
cust_0734,2025-11-25,visit,
cust_0753,2025-11-25,purchase,50.24
cust_0758,2025-11-25,visit,
cust_0762,2025-11-25,visit,
cust_0763,2025-11-25,visit,
cust_0781,2025-11-25,purchase,42.58
cust_0781,2025-11-25,refund,42.58
cust_0795,2025-11-25,purchase,24.97
cust_0796,2025-11-25,visit,
cust_0006,2025-11-26,purchase,22.03
cust_0017,2025-11-26,purchase,41.34
cust_0032,2025-11-26,purchase,11.0
cust_0038,2025-11-26,purchase,31.42
cust_0040,2025-11-26,visit,
cust_0043,2025-11-26,purchase,49.73
cust_0064,2025-11-26,visit,
cust_0069,2025-11-26,purchase,30.26
cust_0082,2025-11-26,purchase,28.75
cust_0093,2025-11-26,purchase,26.47
cust_0104,2025-11-26,visit,
cust_0114,2025-11-26,purchase,28.4
cust_0127,2025-11-26,ticket,
cust_0139,2025-11-26,visit,
cust_0151,2025-11-26,purchase,25.9
cust_0151,2025-11-26,refund,25.9
cust_0174,2025-11-26,purchase,32.83
cust_0189,2025-11-26,ticket,
cust_0219,2025-11-26,visit,
cust_0240,2025-11-26,visit,
cust_0241,2025-11-26,visit,
cust_0242,2025-11-26,visit,
cust_0265,2025-11-26,visit,
cust_0288,2025-11-26,visit,
cust_0295,2025-11-26,purchase,62.41
cust_0342,2025-11-26,visit,
cust_0367,2025-11-26,visit,
cust_0374,2025-11-26,purchase,46.98
cust_0403,2025-11-26,purchase,21.21
cust_0431,2025-11-26,purchase,41.84
cust_0441,2025-11-26,purchase,52.66
cust_0454,2025-11-26,visit,
cust_0460,2025-11-26,visit,
cust_0464,2025-11-26,purchase,13.17
cust_0479,2025-11-26,purchase,33.76
cust_0481,2025-11-26,purchase,27.06
cust_0496,2025-11-26,visit,
cust_0515,2025-11-26,visit,
cust_0517,2025-11-26,visit,
cust_0532,2025-11-26,visit,
cust_0539,2025-11-26,visit,
cust_0548,2025-11-26,visit,
cust_0567,2025-11-26,purchase,10.76
cust_0587,2025-11-26,visit,
cust_0618,2025-11-26,visit,
cust_0621,2025-11-26,visit,
cust_0624,2025-11-26,purchase,44.96
cust_0633,2025-11-26,visit,
cust_0636,2025-11-26,visit,
cust_0637,2025-11-26,purchase,39.9
cust_0646,2025-11-26,ticket,
cust_0647,2025-11-26,purchase,20.8
cust_0648,2025-11-26,visit,
cust_0665,2025-11-26,visit,
cust_0669,2025-11-26,visit,
cust_0670,2025-11-26,visit,
cust_0672,2025-11-26,visit,
cust_0673,2025-11-26,visit,
cust_0688,2025-11-26,ticket,
cust_0695,2025-11-26,visit,
cust_0701,2025-11-26,purchase,58.23
cust_0711,2025-11-26,purchase,76.01
cust_0712,2025-11-26,purchase,65.21
cust_0718,2025-11-26,visit,
cust_0732,2025-11-26,visit,
cust_0735,2025-11-26,purchase,28.01
cust_0738,2025-11-26,visit,
cust_0747,2025-11-26,purchase,52.21
cust_0000,2025-11-27,visit,
cust_0012,2025-11-27,purchase,17.44
cust_0035,2025-11-27,visit,
cust_0039,2025-11-27,visit,
cust_0073,2025-11-27,ticket,
cust_0082,2025-11-27,visit,
cust_0084,2025-11-27,purchase,33.31
cust_0115,2025-11-27,purchase,26.66
cust_0127,2025-11-27,visit,
cust_0142,2025-11-27,purchase,56.21
cust_0152,2025-11-27,purchase,33.61
cust_0163,2025-11-27,purchase,23.26
cust_0166,2025-11-27,purchase,87.74
cust_0170,2025-11-27,visit,
cust_0175,2025-11-27,ticket,
cust_0180,2025-11-27,visit,
cust_0182,2025-11-27,purchase,45.67
cust_0209,2025-11-27,visit,
cust_0210,2025-11-27,visit,
cust_0211,2025-11-27,purchase,46.67
cust_0218,2025-11-27,ticket,
cust_0229,2025-11-27,visit,
cust_0261,2025-11-27,purchase,60.95
cust_0263,2025-11-27,purchase,27.79
cust_0268,2025-11-27,purchase,30.01
cust_0285,2025-11-27,visit,
cust_0295,2025-11-27,purchase,33.8
cust_0305,2025-11-27,purchase,55.89
cust_0316,2025-11-27,purchase,53.37
cust_0319,2025-11-27,visit,
cust_0327,2025-11-27,visit,
cust_0330,2025-11-27,visit,
cust_0339,2025-11-27,visit,
cust_0347,2025-11-27,purchase,62.02
cust_0350,2025-11-27,visit,
cust_0353,2025-11-27,purchase,89.06
cust_0361,2025-11-27,purchase,39.38
cust_0369,2025-11-27,purchase,33.71
cust_0369,2025-11-27,refund,33.71
cust_0382,2025-11-27,visit,
cust_0404,2025-11-27,visit,
cust_0407,2025-11-27,visit,
cust_0409,2025-11-27,visit,
cust_0425,2025-11-27,visit,
cust_0431,2025-11-27,purchase,31.41
cust_0441,2025-11-27,visit,
cust_0444,2025-11-27,visit,
cust_0449,2025-11-27,purchase,27.95
cust_0452,2025-11-27,visit,
cust_0455,2025-11-27,visit,
cust_0469,2025-11-27,visit,
cust_0491,2025-11-27,visit,
cust_0499,2025-11-27,visit,
cust_0504,2025-11-27,visit,
cust_0516,2025-11-27,visit,
cust_0519,2025-11-27,visit,
cust_0521,2025-11-27,visit,
cust_0529,2025-11-27,visit,
cust_0531,2025-11-27,purchase,35.56
cust_0546,2025-11-27,purchase,23.01
cust_0557,2025-11-27,purchase,16.03
cust_0559,2025-11-27,purchase,48.76
cust_0588,2025-11-27,visit,
cust_0589,2025-11-27,purchase,98.06
cust_0591,2025-11-27,purchase,47.17
cust_0594,2025-11-27,visit,
cust_0607,2025-11-27,purchase,49.54
cust_0611,2025-11-27,purchase,47.83
cust_0645,2025-11-27,purchase,14.97
cust_0650,2025-11-27,purchase,43.29
cust_0651,2025-11-27,purchase,38.77
cust_0653,2025-11-27,ticket,
cust_0654,2025-11-27,purchase,41.77
cust_0654,2025-11-27,refund,41.77
cust_0663,2025-11-27,purchase,53.62
cust_0668,2025-11-27,visit,
cust_0680,2025-11-27,purchase,29.3
cust_0683,2025-11-27,purchase,43.51
cust_0683,2025-11-27,refund,43.51
cust_0692,2025-11-27,purchase,36.79
cust_0704,2025-11-27,visit,
cust_0714,2025-11-27,visit,
cust_0724,2025-11-27,visit,
cust_0733,2025-11-27,visit,
cust_0746,2025-11-27,visit,
cust_0755,2025-11-27,purchase,57.63
cust_0765,2025-11-27,visit,
cust_0788,2025-11-27,visit,
cust_0000,2025-11-28,purchase,17.22
cust_0004,2025-11-28,ticket,
cust_0016,2025-11-28,purchase,70.95
cust_0019,2025-11-28,purchase,86.86
cust_0054,2025-11-28,purchase,23.48
cust_0056,2025-11-28,purchase,56.24
cust_0067,2025-11-28,purchase,33.78
cust_0075,2025-11-28,visit,
cust_0086,2025-11-28,visit,
cust_0097,2025-11-28,visit,
cust_0101,2025-11-28,purchase,100.11
cust_0111,2025-11-28,visit,
cust_0132,2025-11-28,visit,
cust_0152,2025-11-28,visit,
cust_0155,2025-11-28,visit,
cust_0160,2025-11-28,purchase,12.67
cust_0191,2025-11-28,visit,
cust_0195,2025-11-28,visit,
cust_0196,2025-11-28,visit,
cust_0203,2025-11-28,purchase,24.71
cust_0203,2025-11-28,refund,24.71
cust_0221,2025-11-28,visit,
cust_0223,2025-11-28,purchase,60.77
cust_0231,2025-11-28,visit,
cust_0251,2025-11-28,purchase,34.25
cust_0260,2025-11-28,visit,
cust_0274,2025-11-28,visit,
cust_0278,2025-11-28,visit,
cust_0287,2025-11-28,visit,
cust_0289,2025-11-28,visit,
cust_0296,2025-11-28,visit,
cust_0298,2025-11-28,visit,
cust_0299,2025-11-28,visit,
cust_0336,2025-11-28,visit,
cust_0337,2025-11-28,purchase,22.17
cust_0372,2025-11-28,visit,
cust_0376,2025-11-28,visit,
cust_0377,2025-11-28,purchase,28.33
cust_0386,2025-11-28,visit,
cust_0407,2025-11-28,purchase,34.88
cust_0417,2025-11-28,visit,
cust_0427,2025-11-28,visit,
cust_0436,2025-11-28,visit,
cust_0437,2025-11-28,visit,
cust_0445,2025-11-28,visit,
cust_0446,2025-11-28,visit,
cust_0448,2025-11-28,purchase,55.41
cust_0471,2025-11-28,visit,
cust_0484,2025-11-28,visit,
cust_0488,2025-11-28,visit,
cust_0489,2025-11-28,purchase,44.17
cust_0492,2025-11-28,purchase,21.91
cust_0498,2025-11-28,purchase,45.93
cust_0500,2025-11-28,visit,
cust_0502,2025-11-28,purchase,54.28
cust_0507,2025-11-28,visit,
cust_0516,2025-11-28,visit,
cust_0522,2025-11-28,visit,
cust_0529,2025-11-28,visit,
cust_0548,2025-11-28,visit,
cust_0553,2025-11-28,purchase,42.79
cust_0561,2025-11-28,purchase,60.87
cust_0600,2025-11-28,purchase,22.43
cust_0601,2025-11-28,visit,
cust_0605,2025-11-28,visit,
cust_0617,2025-11-28,visit,
cust_0646,2025-11-28,ticket,
cust_0650,2025-11-28,visit,
cust_0652,2025-11-28,visit,
cust_0662,2025-11-28,purchase,62.3
cust_0666,2025-11-28,purchase,51.06
cust_0668,2025-11-28,visit,
cust_0669,2025-11-28,visit,
cust_0697,2025-11-28,visit,
cust_0698,2025-11-28,purchase,28.93
cust_0699,2025-11-28,visit,
cust_0709,2025-11-28,purchase,58.05
cust_0728,2025-11-28,visit,
cust_0733,2025-11-28,visit,
cust_0742,2025-11-28,visit,
cust_0747,2025-11-28,purchase,28.15
cust_0757,2025-11-28,visit,
cust_0762,2025-11-28,purchase,35.66
cust_0763,2025-11-28,purchase,63.4
cust_0768,2025-11-28,visit,
cust_0778,2025-11-28,visit,
cust_0780,2025-11-28,purchase,23.05
cust_0784,2025-11-28,visit,
cust_0005,2025-11-29,purchase,29.26
cust_0011,2025-11-29,visit,
cust_0021,2025-11-29,visit,
cust_0028,2025-11-29,visit,
cust_0029,2025-11-29,purchase,26.23
cust_0047,2025-11-29,visit,
cust_0051,2025-11-29,purchase,73.18
cust_0066,2025-11-29,visit,
cust_0074,2025-11-29,purchase,60.64
cust_0080,2025-11-29,visit,
cust_0089,2025-11-29,visit,
cust_0123,2025-11-29,purchase,19.08
cust_0125,2025-11-29,visit,
cust_0131,2025-11-29,visit,
cust_0134,2025-11-29,visit,
cust_0165,2025-11-29,visit,
cust_0197,2025-11-29,visit,
cust_0198,2025-11-29,visit,
cust_0199,2025-11-29,ticket,
cust_0203,2025-11-29,visit,
cust_0211,2025-11-29,visit,
cust_0232,2025-11-29,purchase,32.66
cust_0249,2025-11-29,purchase,14.22
cust_0256,2025-11-29,visit,
cust_0257,2025-11-29,visit,
cust_0262,2025-11-29,ticket,
cust_0273,2025-11-29,visit,
cust_0291,2025-11-29,purchase,50.13
cust_0298,2025-11-29,visit,
cust_0308,2025-11-29,visit,
cust_0318,2025-11-29,purchase,32.17
cust_0340,2025-11-29,purchase,38.5
cust_0343,2025-11-29,visit,
cust_0350,2025-11-29,visit,
cust_0361,2025-11-29,visit,
cust_0371,2025-11-29,purchase,37.14
cust_0382,2025-11-29,purchase,89.26
cust_0404,2025-11-29,purchase,21.94
cust_0406,2025-11-29,visit,
cust_0407,2025-11-29,purchase,20.29
cust_0431,2025-11-29,visit,
cust_0434,2025-11-29,visit,
cust_0446,2025-11-29,visit,
cust_0452,2025-11-29,purchase,66.56
cust_0453,2025-11-29,visit,
cust_0454,2025-11-29,visit,
cust_0460,2025-11-29,purchase,34.83
cust_0479,2025-11-29,visit,
cust_0485,2025-11-29,purchase,23.47
cust_0494,2025-11-29,visit,
cust_0504,2025-11-29,purchase,17.83
cust_0529,2025-11-29,visit,
cust_0571,2025-11-29,visit,
cust_0588,2025-11-29,visit,
cust_0632,2025-11-29,visit,
cust_0633,2025-11-29,visit,
cust_0645,2025-11-29,visit,
cust_0654,2025-11-29,visit,
cust_0682,2025-11-29,ticket,
cust_0701,2025-11-29,visit,
cust_0708,2025-11-29,visit,
cust_0714,2025-11-29,visit,
cust_0722,2025-11-29,purchase,11.65
cust_0730,2025-11-29,visit,
cust_0735,2025-11-29,visit,
cust_0736,2025-11-29,visit,
cust_0739,2025-11-29,visit,
cust_0741,2025-11-29,ticket,
cust_0743,2025-11-29,visit,
cust_0748,2025-11-29,purchase,33.28
cust_0755,2025-11-29,purchase,30.65
cust_0759,2025-11-29,visit,
cust_0764,2025-11-29,visit,
cust_0767,2025-11-29,purchase,41.31
cust_0771,2025-11-29,visit,
cust_0791,2025-11-29,purchase,21.15
cust_0791,2025-11-29,refund,21.15
cust_0793,2025-11-29,visit,
cust_0799,2025-11-29,purchase,32.79
cust_0001,2025-11-30,visit,
cust_0009,2025-11-30,ticket,
cust_0022,2025-11-30,visit,
cust_0039,2025-11-30,visit,
cust_0056,2025-11-30,purchase,26.6
cust_0059,2025-11-30,visit,
cust_0069,2025-11-30,purchase,50.49
cust_0097,2025-11-30,visit,
cust_0104,2025-11-30,visit,
cust_0107,2025-11-30,purchase,33.5
cust_0112,2025-11-30,visit,
cust_0125,2025-11-30,visit,
cust_0144,2025-11-30,visit,
cust_0158,2025-11-30,visit,
cust_0163,2025-11-30,visit,
cust_0173,2025-11-30,visit,
cust_0175,2025-11-30,visit,
cust_0180,2025-11-30,purchase,32.05
cust_0181,2025-11-30,purchase,28.64
cust_0191,2025-11-30,purchase,49.88
cust_0193,2025-11-30,purchase,99.3
cust_0198,2025-11-30,visit,
cust_0214,2025-11-30,visit,
cust_0218,2025-11-30,visit,
cust_0227,2025-11-30,visit,
cust_0231,2025-11-30,visit,
cust_0235,2025-11-30,visit,
cust_0239,2025-11-30,visit,
cust_0240,2025-11-30,purchase,47.18
cust_0279,2025-11-30,purchase,28.3
cust_0284,2025-11-30,visit,
cust_0288,2025-11-30,purchase,17.13
cust_0303,2025-11-30,visit,
cust_0305,2025-11-30,purchase,56.33
cust_0311,2025-11-30,visit,
cust_0315,2025-11-30,ticket,
cust_0317,2025-11-30,visit,
cust_0318,2025-11-30,visit,
cust_0337,2025-11-30,purchase,62.99
cust_0341,2025-11-30,purchase,16.42
cust_0357,2025-11-30,visit,
cust_0368,2025-11-30,visit,
cust_0377,2025-11-30,purchase,92.69
cust_0389,2025-11-30,purchase,62.81
cust_0394,2025-11-30,visit,
cust_0403,2025-11-30,visit,
cust_0404,2025-11-30,visit,
cust_0409,2025-11-30,purchase,25.45
cust_0429,2025-11-30,visit,
cust_0434,2025-11-30,visit,
cust_0441,2025-11-30,visit,
cust_0451,2025-11-30,visit,
cust_0457,2025-11-30,visit,
cust_0475,2025-11-30,purchase,60.33
cust_0476,2025-11-30,visit,
cust_0491,2025-11-30,visit,
cust_0500,2025-11-30,ticket,
cust_0513,2025-11-30,purchase,67.13
cust_0513,2025-11-30,refund,67.13
cust_0516,2025-11-30,visit,
cust_0528,2025-11-30,visit,
cust_0540,2025-11-30,purchase,106.27
cust_0541,2025-11-30,purchase,54.55
cust_0591,2025-11-30,ticket,
cust_0598,2025-11-30,purchase,35.19
cust_0622,2025-11-30,visit,
cust_0630,2025-11-30,visit,
cust_0635,2025-11-30,purchase,15.66
cust_0652,2025-11-30,visit,
cust_0669,2025-11-30,visit,
cust_0685,2025-11-30,visit,
cust_0688,2025-11-30,visit,
cust_0693,2025-11-30,visit,
cust_0694,2025-11-30,visit,
cust_0696,2025-11-30,visit,
cust_0700,2025-11-30,visit,
cust_0733,2025-11-30,visit,
cust_0743,2025-11-30,visit,
cust_0750,2025-11-30,purchase,24.61
cust_0750,2025-11-30,refund,24.61
cust_0752,2025-11-30,purchase,55.4
cust_0753,2025-11-30,purchase,56.37
cust_0756,2025-11-30,visit,
cust_0758,2025-11-30,visit,
cust_0002,2025-12-01,visit,
cust_0019,2025-12-01,purchase,24.33
cust_0024,2025-12-01,ticket,
cust_0025,2025-12-01,visit,
cust_0048,2025-12-01,purchase,40.53
cust_0049,2025-12-01,purchase,12.99
cust_0055,2025-12-01,visit,
cust_0056,2025-12-01,visit,
cust_0059,2025-12-01,visit,
cust_0070,2025-12-01,visit,
cust_0104,2025-12-01,ticket,
cust_0113,2025-12-01,ticket,
cust_0145,2025-12-01,visit,
cust_0189,2025-12-01,visit,
cust_0193,2025-12-01,visit,
cust_0249,2025-12-01,visit,
cust_0266,2025-12-01,visit,
cust_0286,2025-12-01,purchase,37.49
cust_0293,2025-12-01,visit,
cust_0297,2025-12-01,purchase,37.69
cust_0299,2025-12-01,purchase,73.28
cust_0303,2025-12-01,purchase,20.26
cust_0323,2025-12-01,visit,
cust_0331,2025-12-01,visit,
cust_0333,2025-12-01,visit,
cust_0351,2025-12-01,purchase,21.1
cust_0365,2025-12-01,visit,
cust_0371,2025-12-01,visit,
cust_0380,2025-12-01,visit,
cust_0382,2025-12-01,purchase,55.0
cust_0383,2025-12-01,visit,
cust_0387,2025-12-01,purchase,14.53
cust_0465,2025-12-01,purchase,66.29
cust_0466,2025-12-01,visit,
cust_0472,2025-12-01,visit,
cust_0479,2025-12-01,purchase,31.37
cust_0482,2025-12-01,purchase,36.31
cust_0482,2025-12-01,refund,36.31
cust_0484,2025-12-01,purchase,51.16
cust_0495,2025-12-01,visit,
cust_0499,2025-12-01,ticket,
cust_0503,2025-12-01,visit,
cust_0504,2025-12-01,visit,
cust_0514,2025-12-01,visit,
cust_0516,2025-12-01,visit,
cust_0526,2025-12-01,visit,
cust_0552,2025-12-01,visit,
cust_0555,2025-12-01,purchase,46.02
cust_0566,2025-12-01,purchase,24.09
cust_0587,2025-12-01,purchase,17.74
cust_0588,2025-12-01,visit,
cust_0597,2025-12-01,purchase,45.71
cust_0602,2025-12-01,visit,
cust_0644,2025-12-01,visit,
cust_0690,2025-12-01,visit,
cust_0692,2025-12-01,visit,
cust_0697,2025-12-01,visit,
cust_0703,2025-12-01,visit,
cust_0710,2025-12-01,visit,
cust_0713,2025-12-01,visit,
cust_0722,2025-12-01,visit,
cust_0743,2025-12-01,visit,
cust_0746,2025-12-01,visit,
cust_0751,2025-12-01,visit,
cust_0762,2025-12-01,purchase,19.91
cust_0786,2025-12-01,visit,
cust_0002,2025-12-02,purchase,18.64
cust_0011,2025-12-02,visit,
cust_0013,2025-12-02,purchase,53.1
cust_0017,2025-12-02,visit,
cust_0019,2025-12-02,visit,
cust_0032,2025-12-02,visit,
cust_0034,2025-12-02,visit,
cust_0036,2025-12-02,visit,
cust_0049,2025-12-02,visit,
cust_0070,2025-12-02,visit,
cust_0084,2025-12-02,ticket,
cust_0129,2025-12-02,visit,
cust_0135,2025-12-02,purchase,49.28
cust_0136,2025-12-02,visit,
cust_0141,2025-12-02,visit,
cust_0154,2025-12-02,visit,
cust_0155,2025-12-02,purchase,46.46
cust_0157,2025-12-02,purchase,58.08
cust_0210,2025-12-02,visit,
cust_0216,2025-12-02,purchase,52.44
cust_0216,2025-12-02,refund,52.44
cust_0243,2025-12-02,ticket,
cust_0245,2025-12-02,visit,
cust_0260,2025-12-02,visit,
cust_0261,2025-12-02,visit,
cust_0265,2025-12-02,purchase,52.52
cust_0272,2025-12-02,visit,
cust_0273,2025-12-02,visit,
cust_0274,2025-12-02,visit,
cust_0279,2025-12-02,visit,
cust_0286,2025-12-02,visit,
cust_0290,2025-12-02,purchase,27.01
cust_0292,2025-12-02,purchase,18.5
cust_0299,2025-12-02,visit,
cust_0303,2025-12-02,purchase,44.04
cust_0314,2025-12-02,purchase,44.97
cust_0322,2025-12-02,visit,
cust_0338,2025-12-02,visit,
cust_0341,2025-12-02,visit,
cust_0342,2025-12-02,visit,
cust_0361,2025-12-02,ticket,
cust_0374,2025-12-02,visit,
cust_0386,2025-12-02,visit,
cust_0394,2025-12-02,purchase,64.79
cust_0424,2025-12-02,visit,
cust_0437,2025-12-02,visit,
cust_0463,2025-12-02,visit,
cust_0467,2025-12-02,purchase,23.02
cust_0469,2025-12-02,visit,
cust_0471,2025-12-02,visit,
cust_0485,2025-12-02,visit,
cust_0491,2025-12-02,purchase,99.92
cust_0500,2025-12-02,visit,
cust_0503,2025-12-02,purchase,43.38
cust_0507,2025-12-02,purchase,33.67
cust_0521,2025-12-02,visit,
cust_0527,2025-12-02,visit,
cust_0543,2025-12-02,ticket,
cust_0547,2025-12-02,visit,
cust_0551,2025-12-02,visit,
cust_0556,2025-12-02,visit,
cust_0609,2025-12-02,visit,
cust_0618,2025-12-02,visit,
cust_0619,2025-12-02,purchase,27.97
cust_0630,2025-12-02,purchase,24.06
cust_0636,2025-12-02,purchase,25.8
cust_0646,2025-12-02,visit,
cust_0682,2025-12-02,purchase,49.98
cust_0683,2025-12-02,purchase,76.92
cust_0696,2025-12-02,visit,
cust_0698,2025-12-02,visit,
cust_0701,2025-12-02,ticket,
cust_0709,2025-12-02,purchase,84.93
cust_0711,2025-12-02,visit,
cust_0728,2025-12-02,purchase,10.32
cust_0732,2025-12-02,visit,
cust_0735,2025-12-02,purchase,28.07
cust_0747,2025-12-02,visit,
cust_0752,2025-12-02,visit,
cust_0756,2025-12-02,purchase,59.39
cust_0763,2025-12-02,visit,
cust_0771,2025-12-02,purchase,37.47
cust_0772,2025-12-02,purchase,39.34
cust_0776,2025-12-02,visit,
cust_0790,2025-12-02,visit,
cust_0794,2025-12-02,purchase,52.17
cust_0004,2025-12-03,visit,
cust_0026,2025-12-03,purchase,34.22
cust_0029,2025-12-03,visit,
cust_0035,2025-12-03,visit,
cust_0041,2025-12-03,visit,
cust_0042,2025-12-03,visit,
cust_0056,2025-12-03,visit,
cust_0063,2025-12-03,purchase,27.9
cust_0070,2025-12-03,visit,
cust_0106,2025-12-03,visit,
cust_0108,2025-12-03,visit,
cust_0137,2025-12-03,visit,
cust_0147,2025-12-03,purchase,26.94
cust_0153,2025-12-03,visit,
cust_0167,2025-12-03,visit,
cust_0168,2025-12-03,purchase,21.5
cust_0178,2025-12-03,visit,
cust_0181,2025-12-03,purchase,16.79
cust_0188,2025-12-03,visit,
cust_0189,2025-12-03,purchase,24.96
cust_0189,2025-12-03,refund,24.96
cust_0196,2025-12-03,visit,
cust_0211,2025-12-03,purchase,25.69
cust_0215,2025-12-03,purchase,32.49
cust_0230,2025-12-03,purchase,63.81
cust_0230,2025-12-03,refund,63.81
cust_0236,2025-12-03,ticket,
cust_0240,2025-12-03,visit,
cust_0247,2025-12-03,purchase,22.01
cust_0264,2025-12-03,purchase,48.86
cust_0273,2025-12-03,visit,
cust_0287,2025-12-03,purchase,31.58
cust_0289,2025-12-03,purchase,36.31
cust_0301,2025-12-03,visit,
cust_0309,2025-12-03,purchase,89.98
cust_0317,2025-12-03,purchase,74.27
cust_0317,2025-12-03,refund,74.27
cust_0346,2025-12-03,purchase,21.45
cust_0355,2025-12-03,purchase,59.84
cust_0359,2025-12-03,purchase,47.39
cust_0365,2025-12-03,visit,
cust_0366,2025-12-03,purchase,18.17
cust_0366,2025-12-03,refund,18.17
cust_0376,2025-12-03,purchase,35.38
cust_0384,2025-12-03,visit,
cust_0387,2025-12-03,visit,
cust_0407,2025-12-03,visit,
cust_0410,2025-12-03,visit,
cust_0412,2025-12-03,visit,
cust_0419,2025-12-03,visit,
cust_0423,2025-12-03,visit,
cust_0431,2025-12-03,visit,
cust_0446,2025-12-03,visit,
cust_0448,2025-12-03,purchase,24.74
cust_0452,2025-12-03,visit,
cust_0453,2025-12-03,visit,
cust_0471,2025-12-03,ticket,
cust_0475,2025-12-03,visit,
cust_0485,2025-12-03,visit,
cust_0495,2025-12-03,purchase,94.79
cust_0522,2025-12-03,visit,
cust_0530,2025-12-03,purchase,27.38
cust_0541,2025-12-03,ticket,
cust_0558,2025-12-03,visit,
cust_0560,2025-12-03,purchase,25.76
cust_0564,2025-12-03,visit,
cust_0565,2025-12-03,visit,
cust_0567,2025-12-03,visit,
cust_0570,2025-12-03,visit,
cust_0580,2025-12-03,visit,
cust_0586,2025-12-03,visit,
cust_0593,2025-12-03,visit,
cust_0601,2025-12-03,visit,
cust_0606,2025-12-03,purchase,48.65
cust_0618,2025-12-03,visit,
cust_0640,2025-12-03,visit,
cust_0649,2025-12-03,ticket,
cust_0652,2025-12-03,visit,
cust_0664,2025-12-03,purchase,41.3
cust_0670,2025-12-03,purchase,64.16
cust_0697,2025-12-03,purchase,51.38
cust_0708,2025-12-03,visit,
cust_0712,2025-12-03,purchase,23.31
cust_0725,2025-12-03,visit,
cust_0735,2025-12-03,visit,
cust_0744,2025-12-03,visit,
cust_0749,2025-12-03,visit,
cust_0755,2025-12-03,purchase,58.1
cust_0756,2025-12-03,purchase,38.5
cust_0779,2025-12-03,visit,
cust_0783,2025-12-03,visit,
cust_0789,2025-12-03,purchase,25.92
cust_0792,2025-12-03,visit,
cust_0796,2025-12-03,purchase,18.89
cust_0000,2025-12-04,purchase,22.53
cust_0014,2025-12-04,purchase,51.49
cust_0049,2025-12-04,visit,
cust_0064,2025-12-04,visit,
cust_0071,2025-12-04,purchase,46.58
cust_0081,2025-12-04,visit,
cust_0089,2025-12-04,purchase,55.77
cust_0129,2025-12-04,visit,
cust_0139,2025-12-04,visit,
cust_0150,2025-12-04,visit,
cust_0151,2025-12-04,ticket,
cust_0169,2025-12-04,purchase,57.93
cust_0175,2025-12-04,visit,
cust_0180,2025-12-04,visit,
cust_0181,2025-12-04,visit,
cust_0185,2025-12-04,visit,
cust_0192,2025-12-04,purchase,39.6
cust_0237,2025-12-04,visit,
cust_0240,2025-12-04,purchase,30.81
cust_0274,2025-12-04,visit,
cust_0279,2025-12-04,purchase,37.17
cust_0311,2025-12-04,visit,
cust_0344,2025-12-04,ticket,
cust_0378,2025-12-04,visit,
cust_0380,2025-12-04,visit,
cust_0397,2025-12-04,ticket,
cust_0400,2025-12-04,visit,
cust_0419,2025-12-04,ticket,
cust_0447,2025-12-04,purchase,65.45
cust_0453,2025-12-04,purchase,40.79
cust_0454,2025-12-04,purchase,19.52
cust_0477,2025-12-04,visit,
cust_0479,2025-12-04,visit,
cust_0482,2025-12-04,visit,
cust_0484,2025-12-04,visit,
cust_0493,2025-12-04,visit,
cust_0507,2025-12-04,visit,
cust_0508,2025-12-04,purchase,21.11
cust_0513,2025-12-04,visit,
cust_0516,2025-12-04,purchase,65.65
cust_0517,2025-12-04,purchase,56.36
cust_0517,2025-12-04,refund,56.36
cust_0528,2025-12-04,visit,
cust_0534,2025-12-04,visit,
cust_0547,2025-12-04,visit,
cust_0548,2025-12-04,purchase,37.96
cust_0561,2025-12-04,visit,
cust_0568,2025-12-04,visit,
cust_0601,2025-12-04,visit,
cust_0607,2025-12-04,ticket,
cust_0636,2025-12-04,visit,
cust_0654,2025-12-04,visit,
cust_0655,2025-12-04,visit,
cust_0675,2025-12-04,ticket,
cust_0681,2025-12-04,visit,
cust_0685,2025-12-04,purchase,73.04
cust_0686,2025-12-04,visit,
cust_0716,2025-12-04,visit,
cust_0720,2025-12-04,purchase,49.03
cust_0742,2025-12-04,visit,
cust_0747,2025-12-04,ticket,
cust_0748,2025-12-04,visit,
cust_0749,2025-12-04,visit,
cust_0753,2025-12-04,visit,
cust_0764,2025-12-04,purchase,35.98
cust_0777,2025-12-04,purchase,15.8
cust_0778,2025-12-04,visit,
cust_0790,2025-12-04,visit,
cust_0002,2025-12-05,visit,
cust_0011,2025-12-05,visit,
cust_0032,2025-12-05,visit,
cust_0046,2025-12-05,visit,
cust_0055,2025-12-05,purchase,55.68
cust_0059,2025-12-05,purchase,21.99
cust_0067,2025-12-05,purchase,20.49
cust_0076,2025-12-05,visit,
cust_0078,2025-12-05,purchase,35.92
cust_0104,2025-12-05,visit,
cust_0117,2025-12-05,visit,
cust_0131,2025-12-05,purchase,24.42
cust_0140,2025-12-05,purchase,18.43
cust_0142,2025-12-05,visit,
cust_0147,2025-12-05,visit,
cust_0151,2025-12-05,visit,
cust_0161,2025-12-05,purchase,15.79
cust_0163,2025-12-05,visit,
cust_0164,2025-12-05,purchase,48.87
cust_0167,2025-12-05,visit,
cust_0185,2025-12-05,purchase,87.52
cust_0186,2025-12-05,visit,
cust_0192,2025-12-05,purchase,24.69
cust_0214,2025-12-05,purchase,29.13
cust_0215,2025-12-05,purchase,21.37
cust_0218,2025-12-05,purchase,21.49
cust_0226,2025-12-05,visit,
cust_0250,2025-12-05,visit,
cust_0251,2025-12-05,visit,
cust_0257,2025-12-05,purchase,28.79
cust_0257,2025-12-05,refund,28.79
cust_0271,2025-12-05,visit,
cust_0279,2025-12-05,visit,
cust_0312,2025-12-05,purchase,31.26
cust_0331,2025-12-05,purchase,39.18
cust_0339,2025-12-05,visit,
cust_0356,2025-12-05,visit,
cust_0370,2025-12-05,visit,
cust_0387,2025-12-05,visit,
cust_0390,2025-12-05,visit,
cust_0396,2025-12-05,visit,
cust_0400,2025-12-05,visit,
cust_0403,2025-12-05,ticket,
cust_0424,2025-12-05,visit,
cust_0427,2025-12-05,visit,
cust_0431,2025-12-05,visit,
cust_0445,2025-12-05,purchase,62.63
cust_0457,2025-12-05,purchase,39.83
cust_0465,2025-12-05,visit,
cust_0468,2025-12-05,visit,
cust_0469,2025-12-05,visit,
cust_0474,2025-12-05,visit,
cust_0485,2025-12-05,purchase,36.38
cust_0528,2025-12-05,visit,
cust_0540,2025-12-05,visit,
cust_0554,2025-12-05,visit,
cust_0560,2025-12-05,purchase,19.42
cust_0567,2025-12-05,visit,
cust_0574,2025-12-05,purchase,35.96
cust_0584,2025-12-05,visit,
cust_0594,2025-12-05,purchase,43.43
cust_0609,2025-12-05,visit,
cust_0611,2025-12-05,purchase,16.45
cust_0614,2025-12-05,visit,
cust_0623,2025-12-05,purchase,24.22
cust_0625,2025-12-05,ticket,
cust_0633,2025-12-05,ticket,
cust_0640,2025-12-05,visit,
cust_0642,2025-12-05,visit,
cust_0657,2025-12-05,purchase,54.71
cust_0679,2025-12-05,visit,
cust_0685,2025-12-05,purchase,68.7
cust_0685,2025-12-05,refund,68.7
cust_0724,2025-12-05,visit,
cust_0733,2025-12-05,purchase,28.15
cust_0755,2025-12-05,purchase,50.38
cust_0756,2025-12-05,visit,
cust_0766,2025-12-05,visit,
cust_0768,2025-12-05,purchase,31.24
cust_0770,2025-12-05,visit,
cust_0776,2025-12-05,visit,
cust_0047,2025-12-06,visit,
cust_0050,2025-12-06,visit,
cust_0051,2025-12-06,visit,
cust_0065,2025-12-06,purchase,22.89
cust_0070,2025-12-06,purchase,34.53
cust_0081,2025-12-06,visit,
cust_0114,2025-12-06,purchase,36.19
cust_0118,2025-12-06,purchase,23.18
cust_0120,2025-12-06,purchase,47.79
cust_0131,2025-12-06,ticket,
cust_0137,2025-12-06,purchase,18.16
cust_0141,2025-12-06,visit,
cust_0145,2025-12-06,purchase,22.26
cust_0148,2025-12-06,visit,
cust_0151,2025-12-06,visit,
cust_0152,2025-12-06,purchase,14.79
cust_0161,2025-12-06,purchase,49.13
cust_0167,2025-12-06,visit,
cust_0176,2025-12-06,visit,
cust_0221,2025-12-06,visit,
cust_0228,2025-12-06,visit,
cust_0258,2025-12-06,purchase,62.07
cust_0266,2025-12-06,visit,
cust_0273,2025-12-06,purchase,55.62
cust_0278,2025-12-06,visit,
cust_0282,2025-12-06,visit,
cust_0290,2025-12-06,purchase,36.56
cust_0290,2025-12-06,refund,36.56
cust_0294,2025-12-06,purchase,29.13
cust_0295,2025-12-06,visit,
cust_0298,2025-12-06,visit,
cust_0302,2025-12-06,purchase,63.57
cust_0308,2025-12-06,visit,
cust_0314,2025-12-06,visit,
cust_0320,2025-12-06,visit,
cust_0321,2025-12-06,purchase,99.71
cust_0324,2025-12-06,visit,
cust_0326,2025-12-06,purchase,44.17
cust_0328,2025-12-06,ticket,
cust_0337,2025-12-06,visit,
cust_0347,2025-12-06,purchase,32.04
cust_0379,2025-12-06,visit,
cust_0396,2025-12-06,purchase,78.25
cust_0407,2025-12-06,visit,
cust_0433,2025-12-06,purchase,67.21
cust_0437,2025-12-06,purchase,66.41
cust_0437,2025-12-06,refund,66.41
cust_0447,2025-12-06,visit,
cust_0455,2025-12-06,visit,
cust_0481,2025-12-06,visit,
cust_0494,2025-12-06,purchase,38.92
cust_0499,2025-12-06,visit,
cust_0509,2025-12-06,purchase,49.55
cust_0519,2025-12-06,visit,
cust_0534,2025-12-06,visit,
cust_0539,2025-12-06,visit,
cust_0541,2025-12-06,visit,
cust_0545,2025-12-06,purchase,76.03
cust_0559,2025-12-06,purchase,33.17
cust_0578,2025-12-06,visit,
cust_0580,2025-12-06,visit,
cust_0593,2025-12-06,visit,
cust_0597,2025-12-06,visit,
cust_0612,2025-12-06,purchase,22.2
cust_0615,2025-12-06,visit,
cust_0622,2025-12-06,purchase,27.01
cust_0627,2025-12-06,purchase,25.4
cust_0631,2025-12-06,purchase,42.32
cust_0641,2025-12-06,purchase,29.63
cust_0643,2025-12-06,visit,
cust_0652,2025-12-06,purchase,47.97
cust_0657,2025-12-06,visit,
cust_0659,2025-12-06,purchase,40.48
cust_0673,2025-12-06,purchase,22.58
cust_0684,2025-12-06,purchase,55.23
cust_0685,2025-12-06,visit,
cust_0692,2025-12-06,visit,
cust_0693,2025-12-06,purchase,83.44
cust_0700,2025-12-06,purchase,94.79
cust_0701,2025-12-06,visit,
cust_0704,2025-12-06,purchase,16.56
cust_0722,2025-12-06,visit,
cust_0732,2025-12-06,ticket,
cust_0734,2025-12-06,purchase,31.1
cust_0742,2025-12-06,visit,
cust_0745,2025-12-06,purchase,40.93
cust_0766,2025-12-06,visit,
cust_0776,2025-12-06,visit,
cust_0786,2025-12-06,visit,
cust_0788,2025-12-06,purchase,22.55
cust_0794,2025-12-06,visit,
cust_0796,2025-12-06,visit,
cust_0000,2025-12-07,purchase,40.75
cust_0000,2025-12-07,refund,40.75
cust_0002,2025-12-07,visit,
cust_0011,2025-12-07,visit,
cust_0012,2025-12-07,visit,
cust_0024,2025-12-07,visit,
cust_0034,2025-12-07,purchase,28.98
cust_0040,2025-12-07,ticket,
cust_0056,2025-12-07,visit,
cust_0067,2025-12-07,visit,
cust_0068,2025-12-07,visit,
cust_0074,2025-12-07,visit,
cust_0076,2025-12-07,purchase,26.56
cust_0083,2025-12-07,visit,
cust_0084,2025-12-07,visit,
cust_0098,2025-12-07,visit,
cust_0104,2025-12-07,visit,
cust_0125,2025-12-07,visit,
cust_0129,2025-12-07,purchase,43.05
cust_0163,2025-12-07,purchase,37.93
cust_0166,2025-12-07,visit,
cust_0180,2025-12-07,purchase,41.01
cust_0181,2025-12-07,visit,
cust_0184,2025-12-07,visit,
cust_0194,2025-12-07,purchase,22.07
cust_0197,2025-12-07,purchase,21.56
cust_0204,2025-12-07,visit,
cust_0215,2025-12-07,visit,
cust_0220,2025-12-07,purchase,43.42
cust_0221,2025-12-07,visit,
cust_0230,2025-12-07,visit,
cust_0247,2025-12-07,visit,
cust_0250,2025-12-07,purchase,117.73
cust_0256,2025-12-07,purchase,18.98
cust_0268,2025-12-07,purchase,88.14
cust_0282,2025-12-07,visit,
cust_0287,2025-12-07,visit,
cust_0288,2025-12-07,visit,
cust_0298,2025-12-07,purchase,26.94
cust_0331,2025-12-07,visit,
cust_0334,2025-12-07,visit,
cust_0376,2025-12-07,visit,
cust_0385,2025-12-07,visit,
cust_0397,2025-12-07,purchase,54.49
cust_0398,2025-12-07,ticket,
cust_0402,2025-12-07,visit,
cust_0429,2025-12-07,purchase,21.59
cust_0435,2025-12-07,visit,
cust_0445,2025-12-07,visit,
cust_0446,2025-12-07,visit,
cust_0451,2025-12-07,purchase,53.42
cust_0451,2025-12-07,refund,53.42
cust_0468,2025-12-07,visit,
cust_0471,2025-12-07,purchase,43.6
cust_0490,2025-12-07,purchase,60.85
cust_0496,2025-12-07,purchase,25.58
cust_0499,2025-12-07,visit,
cust_0509,2025-12-07,visit,
cust_0515,2025-12-07,visit,
cust_0520,2025-12-07,visit,
cust_0521,2025-12-07,visit,
cust_0522,2025-12-07,purchase,39.05
cust_0526,2025-12-07,ticket,
cust_0548,2025-12-07,visit,
cust_0549,2025-12-07,visit,
cust_0551,2025-12-07,visit,
cust_0605,2025-12-07,visit,
cust_0612,2025-12-07,purchase,46.06
cust_0623,2025-12-07,visit,
cust_0643,2025-12-07,purchase,25.72
cust_0657,2025-12-07,visit,
cust_0666,2025-12-07,visit,
cust_0670,2025-12-07,visit,
cust_0675,2025-12-07,ticket,
cust_0676,2025-12-07,purchase,103.57
cust_0705,2025-12-07,visit,
cust_0714,2025-12-07,purchase,16.58
cust_0715,2025-12-07,visit,
cust_0720,2025-12-07,visit,
cust_0728,2025-12-07,purchase,24.72
cust_0732,2025-12-07,visit,
cust_0733,2025-12-07,visit,
cust_0746,2025-12-07,visit,
cust_0776,2025-12-07,purchase,39.08
cust_0795,2025-12-07,visit,
cust_0012,2025-12-08,visit,
cust_0019,2025-12-08,visit,
cust_0027,2025-12-08,visit,
cust_0037,2025-12-08,visit,
cust_0043,2025-12-08,purchase,109.54
cust_0051,2025-12-08,purchase,28.05
cust_0064,2025-12-08,visit,
cust_0067,2025-12-08,purchase,17.59
cust_0067,2025-12-08,refund,17.59
cust_0071,2025-12-08,visit,
cust_0082,2025-12-08,visit,
cust_0086,2025-12-08,visit,
cust_0092,2025-12-08,visit,
cust_0111,2025-12-08,visit,
cust_0113,2025-12-08,purchase,24.04
cust_0114,2025-12-08,visit,
cust_0127,2025-12-08,visit,
cust_0128,2025-12-08,visit,
cust_0133,2025-12-08,visit,
cust_0137,2025-12-08,purchase,26.69
cust_0143,2025-12-08,visit,
cust_0145,2025-12-08,visit,
cust_0150,2025-12-08,visit,
cust_0159,2025-12-08,visit,
cust_0171,2025-12-08,purchase,21.76
cust_0175,2025-12-08,purchase,26.21
cust_0181,2025-12-08,visit,
cust_0184,2025-12-08,visit,
cust_0193,2025-12-08,visit,
cust_0219,2025-12-08,visit,
cust_0241,2025-12-08,purchase,18.17
cust_0254,2025-12-08,ticket,
cust_0262,2025-12-08,visit,
cust_0315,2025-12-08,purchase,24.04
cust_0388,2025-12-08,visit,
cust_0391,2025-12-08,visit,
cust_0402,2025-12-08,purchase,48.16
cust_0403,2025-12-08,visit,
cust_0405,2025-12-08,visit,
cust_0433,2025-12-08,purchase,32.82
cust_0436,2025-12-08,purchase,27.71
cust_0460,2025-12-08,visit,
cust_0496,2025-12-08,visit,
cust_0505,2025-12-08,visit,
cust_0514,2025-12-08,visit,
cust_0524,2025-12-08,visit,
cust_0533,2025-12-08,visit,
cust_0534,2025-12-08,purchase,25.38
cust_0544,2025-12-08,visit,
cust_0556,2025-12-08,ticket,
cust_0557,2025-12-08,visit,
cust_0566,2025-12-08,visit,
cust_0570,2025-12-08,purchase,24.63
cust_0571,2025-12-08,purchase,12.78
cust_0571,2025-12-08,refund,12.78
cust_0576,2025-12-08,purchase,29.87
cust_0584,2025-12-08,purchase,60.09
cust_0588,2025-12-08,visit,
cust_0591,2025-12-08,purchase,22.12
cust_0597,2025-12-08,visit,
cust_0609,2025-12-08,purchase,31.72
cust_0609,2025-12-08,refund,31.72
cust_0622,2025-12-08,visit,
cust_0629,2025-12-08,visit,
cust_0637,2025-12-08,purchase,40.8
cust_0660,2025-12-08,ticket,
cust_0665,2025-12-08,purchase,30.46
cust_0667,2025-12-08,visit,
cust_0668,2025-12-08,visit,
cust_0669,2025-12-08,visit,
cust_0675,2025-12-08,ticket,
cust_0681,2025-12-08,visit,
cust_0684,2025-12-08,visit,
cust_0687,2025-12-08,visit,
cust_0700,2025-12-08,visit,
cust_0711,2025-12-08,visit,
cust_0732,2025-12-08,visit,
cust_0782,2025-12-08,visit,
cust_0005,2025-12-09,purchase,32.08
cust_0006,2025-12-09,purchase,35.29
cust_0015,2025-12-09,visit,
cust_0029,2025-12-09,visit,
cust_0034,2025-12-09,visit,
cust_0051,2025-12-09,visit,
cust_0060,2025-12-09,visit,
cust_0061,2025-12-09,visit,
cust_0065,2025-12-09,visit,
cust_0073,2025-12-09,visit,
cust_0083,2025-12-09,purchase,23.92
cust_0093,2025-12-09,purchase,65.54
cust_0097,2025-12-09,purchase,53.56
cust_0099,2025-12-09,visit,
cust_0104,2025-12-09,visit,
cust_0105,2025-12-09,visit,
cust_0112,2025-12-09,visit,
cust_0115,2025-12-09,visit,
cust_0116,2025-12-09,purchase,92.6
cust_0138,2025-12-09,purchase,41.5
cust_0145,2025-12-09,visit,
cust_0147,2025-12-09,purchase,53.41
cust_0147,2025-12-09,refund,53.41
cust_0150,2025-12-09,purchase,26.08
cust_0154,2025-12-09,ticket,
cust_0156,2025-12-09,purchase,45.09
cust_0162,2025-12-09,purchase,76.51
cust_0168,2025-12-09,visit,
cust_0172,2025-12-09,purchase,89.49
cust_0186,2025-12-09,visit,
cust_0194,2025-12-09,visit,
cust_0207,2025-12-09,purchase,37.73
cust_0236,2025-12-09,purchase,42.61
cust_0261,2025-12-09,visit,
cust_0271,2025-12-09,purchase,19.59
cust_0278,2025-12-09,purchase,51.97
cust_0278,2025-12-09,refund,51.97
cust_0290,2025-12-09,visit,
cust_0302,2025-12-09,visit,
cust_0311,2025-12-09,purchase,65.14
cust_0328,2025-12-09,visit,
cust_0351,2025-12-09,purchase,54.79
cust_0371,2025-12-09,visit,
cust_0376,2025-12-09,visit,
cust_0384,2025-12-09,purchase,48.77
cust_0399,2025-12-09,visit,
cust_0402,2025-12-09,visit,
cust_0417,2025-12-09,purchase,28.54
cust_0419,2025-12-09,visit,
cust_0422,2025-12-09,visit,
cust_0437,2025-12-09,visit,
cust_0449,2025-12-09,purchase,39.87
cust_0453,2025-12-09,visit,
cust_0458,2025-12-09,ticket,
cust_0467,2025-12-09,purchase,23.91
cust_0493,2025-12-09,purchase,29.06
cust_0520,2025-12-09,ticket,
cust_0521,2025-12-09,visit,
cust_0532,2025-12-09,purchase,57.3
cust_0552,2025-12-09,visit,
cust_0554,2025-12-09,visit,
cust_0557,2025-12-09,ticket,
cust_0574,2025-12-09,visit,
cust_0578,2025-12-09,visit,
cust_0589,2025-12-09,purchase,36.54
cust_0593,2025-12-09,purchase,23.41
cust_0598,2025-12-09,visit,
cust_0617,2025-12-09,purchase,33.55
cust_0622,2025-12-09,purchase,14.4
cust_0626,2025-12-09,purchase,126.88
cust_0651,2025-12-09,visit,
cust_0652,2025-12-09,visit,
cust_0668,2025-12-09,purchase,22.59
cust_0686,2025-12-09,visit,
cust_0693,2025-12-09,visit,
cust_0700,2025-12-09,purchase,47.34
cust_0717,2025-12-09,visit,
cust_0734,2025-12-09,purchase,70.49
cust_0742,2025-12-09,visit,
cust_0770,2025-12-09,purchase,35.12
cust_0779,2025-12-09,purchase,41.14
cust_0782,2025-12-09,purchase,29.08
cust_0789,2025-12-09,visit,
cust_0791,2025-12-09,purchase,59.85
cust_0791,2025-12-09,refund,59.85
cust_0796,2025-12-09,visit,
cust_0002,2025-12-10,visit,
cust_0007,2025-12-10,visit,
cust_0043,2025-12-10,visit,
cust_0050,2025-12-10,visit,
cust_0054,2025-12-10,visit,
cust_0071,2025-12-10,purchase,118.73
cust_0074,2025-12-10,visit,
cust_0083,2025-12-10,visit,
cust_0104,2025-12-10,purchase,55.95
cust_0115,2025-12-10,visit,
cust_0123,2025-12-10,purchase,31.3
cust_0149,2025-12-10,purchase,59.79
cust_0149,2025-12-10,refund,59.79
cust_0157,2025-12-10,visit,
cust_0163,2025-12-10,purchase,140.48
cust_0164,2025-12-10,purchase,63.11
cust_0170,2025-12-10,visit,
cust_0178,2025-12-10,purchase,21.62
cust_0181,2025-12-10,visit,
cust_0183,2025-12-10,visit,
cust_0192,2025-12-10,visit,
cust_0193,2025-12-10,visit,
cust_0201,2025-12-10,visit,
cust_0216,2025-12-10,purchase,39.21
cust_0220,2025-12-10,visit,
cust_0237,2025-12-10,visit,
cust_0261,2025-12-10,visit,
cust_0271,2025-12-10,visit,
cust_0275,2025-12-10,visit,
cust_0286,2025-12-10,visit,
cust_0297,2025-12-10,visit,
cust_0298,2025-12-10,purchase,31.58
cust_0300,2025-12-10,visit,
cust_0304,2025-12-10,visit,
cust_0314,2025-12-10,purchase,63.99
cust_0316,2025-12-10,purchase,31.51
cust_0323,2025-12-10,visit,
cust_0325,2025-12-10,visit,
cust_0328,2025-12-10,visit,
cust_0339,2025-12-10,visit,
cust_0361,2025-12-10,purchase,52.99
cust_0376,2025-12-10,purchase,16.3
cust_0378,2025-12-10,purchase,35.69
cust_0386,2025-12-10,purchase,58.98
cust_0395,2025-12-10,visit,
cust_0408,2025-12-10,visit,
cust_0412,2025-12-10,visit,
cust_0423,2025-12-10,visit,
cust_0426,2025-12-10,visit,
cust_0430,2025-12-10,visit,
cust_0432,2025-12-10,visit,
cust_0442,2025-12-10,visit,
cust_0446,2025-12-10,visit,
cust_0456,2025-12-10,visit,
cust_0470,2025-12-10,purchase,37.0
cust_0483,2025-12-10,visit,
cust_0491,2025-12-10,visit,
cust_0521,2025-12-10,visit,
cust_0544,2025-12-10,visit,
cust_0552,2025-12-10,visit,
cust_0567,2025-12-10,visit,
cust_0593,2025-12-10,visit,
cust_0602,2025-12-10,visit,
cust_0606,2025-12-10,visit,
cust_0607,2025-12-10,purchase,29.05
cust_0611,2025-12-10,visit,
cust_0614,2025-12-10,purchase,25.1
cust_0633,2025-12-10,visit,
cust_0640,2025-12-10,visit,
cust_0651,2025-12-10,visit,
cust_0657,2025-12-10,visit,
cust_0680,2025-12-10,visit,
cust_0690,2025-12-10,ticket,
cust_0716,2025-12-10,purchase,53.33
cust_0722,2025-12-10,purchase,52.59
cust_0727,2025-12-10,purchase,21.66
cust_0731,2025-12-10,visit,
cust_0735,2025-12-10,purchase,26.56
cust_0746,2025-12-10,visit,
cust_0749,2025-12-10,visit,
cust_0769,2025-12-10,visit,
cust_0770,2025-12-10,visit,
cust_0780,2025-12-10,visit,
cust_0787,2025-12-10,purchase,64.34
cust_0792,2025-12-10,visit,
cust_0001,2025-12-11,visit,
cust_0004,2025-12-11,purchase,18.46
cust_0014,2025-12-11,visit,
cust_0018,2025-12-11,visit,
cust_0021,2025-12-11,visit,
cust_0022,2025-12-11,purchase,30.26
cust_0032,2025-12-11,visit,
cust_0045,2025-12-11,visit,
cust_0058,2025-12-11,ticket,
cust_0059,2025-12-11,visit,
cust_0067,2025-12-11,visit,
cust_0072,2025-12-11,visit,
cust_0078,2025-12-11,visit,
cust_0097,2025-12-11,visit,
cust_0101,2025-12-11,purchase,21.99
cust_0115,2025-12-11,visit,
cust_0127,2025-12-11,purchase,38.27
cust_0130,2025-12-11,visit,
cust_0135,2025-12-11,purchase,19.78
cust_0143,2025-12-11,purchase,33.13
cust_0143,2025-12-11,refund,33.13
cust_0153,2025-12-11,visit,
cust_0182,2025-12-11,visit,
cust_0207,2025-12-11,visit,
cust_0218,2025-12-11,visit,
cust_0229,2025-12-11,visit,
cust_0247,2025-12-11,visit,
cust_0252,2025-12-11,visit,
cust_0259,2025-12-11,visit,
cust_0274,2025-12-11,visit,
cust_0280,2025-12-11,visit,
cust_0282,2025-12-11,visit,
cust_0283,2025-12-11,visit,
cust_0284,2025-12-11,visit,
cust_0288,2025-12-11,visit,
cust_0294,2025-12-11,visit,
cust_0295,2025-12-11,visit,
cust_0301,2025-12-11,visit,
cust_0319,2025-12-11,visit,
cust_0320,2025-12-11,visit,
cust_0329,2025-12-11,visit,
cust_0355,2025-12-11,purchase,83.87
cust_0373,2025-12-11,visit,
cust_0386,2025-12-11,visit,
cust_0389,2025-12-11,visit,
cust_0395,2025-12-11,visit,
cust_0396,2025-12-11,visit,
cust_0422,2025-12-11,visit,
cust_0423,2025-12-11,purchase,24.99
cust_0433,2025-12-11,purchase,30.17
cust_0454,2025-12-11,visit,
cust_0455,2025-12-11,visit,
cust_0459,2025-12-11,purchase,44.7
cust_0468,2025-12-11,purchase,14.64
cust_0475,2025-12-11,visit,
cust_0488,2025-12-11,purchase,31.75
cust_0509,2025-12-11,purchase,22.96
cust_0531,2025-12-11,purchase,52.91
cust_0531,2025-12-11,refund,52.91
cust_0535,2025-12-11,visit,
cust_0550,2025-12-11,ticket,
cust_0553,2025-12-11,visit,
cust_0560,2025-12-11,purchase,78.4
cust_0567,2025-12-11,visit,
cust_0568,2025-12-11,purchase,32.65
cust_0586,2025-12-11,purchase,38.35
cust_0597,2025-12-11,ticket,
cust_0602,2025-12-11,visit,
cust_0617,2025-12-11,purchase,31.79
cust_0636,2025-12-11,visit,
cust_0651,2025-12-11,purchase,49.88
cust_0678,2025-12-11,visit,
cust_0686,2025-12-11,visit,
cust_0693,2025-12-11,ticket,
cust_0708,2025-12-11,purchase,28.36
cust_0709,2025-12-11,purchase,21.56
cust_0710,2025-12-11,visit,
cust_0715,2025-12-11,visit,
cust_0717,2025-12-11,visit,
cust_0719,2025-12-11,purchase,37.05
cust_0730,2025-12-11,purchase,26.26
cust_0731,2025-12-11,purchase,35.57
cust_0750,2025-12-11,purchase,29.82
cust_0777,2025-12-11,ticket,
cust_0789,2025-12-11,visit,
cust_0792,2025-12-11,purchase,37.94
cust_0028,2025-12-12,purchase,37.13
cust_0043,2025-12-12,purchase,49.79
cust_0045,2025-12-12,visit,
cust_0062,2025-12-12,visit,
cust_0083,2025-12-12,purchase,48.02
cust_0091,2025-12-12,purchase,23.35
cust_0091,2025-12-12,refund,23.35
cust_0092,2025-12-12,visit,
cust_0094,2025-12-12,visit,
cust_0103,2025-12-12,purchase,91.04
cust_0124,2025-12-12,visit,
cust_0126,2025-12-12,visit,
cust_0136,2025-12-12,visit,
cust_0138,2025-12-12,purchase,13.92
cust_0143,2025-12-12,purchase,62.89
cust_0147,2025-12-12,purchase,33.79
cust_0148,2025-12-12,purchase,76.0
cust_0156,2025-12-12,purchase,61.27
cust_0163,2025-12-12,visit,
cust_0164,2025-12-12,visit,
cust_0182,2025-12-12,visit,
cust_0191,2025-12-12,visit,
cust_0199,2025-12-12,visit,
cust_0210,2025-12-12,visit,
cust_0232,2025-12-12,visit,
cust_0244,2025-12-12,purchase,60.93
cust_0258,2025-12-12,purchase,47.02
cust_0278,2025-12-12,visit,
cust_0287,2025-12-12,ticket,
cust_0294,2025-12-12,visit,
cust_0298,2025-12-12,purchase,40.76
cust_0310,2025-12-12,visit,
cust_0317,2025-12-12,visit,
cust_0342,2025-12-12,visit,
cust_0352,2025-12-12,visit,
cust_0360,2025-12-12,purchase,18.53
cust_0377,2025-12-12,ticket,
cust_0394,2025-12-12,visit,
cust_0399,2025-12-12,visit,
cust_0407,2025-12-12,visit,
cust_0439,2025-12-12,purchase,75.15
cust_0439,2025-12-12,refund,75.15
cust_0453,2025-12-12,visit,
cust_0458,2025-12-12,purchase,104.99
cust_0459,2025-12-12,purchase,47.57
cust_0471,2025-12-12,purchase,25.64
cust_0490,2025-12-12,purchase,39.93
cust_0495,2025-12-12,purchase,126.5
cust_0497,2025-12-12,visit,
cust_0550,2025-12-12,visit,
cust_0554,2025-12-12,ticket,
cust_0594,2025-12-12,visit,
cust_0595,2025-12-12,purchase,12.5
cust_0597,2025-12-12,visit,
cust_0615,2025-12-12,visit,
cust_0630,2025-12-12,purchase,40.75
cust_0667,2025-12-12,visit,
cust_0668,2025-12-12,visit,
cust_0678,2025-12-12,purchase,47.41
cust_0685,2025-12-12,purchase,35.7
cust_0712,2025-12-12,visit,
cust_0731,2025-12-12,purchase,13.31
cust_0742,2025-12-12,visit,
cust_0746,2025-12-12,purchase,21.95
cust_0746,2025-12-12,refund,21.95
cust_0760,2025-12-12,purchase,38.08
cust_0766,2025-12-12,purchase,44.98
cust_0774,2025-12-12,purchase,43.51
cust_0783,2025-12-12,visit,
cust_0792,2025-12-12,purchase,32.38
cust_0006,2025-12-13,visit,
cust_0019,2025-12-13,visit,
cust_0036,2025-12-13,visit,
cust_0060,2025-12-13,visit,
cust_0061,2025-12-13,visit,
cust_0102,2025-12-13,visit,
cust_0103,2025-12-13,visit,
cust_0104,2025-12-13,purchase,41.67
cust_0107,2025-12-13,purchase,67.72
cust_0110,2025-12-13,purchase,48.14
cust_0125,2025-12-13,purchase,26.18
cust_0132,2025-12-13,purchase,43.94
cust_0143,2025-12-13,visit,
cust_0150,2025-12-13,visit,
cust_0167,2025-12-13,purchase,56.7
cust_0168,2025-12-13,visit,
cust_0175,2025-12-13,visit,
cust_0180,2025-12-13,purchase,109.66
cust_0192,2025-12-13,purchase,30.73
cust_0195,2025-12-13,visit,
cust_0218,2025-12-13,visit,
cust_0221,2025-12-13,visit,
cust_0229,2025-12-13,purchase,23.4
cust_0249,2025-12-13,visit,
cust_0266,2025-12-13,purchase,40.76
cust_0267,2025-12-13,visit,
cust_0277,2025-12-13,purchase,44.49
cust_0319,2025-12-13,visit,
cust_0344,2025-12-13,purchase,41.52
cust_0345,2025-12-13,purchase,18.38
cust_0365,2025-12-13,purchase,42.38
cust_0374,2025-12-13,visit,
cust_0378,2025-12-13,visit,
cust_0394,2025-12-13,visit,
cust_0399,2025-12-13,visit,
cust_0404,2025-12-13,visit,
cust_0415,2025-12-13,visit,
cust_0418,2025-12-13,purchase,56.85
cust_0429,2025-12-13,visit,
cust_0447,2025-12-13,visit,
cust_0448,2025-12-13,visit,
cust_0449,2025-12-13,visit,
cust_0452,2025-12-13,purchase,48.3
cust_0454,2025-12-13,visit,
cust_0458,2025-12-13,visit,
cust_0465,2025-12-13,purchase,79.01
cust_0466,2025-12-13,visit,
cust_0477,2025-12-13,visit,
cust_0488,2025-12-13,purchase,25.28
cust_0503,2025-12-13,purchase,26.95
cust_0528,2025-12-13,purchase,29.89
cust_0553,2025-12-13,visit,
cust_0560,2025-12-13,visit,
cust_0568,2025-12-13,ticket,
cust_0588,2025-12-13,visit,
cust_0594,2025-12-13,visit,
cust_0608,2025-12-13,visit,
cust_0633,2025-12-13,purchase,42.42
cust_0651,2025-12-13,visit,
cust_0655,2025-12-13,visit,
cust_0702,2025-12-13,visit,
cust_0707,2025-12-13,purchase,47.0
cust_0707,2025-12-13,refund,47.0
cust_0708,2025-12-13,visit,
cust_0711,2025-12-13,visit,
cust_0713,2025-12-13,visit,
cust_0716,2025-12-13,visit,
cust_0719,2025-12-13,purchase,35.93
cust_0720,2025-12-13,purchase,28.78
cust_0720,2025-12-13,refund,28.78
cust_0725,2025-12-13,visit,
cust_0727,2025-12-13,ticket,
cust_0755,2025-12-13,visit,
cust_0757,2025-12-13,visit,
cust_0761,2025-12-13,purchase,38.45
cust_0765,2025-12-13,visit,
cust_0770,2025-12-13,purchase,44.4
cust_0798,2025-12-13,ticket,
cust_0001,2025-12-14,visit,
cust_0012,2025-12-14,visit,
cust_0038,2025-12-14,visit,
cust_0058,2025-12-14,purchase,36.58
cust_0076,2025-12-14,visit,
cust_0081,2025-12-14,visit,
cust_0093,2025-12-14,purchase,16.3
cust_0093,2025-12-14,refund,16.3
cust_0102,2025-12-14,visit,
cust_0133,2025-12-14,purchase,35.77
cust_0142,2025-12-14,visit,
cust_0153,2025-12-14,visit,
cust_0166,2025-12-14,visit,
cust_0192,2025-12-14,visit,
cust_0194,2025-12-14,visit,
cust_0196,2025-12-14,visit,
cust_0219,2025-12-14,purchase,38.53
cust_0238,2025-12-14,visit,
cust_0248,2025-12-14,visit,
cust_0252,2025-12-14,visit,
cust_0284,2025-12-14,visit,
cust_0298,2025-12-14,visit,
cust_0302,2025-12-14,visit,
cust_0342,2025-12-14,purchase,41.44
cust_0373,2025-12-14,visit,
cust_0392,2025-12-14,visit,
cust_0403,2025-12-14,purchase,87.92
cust_0407,2025-12-14,ticket,
cust_0427,2025-12-14,visit,
cust_0438,2025-12-14,visit,
cust_0440,2025-12-14,purchase,94.92
cust_0446,2025-12-14,purchase,71.52
cust_0457,2025-12-14,visit,
cust_0482,2025-12-14,visit,
cust_0484,2025-12-14,purchase,24.58
cust_0488,2025-12-14,purchase,35.14
cust_0495,2025-12-14,purchase,65.8
cust_0495,2025-12-14,refund,65.8
cust_0522,2025-12-14,visit,
cust_0531,2025-12-14,purchase,39.03
cust_0552,2025-12-14,visit,
cust_0590,2025-12-14,visit,
cust_0597,2025-12-14,visit,
cust_0614,2025-12-14,purchase,32.83
cust_0622,2025-12-14,visit,
cust_0636,2025-12-14,visit,
cust_0637,2025-12-14,visit,
cust_0642,2025-12-14,visit,
cust_0643,2025-12-14,purchase,24.08
cust_0646,2025-12-14,visit,
cust_0648,2025-12-14,visit,
cust_0649,2025-12-14,purchase,47.85
cust_0657,2025-12-14,visit,
cust_0675,2025-12-14,purchase,53.62
cust_0676,2025-12-14,visit,
cust_0691,2025-12-14,purchase,48.68
cust_0697,2025-12-14,visit,
cust_0716,2025-12-14,visit,
cust_0723,2025-12-14,visit,
cust_0731,2025-12-14,purchase,19.49
cust_0732,2025-12-14,visit,
cust_0762,2025-12-14,purchase,18.76
cust_0768,2025-12-14,purchase,40.8
cust_0773,2025-12-14,visit,
cust_0782,2025-12-14,visit,
cust_0788,2025-12-14,visit,
cust_0007,2025-12-15,purchase,13.88
cust_0019,2025-12-15,visit,
cust_0030,2025-12-15,visit,
cust_0043,2025-12-15,visit,
cust_0052,2025-12-15,visit,
cust_0058,2025-12-15,purchase,81.78
cust_0082,2025-12-15,visit,
cust_0115,2025-12-15,purchase,20.87
cust_0128,2025-12-15,visit,
cust_0133,2025-12-15,purchase,18.79
cust_0139,2025-12-15,visit,
cust_0179,2025-12-15,purchase,24.97
cust_0180,2025-12-15,visit,
cust_0185,2025-12-15,visit,
cust_0188,2025-12-15,visit,
cust_0210,2025-12-15,purchase,51.86
cust_0215,2025-12-15,visit,
cust_0218,2025-12-15,purchase,31.0
cust_0244,2025-12-15,visit,
cust_0261,2025-12-15,purchase,79.6
cust_0262,2025-12-15,purchase,43.1
cust_0283,2025-12-15,visit,
cust_0311,2025-12-15,visit,
cust_0317,2025-12-15,visit,
cust_0319,2025-12-15,purchase,38.01
cust_0321,2025-12-15,visit,
cust_0344,2025-12-15,purchase,66.58
cust_0347,2025-12-15,purchase,36.86
cust_0369,2025-12-15,visit,
cust_0394,2025-12-15,visit,
cust_0404,2025-12-15,purchase,18.88
cust_0424,2025-12-15,visit,
cust_0437,2025-12-15,purchase,59.26
cust_0471,2025-12-15,visit,
cust_0488,2025-12-15,visit,
cust_0503,2025-12-15,purchase,38.18
cust_0515,2025-12-15,purchase,38.73
cust_0517,2025-12-15,visit,
cust_0538,2025-12-15,visit,
cust_0550,2025-12-15,purchase,26.95
cust_0559,2025-12-15,visit,
cust_0569,2025-12-15,visit,
cust_0574,2025-12-15,purchase,34.13
cust_0580,2025-12-15,purchase,23.67
cust_0580,2025-12-15,refund,23.67
cust_0588,2025-12-15,purchase,43.64
cust_0595,2025-12-15,visit,
cust_0602,2025-12-15,visit,
cust_0608,2025-12-15,visit,
cust_0635,2025-12-15,visit,
cust_0643,2025-12-15,visit,
cust_0664,2025-12-15,visit,
cust_0681,2025-12-15,purchase,28.38
cust_0683,2025-12-15,visit,
cust_0688,2025-12-15,purchase,42.27
cust_0696,2025-12-15,visit,
cust_0709,2025-12-15,visit,
cust_0712,2025-12-15,visit,
cust_0724,2025-12-15,visit,
cust_0739,2025-12-15,visit,
cust_0749,2025-12-15,purchase,19.67
cust_0768,2025-12-15,visit,
cust_0770,2025-12-15,visit,
cust_0000,2025-12-16,visit,
cust_0002,2025-12-16,visit,
cust_0020,2025-12-16,visit,
cust_0028,2025-12-16,purchase,32.7
cust_0041,2025-12-16,visit,
cust_0053,2025-12-16,purchase,74.74
cust_0059,2025-12-16,visit,
cust_0104,2025-12-16,visit,
cust_0113,2025-12-16,visit,
cust_0120,2025-12-16,visit,
cust_0122,2025-12-16,ticket,
cust_0144,2025-12-16,purchase,95.6
cust_0145,2025-12-16,purchase,30.56
cust_0165,2025-12-16,visit,
cust_0174,2025-12-16,visit,
cust_0177,2025-12-16,visit,
cust_0187,2025-12-16,purchase,23.1
cust_0188,2025-12-16,visit,
cust_0195,2025-12-16,purchase,29.72
cust_0199,2025-12-16,visit,
cust_0200,2025-12-16,visit,
cust_0204,2025-12-16,visit,
cust_0218,2025-12-16,purchase,26.96
cust_0234,2025-12-16,purchase,21.92
cust_0235,2025-12-16,purchase,45.14
cust_0235,2025-12-16,refund,45.14
cust_0243,2025-12-16,visit,
cust_0265,2025-12-16,purchase,14.62
cust_0274,2025-12-16,purchase,68.54
cust_0275,2025-12-16,purchase,55.8
cust_0275,2025-12-16,refund,55.8
cust_0289,2025-12-16,purchase,112.67
cust_0294,2025-12-16,visit,
cust_0305,2025-12-16,purchase,70.95
cust_0307,2025-12-16,visit,
cust_0316,2025-12-16,purchase,20.74
cust_0317,2025-12-16,purchase,37.19
cust_0343,2025-12-16,visit,
cust_0352,2025-12-16,visit,
cust_0354,2025-12-16,visit,
cust_0360,2025-12-16,purchase,38.09
cust_0365,2025-12-16,visit,
cust_0368,2025-12-16,visit,
cust_0372,2025-12-16,visit,
cust_0376,2025-12-16,visit,
cust_0383,2025-12-16,visit,
cust_0394,2025-12-16,purchase,70.19
cust_0399,2025-12-16,visit,
cust_0406,2025-12-16,purchase,17.65
cust_0415,2025-12-16,visit,
cust_0423,2025-12-16,purchase,17.24
cust_0424,2025-12-16,visit,
cust_0429,2025-12-16,ticket,
cust_0434,2025-12-16,visit,
cust_0447,2025-12-16,purchase,53.52
cust_0465,2025-12-16,purchase,15.36
cust_0482,2025-12-16,visit,
cust_0483,2025-12-16,visit,
cust_0493,2025-12-16,visit,
cust_0499,2025-12-16,visit,
cust_0500,2025-12-16,purchase,34.09
cust_0521,2025-12-16,visit,
cust_0524,2025-12-16,visit,
cust_0549,2025-12-16,purchase,40.83
cust_0549,2025-12-16,refund,40.83
cust_0559,2025-12-16,visit,
cust_0560,2025-12-16,visit,
cust_0598,2025-12-16,purchase,21.13
cust_0600,2025-12-16,visit,
cust_0636,2025-12-16,purchase,28.04
cust_0642,2025-12-16,ticket,
cust_0643,2025-12-16,visit,
cust_0646,2025-12-16,ticket,
cust_0649,2025-12-16,visit,
cust_0655,2025-12-16,visit,
cust_0674,2025-12-16,visit,
cust_0686,2025-12-16,visit,
cust_0687,2025-12-16,purchase,55.15
cust_0701,2025-12-16,visit,
cust_0708,2025-12-16,visit,
cust_0725,2025-12-16,purchase,45.58
cust_0741,2025-12-16,purchase,36.47
cust_0745,2025-12-16,visit,
cust_0778,2025-12-16,visit,
cust_0792,2025-12-16,purchase,33.36
cust_0002,2025-12-17,purchase,57.43
cust_0004,2025-12-17,purchase,36.71
cust_0026,2025-12-17,visit,
cust_0038,2025-12-17,purchase,49.62
cust_0055,2025-12-17,purchase,35.55
cust_0070,2025-12-17,purchase,24.74
cust_0076,2025-12-17,visit,
cust_0082,2025-12-17,visit,
cust_0087,2025-12-17,visit,
cust_0092,2025-12-17,visit,
cust_0100,2025-12-17,visit,
cust_0111,2025-12-17,visit,
cust_0118,2025-12-17,purchase,50.87
cust_0123,2025-12-17,visit,
cust_0136,2025-12-17,purchase,33.42
cust_0141,2025-12-17,visit,
cust_0145,2025-12-17,visit,
cust_0146,2025-12-17,visit,
cust_0149,2025-12-17,visit,
cust_0151,2025-12-17,visit,
cust_0166,2025-12-17,purchase,38.35
cust_0175,2025-12-17,visit,
cust_0177,2025-12-17,visit,
cust_0218,2025-12-17,purchase,12.01
cust_0221,2025-12-17,visit,
cust_0224,2025-12-17,purchase,39.7
cust_0229,2025-12-17,purchase,22.62
cust_0231,2025-12-17,visit,
cust_0237,2025-12-17,ticket,
cust_0249,2025-12-17,visit,
cust_0253,2025-12-17,visit,
cust_0267,2025-12-17,visit,
cust_0274,2025-12-17,visit,
cust_0287,2025-12-17,purchase,35.47
cust_0296,2025-12-17,visit,
cust_0298,2025-12-17,purchase,50.27
cust_0301,2025-12-17,purchase,60.35
cust_0304,2025-12-17,visit,
cust_0308,2025-12-17,visit,
cust_0314,2025-12-17,visit,
cust_0315,2025-12-17,purchase,34.0
cust_0325,2025-12-17,visit,
cust_0354,2025-12-17,visit,
cust_0355,2025-12-17,visit,
cust_0360,2025-12-17,visit,
cust_0377,2025-12-17,purchase,24.74
cust_0379,2025-12-17,visit,
cust_0384,2025-12-17,visit,
cust_0399,2025-12-17,purchase,42.53
cust_0407,2025-12-17,purchase,35.86
cust_0409,2025-12-17,visit,
cust_0429,2025-12-17,purchase,56.88
cust_0432,2025-12-17,visit,
cust_0451,2025-12-17,purchase,46.44
cust_0452,2025-12-17,visit,
cust_0464,2025-12-17,visit,
cust_0470,2025-12-17,visit,
cust_0473,2025-12-17,visit,
cust_0475,2025-12-17,visit,
cust_0488,2025-12-17,purchase,28.37
cust_0501,2025-12-17,visit,
cust_0506,2025-12-17,purchase,34.28
cust_0507,2025-12-17,purchase,44.39
cust_0533,2025-12-17,visit,
cust_0549,2025-12-17,purchase,80.25
cust_0557,2025-12-17,purchase,44.63
cust_0559,2025-12-17,purchase,27.27
cust_0600,2025-12-17,visit,
cust_0601,2025-12-17,purchase,61.93
cust_0613,2025-12-17,visit,
cust_0614,2025-12-17,visit,
cust_0626,2025-12-17,visit,
cust_0639,2025-12-17,visit,
cust_0648,2025-12-17,purchase,21.52
cust_0652,2025-12-17,visit,
cust_0669,2025-12-17,visit,
cust_0671,2025-12-17,visit,
cust_0675,2025-12-17,purchase,58.62
cust_0700,2025-12-17,ticket,
cust_0701,2025-12-17,visit,
cust_0709,2025-12-17,visit,
cust_0727,2025-12-17,visit,
cust_0730,2025-12-17,visit,
cust_0739,2025-12-17,purchase,54.02
cust_0773,2025-12-17,visit,
cust_0774,2025-12-17,visit,
cust_0785,2025-12-17,visit,
cust_0787,2025-12-17,visit,
cust_0794,2025-12-17,purchase,65.18
cust_0002,2025-12-18,visit,
cust_0012,2025-12-18,purchase,80.92
cust_0017,2025-12-18,visit,
cust_0053,2025-12-18,visit,
cust_0058,2025-12-18,purchase,41.54
cust_0097,2025-12-18,purchase,29.56
cust_0108,2025-12-18,visit,
cust_0112,2025-12-18,purchase,26.29
cust_0112,2025-12-18,refund,26.29
cust_0113,2025-12-18,visit,
cust_0124,2025-12-18,visit,
cust_0133,2025-12-18,purchase,45.5
cust_0140,2025-12-18,purchase,21.3
cust_0161,2025-12-18,visit,
cust_0165,2025-12-18,visit,
cust_0170,2025-12-18,visit,
cust_0178,2025-12-18,visit,
cust_0191,2025-12-18,purchase,38.16
cust_0216,2025-12-18,purchase,25.62
cust_0216,2025-12-18,refund,25.62
cust_0223,2025-12-18,visit,
cust_0227,2025-12-18,visit,
cust_0247,2025-12-18,visit,
cust_0262,2025-12-18,visit,
cust_0263,2025-12-18,visit,
cust_0273,2025-12-18,visit,
cust_0279,2025-12-18,visit,
cust_0292,2025-12-18,purchase,41.66
cust_0292,2025-12-18,refund,41.66
cust_0310,2025-12-18,visit,
cust_0324,2025-12-18,visit,
cust_0352,2025-12-18,visit,
cust_0361,2025-12-18,visit,
cust_0364,2025-12-18,purchase,22.11
cust_0370,2025-12-18,visit,
cust_0374,2025-12-18,purchase,22.28
cust_0396,2025-12-18,visit,
cust_0406,2025-12-18,visit,
cust_0412,2025-12-18,purchase,52.2
cust_0417,2025-12-18,purchase,85.39
cust_0431,2025-12-18,purchase,62.31
cust_0437,2025-12-18,purchase,28.68
cust_0447,2025-12-18,visit,
cust_0462,2025-12-18,visit,
cust_0477,2025-12-18,visit,
cust_0484,2025-12-18,visit,
cust_0522,2025-12-18,purchase,47.92
cust_0541,2025-12-18,purchase,48.09
cust_0551,2025-12-18,visit,
cust_0553,2025-12-18,visit,
cust_0559,2025-12-18,purchase,59.77
cust_0567,2025-12-18,visit,
cust_0576,2025-12-18,ticket,
cust_0588,2025-12-18,visit,
cust_0612,2025-12-18,visit,
cust_0621,2025-12-18,visit,
cust_0634,2025-12-18,visit,
cust_0649,2025-12-18,purchase,74.26
cust_0657,2025-12-18,visit,
cust_0669,2025-12-18,purchase,33.99
cust_0681,2025-12-18,visit,
cust_0682,2025-12-18,visit,
cust_0685,2025-12-18,visit,
cust_0692,2025-12-18,visit,
cust_0700,2025-12-18,visit,
cust_0714,2025-12-18,purchase,36.88
cust_0743,2025-12-18,visit,
cust_0753,2025-12-18,purchase,36.2
cust_0764,2025-12-18,purchase,39.26
cust_0776,2025-12-18,purchase,50.95
cust_0782,2025-12-18,purchase,26.54
cust_0002,2025-12-19,purchase,29.79
cust_0014,2025-12-19,visit,
cust_0017,2025-12-19,purchase,30.44
cust_0030,2025-12-19,visit,
cust_0061,2025-12-19,visit,
cust_0071,2025-12-19,purchase,24.11
cust_0072,2025-12-19,purchase,103.36
cust_0086,2025-12-19,visit,
cust_0088,2025-12-19,purchase,31.14
cust_0095,2025-12-19,visit,
cust_0099,2025-12-19,purchase,19.23
cust_0109,2025-12-19,visit,
cust_0113,2025-12-19,purchase,23.49
cust_0143,2025-12-19,purchase,32.69
cust_0147,2025-12-19,visit,
cust_0149,2025-12-19,visit,
cust_0159,2025-12-19,purchase,57.55
cust_0164,2025-12-19,visit,
cust_0179,2025-12-19,visit,
cust_0198,2025-12-19,purchase,44.19
cust_0218,2025-12-19,visit,
cust_0249,2025-12-19,visit,
cust_0266,2025-12-19,visit,
cust_0269,2025-12-19,purchase,55.67
cust_0269,2025-12-19,refund,55.67
cust_0273,2025-12-19,visit,
cust_0274,2025-12-19,visit,
cust_0295,2025-12-19,visit,
cust_0299,2025-12-19,visit,
cust_0305,2025-12-19,purchase,40.52
cust_0306,2025-12-19,visit,
cust_0311,2025-12-19,purchase,71.75
cust_0313,2025-12-19,purchase,44.58
cust_0314,2025-12-19,ticket,
cust_0317,2025-12-19,purchase,14.78
cust_0342,2025-12-19,purchase,40.56
cust_0359,2025-12-19,visit,
cust_0365,2025-12-19,visit,
cust_0369,2025-12-19,visit,
cust_0370,2025-12-19,purchase,43.34
cust_0377,2025-12-19,visit,
cust_0382,2025-12-19,visit,
cust_0384,2025-12-19,purchase,23.22
cust_0394,2025-12-19,purchase,59.19
cust_0403,2025-12-19,visit,
cust_0409,2025-12-19,ticket,
cust_0433,2025-12-19,visit,
cust_0455,2025-12-19,visit,
cust_0462,2025-12-19,purchase,75.79
cust_0468,2025-12-19,visit,
cust_0471,2025-12-19,ticket,
cust_0474,2025-12-19,purchase,15.92
cust_0485,2025-12-19,visit,
cust_0489,2025-12-19,visit,
cust_0497,2025-12-19,visit,
cust_0498,2025-12-19,visit,
cust_0503,2025-12-19,purchase,27.27
cust_0506,2025-12-19,purchase,62.04
cust_0509,2025-12-19,visit,
cust_0512,2025-12-19,visit,
cust_0516,2025-12-19,purchase,89.93
cust_0526,2025-12-19,visit,
cust_0528,2025-12-19,visit,
cust_0535,2025-12-19,visit,
cust_0560,2025-12-19,visit,
cust_0563,2025-12-19,visit,
cust_0568,2025-12-19,visit,
cust_0574,2025-12-19,purchase,33.56
cust_0594,2025-12-19,visit,
cust_0606,2025-12-19,purchase,12.68
cust_0613,2025-12-19,visit,
cust_0620,2025-12-19,visit,
cust_0635,2025-12-19,visit,
cust_0644,2025-12-19,visit,
cust_0655,2025-12-19,visit,
cust_0662,2025-12-19,purchase,71.34
cust_0667,2025-12-19,visit,
cust_0676,2025-12-19,purchase,26.43
cust_0679,2025-12-19,ticket,
cust_0680,2025-12-19,visit,
cust_0682,2025-12-19,visit,
cust_0686,2025-12-19,visit,
cust_0704,2025-12-19,purchase,26.13
cust_0705,2025-12-19,visit,
cust_0720,2025-12-19,visit,
cust_0763,2025-12-19,visit,
cust_0788,2025-12-19,visit,
cust_0793,2025-12-19,visit,
cust_0005,2025-12-20,purchase,72.57
cust_0023,2025-12-20,visit,
cust_0028,2025-12-20,visit,
cust_0031,2025-12-20,visit,
cust_0046,2025-12-20,purchase,45.48
cust_0048,2025-12-20,purchase,29.57
cust_0066,2025-12-20,purchase,33.89
cust_0097,2025-12-20,visit,
cust_0111,2025-12-20,purchase,32.81
cust_0114,2025-12-20,purchase,47.75
cust_0131,2025-12-20,visit,
cust_0157,2025-12-20,visit,
cust_0163,2025-12-20,purchase,22.57
cust_0166,2025-12-20,visit,
cust_0175,2025-12-20,visit,
cust_0181,2025-12-20,purchase,55.12
cust_0197,2025-12-20,purchase,47.6
cust_0228,2025-12-20,purchase,65.12
cust_0235,2025-12-20,visit,
cust_0238,2025-12-20,visit,
cust_0261,2025-12-20,ticket,
cust_0267,2025-12-20,purchase,92.57
cust_0268,2025-12-20,visit,
cust_0269,2025-12-20,purchase,30.06
cust_0283,2025-12-20,purchase,59.68
cust_0284,2025-12-20,visit,
cust_0289,2025-12-20,purchase,92.01
cust_0298,2025-12-20,purchase,79.28
cust_0317,2025-12-20,purchase,29.73
cust_0334,2025-12-20,visit,
cust_0338,2025-12-20,purchase,37.81
cust_0340,2025-12-20,purchase,16.12
cust_0340,2025-12-20,refund,16.12
cust_0368,2025-12-20,visit,
cust_0372,2025-12-20,visit,
cust_0386,2025-12-20,visit,
cust_0389,2025-12-20,visit,
cust_0420,2025-12-20,purchase,86.43
cust_0436,2025-12-20,purchase,24.6
cust_0448,2025-12-20,visit,
cust_0460,2025-12-20,purchase,47.94
cust_0465,2025-12-20,visit,
cust_0497,2025-12-20,visit,
cust_0504,2025-12-20,purchase,85.04
cust_0509,2025-12-20,visit,
cust_0522,2025-12-20,purchase,21.41
cust_0535,2025-12-20,purchase,17.32
cust_0538,2025-12-20,visit,
cust_0558,2025-12-20,visit,
cust_0562,2025-12-20,visit,
cust_0594,2025-12-20,visit,
cust_0603,2025-12-20,purchase,28.38
cust_0606,2025-12-20,visit,
cust_0620,2025-12-20,visit,
cust_0634,2025-12-20,visit,
cust_0635,2025-12-20,visit,
cust_0646,2025-12-20,ticket,
cust_0650,2025-12-20,purchase,36.97
cust_0650,2025-12-20,refund,36.97
cust_0654,2025-12-20,visit,
cust_0668,2025-12-20,visit,
cust_0676,2025-12-20,visit,
cust_0687,2025-12-20,visit,
cust_0748,2025-12-20,purchase,55.94
cust_0756,2025-12-20,purchase,25.9
cust_0757,2025-12-20,visit,
cust_0759,2025-12-20,visit,
cust_0760,2025-12-20,purchase,29.36
cust_0765,2025-12-20,visit,
cust_0770,2025-12-20,visit,
cust_0781,2025-12-20,purchase,39.55
cust_0781,2025-12-20,refund,39.55
cust_0782,2025-12-20,visit,
cust_0004,2025-12-21,purchase,30.01
cust_0011,2025-12-21,visit,
cust_0014,2025-12-21,visit,
cust_0022,2025-12-21,visit,
cust_0031,2025-12-21,visit,
cust_0038,2025-12-21,purchase,72.18
cust_0045,2025-12-21,visit,
cust_0046,2025-12-21,visit,
cust_0055,2025-12-21,purchase,20.58
cust_0055,2025-12-21,refund,20.58
cust_0061,2025-12-21,visit,
cust_0064,2025-12-21,visit,
cust_0067,2025-12-21,visit,
cust_0068,2025-12-21,visit,
cust_0071,2025-12-21,purchase,36.59
cust_0078,2025-12-21,purchase,55.95
cust_0086,2025-12-21,purchase,32.64
cust_0101,2025-12-21,visit,
cust_0115,2025-12-21,visit,
cust_0123,2025-12-21,purchase,27.29
cust_0128,2025-12-21,purchase,29.48
cust_0129,2025-12-21,purchase,23.58
cust_0136,2025-12-21,visit,
cust_0174,2025-12-21,visit,
cust_0190,2025-12-21,visit,
cust_0217,2025-12-21,visit,
cust_0224,2025-12-21,visit,
cust_0231,2025-12-21,visit,
cust_0232,2025-12-21,visit,
cust_0252,2025-12-21,visit,
cust_0253,2025-12-21,visit,
cust_0256,2025-12-21,visit,
cust_0268,2025-12-21,purchase,24.2
cust_0269,2025-12-21,visit,
cust_0273,2025-12-21,visit,
cust_0293,2025-12-21,purchase,27.05
cust_0301,2025-12-21,purchase,47.52
cust_0307,2025-12-21,purchase,27.49
cust_0318,2025-12-21,visit,
cust_0333,2025-12-21,visit,
cust_0355,2025-12-21,purchase,42.68
cust_0356,2025-12-21,purchase,33.94
cust_0365,2025-12-21,visit,
cust_0373,2025-12-21,purchase,21.15
cust_0390,2025-12-21,visit,
cust_0415,2025-12-21,visit,
cust_0431,2025-12-21,visit,
cust_0433,2025-12-21,purchase,29.54
cust_0467,2025-12-21,purchase,63.51
cust_0474,2025-12-21,visit,
cust_0485,2025-12-21,purchase,104.25
cust_0499,2025-12-21,ticket,
cust_0503,2025-12-21,visit,
cust_0523,2025-12-21,visit,
cust_0528,2025-12-21,visit,
cust_0531,2025-12-21,purchase,22.35
cust_0536,2025-12-21,purchase,24.36
cust_0548,2025-12-21,visit,
cust_0550,2025-12-21,purchase,55.63
cust_0557,2025-12-21,purchase,23.16
cust_0559,2025-12-21,purchase,63.4
cust_0561,2025-12-21,visit,
cust_0563,2025-12-21,visit,
cust_0564,2025-12-21,visit,
cust_0581,2025-12-21,visit,
cust_0582,2025-12-21,visit,
cust_0590,2025-12-21,visit,
cust_0607,2025-12-21,visit,
cust_0610,2025-12-21,purchase,18.74
cust_0612,2025-12-21,purchase,42.59
cust_0617,2025-12-21,visit,
cust_0640,2025-12-21,visit,
cust_0642,2025-12-21,visit,
cust_0654,2025-12-21,visit,
cust_0655,2025-12-21,purchase,157.14
cust_0669,2025-12-21,visit,
cust_0671,2025-12-21,visit,
cust_0691,2025-12-21,visit,
cust_0732,2025-12-21,visit,
cust_0739,2025-12-21,visit,
cust_0745,2025-12-21,purchase,41.57
cust_0747,2025-12-21,purchase,36.04
cust_0771,2025-12-21,purchase,33.45
cust_0773,2025-12-21,purchase,25.37
cust_0787,2025-12-21,visit,
cust_0788,2025-12-21,visit,
cust_0796,2025-12-21,ticket,
cust_0003,2025-12-22,purchase,59.46
cust_0007,2025-12-22,visit,
cust_0023,2025-12-22,purchase,40.17
cust_0051,2025-12-22,purchase,25.52
cust_0060,2025-12-22,visit,
cust_0066,2025-12-22,visit,
cust_0072,2025-12-22,visit,
cust_0075,2025-12-22,purchase,33.62
cust_0089,2025-12-22,visit,
cust_0092,2025-12-22,visit,
cust_0105,2025-12-22,purchase,58.01
cust_0110,2025-12-22,purchase,127.06
cust_0114,2025-12-22,visit,
cust_0129,2025-12-22,purchase,31.32
cust_0135,2025-12-22,visit,
cust_0144,2025-12-22,visit,
cust_0171,2025-12-22,visit,
cust_0183,2025-12-22,visit,
cust_0203,2025-12-22,visit,
cust_0215,2025-12-22,purchase,37.57
cust_0220,2025-12-22,visit,
cust_0240,2025-12-22,visit,
cust_0251,2025-12-22,visit,
cust_0253,2025-12-22,purchase,31.27
cust_0255,2025-12-22,purchase,51.54
cust_0275,2025-12-22,purchase,16.78
cust_0277,2025-12-22,visit,
cust_0279,2025-12-22,purchase,35.26
cust_0281,2025-12-22,purchase,23.46
cust_0282,2025-12-22,visit,
cust_0290,2025-12-22,visit,
cust_0299,2025-12-22,purchase,45.92
cust_0308,2025-12-22,visit,
cust_0334,2025-12-22,visit,
cust_0369,2025-12-22,visit,
cust_0374,2025-12-22,purchase,20.3
cust_0384,2025-12-22,purchase,33.76
cust_0393,2025-12-22,visit,
cust_0399,2025-12-22,visit,
cust_0433,2025-12-22,visit,
cust_0449,2025-12-22,visit,
cust_0462,2025-12-22,purchase,12.09
cust_0472,2025-12-22,purchase,44.74
cust_0472,2025-12-22,refund,44.74
cust_0482,2025-12-22,visit,
cust_0488,2025-12-22,purchase,112.54
cust_0488,2025-12-22,refund,112.54
cust_0507,2025-12-22,purchase,46.19
cust_0507,2025-12-22,refund,46.19
cust_0522,2025-12-22,visit,
cust_0556,2025-12-22,purchase,46.39
cust_0556,2025-12-22,refund,46.39
cust_0562,2025-12-22,visit,
cust_0580,2025-12-22,visit,
cust_0584,2025-12-22,visit,
cust_0605,2025-12-22,visit,
cust_0607,2025-12-22,visit,
cust_0608,2025-12-22,visit,
cust_0611,2025-12-22,visit,
cust_0614,2025-12-22,visit,
cust_0652,2025-12-22,visit,
cust_0657,2025-12-22,visit,
cust_0662,2025-12-22,visit,
cust_0670,2025-12-22,purchase,26.13
cust_0673,2025-12-22,visit,
cust_0692,2025-12-22,visit,
cust_0697,2025-12-22,visit,
cust_0710,2025-12-22,purchase,39.7
cust_0772,2025-12-22,purchase,25.43
cust_0777,2025-12-22,purchase,21.08
cust_0784,2025-12-22,purchase,30.0
cust_0785,2025-12-22,visit,
cust_0795,2025-12-22,visit,
cust_0796,2025-12-22,purchase,31.85
cust_0796,2025-12-22,refund,31.85
cust_0004,2025-12-23,visit,
cust_0007,2025-12-23,visit,
cust_0017,2025-12-23,purchase,33.73
cust_0022,2025-12-23,visit,
cust_0039,2025-12-23,purchase,37.43
cust_0049,2025-12-23,visit,
cust_0059,2025-12-23,visit,
cust_0065,2025-12-23,purchase,54.45
cust_0072,2025-12-23,visit,
cust_0076,2025-12-23,purchase,80.71
cust_0077,2025-12-23,visit,
cust_0084,2025-12-23,purchase,48.14
cust_0107,2025-12-23,visit,
cust_0111,2025-12-23,visit,
cust_0119,2025-12-23,purchase,55.87
cust_0120,2025-12-23,visit,
cust_0137,2025-12-23,purchase,29.18
cust_0145,2025-12-23,purchase,39.07
cust_0152,2025-12-23,purchase,36.05
cust_0156,2025-12-23,purchase,104.37
cust_0163,2025-12-23,purchase,31.58
cust_0199,2025-12-23,visit,
cust_0216,2025-12-23,visit,
cust_0217,2025-12-23,visit,
cust_0220,2025-12-23,purchase,45.9
cust_0233,2025-12-23,purchase,58.35
cust_0243,2025-12-23,visit,
cust_0257,2025-12-23,purchase,13.29
cust_0260,2025-12-23,ticket,
cust_0263,2025-12-23,visit,
cust_0272,2025-12-23,purchase,19.68
cust_0273,2025-12-23,ticket,
cust_0275,2025-12-23,ticket,
cust_0284,2025-12-23,visit,
cust_0286,2025-12-23,visit,
cust_0296,2025-12-23,visit,
cust_0297,2025-12-23,visit,
cust_0299,2025-12-23,visit,
cust_0329,2025-12-23,visit,
cust_0331,2025-12-23,visit,
cust_0333,2025-12-23,purchase,53.08
cust_0342,2025-12-23,visit,
cust_0343,2025-12-23,visit,
cust_0348,2025-12-23,visit,
cust_0363,2025-12-23,visit,
cust_0372,2025-12-23,purchase,19.86
cust_0372,2025-12-23,refund,19.86
cust_0379,2025-12-23,purchase,46.75
cust_0406,2025-12-23,visit,
cust_0407,2025-12-23,purchase,53.08
cust_0424,2025-12-23,visit,
cust_0429,2025-12-23,visit,
cust_0431,2025-12-23,purchase,11.75
cust_0437,2025-12-23,purchase,58.76
cust_0447,2025-12-23,purchase,42.33
cust_0448,2025-12-23,purchase,52.87
cust_0454,2025-12-23,purchase,26.56
cust_0457,2025-12-23,visit,
cust_0460,2025-12-23,purchase,45.41
cust_0460,2025-12-23,refund,45.41
cust_0470,2025-12-23,visit,
cust_0507,2025-12-23,visit,
cust_0509,2025-12-23,visit,
cust_0513,2025-12-23,purchase,27.45
cust_0517,2025-12-23,purchase,19.33
cust_0526,2025-12-23,visit,
cust_0533,2025-12-23,purchase,132.45
cust_0535,2025-12-23,purchase,41.43
cust_0546,2025-12-23,purchase,51.77
cust_0573,2025-12-23,purchase,23.28
cust_0597,2025-12-23,visit,
cust_0606,2025-12-23,visit,
cust_0607,2025-12-23,visit,
cust_0614,2025-12-23,visit,
cust_0634,2025-12-23,visit,
cust_0651,2025-12-23,purchase,17.79
cust_0668,2025-12-23,visit,
cust_0679,2025-12-23,visit,
cust_0699,2025-12-23,visit,
cust_0708,2025-12-23,visit,
cust_0711,2025-12-23,visit,
cust_0713,2025-12-23,purchase,32.98
cust_0726,2025-12-23,visit,
cust_0734,2025-12-23,visit,
cust_0738,2025-12-23,visit,
cust_0746,2025-12-23,purchase,13.59
cust_0748,2025-12-23,visit,
cust_0761,2025-12-23,ticket,
cust_0768,2025-12-23,purchase,45.19
cust_0787,2025-12-23,visit,
cust_0793,2025-12-23,purchase,40.19
cust_0001,2025-12-24,visit,
cust_0003,2025-12-24,visit,
cust_0011,2025-12-24,purchase,40.03
cust_0012,2025-12-24,visit,
cust_0027,2025-12-24,purchase,35.85
cust_0028,2025-12-24,visit,
cust_0039,2025-12-24,visit,
cust_0043,2025-12-24,purchase,31.15
cust_0074,2025-12-24,visit,
cust_0094,2025-12-24,visit,
cust_0097,2025-12-24,visit,
cust_0114,2025-12-24,purchase,41.63
cust_0140,2025-12-24,visit,
cust_0164,2025-12-24,visit,
cust_0172,2025-12-24,purchase,18.88
cust_0172,2025-12-24,refund,18.88
cust_0182,2025-12-24,visit,
cust_0199,2025-12-24,purchase,133.08
cust_0206,2025-12-24,purchase,9.5
cust_0212,2025-12-24,purchase,28.25
cust_0216,2025-12-24,visit,
cust_0248,2025-12-24,visit,
cust_0251,2025-12-24,visit,
cust_0253,2025-12-24,visit,
cust_0271,2025-12-24,visit,
cust_0273,2025-12-24,visit,
cust_0280,2025-12-24,visit,
cust_0301,2025-12-24,visit,
cust_0311,2025-12-24,visit,
cust_0317,2025-12-24,visit,
cust_0352,2025-12-24,visit,
cust_0368,2025-12-24,visit,
cust_0375,2025-12-24,purchase,27.29
cust_0375,2025-12-24,refund,27.29
cust_0415,2025-12-24,visit,
cust_0431,2025-12-24,visit,
cust_0440,2025-12-24,purchase,14.47
cust_0454,2025-12-24,visit,
cust_0456,2025-12-24,purchase,42.44
cust_0458,2025-12-24,purchase,24.08
cust_0462,2025-12-24,visit,
cust_0470,2025-12-24,purchase,69.2
cust_0473,2025-12-24,purchase,40.25
cust_0479,2025-12-24,visit,
cust_0487,2025-12-24,purchase,68.8
cust_0487,2025-12-24,refund,68.8
cust_0506,2025-12-24,visit,
cust_0507,2025-12-24,visit,
cust_0521,2025-12-24,ticket,
cust_0534,2025-12-24,purchase,35.52
cust_0540,2025-12-24,visit,
cust_0543,2025-12-24,purchase,46.69
cust_0576,2025-12-24,purchase,22.81
cust_0597,2025-12-24,purchase,39.62
cust_0600,2025-12-24,visit,
cust_0601,2025-12-24,visit,
cust_0613,2025-12-24,visit,
cust_0634,2025-12-24,visit,
cust_0643,2025-12-24,purchase,65.34
cust_0652,2025-12-24,visit,
cust_0653,2025-12-24,visit,
cust_0656,2025-12-24,purchase,25.92
cust_0668,2025-12-24,visit,
cust_0677,2025-12-24,purchase,35.15
cust_0687,2025-12-24,visit,
cust_0698,2025-12-24,visit,
cust_0709,2025-12-24,purchase,14.5
cust_0714,2025-12-24,purchase,22.16
cust_0715,2025-12-24,visit,
cust_0731,2025-12-24,purchase,83.29
cust_0733,2025-12-24,visit,
cust_0745,2025-12-24,visit,
cust_0755,2025-12-24,ticket,
cust_0765,2025-12-24,visit,
cust_0783,2025-12-24,visit,
cust_0784,2025-12-24,visit,
cust_0789,2025-12-24,visit,
cust_0002,2025-12-25,purchase,35.86
cust_0013,2025-12-25,visit,
cust_0022,2025-12-25,purchase,27.32
cust_0034,2025-12-25,visit,
cust_0052,2025-12-25,purchase,39.9
cust_0057,2025-12-25,visit,
cust_0099,2025-12-25,visit,
cust_0103,2025-12-25,visit,
cust_0115,2025-12-25,visit,
cust_0122,2025-12-25,purchase,53.12
cust_0136,2025-12-25,purchase,83.43
cust_0138,2025-12-25,visit,
cust_0141,2025-12-25,visit,
cust_0147,2025-12-25,purchase,39.36
cust_0158,2025-12-25,visit,
cust_0162,2025-12-25,purchase,14.17
cust_0171,2025-12-25,visit,
cust_0174,2025-12-25,visit,
cust_0179,2025-12-25,visit,
cust_0193,2025-12-25,purchase,42.19
cust_0204,2025-12-25,visit,
cust_0232,2025-12-25,visit,
cust_0247,2025-12-25,purchase,39.71
cust_0249,2025-12-25,visit,
cust_0267,2025-12-25,visit,
cust_0278,2025-12-25,purchase,34.6
cust_0288,2025-12-25,purchase,45.35
cust_0289,2025-12-25,purchase,84.87
cust_0317,2025-12-25,visit,
cust_0329,2025-12-25,purchase,29.65
cust_0350,2025-12-25,purchase,40.06
cust_0415,2025-12-25,visit,
cust_0425,2025-12-25,purchase,55.51
cust_0426,2025-12-25,visit,
cust_0430,2025-12-25,purchase,21.27
cust_0434,2025-12-25,purchase,16.98
cust_0455,2025-12-25,visit,
cust_0462,2025-12-25,visit,
cust_0468,2025-12-25,visit,
cust_0469,2025-12-25,purchase,17.89
cust_0484,2025-12-25,visit,
cust_0493,2025-12-25,ticket,
cust_0501,2025-12-25,purchase,48.16
cust_0504,2025-12-25,purchase,29.57
cust_0524,2025-12-25,visit,
cust_0546,2025-12-25,visit,
cust_0548,2025-12-25,purchase,26.81
cust_0553,2025-12-25,purchase,59.19
cust_0555,2025-12-25,purchase,39.63
cust_0603,2025-12-25,purchase,100.01
cust_0613,2025-12-25,purchase,17.07
cust_0620,2025-12-25,visit,
cust_0621,2025-12-25,purchase,43.58
cust_0638,2025-12-25,purchase,23.53
cust_0658,2025-12-25,purchase,61.2
cust_0670,2025-12-25,purchase,25.69
cust_0674,2025-12-25,purchase,31.44
cust_0679,2025-12-25,visit,
cust_0690,2025-12-25,visit,
cust_0694,2025-12-25,ticket,
cust_0703,2025-12-25,visit,
cust_0729,2025-12-25,visit,
cust_0730,2025-12-25,visit,
cust_0732,2025-12-25,visit,
cust_0738,2025-12-25,visit,
cust_0780,2025-12-25,visit,
cust_0799,2025-12-25,visit,
cust_0018,2025-12-26,purchase,35.52
cust_0018,2025-12-26,refund,35.52
cust_0019,2025-12-26,purchase,43.08
cust_0043,2025-12-26,purchase,69.99
cust_0060,2025-12-26,visit,
cust_0065,2025-12-26,visit,
cust_0068,2025-12-26,purchase,34.7
cust_0070,2025-12-26,purchase,43.25
cust_0091,2025-12-26,visit,
cust_0104,2025-12-26,visit,
cust_0112,2025-12-26,visit,
cust_0116,2025-12-26,purchase,46.23
cust_0139,2025-12-26,visit,
cust_0142,2025-12-26,purchase,30.7
cust_0144,2025-12-26,purchase,45.87
cust_0167,2025-12-26,visit,
cust_0173,2025-12-26,purchase,46.54
cust_0179,2025-12-26,purchase,49.47
cust_0182,2025-12-26,visit,
cust_0192,2025-12-26,purchase,30.04
cust_0227,2025-12-26,visit,
cust_0233,2025-12-26,visit,
cust_0238,2025-12-26,visit,
cust_0266,2025-12-26,visit,
cust_0270,2025-12-26,visit,
cust_0288,2025-12-26,visit,
cust_0298,2025-12-26,purchase,58.83
cust_0299,2025-12-26,visit,
cust_0317,2025-12-26,visit,
cust_0355,2025-12-26,visit,
cust_0366,2025-12-26,visit,
cust_0373,2025-12-26,visit,
cust_0381,2025-12-26,visit,
cust_0389,2025-12-26,purchase,66.02
cust_0395,2025-12-26,visit,
cust_0414,2025-12-26,visit,
cust_0429,2025-12-26,purchase,56.32
cust_0431,2025-12-26,purchase,49.35
cust_0448,2025-12-26,visit,
cust_0459,2025-12-26,purchase,28.51
cust_0461,2025-12-26,purchase,33.75
cust_0471,2025-12-26,visit,
cust_0474,2025-12-26,visit,
cust_0480,2025-12-26,visit,
cust_0483,2025-12-26,visit,
cust_0485,2025-12-26,visit,
cust_0490,2025-12-26,visit,
cust_0500,2025-12-26,visit,
cust_0505,2025-12-26,purchase,53.44
cust_0505,2025-12-26,refund,53.44
cust_0507,2025-12-26,visit,
cust_0508,2025-12-26,purchase,31.89
cust_0508,2025-12-26,refund,31.89
cust_0511,2025-12-26,purchase,42.37
cust_0515,2025-12-26,visit,
cust_0551,2025-12-26,visit,
cust_0557,2025-12-26,visit,
cust_0559,2025-12-26,purchase,47.62
cust_0573,2025-12-26,purchase,20.74
cust_0580,2025-12-26,visit,
cust_0585,2025-12-26,purchase,23.29
cust_0588,2025-12-26,ticket,
cust_0603,2025-12-26,visit,
cust_0616,2025-12-26,visit,
cust_0620,2025-12-26,purchase,17.02
cust_0622,2025-12-26,purchase,52.72
cust_0622,2025-12-26,refund,52.72
cust_0625,2025-12-26,visit,
cust_0628,2025-12-26,purchase,36.39
cust_0644,2025-12-26,visit,
cust_0672,2025-12-26,visit,
cust_0675,2025-12-26,visit,
cust_0687,2025-12-26,visit,
cust_0693,2025-12-26,purchase,56.41
cust_0695,2025-12-26,purchase,22.01
cust_0708,2025-12-26,visit,
cust_0728,2025-12-26,purchase,24.46
cust_0734,2025-12-26,visit,
cust_0735,2025-12-26,visit,
cust_0736,2025-12-26,visit,
cust_0770,2025-12-26,purchase,18.63
cust_0777,2025-12-26,purchase,47.97
cust_0790,2025-12-26,visit,
cust_0791,2025-12-26,visit,
cust_0793,2025-12-26,visit,
cust_0794,2025-12-26,visit,
cust_0796,2025-12-26,purchase,41.34
cust_0799,2025-12-26,visit,
cust_0003,2025-12-27,purchase,25.01
cust_0003,2025-12-27,refund,25.01
cust_0011,2025-12-27,purchase,35.09
cust_0024,2025-12-27,ticket,
cust_0026,2025-12-27,visit,
cust_0044,2025-12-27,ticket,
cust_0061,2025-12-27,ticket,
cust_0073,2025-12-27,purchase,36.44
cust_0087,2025-12-27,visit,
cust_0092,2025-12-27,visit,
cust_0101,2025-12-27,visit,
cust_0111,2025-12-27,visit,
cust_0141,2025-12-27,visit,
cust_0150,2025-12-27,visit,
cust_0155,2025-12-27,ticket,
cust_0159,2025-12-27,visit,
cust_0174,2025-12-27,purchase,26.9
cust_0179,2025-12-27,purchase,22.88
cust_0186,2025-12-27,visit,
cust_0192,2025-12-27,purchase,25.77
cust_0194,2025-12-27,purchase,31.85
cust_0194,2025-12-27,refund,31.85
cust_0216,2025-12-27,purchase,51.96
cust_0249,2025-12-27,visit,
cust_0255,2025-12-27,purchase,30.81
cust_0270,2025-12-27,visit,
cust_0287,2025-12-27,purchase,28.82
cust_0287,2025-12-27,refund,28.82
cust_0300,2025-12-27,visit,
cust_0315,2025-12-27,visit,
cust_0317,2025-12-27,purchase,46.64
cust_0328,2025-12-27,visit,
cust_0335,2025-12-27,visit,
cust_0372,2025-12-27,visit,
cust_0388,2025-12-27,visit,
cust_0393,2025-12-27,visit,
cust_0395,2025-12-27,visit,
cust_0405,2025-12-27,ticket,
cust_0406,2025-12-27,visit,
cust_0411,2025-12-27,purchase,17.28
cust_0412,2025-12-27,purchase,41.15
cust_0423,2025-12-27,visit,
cust_0446,2025-12-27,visit,
cust_0459,2025-12-27,visit,
cust_0524,2025-12-27,purchase,29.87
cust_0528,2025-12-27,purchase,24.51
cust_0529,2025-12-27,visit,
cust_0534,2025-12-27,visit,
cust_0537,2025-12-27,visit,
cust_0540,2025-12-27,purchase,24.52
cust_0547,2025-12-27,visit,
cust_0548,2025-12-27,visit,
cust_0578,2025-12-27,purchase,29.25
cust_0580,2025-12-27,visit,
cust_0594,2025-12-27,visit,
cust_0597,2025-12-27,visit,
cust_0613,2025-12-27,visit,
cust_0615,2025-12-27,visit,
cust_0621,2025-12-27,visit,
cust_0623,2025-12-27,visit,
cust_0642,2025-12-27,visit,
cust_0643,2025-12-27,purchase,96.35
cust_0651,2025-12-27,purchase,29.0
cust_0654,2025-12-27,visit,
cust_0659,2025-12-27,visit,
cust_0685,2025-12-27,visit,
cust_0695,2025-12-27,visit,
cust_0743,2025-12-27,visit,
cust_0748,2025-12-27,visit,
cust_0755,2025-12-27,purchase,33.12
cust_0776,2025-12-27,ticket,
cust_0797,2025-12-27,visit,
cust_0000,2025-12-28,visit,
cust_0017,2025-12-28,purchase,32.15
cust_0026,2025-12-28,visit,
cust_0027,2025-12-28,visit,
cust_0038,2025-12-28,ticket,
cust_0096,2025-12-28,visit,
cust_0098,2025-12-28,visit,
cust_0114,2025-12-28,visit,
cust_0120,2025-12-28,purchase,30.42
cust_0121,2025-12-28,visit,
cust_0123,2025-12-28,purchase,39.81
cust_0127,2025-12-28,visit,
cust_0132,2025-12-28,purchase,31.84
cust_0134,2025-12-28,visit,
cust_0140,2025-12-28,visit,
cust_0143,2025-12-28,visit,
cust_0145,2025-12-28,visit,
cust_0150,2025-12-28,purchase,42.05
cust_0158,2025-12-28,visit,
cust_0167,2025-12-28,purchase,25.61
cust_0168,2025-12-28,purchase,24.63
cust_0184,2025-12-28,visit,
cust_0185,2025-12-28,visit,
cust_0188,2025-12-28,purchase,88.55
cust_0227,2025-12-28,purchase,50.08
cust_0240,2025-12-28,purchase,22.77
cust_0245,2025-12-28,purchase,23.68
cust_0266,2025-12-28,visit,
cust_0271,2025-12-28,purchase,50.06
cust_0275,2025-12-28,visit,
cust_0287,2025-12-28,purchase,35.65
cust_0289,2025-12-28,visit,
cust_0294,2025-12-28,visit,
cust_0296,2025-12-28,visit,
cust_0309,2025-12-28,ticket,
cust_0311,2025-12-28,ticket,
cust_0343,2025-12-28,visit,
cust_0368,2025-12-28,visit,
cust_0384,2025-12-28,purchase,44.6
cust_0389,2025-12-28,purchase,25.06
cust_0418,2025-12-28,purchase,39.76
cust_0422,2025-12-28,purchase,56.13
cust_0424,2025-12-28,visit,
cust_0430,2025-12-28,purchase,108.29
cust_0433,2025-12-28,purchase,40.18
cust_0441,2025-12-28,purchase,14.82
cust_0458,2025-12-28,visit,
cust_0461,2025-12-28,visit,
cust_0463,2025-12-28,visit,
cust_0464,2025-12-28,visit,
cust_0468,2025-12-28,visit,
cust_0470,2025-12-28,purchase,67.02
cust_0470,2025-12-28,refund,67.02
cust_0471,2025-12-28,purchase,41.29
cust_0481,2025-12-28,purchase,47.19
cust_0488,2025-12-28,visit,
cust_0494,2025-12-28,purchase,31.4
cust_0496,2025-12-28,visit,
cust_0504,2025-12-28,visit,
cust_0507,2025-12-28,purchase,42.87
cust_0525,2025-12-28,visit,
cust_0559,2025-12-28,visit,
cust_0598,2025-12-28,visit,
cust_0614,2025-12-28,purchase,51.64
cust_0626,2025-12-28,visit,
cust_0633,2025-12-28,visit,
cust_0642,2025-12-28,visit,
cust_0646,2025-12-28,visit,
cust_0654,2025-12-28,visit,
cust_0659,2025-12-28,purchase,61.97
cust_0661,2025-12-28,visit,
cust_0667,2025-12-28,visit,
cust_0695,2025-12-28,purchase,24.49
cust_0698,2025-12-28,visit,
cust_0711,2025-12-28,ticket,
cust_0722,2025-12-28,visit,
cust_0735,2025-12-28,visit,
cust_0746,2025-12-28,visit,
cust_0752,2025-12-28,purchase,84.56
cust_0756,2025-12-28,purchase,60.13
cust_0760,2025-12-28,visit,
cust_0771,2025-12-28,visit,
cust_0778,2025-12-28,visit,
cust_0779,2025-12-28,visit,
cust_0784,2025-12-28,purchase,33.15
cust_0784,2025-12-28,refund,33.15
cust_0002,2025-12-29,purchase,46.03
cust_0005,2025-12-29,purchase,31.99
cust_0008,2025-12-29,visit,
cust_0011,2025-12-29,purchase,35.87
cust_0017,2025-12-29,purchase,36.44
cust_0024,2025-12-29,purchase,31.47
cust_0025,2025-12-29,purchase,30.1
cust_0033,2025-12-29,visit,
cust_0042,2025-12-29,visit,
cust_0043,2025-12-29,visit,
cust_0052,2025-12-29,visit,
cust_0066,2025-12-29,purchase,38.1
cust_0067,2025-12-29,visit,
cust_0071,2025-12-29,visit,
cust_0076,2025-12-29,visit,
cust_0083,2025-12-29,visit,
cust_0096,2025-12-29,purchase,61.3
cust_0098,2025-12-29,purchase,64.88
cust_0130,2025-12-29,visit,
cust_0136,2025-12-29,visit,
cust_0147,2025-12-29,visit,
cust_0148,2025-12-29,purchase,51.83
cust_0148,2025-12-29,refund,51.83
cust_0159,2025-12-29,purchase,35.08
cust_0165,2025-12-29,visit,
cust_0173,2025-12-29,visit,
cust_0184,2025-12-29,purchase,12.23
cust_0195,2025-12-29,visit,
cust_0197,2025-12-29,purchase,36.93
cust_0210,2025-12-29,purchase,39.62
cust_0218,2025-12-29,visit,
cust_0232,2025-12-29,visit,
cust_0237,2025-12-29,purchase,26.04
cust_0237,2025-12-29,refund,26.04
cust_0239,2025-12-29,visit,
cust_0248,2025-12-29,visit,
cust_0249,2025-12-29,ticket,
cust_0261,2025-12-29,visit,
cust_0291,2025-12-29,ticket,
cust_0295,2025-12-29,visit,
cust_0299,2025-12-29,purchase,42.28
cust_0299,2025-12-29,refund,42.28
cust_0312,2025-12-29,purchase,27.09
cust_0317,2025-12-29,purchase,19.17
cust_0319,2025-12-29,visit,
cust_0321,2025-12-29,purchase,32.06
cust_0335,2025-12-29,visit,
cust_0337,2025-12-29,visit,
cust_0343,2025-12-29,purchase,31.71
cust_0352,2025-12-29,visit,
cust_0353,2025-12-29,visit,
cust_0360,2025-12-29,purchase,48.8
cust_0392,2025-12-29,visit,
cust_0394,2025-12-29,visit,
cust_0424,2025-12-29,visit,
cust_0425,2025-12-29,purchase,24.58
cust_0435,2025-12-29,purchase,34.06
cust_0445,2025-12-29,visit,
cust_0456,2025-12-29,purchase,44.76
cust_0483,2025-12-29,purchase,48.42
cust_0489,2025-12-29,visit,
cust_0490,2025-12-29,visit,
cust_0493,2025-12-29,purchase,63.47
cust_0493,2025-12-29,refund,63.47
cust_0502,2025-12-29,purchase,62.73
cust_0506,2025-12-29,visit,
cust_0520,2025-12-29,ticket,
cust_0557,2025-12-29,visit,
cust_0578,2025-12-29,visit,
cust_0580,2025-12-29,visit,
cust_0589,2025-12-29,purchase,37.04
cust_0591,2025-12-29,visit,
cust_0596,2025-12-29,ticket,
cust_0602,2025-12-29,purchase,38.73
cust_0606,2025-12-29,purchase,35.82
cust_0632,2025-12-29,purchase,66.3
cust_0636,2025-12-29,visit,
cust_0637,2025-12-29,visit,
cust_0641,2025-12-29,purchase,16.84
cust_0658,2025-12-29,visit,
cust_0670,2025-12-29,visit,
cust_0682,2025-12-29,visit,
cust_0691,2025-12-29,visit,
cust_0692,2025-12-29,visit,
cust_0693,2025-12-29,purchase,15.64
cust_0695,2025-12-29,visit,
cust_0702,2025-12-29,visit,
cust_0703,2025-12-29,visit,
cust_0705,2025-12-29,purchase,31.03
cust_0717,2025-12-29,visit,
cust_0722,2025-12-29,purchase,16.77
cust_0742,2025-12-29,purchase,47.93
cust_0749,2025-12-29,visit,
cust_0773,2025-12-29,visit,
cust_0787,2025-12-29,visit,
cust_0799,2025-12-29,visit,
cust_0001,2025-12-30,purchase,32.64
cust_0001,2025-12-30,refund,32.64
cust_0003,2025-12-30,visit,
cust_0014,2025-12-30,purchase,38.41
cust_0044,2025-12-30,purchase,51.86
cust_0057,2025-12-30,visit,
cust_0060,2025-12-30,visit,
cust_0072,2025-12-30,visit,
cust_0089,2025-12-30,visit,
cust_0096,2025-12-30,purchase,23.2
cust_0099,2025-12-30,purchase,81.47
cust_0099,2025-12-30,refund,81.47
cust_0111,2025-12-30,visit,
cust_0113,2025-12-30,purchase,29.08
cust_0129,2025-12-30,purchase,29.06
cust_0137,2025-12-30,purchase,41.57
cust_0144,2025-12-30,purchase,63.67
cust_0145,2025-12-30,visit,
cust_0156,2025-12-30,purchase,17.28
cust_0157,2025-12-30,visit,
cust_0171,2025-12-30,purchase,210.1
cust_0174,2025-12-30,visit,
cust_0177,2025-12-30,visit,
cust_0191,2025-12-30,visit,
cust_0202,2025-12-30,visit,
cust_0210,2025-12-30,purchase,77.85
cust_0218,2025-12-30,purchase,15.67
cust_0226,2025-12-30,visit,
cust_0228,2025-12-30,visit,
cust_0231,2025-12-30,visit,
cust_0243,2025-12-30,visit,
cust_0261,2025-12-30,visit,
cust_0265,2025-12-30,purchase,17.32
cust_0268,2025-12-30,visit,
cust_0271,2025-12-30,purchase,33.93
cust_0272,2025-12-30,purchase,25.25
cust_0282,2025-12-30,visit,
cust_0283,2025-12-30,purchase,79.65
cust_0284,2025-12-30,purchase,45.59
cust_0299,2025-12-30,purchase,19.35
cust_0301,2025-12-30,visit,
cust_0304,2025-12-30,visit,
cust_0337,2025-12-30,purchase,47.13
cust_0343,2025-12-30,visit,
cust_0363,2025-12-30,visit,
cust_0370,2025-12-30,visit,
cust_0385,2025-12-30,purchase,38.63
cust_0391,2025-12-30,purchase,108.11
cust_0423,2025-12-30,purchase,36.58
cust_0428,2025-12-30,purchase,37.56
cust_0452,2025-12-30,ticket,
cust_0457,2025-12-30,purchase,32.52
cust_0464,2025-12-30,visit,
cust_0468,2025-12-30,visit,
cust_0473,2025-12-30,visit,
cust_0479,2025-12-30,visit,
cust_0488,2025-12-30,ticket,
cust_0508,2025-12-30,visit,
cust_0553,2025-12-30,visit,
cust_0559,2025-12-30,visit,
cust_0568,2025-12-30,visit,
cust_0573,2025-12-30,purchase,74.75
cust_0593,2025-12-30,purchase,53.92
cust_0604,2025-12-30,visit,
cust_0605,2025-12-30,visit,
cust_0617,2025-12-30,visit,
cust_0659,2025-12-30,visit,
cust_0684,2025-12-30,visit,
cust_0685,2025-12-30,purchase,18.01
cust_0697,2025-12-30,purchase,35.45
cust_0702,2025-12-30,visit,
cust_0708,2025-12-30,purchase,41.44
cust_0723,2025-12-30,ticket,
cust_0726,2025-12-30,visit,
cust_0729,2025-12-30,visit,
cust_0742,2025-12-30,visit,
cust_0745,2025-12-30,purchase,32.72
cust_0757,2025-12-30,ticket,
cust_0764,2025-12-30,purchase,61.72
cust_0774,2025-12-30,purchase,44.93
cust_0778,2025-12-30,visit,
cust_0008,2025-12-31,visit,
cust_0019,2025-12-31,ticket,
cust_0022,2025-12-31,visit,
cust_0040,2025-12-31,purchase,23.86
cust_0046,2025-12-31,purchase,39.54
cust_0047,2025-12-31,visit,
cust_0054,2025-12-31,purchase,35.45
cust_0056,2025-12-31,visit,
cust_0073,2025-12-31,visit,
cust_0090,2025-12-31,visit,
cust_0098,2025-12-31,ticket,
cust_0127,2025-12-31,purchase,50.64
cust_0128,2025-12-31,ticket,
cust_0135,2025-12-31,visit,
cust_0139,2025-12-31,purchase,19.91
cust_0142,2025-12-31,visit,
cust_0148,2025-12-31,visit,
cust_0150,2025-12-31,visit,
cust_0163,2025-12-31,purchase,26.85
cust_0170,2025-12-31,visit,
cust_0180,2025-12-31,visit,
cust_0191,2025-12-31,visit,
cust_0194,2025-12-31,purchase,22.81
cust_0197,2025-12-31,visit,
cust_0213,2025-12-31,visit,
cust_0221,2025-12-31,visit,
cust_0241,2025-12-31,visit,
cust_0243,2025-12-31,visit,
cust_0249,2025-12-31,visit,
cust_0255,2025-12-31,visit,
cust_0265,2025-12-31,visit,
cust_0270,2025-12-31,visit,
cust_0279,2025-12-31,visit,
cust_0282,2025-12-31,visit,
cust_0283,2025-12-31,purchase,37.6
cust_0286,2025-12-31,visit,
cust_0306,2025-12-31,ticket,
cust_0309,2025-12-31,visit,
cust_0321,2025-12-31,visit,
cust_0322,2025-12-31,purchase,80.15
cust_0328,2025-12-31,purchase,25.0
cust_0343,2025-12-31,visit,
cust_0380,2025-12-31,visit,
cust_0384,2025-12-31,visit,
cust_0391,2025-12-31,purchase,79.67
cust_0422,2025-12-31,visit,
cust_0437,2025-12-31,visit,
cust_0443,2025-12-31,visit,
cust_0445,2025-12-31,visit,
cust_0456,2025-12-31,visit,
cust_0458,2025-12-31,visit,
cust_0463,2025-12-31,purchase,32.28
cust_0467,2025-12-31,visit,
cust_0471,2025-12-31,visit,
cust_0475,2025-12-31,purchase,172.67
cust_0481,2025-12-31,purchase,39.5
cust_0485,2025-12-31,visit,
cust_0491,2025-12-31,visit,
cust_0497,2025-12-31,purchase,57.0
cust_0511,2025-12-31,purchase,29.77
cust_0513,2025-12-31,purchase,33.42
cust_0521,2025-12-31,purchase,99.21
cust_0531,2025-12-31,purchase,25.04
cust_0532,2025-12-31,visit,
cust_0562,2025-12-31,purchase,31.56
cust_0570,2025-12-31,purchase,47.15
cust_0589,2025-12-31,purchase,29.34
cust_0606,2025-12-31,visit,
cust_0610,2025-12-31,purchase,46.06
cust_0624,2025-12-31,purchase,27.07
cust_0626,2025-12-31,visit,
cust_0627,2025-12-31,visit,
cust_0628,2025-12-31,purchase,53.96
cust_0645,2025-12-31,ticket,
cust_0659,2025-12-31,visit,
cust_0669,2025-12-31,visit,
cust_0685,2025-12-31,purchase,46.1
cust_0695,2025-12-31,visit,
cust_0709,2025-12-31,visit,
cust_0715,2025-12-31,visit,
cust_0717,2025-12-31,ticket,
cust_0719,2025-12-31,purchase,39.07
cust_0728,2025-12-31,purchase,35.27
cust_0747,2025-12-31,visit,
cust_0759,2025-12-31,purchase,56.27
cust_0778,2025-12-31,purchase,34.69
cust_0789,2025-12-31,visit,
cust_0790,2025-12-31,visit,
cust_0791,2025-12-31,purchase,45.46
cust_0002,2026-01-01,purchase,83.12
cust_0021,2026-01-01,visit,
cust_0031,2026-01-01,visit,
cust_0055,2026-01-01,visit,
cust_0056,2026-01-01,purchase,30.21
cust_0068,2026-01-01,visit,
cust_0101,2026-01-01,ticket,
cust_0107,2026-01-01,visit,
cust_0113,2026-01-01,visit,
cust_0136,2026-01-01,visit,
cust_0142,2026-01-01,purchase,36.87
cust_0145,2026-01-01,visit,
cust_0149,2026-01-01,visit,
cust_0175,2026-01-01,visit,
cust_0178,2026-01-01,visit,
cust_0193,2026-01-01,ticket,
cust_0201,2026-01-01,visit,
cust_0209,2026-01-01,purchase,31.7
cust_0210,2026-01-01,visit,
cust_0214,2026-01-01,purchase,32.25
cust_0228,2026-01-01,visit,
cust_0231,2026-01-01,purchase,49.96
cust_0278,2026-01-01,ticket,
cust_0298,2026-01-01,purchase,21.88
cust_0302,2026-01-01,purchase,37.59
cust_0303,2026-01-01,purchase,36.86
cust_0307,2026-01-01,purchase,56.05
cust_0314,2026-01-01,visit,
cust_0323,2026-01-01,purchase,26.5
cust_0331,2026-01-01,purchase,23.02
cust_0334,2026-01-01,visit,
cust_0338,2026-01-01,visit,
cust_0350,2026-01-01,purchase,30.57
cust_0380,2026-01-01,visit,
cust_0387,2026-01-01,visit,
cust_0391,2026-01-01,visit,
cust_0447,2026-01-01,visit,
cust_0451,2026-01-01,purchase,55.2
cust_0458,2026-01-01,visit,
cust_0475,2026-01-01,visit,
cust_0494,2026-01-01,purchase,28.07
cust_0498,2026-01-01,visit,
cust_0508,2026-01-01,visit,
cust_0510,2026-01-01,visit,
cust_0517,2026-01-01,visit,
cust_0519,2026-01-01,ticket,
cust_0522,2026-01-01,purchase,8.37
cust_0539,2026-01-01,visit,
cust_0552,2026-01-01,purchase,31.98
cust_0562,2026-01-01,purchase,42.29
cust_0574,2026-01-01,visit,
cust_0579,2026-01-01,purchase,17.02
cust_0580,2026-01-01,purchase,33.67
cust_0585,2026-01-01,visit,
cust_0596,2026-01-01,purchase,29.22
cust_0596,2026-01-01,refund,29.22
cust_0597,2026-01-01,visit,
cust_0612,2026-01-01,purchase,38.0
cust_0642,2026-01-01,visit,
cust_0652,2026-01-01,purchase,17.91
cust_0654,2026-01-01,visit,
cust_0662,2026-01-01,visit,
cust_0666,2026-01-01,purchase,22.66
cust_0671,2026-01-01,visit,
cust_0679,2026-01-01,purchase,24.24
cust_0681,2026-01-01,purchase,24.86
cust_0686,2026-01-01,visit,
cust_0702,2026-01-01,purchase,32.03
cust_0715,2026-01-01,purchase,36.96
cust_0726,2026-01-01,purchase,89.01
cust_0742,2026-01-01,visit,
cust_0758,2026-01-01,visit,
cust_0787,2026-01-01,purchase,24.79
cust_0796,2026-01-01,purchase,43.53
cust_0003,2026-01-02,visit,
cust_0005,2026-01-02,purchase,10.72
cust_0008,2026-01-02,purchase,112.05
cust_0010,2026-01-02,purchase,56.19
cust_0017,2026-01-02,visit,
cust_0036,2026-01-02,purchase,9.27
cust_0037,2026-01-02,purchase,43.73
cust_0042,2026-01-02,purchase,45.03
cust_0043,2026-01-02,purchase,21.81
cust_0046,2026-01-02,visit,
cust_0050,2026-01-02,purchase,39.55
cust_0065,2026-01-02,purchase,17.69
cust_0070,2026-01-02,visit,
cust_0084,2026-01-02,purchase,31.07
cust_0098,2026-01-02,purchase,26.0
cust_0103,2026-01-02,purchase,36.85
cust_0104,2026-01-02,purchase,60.63
cust_0112,2026-01-02,ticket,
cust_0142,2026-01-02,visit,
cust_0148,2026-01-02,visit,
cust_0161,2026-01-02,visit,
cust_0171,2026-01-02,purchase,33.54
cust_0175,2026-01-02,visit,
cust_0183,2026-01-02,visit,
cust_0210,2026-01-02,visit,
cust_0217,2026-01-02,visit,
cust_0228,2026-01-02,visit,
cust_0247,2026-01-02,purchase,40.94
cust_0257,2026-01-02,purchase,69.18
cust_0264,2026-01-02,visit,
cust_0278,2026-01-02,visit,
cust_0284,2026-01-02,visit,
cust_0285,2026-01-02,visit,
cust_0344,2026-01-02,ticket,
cust_0346,2026-01-02,ticket,
cust_0377,2026-01-02,visit,
cust_0395,2026-01-02,visit,
cust_0403,2026-01-02,purchase,43.0
cust_0428,2026-01-02,purchase,33.23
cust_0454,2026-01-02,visit,
cust_0462,2026-01-02,purchase,101.56
cust_0473,2026-01-02,ticket,
cust_0481,2026-01-02,purchase,63.39
cust_0494,2026-01-02,purchase,20.81
cust_0495,2026-01-02,visit,
cust_0506,2026-01-02,visit,
cust_0517,2026-01-02,purchase,16.83
cust_0524,2026-01-02,visit,
cust_0534,2026-01-02,visit,
cust_0546,2026-01-02,purchase,44.28
cust_0556,2026-01-02,purchase,71.79
cust_0558,2026-01-02,visit,
cust_0560,2026-01-02,visit,
cust_0569,2026-01-02,visit,
cust_0591,2026-01-02,purchase,40.2
cust_0609,2026-01-02,visit,
cust_0611,2026-01-02,purchase,17.08
cust_0623,2026-01-02,visit,
cust_0627,2026-01-02,visit,
cust_0632,2026-01-02,purchase,57.91
cust_0647,2026-01-02,visit,
cust_0662,2026-01-02,ticket,
cust_0670,2026-01-02,purchase,40.41
cust_0672,2026-01-02,visit,
cust_0685,2026-01-02,visit,
cust_0692,2026-01-02,purchase,17.17
cust_0708,2026-01-02,purchase,39.7
cust_0713,2026-01-02,visit,
cust_0715,2026-01-02,visit,
cust_0742,2026-01-02,visit,
cust_0760,2026-01-02,visit,
cust_0763,2026-01-02,purchase,41.26
cust_0769,2026-01-02,purchase,50.88
cust_0795,2026-01-02,purchase,45.37
cust_0798,2026-01-02,visit,
cust_0022,2026-01-03,purchase,55.68
cust_0033,2026-01-03,purchase,61.04
cust_0036,2026-01-03,visit,
cust_0045,2026-01-03,visit,
cust_0051,2026-01-03,visit,
cust_0053,2026-01-03,ticket,
cust_0065,2026-01-03,visit,
cust_0067,2026-01-03,visit,
cust_0073,2026-01-03,visit,
cust_0092,2026-01-03,purchase,66.54
cust_0092,2026-01-03,refund,66.54
cust_0104,2026-01-03,ticket,
cust_0109,2026-01-03,visit,
cust_0111,2026-01-03,ticket,
cust_0122,2026-01-03,purchase,20.91
cust_0122,2026-01-03,refund,20.91
cust_0128,2026-01-03,visit,
cust_0144,2026-01-03,purchase,70.93
cust_0149,2026-01-03,purchase,25.72
cust_0163,2026-01-03,purchase,67.86
cust_0173,2026-01-03,visit,
cust_0175,2026-01-03,visit,
cust_0191,2026-01-03,visit,
cust_0205,2026-01-03,visit,
cust_0214,2026-01-03,visit,
cust_0226,2026-01-03,visit,
cust_0248,2026-01-03,visit,
cust_0249,2026-01-03,purchase,64.45
cust_0257,2026-01-03,visit,
cust_0262,2026-01-03,purchase,33.31
cust_0267,2026-01-03,purchase,11.05
cust_0268,2026-01-03,visit,
cust_0269,2026-01-03,visit,
cust_0274,2026-01-03,visit,
cust_0291,2026-01-03,visit,
cust_0299,2026-01-03,visit,
cust_0301,2026-01-03,purchase,39.08
cust_0310,2026-01-03,visit,
cust_0331,2026-01-03,purchase,34.15
cust_0340,2026-01-03,purchase,66.69
cust_0358,2026-01-03,visit,
cust_0360,2026-01-03,visit,
cust_0378,2026-01-03,visit,
cust_0389,2026-01-03,visit,
cust_0403,2026-01-03,purchase,48.89
cust_0406,2026-01-03,visit,
cust_0433,2026-01-03,purchase,46.33
cust_0436,2026-01-03,purchase,27.37
cust_0437,2026-01-03,visit,
cust_0442,2026-01-03,visit,
cust_0453,2026-01-03,visit,
cust_0466,2026-01-03,visit,
cust_0477,2026-01-03,purchase,36.84
cust_0493,2026-01-03,visit,
cust_0495,2026-01-03,visit,
cust_0497,2026-01-03,visit,
cust_0500,2026-01-03,visit,
cust_0505,2026-01-03,visit,
cust_0534,2026-01-03,visit,
cust_0538,2026-01-03,purchase,39.88
cust_0540,2026-01-03,visit,
cust_0542,2026-01-03,visit,
cust_0548,2026-01-03,visit,
cust_0554,2026-01-03,visit,
cust_0559,2026-01-03,purchase,31.97
cust_0582,2026-01-03,visit,
cust_0589,2026-01-03,visit,
cust_0591,2026-01-03,purchase,76.98
cust_0594,2026-01-03,visit,
cust_0595,2026-01-03,visit,
cust_0598,2026-01-03,visit,
cust_0603,2026-01-03,visit,
cust_0608,2026-01-03,visit,
cust_0620,2026-01-03,visit,
cust_0639,2026-01-03,visit,
cust_0642,2026-01-03,purchase,47.21
cust_0646,2026-01-03,ticket,
cust_0671,2026-01-03,visit,
cust_0675,2026-01-03,visit,
cust_0683,2026-01-03,visit,
cust_0705,2026-01-03,visit,
cust_0706,2026-01-03,visit,
cust_0708,2026-01-03,visit,
cust_0713,2026-01-03,visit,
cust_0728,2026-01-03,visit,
cust_0734,2026-01-03,visit,
cust_0774,2026-01-03,visit,
cust_0782,2026-01-03,purchase,32.57
cust_0783,2026-01-03,purchase,25.09
cust_0795,2026-01-03,visit,
cust_0797,2026-01-03,purchase,30.71
cust_0005,2026-01-04,visit,
cust_0050,2026-01-04,visit,
cust_0054,2026-01-04,visit,
cust_0070,2026-01-04,purchase,41.31
cust_0089,2026-01-04,purchase,26.75
cust_0091,2026-01-04,visit,
cust_0094,2026-01-04,purchase,81.3
cust_0108,2026-01-04,visit,
cust_0126,2026-01-04,visit,
cust_0129,2026-01-04,purchase,37.86
cust_0133,2026-01-04,visit,
cust_0147,2026-01-04,purchase,51.09
cust_0172,2026-01-04,visit,
cust_0240,2026-01-04,visit,
cust_0243,2026-01-04,visit,
cust_0257,2026-01-04,purchase,57.23
cust_0270,2026-01-04,purchase,27.86
cust_0273,2026-01-04,visit,
cust_0279,2026-01-04,visit,
cust_0281,2026-01-04,purchase,20.9
cust_0287,2026-01-04,purchase,25.53
cust_0298,2026-01-04,visit,
cust_0302,2026-01-04,visit,
cust_0344,2026-01-04,visit,
cust_0352,2026-01-04,ticket,
cust_0353,2026-01-04,visit,
cust_0354,2026-01-04,purchase,104.14
cust_0374,2026-01-04,purchase,70.13
cust_0374,2026-01-04,refund,70.13
cust_0382,2026-01-04,visit,
cust_0392,2026-01-04,purchase,71.9
cust_0405,2026-01-04,purchase,20.77
cust_0425,2026-01-04,visit,
cust_0428,2026-01-04,visit,
cust_0439,2026-01-04,visit,
cust_0448,2026-01-04,ticket,
cust_0449,2026-01-04,visit,
cust_0461,2026-01-04,visit,
cust_0462,2026-01-04,purchase,46.81
cust_0463,2026-01-04,visit,
cust_0472,2026-01-04,visit,
cust_0494,2026-01-04,purchase,41.16
cust_0517,2026-01-04,purchase,66.6
cust_0520,2026-01-04,ticket,
cust_0535,2026-01-04,visit,
cust_0552,2026-01-04,visit,
cust_0562,2026-01-04,visit,
cust_0563,2026-01-04,visit,
cust_0564,2026-01-04,visit,
cust_0567,2026-01-04,visit,
cust_0568,2026-01-04,purchase,30.39
cust_0569,2026-01-04,visit,
cust_0571,2026-01-04,visit,
cust_0580,2026-01-04,visit,
cust_0581,2026-01-04,purchase,48.58
cust_0594,2026-01-04,visit,
cust_0608,2026-01-04,purchase,19.45
cust_0614,2026-01-04,purchase,37.98
cust_0649,2026-01-04,visit,
cust_0657,2026-01-04,visit,
cust_0664,2026-01-04,purchase,30.59
cust_0672,2026-01-04,visit,
cust_0689,2026-01-04,visit,
cust_0695,2026-01-04,purchase,37.73
cust_0713,2026-01-04,visit,
cust_0723,2026-01-04,purchase,15.98
cust_0723,2026-01-04,refund,15.98
cust_0747,2026-01-04,visit,
cust_0753,2026-01-04,visit,
cust_0763,2026-01-04,visit,
cust_0769,2026-01-04,visit,
cust_0770,2026-01-04,purchase,51.08
cust_0789,2026-01-04,purchase,26.0
cust_0004,2026-01-05,purchase,35.75
cust_0019,2026-01-05,purchase,76.02
cust_0030,2026-01-05,visit,
cust_0031,2026-01-05,purchase,21.15
cust_0034,2026-01-05,visit,
cust_0041,2026-01-05,visit,
cust_0054,2026-01-05,purchase,27.2
cust_0072,2026-01-05,visit,
cust_0073,2026-01-05,visit,
cust_0090,2026-01-05,visit,
cust_0105,2026-01-05,visit,
cust_0112,2026-01-05,visit,
cust_0120,2026-01-05,visit,
cust_0137,2026-01-05,purchase,25.13
cust_0138,2026-01-05,ticket,
cust_0160,2026-01-05,visit,
cust_0172,2026-01-05,visit,
cust_0181,2026-01-05,purchase,26.2
cust_0185,2026-01-05,purchase,21.09
cust_0207,2026-01-05,purchase,36.34
cust_0211,2026-01-05,visit,
cust_0219,2026-01-05,purchase,33.75
cust_0237,2026-01-05,visit,
cust_0238,2026-01-05,visit,
cust_0251,2026-01-05,visit,
cust_0253,2026-01-05,visit,
cust_0263,2026-01-05,visit,
cust_0294,2026-01-05,visit,
cust_0295,2026-01-05,purchase,31.56
cust_0296,2026-01-05,visit,
cust_0297,2026-01-05,purchase,20.57
cust_0305,2026-01-05,visit,
cust_0318,2026-01-05,visit,
cust_0344,2026-01-05,visit,
cust_0350,2026-01-05,visit,
cust_0351,2026-01-05,purchase,30.36
cust_0368,2026-01-05,visit,
cust_0374,2026-01-05,visit,
cust_0384,2026-01-05,visit,
cust_0388,2026-01-05,purchase,54.99
cust_0399,2026-01-05,purchase,60.52
cust_0402,2026-01-05,visit,
cust_0406,2026-01-05,purchase,70.76
cust_0412,2026-01-05,visit,
cust_0414,2026-01-05,purchase,33.44
cust_0434,2026-01-05,visit,
cust_0440,2026-01-05,purchase,17.11
cust_0448,2026-01-05,visit,
cust_0461,2026-01-05,visit,
cust_0465,2026-01-05,visit,
cust_0486,2026-01-05,purchase,27.65
cust_0491,2026-01-05,visit,
cust_0495,2026-01-05,purchase,56.45
cust_0507,2026-01-05,purchase,16.86
cust_0508,2026-01-05,visit,
cust_0519,2026-01-05,visit,
cust_0537,2026-01-05,visit,
cust_0543,2026-01-05,visit,
cust_0554,2026-01-05,visit,
cust_0582,2026-01-05,visit,
cust_0635,2026-01-05,purchase,25.18
cust_0666,2026-01-05,visit,
cust_0689,2026-01-05,visit,
cust_0692,2026-01-05,visit,
cust_0693,2026-01-05,visit,
cust_0701,2026-01-05,purchase,34.0
cust_0702,2026-01-05,visit,
cust_0708,2026-01-05,purchase,23.3
cust_0715,2026-01-05,visit,
cust_0719,2026-01-05,visit,
cust_0723,2026-01-05,visit,
cust_0739,2026-01-05,visit,
cust_0746,2026-01-05,visit,
cust_0747,2026-01-05,purchase,50.66
cust_0752,2026-01-05,purchase,43.46
cust_0762,2026-01-05,visit,
cust_0768,2026-01-05,purchase,40.92
cust_0776,2026-01-05,purchase,53.71
cust_0781,2026-01-05,visit,
cust_0785,2026-01-05,purchase,142.26
cust_0795,2026-01-05,purchase,33.48
cust_0004,2026-01-06,purchase,40.53
cust_0007,2026-01-06,visit,
cust_0009,2026-01-06,visit,
cust_0011,2026-01-06,visit,
cust_0022,2026-01-06,visit,
cust_0026,2026-01-06,purchase,42.93
cust_0047,2026-01-06,visit,
cust_0051,2026-01-06,purchase,37.46
cust_0066,2026-01-06,purchase,44.79
cust_0077,2026-01-06,visit,
cust_0083,2026-01-06,visit,
cust_0089,2026-01-06,visit,
cust_0142,2026-01-06,visit,
cust_0176,2026-01-06,purchase,18.36
cust_0218,2026-01-06,purchase,24.75
cust_0227,2026-01-06,purchase,30.15
cust_0228,2026-01-06,visit,
cust_0252,2026-01-06,visit,
cust_0260,2026-01-06,visit,
cust_0261,2026-01-06,visit,
cust_0278,2026-01-06,purchase,81.97
cust_0278,2026-01-06,refund,81.97
cust_0291,2026-01-06,visit,
cust_0299,2026-01-06,purchase,18.98
cust_0302,2026-01-06,purchase,28.05
cust_0307,2026-01-06,ticket,
cust_0310,2026-01-06,ticket,
cust_0321,2026-01-06,purchase,47.68
cust_0330,2026-01-06,visit,
cust_0335,2026-01-06,visit,
cust_0339,2026-01-06,visit,
cust_0342,2026-01-06,purchase,44.5
cust_0352,2026-01-06,purchase,57.01
cust_0363,2026-01-06,visit,
cust_0366,2026-01-06,purchase,39.19
cust_0366,2026-01-06,refund,39.19
cust_0369,2026-01-06,purchase,32.48
cust_0376,2026-01-06,purchase,32.42
cust_0390,2026-01-06,purchase,67.09
cust_0404,2026-01-06,purchase,116.9
cust_0436,2026-01-06,visit,
cust_0444,2026-01-06,purchase,28.24
cust_0444,2026-01-06,refund,28.24
cust_0446,2026-01-06,visit,
cust_0462,2026-01-06,visit,
cust_0472,2026-01-06,purchase,32.15
cust_0478,2026-01-06,visit,
cust_0482,2026-01-06,purchase,19.29
cust_0500,2026-01-06,purchase,40.04
cust_0502,2026-01-06,visit,
cust_0505,2026-01-06,visit,
cust_0506,2026-01-06,visit,
cust_0517,2026-01-06,purchase,40.36
cust_0519,2026-01-06,purchase,84.41
cust_0525,2026-01-06,ticket,
cust_0536,2026-01-06,visit,
cust_0551,2026-01-06,visit,
cust_0562,2026-01-06,visit,
cust_0565,2026-01-06,visit,
cust_0573,2026-01-06,purchase,37.42
cust_0588,2026-01-06,ticket,
cust_0636,2026-01-06,purchase,35.69
cust_0643,2026-01-06,visit,
cust_0663,2026-01-06,visit,
cust_0665,2026-01-06,purchase,50.5
cust_0670,2026-01-06,visit,
cust_0694,2026-01-06,visit,
cust_0701,2026-01-06,visit,
cust_0708,2026-01-06,visit,
cust_0710,2026-01-06,visit,
cust_0711,2026-01-06,purchase,29.69
cust_0729,2026-01-06,purchase,24.83
cust_0753,2026-01-06,purchase,85.45
cust_0763,2026-01-06,purchase,23.71
cust_0770,2026-01-06,purchase,35.3
cust_0789,2026-01-06,visit,
cust_0796,2026-01-06,visit,
cust_0003,2026-01-07,purchase,28.33
cust_0006,2026-01-07,visit,
cust_0020,2026-01-07,purchase,30.18
cust_0032,2026-01-07,ticket,
cust_0041,2026-01-07,purchase,28.2
cust_0043,2026-01-07,purchase,27.19
cust_0048,2026-01-07,purchase,132.68
cust_0051,2026-01-07,visit,
cust_0057,2026-01-07,visit,
cust_0078,2026-01-07,purchase,45.0
cust_0082,2026-01-07,ticket,
cust_0085,2026-01-07,visit,
cust_0099,2026-01-07,purchase,68.09
cust_0115,2026-01-07,visit,
cust_0120,2026-01-07,ticket,
cust_0134,2026-01-07,purchase,29.17
cust_0142,2026-01-07,visit,
cust_0156,2026-01-07,visit,
cust_0158,2026-01-07,visit,
cust_0162,2026-01-07,visit,
cust_0173,2026-01-07,visit,
cust_0179,2026-01-07,visit,
cust_0185,2026-01-07,purchase,42.05
cust_0190,2026-01-07,visit,
cust_0191,2026-01-07,visit,
cust_0216,2026-01-07,visit,
cust_0251,2026-01-07,visit,
cust_0259,2026-01-07,purchase,63.49
cust_0286,2026-01-07,visit,
cust_0294,2026-01-07,purchase,33.34
cust_0299,2026-01-07,purchase,28.77
cust_0307,2026-01-07,visit,
cust_0316,2026-01-07,visit,
cust_0320,2026-01-07,purchase,62.75
cust_0329,2026-01-07,visit,
cust_0335,2026-01-07,visit,
cust_0379,2026-01-07,visit,
cust_0388,2026-01-07,purchase,18.87
cust_0390,2026-01-07,visit,
cust_0423,2026-01-07,visit,
cust_0433,2026-01-07,visit,
cust_0437,2026-01-07,visit,
cust_0441,2026-01-07,visit,
cust_0447,2026-01-07,visit,
cust_0460,2026-01-07,purchase,48.51
cust_0462,2026-01-07,purchase,37.61
cust_0462,2026-01-07,refund,37.61
cust_0470,2026-01-07,visit,
cust_0476,2026-01-07,visit,
cust_0496,2026-01-07,visit,
cust_0499,2026-01-07,visit,
cust_0512,2026-01-07,visit,
cust_0516,2026-01-07,purchase,21.4
cust_0526,2026-01-07,purchase,42.2
cust_0544,2026-01-07,visit,
cust_0550,2026-01-07,ticket,
cust_0555,2026-01-07,visit,
cust_0566,2026-01-07,visit,
cust_0570,2026-01-07,visit,
cust_0574,2026-01-07,visit,
cust_0575,2026-01-07,purchase,31.79
cust_0578,2026-01-07,visit,
cust_0590,2026-01-07,purchase,110.23
cust_0594,2026-01-07,visit,
cust_0600,2026-01-07,purchase,29.34
cust_0608,2026-01-07,visit,
cust_0610,2026-01-07,visit,
cust_0640,2026-01-07,purchase,29.2
cust_0642,2026-01-07,visit,
cust_0649,2026-01-07,visit,
cust_0657,2026-01-07,purchase,42.31
cust_0658,2026-01-07,visit,
cust_0667,2026-01-07,purchase,30.37
cust_0669,2026-01-07,purchase,57.27
cust_0677,2026-01-07,visit,
cust_0679,2026-01-07,ticket,
cust_0698,2026-01-07,visit,
cust_0734,2026-01-07,visit,
cust_0762,2026-01-07,visit,
cust_0772,2026-01-07,visit,
cust_0779,2026-01-07,visit,
cust_0009,2026-01-08,visit,
cust_0014,2026-01-08,visit,
cust_0018,2026-01-08,purchase,45.17
cust_0024,2026-01-08,visit,
cust_0028,2026-01-08,purchase,39.61
cust_0055,2026-01-08,visit,
cust_0065,2026-01-08,visit,
cust_0071,2026-01-08,purchase,27.81
cust_0072,2026-01-08,purchase,17.81
cust_0075,2026-01-08,visit,
cust_0083,2026-01-08,purchase,35.83
cust_0083,2026-01-08,refund,35.83
cust_0089,2026-01-08,visit,
cust_0111,2026-01-08,visit,
cust_0125,2026-01-08,purchase,28.54
cust_0125,2026-01-08,refund,28.54
cust_0128,2026-01-08,visit,
cust_0131,2026-01-08,visit,
cust_0137,2026-01-08,visit,
cust_0138,2026-01-08,visit,
cust_0146,2026-01-08,purchase,46.41
cust_0154,2026-01-08,purchase,33.48
cust_0154,2026-01-08,refund,33.48
cust_0170,2026-01-08,visit,
cust_0172,2026-01-08,visit,
cust_0179,2026-01-08,ticket,
cust_0185,2026-01-08,purchase,22.17
cust_0199,2026-01-08,purchase,45.39
cust_0209,2026-01-08,visit,
cust_0216,2026-01-08,visit,
cust_0256,2026-01-08,visit,
cust_0259,2026-01-08,visit,
cust_0267,2026-01-08,purchase,54.0
cust_0278,2026-01-08,visit,
cust_0290,2026-01-08,visit,
cust_0299,2026-01-08,visit,
cust_0305,2026-01-08,visit,
cust_0309,2026-01-08,purchase,24.13
cust_0322,2026-01-08,purchase,39.89
cust_0334,2026-01-08,visit,
cust_0356,2026-01-08,visit,
cust_0360,2026-01-08,purchase,56.69
cust_0372,2026-01-08,visit,
cust_0375,2026-01-08,purchase,53.85
cust_0376,2026-01-08,visit,
cust_0378,2026-01-08,purchase,39.63
cust_0380,2026-01-08,visit,
cust_0381,2026-01-08,visit,
cust_0385,2026-01-08,visit,
cust_0396,2026-01-08,visit,
cust_0398,2026-01-08,visit,
cust_0430,2026-01-08,purchase,87.84
cust_0435,2026-01-08,purchase,20.25
cust_0443,2026-01-08,purchase,52.88
cust_0444,2026-01-08,visit,
cust_0470,2026-01-08,visit,
cust_0476,2026-01-08,purchase,43.13
cust_0484,2026-01-08,purchase,20.43
cust_0489,2026-01-08,visit,
cust_0504,2026-01-08,purchase,25.51
cust_0535,2026-01-08,visit,
cust_0536,2026-01-08,purchase,27.92
cust_0540,2026-01-08,purchase,62.27
cust_0553,2026-01-08,visit,
cust_0560,2026-01-08,visit,
cust_0569,2026-01-08,visit,
cust_0588,2026-01-08,visit,
cust_0606,2026-01-08,purchase,35.5
cust_0611,2026-01-08,visit,
cust_0612,2026-01-08,visit,
cust_0614,2026-01-08,visit,
cust_0617,2026-01-08,visit,
cust_0625,2026-01-08,visit,
cust_0636,2026-01-08,ticket,
cust_0657,2026-01-08,visit,
cust_0692,2026-01-08,purchase,43.78
cust_0693,2026-01-08,purchase,45.2
cust_0694,2026-01-08,visit,
cust_0701,2026-01-08,visit,
cust_0704,2026-01-08,visit,
cust_0745,2026-01-08,visit,
cust_0780,2026-01-08,visit,
cust_0783,2026-01-08,purchase,43.83
cust_0788,2026-01-08,visit,
cust_0793,2026-01-08,visit,
cust_0795,2026-01-08,visit,
cust_0022,2026-01-09,visit,
cust_0031,2026-01-09,purchase,18.16
cust_0049,2026-01-09,visit,
cust_0075,2026-01-09,visit,
cust_0086,2026-01-09,purchase,25.62
cust_0087,2026-01-09,visit,
cust_0100,2026-01-09,visit,
cust_0109,2026-01-09,purchase,40.16
cust_0111,2026-01-09,purchase,12.67
cust_0113,2026-01-09,visit,
cust_0129,2026-01-09,purchase,39.7
cust_0134,2026-01-09,visit,
cust_0137,2026-01-09,visit,
cust_0138,2026-01-09,visit,
cust_0150,2026-01-09,visit,
cust_0175,2026-01-09,visit,
cust_0178,2026-01-09,visit,
cust_0182,2026-01-09,visit,
cust_0188,2026-01-09,visit,
cust_0216,2026-01-09,visit,
cust_0217,2026-01-09,purchase,50.79
cust_0221,2026-01-09,purchase,43.14
cust_0232,2026-01-09,visit,
cust_0246,2026-01-09,visit,
cust_0264,2026-01-09,visit,
cust_0271,2026-01-09,visit,
cust_0288,2026-01-09,visit,
cust_0295,2026-01-09,purchase,32.25
cust_0307,2026-01-09,visit,
cust_0333,2026-01-09,purchase,53.46
cust_0384,2026-01-09,purchase,23.42
cust_0401,2026-01-09,purchase,40.05
cust_0402,2026-01-09,visit,
cust_0407,2026-01-09,purchase,48.52
cust_0423,2026-01-09,visit,
cust_0429,2026-01-09,visit,
cust_0432,2026-01-09,visit,
cust_0436,2026-01-09,visit,
cust_0445,2026-01-09,purchase,69.3
cust_0458,2026-01-09,visit,
cust_0460,2026-01-09,visit,
cust_0465,2026-01-09,visit,
cust_0470,2026-01-09,visit,
cust_0472,2026-01-09,visit,
cust_0477,2026-01-09,visit,
cust_0481,2026-01-09,visit,
cust_0490,2026-01-09,visit,
cust_0495,2026-01-09,purchase,25.75
cust_0496,2026-01-09,visit,
cust_0498,2026-01-09,purchase,21.32
cust_0509,2026-01-09,purchase,26.62
cust_0509,2026-01-09,refund,26.62
cust_0510,2026-01-09,purchase,120.69
cust_0524,2026-01-09,visit,
cust_0537,2026-01-09,purchase,63.69
cust_0545,2026-01-09,visit,
cust_0568,2026-01-09,visit,
cust_0599,2026-01-09,purchase,20.9
cust_0602,2026-01-09,purchase,47.95
cust_0603,2026-01-09,visit,
cust_0614,2026-01-09,visit,
cust_0622,2026-01-09,purchase,42.37
cust_0630,2026-01-09,purchase,15.62
cust_0631,2026-01-09,purchase,26.18
cust_0646,2026-01-09,purchase,36.01
cust_0669,2026-01-09,visit,
cust_0724,2026-01-09,visit,
cust_0731,2026-01-09,purchase,26.42
cust_0732,2026-01-09,visit,
cust_0766,2026-01-09,visit,
cust_0011,2026-01-10,purchase,12.87
cust_0018,2026-01-10,purchase,63.08
cust_0021,2026-01-10,purchase,20.29
cust_0021,2026-01-10,refund,20.29
cust_0039,2026-01-10,ticket,
cust_0044,2026-01-10,visit,
cust_0053,2026-01-10,visit,
cust_0057,2026-01-10,visit,
cust_0065,2026-01-10,purchase,29.07
cust_0066,2026-01-10,purchase,23.0
cust_0067,2026-01-10,purchase,77.31
cust_0071,2026-01-10,visit,
cust_0092,2026-01-10,purchase,87.33
cust_0105,2026-01-10,visit,
cust_0106,2026-01-10,visit,
cust_0108,2026-01-10,visit,
cust_0119,2026-01-10,purchase,43.81
cust_0128,2026-01-10,purchase,21.46
cust_0131,2026-01-10,visit,
cust_0132,2026-01-10,visit,
cust_0148,2026-01-10,purchase,24.35
cust_0152,2026-01-10,visit,
cust_0172,2026-01-10,purchase,80.28
cust_0173,2026-01-10,visit,
cust_0174,2026-01-10,visit,
cust_0193,2026-01-10,visit,
cust_0200,2026-01-10,ticket,
cust_0249,2026-01-10,visit,
cust_0251,2026-01-10,visit,
cust_0263,2026-01-10,purchase,60.13
cust_0266,2026-01-10,visit,
cust_0273,2026-01-10,purchase,63.32
cust_0282,2026-01-10,visit,
cust_0285,2026-01-10,visit,
cust_0294,2026-01-10,purchase,37.52
cust_0300,2026-01-10,purchase,22.1
cust_0326,2026-01-10,purchase,50.25
cust_0332,2026-01-10,visit,
cust_0334,2026-01-10,visit,
cust_0349,2026-01-10,purchase,47.58
cust_0360,2026-01-10,purchase,57.64
cust_0361,2026-01-10,visit,
cust_0376,2026-01-10,visit,
cust_0380,2026-01-10,visit,
cust_0413,2026-01-10,purchase,21.82
cust_0423,2026-01-10,visit,
cust_0429,2026-01-10,visit,
cust_0444,2026-01-10,purchase,75.22
cust_0456,2026-01-10,purchase,23.07
cust_0462,2026-01-10,visit,
cust_0467,2026-01-10,purchase,35.83
cust_0508,2026-01-10,visit,
cust_0510,2026-01-10,ticket,
cust_0511,2026-01-10,visit,
cust_0516,2026-01-10,visit,
cust_0541,2026-01-10,visit,
cust_0542,2026-01-10,purchase,33.73
cust_0548,2026-01-10,visit,
cust_0552,2026-01-10,visit,
cust_0598,2026-01-10,purchase,41.91
cust_0606,2026-01-10,purchase,33.61
cust_0618,2026-01-10,visit,
cust_0646,2026-01-10,visit,
cust_0652,2026-01-10,purchase,115.31
cust_0661,2026-01-10,purchase,40.87
cust_0663,2026-01-10,visit,
cust_0668,2026-01-10,visit,
cust_0669,2026-01-10,visit,
cust_0676,2026-01-10,visit,
cust_0702,2026-01-10,visit,
cust_0707,2026-01-10,visit,
cust_0712,2026-01-10,purchase,108.52
cust_0717,2026-01-10,purchase,20.54
cust_0727,2026-01-10,visit,
cust_0733,2026-01-10,purchase,53.1
cust_0737,2026-01-10,purchase,48.06
cust_0760,2026-01-10,visit,
cust_0774,2026-01-10,visit,
cust_0798,2026-01-10,visit,
cust_0799,2026-01-10,visit,
cust_0005,2026-01-11,visit,
cust_0011,2026-01-11,visit,
cust_0013,2026-01-11,purchase,47.47
cust_0015,2026-01-11,visit,
cust_0019,2026-01-11,visit,
cust_0024,2026-01-11,purchase,37.68
cust_0028,2026-01-11,purchase,63.71
cust_0069,2026-01-11,visit,
cust_0081,2026-01-11,visit,
cust_0083,2026-01-11,visit,
cust_0085,2026-01-11,purchase,21.49
cust_0116,2026-01-11,purchase,31.92
cust_0117,2026-01-11,purchase,41.11
cust_0119,2026-01-11,visit,
cust_0122,2026-01-11,purchase,68.24
cust_0125,2026-01-11,visit,
cust_0132,2026-01-11,ticket,
cust_0147,2026-01-11,visit,
cust_0163,2026-01-11,visit,
cust_0166,2026-01-11,visit,
cust_0167,2026-01-11,visit,
cust_0170,2026-01-11,purchase,24.02
cust_0179,2026-01-11,purchase,25.17
cust_0182,2026-01-11,visit,
cust_0199,2026-01-11,visit,
cust_0207,2026-01-11,visit,
cust_0220,2026-01-11,visit,
cust_0221,2026-01-11,visit,
cust_0229,2026-01-11,visit,
cust_0232,2026-01-11,visit,
cust_0235,2026-01-11,purchase,28.94
cust_0239,2026-01-11,purchase,46.44
cust_0239,2026-01-11,refund,46.44
cust_0253,2026-01-11,purchase,53.42
cust_0260,2026-01-11,visit,
cust_0268,2026-01-11,visit,
cust_0278,2026-01-11,purchase,80.48
cust_0282,2026-01-11,purchase,29.98
cust_0295,2026-01-11,visit,
cust_0297,2026-01-11,visit,
cust_0304,2026-01-11,visit,
cust_0363,2026-01-11,purchase,22.13
cust_0366,2026-01-11,ticket,
cust_0371,2026-01-11,visit,
cust_0389,2026-01-11,purchase,49.3
cust_0390,2026-01-11,visit,
cust_0394,2026-01-11,visit,
cust_0433,2026-01-11,visit,
cust_0436,2026-01-11,purchase,20.44
cust_0443,2026-01-11,purchase,76.79
cust_0443,2026-01-11,refund,76.79
cust_0444,2026-01-11,visit,
cust_0448,2026-01-11,visit,
cust_0459,2026-01-11,purchase,84.41
cust_0468,2026-01-11,purchase,20.9
cust_0479,2026-01-11,visit,
cust_0497,2026-01-11,purchase,31.77
cust_0499,2026-01-11,visit,
cust_0512,2026-01-11,visit,
cust_0517,2026-01-11,purchase,26.74
cust_0521,2026-01-11,purchase,17.36
cust_0525,2026-01-11,purchase,52.27
cust_0535,2026-01-11,visit,
cust_0548,2026-01-11,visit,
cust_0589,2026-01-11,visit,
cust_0606,2026-01-11,visit,
cust_0614,2026-01-11,purchase,40.79
cust_0620,2026-01-11,purchase,31.28
cust_0658,2026-01-11,visit,
cust_0660,2026-01-11,visit,
cust_0670,2026-01-11,visit,
cust_0711,2026-01-11,purchase,18.67
cust_0717,2026-01-11,purchase,34.32
cust_0718,2026-01-11,purchase,27.09
cust_0741,2026-01-11,ticket,
cust_0751,2026-01-11,visit,
cust_0757,2026-01-11,visit,
cust_0781,2026-01-11,purchase,45.09
cust_0786,2026-01-11,visit,
cust_0794,2026-01-11,visit,
cust_0005,2026-01-12,visit,
cust_0013,2026-01-12,purchase,36.19
cust_0033,2026-01-12,ticket,
cust_0036,2026-01-12,visit,
cust_0038,2026-01-12,visit,
cust_0041,2026-01-12,visit,
cust_0058,2026-01-12,visit,
cust_0060,2026-01-12,purchase,60.17
cust_0063,2026-01-12,visit,
cust_0100,2026-01-12,visit,
cust_0112,2026-01-12,visit,
cust_0120,2026-01-12,ticket,
cust_0125,2026-01-12,purchase,47.52
cust_0125,2026-01-12,refund,47.52
cust_0137,2026-01-12,visit,
cust_0155,2026-01-12,visit,
cust_0161,2026-01-12,visit,
cust_0166,2026-01-12,purchase,61.41
cust_0172,2026-01-12,visit,
cust_0177,2026-01-12,purchase,41.79
cust_0232,2026-01-12,visit,
cust_0237,2026-01-12,visit,
cust_0253,2026-01-12,purchase,134.68
cust_0290,2026-01-12,purchase,16.75
cust_0295,2026-01-12,visit,
cust_0306,2026-01-12,purchase,63.21
cust_0308,2026-01-12,visit,
cust_0312,2026-01-12,visit,
cust_0318,2026-01-12,purchase,18.89
cust_0321,2026-01-12,visit,
cust_0341,2026-01-12,purchase,15.63
cust_0350,2026-01-12,visit,
cust_0358,2026-01-12,visit,
cust_0370,2026-01-12,purchase,32.68
cust_0372,2026-01-12,purchase,39.34
cust_0380,2026-01-12,visit,
cust_0391,2026-01-12,purchase,92.79
cust_0410,2026-01-12,purchase,59.03
cust_0413,2026-01-12,visit,
cust_0427,2026-01-12,visit,
cust_0441,2026-01-12,purchase,92.16
cust_0446,2026-01-12,visit,
cust_0454,2026-01-12,purchase,50.79
cust_0456,2026-01-12,visit,
cust_0458,2026-01-12,purchase,30.78
cust_0460,2026-01-12,visit,
cust_0464,2026-01-12,visit,
cust_0470,2026-01-12,purchase,21.75
cust_0479,2026-01-12,visit,
cust_0508,2026-01-12,purchase,24.07
cust_0526,2026-01-12,visit,
cust_0530,2026-01-12,visit,
cust_0537,2026-01-12,visit,
cust_0544,2026-01-12,visit,
cust_0550,2026-01-12,visit,
cust_0557,2026-01-12,visit,
cust_0567,2026-01-12,visit,
cust_0568,2026-01-12,purchase,55.02
cust_0590,2026-01-12,visit,
cust_0600,2026-01-12,visit,
cust_0603,2026-01-12,visit,
cust_0615,2026-01-12,visit,
cust_0618,2026-01-12,purchase,56.76
cust_0625,2026-01-12,visit,
cust_0648,2026-01-12,visit,
cust_0655,2026-01-12,purchase,54.02
cust_0668,2026-01-12,purchase,71.05
cust_0711,2026-01-12,visit,
cust_0720,2026-01-12,visit,
cust_0729,2026-01-12,purchase,37.64
cust_0736,2026-01-12,purchase,30.0
cust_0738,2026-01-12,visit,
cust_0756,2026-01-12,purchase,28.56
cust_0766,2026-01-12,visit,
cust_0769,2026-01-12,purchase,24.39
cust_0776,2026-01-12,visit,
cust_0790,2026-01-12,ticket,
cust_0792,2026-01-12,purchase,43.34
cust_0797,2026-01-12,visit,
cust_0799,2026-01-12,purchase,79.96
cust_0003,2026-01-13,purchase,35.05
cust_0010,2026-01-13,purchase,33.1
cust_0026,2026-01-13,visit,
cust_0029,2026-01-13,purchase,14.0
cust_0050,2026-01-13,purchase,56.72
cust_0061,2026-01-13,ticket,
cust_0066,2026-01-13,purchase,64.31
cust_0066,2026-01-13,refund,64.31
cust_0070,2026-01-13,purchase,65.37
cust_0071,2026-01-13,purchase,34.08
cust_0081,2026-01-13,purchase,41.6
cust_0082,2026-01-13,visit,
cust_0099,2026-01-13,visit,
cust_0106,2026-01-13,visit,
cust_0108,2026-01-13,purchase,40.47
cust_0130,2026-01-13,ticket,
cust_0132,2026-01-13,visit,
cust_0133,2026-01-13,purchase,28.08
cust_0136,2026-01-13,visit,
cust_0138,2026-01-13,visit,
cust_0145,2026-01-13,purchase,50.01
cust_0150,2026-01-13,purchase,11.51
cust_0166,2026-01-13,visit,
cust_0171,2026-01-13,visit,
cust_0221,2026-01-13,visit,
cust_0228,2026-01-13,visit,
cust_0238,2026-01-13,purchase,57.56
cust_0239,2026-01-13,visit,
cust_0241,2026-01-13,visit,
cust_0244,2026-01-13,purchase,30.89
cust_0262,2026-01-13,visit,
cust_0278,2026-01-13,visit,
cust_0297,2026-01-13,visit,
cust_0302,2026-01-13,visit,
cust_0305,2026-01-13,visit,
cust_0314,2026-01-13,purchase,28.38
cust_0318,2026-01-13,purchase,22.4
cust_0341,2026-01-13,visit,
cust_0381,2026-01-13,purchase,65.39
cust_0396,2026-01-13,purchase,38.13
cust_0407,2026-01-13,purchase,21.41
cust_0410,2026-01-13,visit,
cust_0428,2026-01-13,purchase,33.04
cust_0435,2026-01-13,visit,
cust_0436,2026-01-13,purchase,82.88
cust_0454,2026-01-13,purchase,20.54
cust_0457,2026-01-13,purchase,35.67
cust_0463,2026-01-13,visit,
cust_0465,2026-01-13,visit,
cust_0466,2026-01-13,visit,
cust_0490,2026-01-13,visit,
cust_0495,2026-01-13,visit,
cust_0499,2026-01-13,ticket,
cust_0509,2026-01-13,purchase,21.01
cust_0509,2026-01-13,refund,21.01
cust_0520,2026-01-13,visit,
cust_0544,2026-01-13,ticket,
cust_0545,2026-01-13,ticket,
cust_0560,2026-01-13,purchase,19.44
cust_0612,2026-01-13,visit,
cust_0619,2026-01-13,visit,
cust_0640,2026-01-13,visit,
cust_0641,2026-01-13,purchase,48.97
cust_0643,2026-01-13,visit,
cust_0667,2026-01-13,purchase,20.62
cust_0667,2026-01-13,refund,20.62
cust_0669,2026-01-13,purchase,15.08
cust_0672,2026-01-13,purchase,26.54
cust_0678,2026-01-13,purchase,99.94
cust_0688,2026-01-13,visit,
cust_0689,2026-01-13,visit,
cust_0716,2026-01-13,purchase,18.1
cust_0726,2026-01-13,visit,
cust_0738,2026-01-13,purchase,38.8
cust_0739,2026-01-13,visit,
cust_0742,2026-01-13,visit,
cust_0756,2026-01-13,visit,
cust_0761,2026-01-13,visit,
cust_0762,2026-01-13,purchase,45.17
cust_0766,2026-01-13,purchase,37.15
cust_0768,2026-01-13,ticket,
cust_0770,2026-01-13,visit,
cust_0773,2026-01-13,visit,
cust_0786,2026-01-13,purchase,20.18
cust_0788,2026-01-13,visit,
cust_0016,2026-01-14,visit,
cust_0027,2026-01-14,visit,
cust_0049,2026-01-14,purchase,42.03
cust_0049,2026-01-14,refund,42.03
cust_0055,2026-01-14,visit,
cust_0060,2026-01-14,purchase,21.06
cust_0064,2026-01-14,purchase,66.66
cust_0066,2026-01-14,visit,
cust_0068,2026-01-14,visit,
cust_0083,2026-01-14,visit,
cust_0091,2026-01-14,purchase,69.31
cust_0092,2026-01-14,visit,
cust_0095,2026-01-14,visit,
cust_0112,2026-01-14,visit,
cust_0115,2026-01-14,visit,
cust_0172,2026-01-14,purchase,54.91
cust_0173,2026-01-14,purchase,27.22
cust_0191,2026-01-14,purchase,17.23
cust_0194,2026-01-14,visit,
cust_0195,2026-01-14,visit,
cust_0197,2026-01-14,visit,
cust_0209,2026-01-14,purchase,57.43
cust_0225,2026-01-14,visit,
cust_0231,2026-01-14,visit,
cust_0237,2026-01-14,visit,
cust_0248,2026-01-14,visit,
cust_0258,2026-01-14,visit,
cust_0260,2026-01-14,visit,
cust_0261,2026-01-14,visit,
cust_0290,2026-01-14,visit,
cust_0304,2026-01-14,visit,
cust_0342,2026-01-14,visit,
cust_0348,2026-01-14,visit,
cust_0416,2026-01-14,purchase,48.8
cust_0439,2026-01-14,visit,
cust_0442,2026-01-14,visit,
cust_0454,2026-01-14,purchase,45.28
cust_0457,2026-01-14,purchase,42.33
cust_0465,2026-01-14,visit,
cust_0470,2026-01-14,visit,
cust_0471,2026-01-14,ticket,
cust_0483,2026-01-14,visit,
cust_0484,2026-01-14,visit,
cust_0494,2026-01-14,visit,
cust_0497,2026-01-14,visit,
cust_0507,2026-01-14,visit,
cust_0508,2026-01-14,purchase,55.5
cust_0538,2026-01-14,visit,
cust_0544,2026-01-14,visit,
cust_0552,2026-01-14,visit,
cust_0561,2026-01-14,visit,
cust_0562,2026-01-14,purchase,17.62
cust_0567,2026-01-14,purchase,55.91
cust_0572,2026-01-14,visit,
cust_0579,2026-01-14,purchase,93.0
cust_0580,2026-01-14,ticket,
cust_0583,2026-01-14,visit,
cust_0597,2026-01-14,purchase,52.08
cust_0597,2026-01-14,refund,52.08
cust_0606,2026-01-14,visit,
cust_0609,2026-01-14,purchase,81.78
cust_0635,2026-01-14,purchase,20.43
cust_0642,2026-01-14,purchase,23.35
cust_0643,2026-01-14,visit,
cust_0651,2026-01-14,visit,
cust_0652,2026-01-14,purchase,31.25
cust_0655,2026-01-14,visit,
cust_0662,2026-01-14,visit,
cust_0685,2026-01-14,purchase,69.3
cust_0691,2026-01-14,visit,
cust_0694,2026-01-14,purchase,58.01
cust_0706,2026-01-14,ticket,
cust_0708,2026-01-14,purchase,63.28
cust_0711,2026-01-14,visit,
cust_0715,2026-01-14,visit,
cust_0723,2026-01-14,visit,
cust_0731,2026-01-14,visit,
cust_0742,2026-01-14,visit,
cust_0749,2026-01-14,purchase,28.71
cust_0752,2026-01-14,visit,
cust_0756,2026-01-14,purchase,25.9
cust_0758,2026-01-14,visit,
cust_0762,2026-01-14,purchase,53.11
cust_0783,2026-01-14,purchase,10.9
cust_0789,2026-01-14,visit,
cust_0001,2026-01-15,purchase,20.93
cust_0011,2026-01-15,purchase,64.73
cust_0036,2026-01-15,visit,
cust_0039,2026-01-15,visit,
cust_0043,2026-01-15,purchase,45.56
cust_0049,2026-01-15,visit,
cust_0066,2026-01-15,visit,
cust_0072,2026-01-15,purchase,27.21
cust_0076,2026-01-15,visit,
cust_0082,2026-01-15,visit,
cust_0089,2026-01-15,purchase,39.11
cust_0094,2026-01-15,visit,
cust_0101,2026-01-15,purchase,33.36
cust_0122,2026-01-15,purchase,19.02
cust_0122,2026-01-15,refund,19.02
cust_0143,2026-01-15,visit,
cust_0146,2026-01-15,visit,
cust_0148,2026-01-15,visit,
cust_0168,2026-01-15,purchase,33.96
cust_0183,2026-01-15,visit,
cust_0187,2026-01-15,purchase,56.1
cust_0193,2026-01-15,purchase,44.44
cust_0195,2026-01-15,visit,
cust_0204,2026-01-15,visit,
cust_0214,2026-01-15,purchase,41.37
cust_0226,2026-01-15,visit,
cust_0279,2026-01-15,visit,
cust_0284,2026-01-15,purchase,35.71
cust_0294,2026-01-15,visit,
cust_0296,2026-01-15,visit,
cust_0298,2026-01-15,visit,
cust_0301,2026-01-15,visit,
cust_0303,2026-01-15,purchase,28.86
cust_0304,2026-01-15,visit,
cust_0318,2026-01-15,visit,
cust_0322,2026-01-15,visit,
cust_0327,2026-01-15,visit,
cust_0385,2026-01-15,visit,
cust_0388,2026-01-15,purchase,27.78
cust_0394,2026-01-15,visit,
cust_0403,2026-01-15,purchase,68.33
cust_0404,2026-01-15,purchase,34.03
cust_0404,2026-01-15,refund,34.03
cust_0411,2026-01-15,visit,
cust_0425,2026-01-15,purchase,45.61
cust_0454,2026-01-15,visit,
cust_0499,2026-01-15,purchase,15.24
cust_0499,2026-01-15,refund,15.24
cust_0506,2026-01-15,purchase,36.84
cust_0521,2026-01-15,purchase,34.91
cust_0530,2026-01-15,purchase,50.99
cust_0550,2026-01-15,visit,
cust_0579,2026-01-15,visit,
cust_0583,2026-01-15,visit,
cust_0594,2026-01-15,ticket,
cust_0596,2026-01-15,visit,
cust_0607,2026-01-15,visit,
cust_0608,2026-01-15,visit,
cust_0615,2026-01-15,purchase,26.5
cust_0618,2026-01-15,purchase,58.24
cust_0620,2026-01-15,visit,
cust_0645,2026-01-15,purchase,49.38
cust_0651,2026-01-15,purchase,38.31
cust_0659,2026-01-15,purchase,22.61
cust_0669,2026-01-15,purchase,50.81
cust_0678,2026-01-15,visit,
cust_0685,2026-01-15,purchase,18.38
cust_0696,2026-01-15,visit,
cust_0715,2026-01-15,visit,
cust_0717,2026-01-15,visit,
cust_0722,2026-01-15,visit,
cust_0724,2026-01-15,visit,
cust_0730,2026-01-15,purchase,46.77
cust_0742,2026-01-15,purchase,40.15
cust_0747,2026-01-15,visit,
cust_0750,2026-01-15,purchase,34.22
cust_0753,2026-01-15,visit,
cust_0756,2026-01-15,purchase,36.36
cust_0766,2026-01-15,visit,
cust_0775,2026-01-15,purchase,25.85
cust_0778,2026-01-15,visit,
cust_0002,2026-01-16,ticket,
cust_0007,2026-01-16,purchase,56.21
cust_0032,2026-01-16,visit,
cust_0043,2026-01-16,purchase,28.64
cust_0047,2026-01-16,purchase,58.76
cust_0053,2026-01-16,purchase,15.22
cust_0067,2026-01-16,visit,
cust_0068,2026-01-16,purchase,26.11
cust_0073,2026-01-16,ticket,
cust_0080,2026-01-16,visit,
cust_0104,2026-01-16,purchase,24.3
cust_0131,2026-01-16,purchase,18.34
cust_0143,2026-01-16,visit,
cust_0160,2026-01-16,visit,
cust_0180,2026-01-16,visit,
cust_0183,2026-01-16,visit,
cust_0184,2026-01-16,purchase,26.33
cust_0191,2026-01-16,purchase,41.52
cust_0201,2026-01-16,visit,
cust_0208,2026-01-16,purchase,12.46
cust_0214,2026-01-16,ticket,
cust_0229,2026-01-16,visit,
cust_0239,2026-01-16,purchase,20.68
cust_0248,2026-01-16,visit,
cust_0265,2026-01-16,visit,
cust_0269,2026-01-16,visit,
cust_0274,2026-01-16,purchase,31.64
cust_0275,2026-01-16,visit,
cust_0288,2026-01-16,purchase,46.93
cust_0288,2026-01-16,refund,46.93
cust_0289,2026-01-16,visit,
cust_0290,2026-01-16,visit,
cust_0309,2026-01-16,visit,
cust_0318,2026-01-16,visit,
cust_0329,2026-01-16,purchase,108.39
cust_0356,2026-01-16,visit,
cust_0375,2026-01-16,purchase,26.12
cust_0377,2026-01-16,purchase,26.68
cust_0384,2026-01-16,visit,
cust_0400,2026-01-16,visit,
cust_0401,2026-01-16,purchase,53.11
cust_0424,2026-01-16,visit,
cust_0451,2026-01-16,visit,
cust_0457,2026-01-16,visit,
cust_0493,2026-01-16,ticket,
cust_0502,2026-01-16,purchase,30.94
cust_0519,2026-01-16,visit,
cust_0540,2026-01-16,purchase,53.51
cust_0541,2026-01-16,visit,
cust_0548,2026-01-16,purchase,72.54
cust_0550,2026-01-16,visit,
cust_0555,2026-01-16,purchase,21.19
cust_0594,2026-01-16,visit,
cust_0599,2026-01-16,visit,
cust_0652,2026-01-16,visit,
cust_0669,2026-01-16,visit,
cust_0681,2026-01-16,visit,
cust_0684,2026-01-16,visit,
cust_0687,2026-01-16,purchase,78.94
cust_0688,2026-01-16,visit,
cust_0689,2026-01-16,visit,
cust_0698,2026-01-16,purchase,27.66
cust_0709,2026-01-16,visit,
cust_0746,2026-01-16,purchase,47.47
cust_0758,2026-01-16,visit,
cust_0761,2026-01-16,visit,
cust_0762,2026-01-16,visit,
cust_0773,2026-01-16,visit,
cust_0776,2026-01-16,visit,
cust_0778,2026-01-16,visit,
cust_0786,2026-01-16,purchase,38.28
cust_0788,2026-01-16,visit,
cust_0031,2026-01-17,visit,
cust_0041,2026-01-17,visit,
cust_0046,2026-01-17,purchase,43.93
cust_0050,2026-01-17,ticket,
cust_0068,2026-01-17,purchase,49.04
cust_0074,2026-01-17,visit,
cust_0091,2026-01-17,visit,
cust_0092,2026-01-17,purchase,27.61
cust_0113,2026-01-17,purchase,37.21
cust_0116,2026-01-17,visit,
cust_0139,2026-01-17,visit,
cust_0191,2026-01-17,visit,
cust_0193,2026-01-17,purchase,57.18
cust_0201,2026-01-17,purchase,18.04
cust_0218,2026-01-17,ticket,
cust_0264,2026-01-17,visit,
cust_0275,2026-01-17,purchase,40.81
cust_0278,2026-01-17,visit,
cust_0284,2026-01-17,visit,
cust_0286,2026-01-17,visit,
cust_0298,2026-01-17,visit,
cust_0299,2026-01-17,purchase,63.31
cust_0301,2026-01-17,visit,
cust_0316,2026-01-17,visit,
cust_0317,2026-01-17,visit,
cust_0357,2026-01-17,visit,
cust_0365,2026-01-17,visit,
cust_0369,2026-01-17,visit,
cust_0377,2026-01-17,visit,
cust_0388,2026-01-17,visit,
cust_0392,2026-01-17,purchase,46.48
cust_0395,2026-01-17,visit,
cust_0409,2026-01-17,visit,
cust_0412,2026-01-17,purchase,118.26
cust_0424,2026-01-17,visit,
cust_0428,2026-01-17,purchase,62.82
cust_0430,2026-01-17,visit,
cust_0434,2026-01-17,visit,
cust_0439,2026-01-17,purchase,23.21
cust_0440,2026-01-17,visit,
cust_0477,2026-01-17,visit,
cust_0480,2026-01-17,visit,
cust_0482,2026-01-17,ticket,
cust_0485,2026-01-17,visit,
cust_0493,2026-01-17,visit,
cust_0497,2026-01-17,purchase,36.05
cust_0498,2026-01-17,visit,
cust_0503,2026-01-17,purchase,22.86
cust_0550,2026-01-17,visit,
cust_0568,2026-01-17,ticket,
cust_0578,2026-01-17,visit,
cust_0589,2026-01-17,visit,
cust_0593,2026-01-17,visit,
cust_0594,2026-01-17,visit,
cust_0631,2026-01-17,visit,
cust_0642,2026-01-17,purchase,45.84
cust_0653,2026-01-17,purchase,28.36
cust_0655,2026-01-17,purchase,19.67
cust_0657,2026-01-17,visit,
cust_0668,2026-01-17,visit,
cust_0671,2026-01-17,visit,
cust_0674,2026-01-17,visit,
cust_0675,2026-01-17,purchase,49.22
cust_0679,2026-01-17,visit,
cust_0685,2026-01-17,visit,
cust_0702,2026-01-17,visit,
cust_0705,2026-01-17,visit,
cust_0721,2026-01-17,visit,
cust_0740,2026-01-17,visit,
cust_0748,2026-01-17,visit,
cust_0753,2026-01-17,visit,
cust_0754,2026-01-17,visit,
cust_0783,2026-01-17,purchase,53.14
cust_0795,2026-01-17,visit,
cust_0007,2026-01-18,visit,
cust_0025,2026-01-18,visit,
cust_0040,2026-01-18,visit,
cust_0049,2026-01-18,purchase,22.1
cust_0098,2026-01-18,purchase,83.54
cust_0113,2026-01-18,visit,
cust_0120,2026-01-18,purchase,25.56
cust_0152,2026-01-18,visit,
cust_0155,2026-01-18,purchase,61.31
cust_0161,2026-01-18,visit,
cust_0162,2026-01-18,visit,
cust_0169,2026-01-18,purchase,31.35
cust_0169,2026-01-18,refund,31.35
cust_0174,2026-01-18,purchase,43.86
cust_0182,2026-01-18,purchase,30.25
cust_0196,2026-01-18,visit,
cust_0205,2026-01-18,visit,
cust_0217,2026-01-18,purchase,50.91
cust_0219,2026-01-18,visit,
cust_0221,2026-01-18,ticket,
cust_0230,2026-01-18,visit,
cust_0238,2026-01-18,visit,
cust_0241,2026-01-18,visit,
cust_0249,2026-01-18,visit,
cust_0257,2026-01-18,visit,
cust_0289,2026-01-18,visit,
cust_0290,2026-01-18,purchase,28.74
cust_0311,2026-01-18,visit,
cust_0322,2026-01-18,visit,
cust_0324,2026-01-18,visit,
cust_0334,2026-01-18,visit,
cust_0353,2026-01-18,visit,
cust_0363,2026-01-18,visit,
cust_0378,2026-01-18,visit,
cust_0407,2026-01-18,purchase,56.1
cust_0409,2026-01-18,visit,
cust_0413,2026-01-18,purchase,43.76
cust_0413,2026-01-18,refund,43.76
cust_0447,2026-01-18,visit,
cust_0463,2026-01-18,ticket,
cust_0468,2026-01-18,visit,
cust_0475,2026-01-18,visit,
cust_0482,2026-01-18,visit,
cust_0485,2026-01-18,purchase,31.77
cust_0506,2026-01-18,purchase,18.3
cust_0509,2026-01-18,visit,
cust_0514,2026-01-18,visit,
cust_0517,2026-01-18,purchase,74.77
cust_0517,2026-01-18,refund,74.77
cust_0525,2026-01-18,purchase,123.59
cust_0527,2026-01-18,visit,
cust_0534,2026-01-18,visit,
cust_0538,2026-01-18,purchase,33.03
cust_0543,2026-01-18,purchase,53.09
cust_0559,2026-01-18,purchase,57.78
cust_0574,2026-01-18,visit,
cust_0595,2026-01-18,visit,
cust_0598,2026-01-18,purchase,30.09
cust_0602,2026-01-18,visit,
cust_0632,2026-01-18,visit,
cust_0633,2026-01-18,purchase,33.32
cust_0634,2026-01-18,visit,
cust_0648,2026-01-18,visit,
cust_0668,2026-01-18,visit,
cust_0669,2026-01-18,visit,
cust_0673,2026-01-18,purchase,39.32
cust_0683,2026-01-18,visit,
cust_0728,2026-01-18,purchase,36.02
cust_0733,2026-01-18,ticket,
cust_0756,2026-01-18,purchase,48.73
cust_0764,2026-01-18,purchase,36.44
cust_0775,2026-01-18,purchase,49.96
cust_0010,2026-01-19,visit,
cust_0017,2026-01-19,visit,
cust_0053,2026-01-19,visit,
cust_0058,2026-01-19,purchase,34.29
cust_0060,2026-01-19,purchase,35.98
cust_0064,2026-01-19,visit,
cust_0065,2026-01-19,visit,
cust_0068,2026-01-19,purchase,71.69
cust_0082,2026-01-19,visit,
cust_0084,2026-01-19,visit,
cust_0102,2026-01-19,visit,
cust_0107,2026-01-19,purchase,31.38
cust_0113,2026-01-19,visit,
cust_0122,2026-01-19,ticket,
cust_0124,2026-01-19,purchase,44.89
cust_0125,2026-01-19,visit,
cust_0128,2026-01-19,visit,
cust_0144,2026-01-19,purchase,37.37
cust_0159,2026-01-19,purchase,20.75
cust_0162,2026-01-19,purchase,32.17
cust_0164,2026-01-19,purchase,34.45
cust_0174,2026-01-19,visit,
cust_0183,2026-01-19,visit,
cust_0184,2026-01-19,visit,
cust_0193,2026-01-19,visit,
cust_0216,2026-01-19,visit,
cust_0221,2026-01-19,purchase,81.74
cust_0243,2026-01-19,purchase,25.59
cust_0254,2026-01-19,purchase,64.98
cust_0262,2026-01-19,visit,
cust_0268,2026-01-19,visit,
cust_0284,2026-01-19,purchase,19.77
cust_0298,2026-01-19,visit,
cust_0314,2026-01-19,visit,
cust_0315,2026-01-19,purchase,25.32
cust_0323,2026-01-19,purchase,32.27
cust_0342,2026-01-19,visit,
cust_0350,2026-01-19,purchase,29.66
cust_0380,2026-01-19,ticket,
cust_0384,2026-01-19,purchase,32.45
cust_0395,2026-01-19,visit,
cust_0407,2026-01-19,purchase,40.5
cust_0413,2026-01-19,visit,
cust_0417,2026-01-19,visit,
cust_0419,2026-01-19,purchase,39.82
cust_0458,2026-01-19,visit,
cust_0470,2026-01-19,purchase,29.06
cust_0473,2026-01-19,ticket,
cust_0483,2026-01-19,purchase,30.11
cust_0487,2026-01-19,visit,
cust_0489,2026-01-19,visit,
cust_0495,2026-01-19,visit,
cust_0496,2026-01-19,purchase,97.85
cust_0502,2026-01-19,visit,
cust_0521,2026-01-19,visit,
cust_0533,2026-01-19,visit,
cust_0539,2026-01-19,visit,
cust_0543,2026-01-19,visit,
cust_0563,2026-01-19,visit,
cust_0574,2026-01-19,purchase,18.0
cust_0593,2026-01-19,visit,
cust_0603,2026-01-19,visit,
cust_0608,2026-01-19,visit,
cust_0622,2026-01-19,purchase,20.75
cust_0624,2026-01-19,visit,
cust_0630,2026-01-19,visit,
cust_0643,2026-01-19,visit,
cust_0647,2026-01-19,visit,
cust_0648,2026-01-19,purchase,81.8
cust_0653,2026-01-19,visit,
cust_0655,2026-01-19,visit,
cust_0661,2026-01-19,visit,
cust_0663,2026-01-19,visit,
cust_0664,2026-01-19,purchase,25.11
cust_0678,2026-01-19,purchase,39.47
cust_0678,2026-01-19,refund,39.47
cust_0690,2026-01-19,visit,
cust_0696,2026-01-19,visit,
cust_0734,2026-01-19,purchase,47.85
cust_0734,2026-01-19,refund,47.85
cust_0747,2026-01-19,visit,
cust_0768,2026-01-19,visit,
cust_0770,2026-01-19,purchase,34.92
cust_0795,2026-01-19,ticket,
cust_0796,2026-01-19,purchase,36.35
cust_0016,2026-01-20,visit,
cust_0025,2026-01-20,purchase,34.64
cust_0027,2026-01-20,visit,
cust_0038,2026-01-20,visit,
cust_0071,2026-01-20,visit,
cust_0072,2026-01-20,visit,
cust_0092,2026-01-20,visit,
cust_0094,2026-01-20,ticket,
cust_0111,2026-01-20,purchase,26.32
cust_0122,2026-01-20,visit,
cust_0123,2026-01-20,ticket,
cust_0132,2026-01-20,purchase,37.11
cust_0139,2026-01-20,visit,
cust_0140,2026-01-20,ticket,
cust_0146,2026-01-20,visit,
cust_0152,2026-01-20,visit,
cust_0155,2026-01-20,visit,
cust_0173,2026-01-20,visit,
cust_0192,2026-01-20,visit,
cust_0193,2026-01-20,visit,
cust_0236,2026-01-20,visit,
cust_0240,2026-01-20,purchase,105.73
cust_0245,2026-01-20,visit,
cust_0250,2026-01-20,visit,
cust_0257,2026-01-20,visit,
cust_0267,2026-01-20,ticket,
cust_0279,2026-01-20,purchase,21.85
cust_0285,2026-01-20,visit,
cust_0286,2026-01-20,purchase,18.42
cust_0294,2026-01-20,visit,
cust_0299,2026-01-20,visit,
cust_0301,2026-01-20,visit,
cust_0343,2026-01-20,visit,
cust_0384,2026-01-20,purchase,34.29
cust_0387,2026-01-20,purchase,24.45
cust_0392,2026-01-20,purchase,25.64
cust_0395,2026-01-20,purchase,36.16
cust_0400,2026-01-20,purchase,55.44
cust_0416,2026-01-20,visit,
cust_0439,2026-01-20,visit,
cust_0443,2026-01-20,ticket,
cust_0447,2026-01-20,visit,
cust_0456,2026-01-20,visit,
cust_0457,2026-01-20,visit,
cust_0461,2026-01-20,visit,
cust_0464,2026-01-20,purchase,74.36
cust_0477,2026-01-20,visit,
cust_0483,2026-01-20,ticket,
cust_0484,2026-01-20,visit,
cust_0490,2026-01-20,purchase,18.25
cust_0498,2026-01-20,visit,
cust_0509,2026-01-20,visit,
cust_0519,2026-01-20,visit,
cust_0542,2026-01-20,visit,
cust_0546,2026-01-20,visit,
cust_0551,2026-01-20,purchase,44.3
cust_0573,2026-01-20,visit,
cust_0581,2026-01-20,visit,
cust_0633,2026-01-20,purchase,18.45
cust_0643,2026-01-20,visit,
cust_0658,2026-01-20,visit,
cust_0686,2026-01-20,purchase,59.6
cust_0688,2026-01-20,visit,
cust_0698,2026-01-20,visit,
cust_0706,2026-01-20,visit,
cust_0716,2026-01-20,purchase,32.06
cust_0716,2026-01-20,refund,32.06
cust_0722,2026-01-20,visit,
cust_0726,2026-01-20,ticket,
cust_0762,2026-01-20,visit,
cust_0764,2026-01-20,visit,
cust_0769,2026-01-20,visit,
cust_0779,2026-01-20,visit,
cust_0780,2026-01-20,visit,
cust_0788,2026-01-20,purchase,54.29
cust_0797,2026-01-20,visit,
cust_0001,2026-01-21,purchase,18.5
cust_0021,2026-01-21,visit,
cust_0036,2026-01-21,visit,
cust_0037,2026-01-21,purchase,10.26
cust_0057,2026-01-21,purchase,49.41
cust_0065,2026-01-21,purchase,40.15
cust_0074,2026-01-21,purchase,37.45
cust_0082,2026-01-21,purchase,49.61
cust_0103,2026-01-21,purchase,17.26
cust_0108,2026-01-21,ticket,
cust_0112,2026-01-21,visit,
cust_0114,2026-01-21,purchase,70.58
cust_0116,2026-01-21,visit,
cust_0123,2026-01-21,purchase,44.22
cust_0127,2026-01-21,purchase,30.53
cust_0129,2026-01-21,purchase,30.67
cust_0136,2026-01-21,visit,
cust_0145,2026-01-21,purchase,34.48
cust_0146,2026-01-21,purchase,56.96
cust_0151,2026-01-21,visit,
cust_0157,2026-01-21,purchase,98.88
cust_0159,2026-01-21,visit,
cust_0172,2026-01-21,visit,
cust_0173,2026-01-21,visit,
cust_0192,2026-01-21,visit,
cust_0193,2026-01-21,visit,
cust_0198,2026-01-21,visit,
cust_0202,2026-01-21,ticket,
cust_0209,2026-01-21,purchase,64.53
cust_0228,2026-01-21,visit,
cust_0231,2026-01-21,visit,
cust_0237,2026-01-21,purchase,132.76
cust_0238,2026-01-21,visit,
cust_0246,2026-01-21,visit,
cust_0256,2026-01-21,visit,
cust_0271,2026-01-21,purchase,52.57
cust_0286,2026-01-21,visit,
cust_0316,2026-01-21,visit,
cust_0329,2026-01-21,purchase,57.98
cust_0344,2026-01-21,visit,
cust_0361,2026-01-21,visit,
cust_0378,2026-01-21,visit,
cust_0379,2026-01-21,visit,
cust_0384,2026-01-21,visit,
cust_0398,2026-01-21,purchase,32.13
cust_0407,2026-01-21,purchase,45.87
cust_0418,2026-01-21,visit,
cust_0469,2026-01-21,visit,
cust_0480,2026-01-21,visit,
cust_0481,2026-01-21,visit,
cust_0485,2026-01-21,visit,
cust_0494,2026-01-21,visit,
cust_0495,2026-01-21,visit,
cust_0502,2026-01-21,visit,
cust_0508,2026-01-21,visit,
cust_0509,2026-01-21,visit,
cust_0514,2026-01-21,visit,
cust_0531,2026-01-21,visit,
cust_0534,2026-01-21,visit,
cust_0565,2026-01-21,visit,
cust_0570,2026-01-21,visit,
cust_0588,2026-01-21,ticket,
cust_0608,2026-01-21,ticket,
cust_0609,2026-01-21,purchase,32.12
cust_0612,2026-01-21,visit,
cust_0618,2026-01-21,visit,
cust_0621,2026-01-21,purchase,19.53
cust_0628,2026-01-21,visit,
cust_0641,2026-01-21,visit,
cust_0642,2026-01-21,visit,
cust_0647,2026-01-21,visit,
cust_0651,2026-01-21,visit,
cust_0661,2026-01-21,visit,
cust_0709,2026-01-21,visit,
cust_0734,2026-01-21,visit,
cust_0739,2026-01-21,visit,
cust_0750,2026-01-21,purchase,54.5
cust_0769,2026-01-21,visit,
cust_0773,2026-01-21,purchase,29.03
cust_0780,2026-01-21,purchase,27.25
cust_0790,2026-01-21,visit,
cust_0003,2026-01-22,purchase,40.55
cust_0050,2026-01-22,visit,
cust_0060,2026-01-22,visit,
cust_0064,2026-01-22,visit,
cust_0070,2026-01-22,purchase,49.07
cust_0101,2026-01-22,visit,
cust_0104,2026-01-22,purchase,67.21
cust_0109,2026-01-22,purchase,24.76
cust_0111,2026-01-22,visit,
cust_0115,2026-01-22,visit,
cust_0124,2026-01-22,purchase,21.78
cust_0132,2026-01-22,visit,
cust_0140,2026-01-22,visit,
cust_0146,2026-01-22,purchase,41.24
cust_0160,2026-01-22,purchase,84.5
cust_0163,2026-01-22,visit,
cust_0172,2026-01-22,purchase,29.85
cust_0195,2026-01-22,visit,
cust_0230,2026-01-22,visit,
cust_0234,2026-01-22,visit,
cust_0240,2026-01-22,visit,
cust_0274,2026-01-22,visit,
cust_0277,2026-01-22,purchase,43.5
cust_0278,2026-01-22,purchase,32.58
cust_0283,2026-01-22,purchase,51.71
cust_0285,2026-01-22,purchase,50.01
cust_0286,2026-01-22,purchase,41.55
cust_0288,2026-01-22,visit,
cust_0295,2026-01-22,visit,
cust_0300,2026-01-22,visit,
cust_0308,2026-01-22,purchase,31.43
cust_0372,2026-01-22,purchase,37.06
cust_0373,2026-01-22,visit,
cust_0394,2026-01-22,visit,
cust_0407,2026-01-22,purchase,10.38
cust_0415,2026-01-22,visit,
cust_0421,2026-01-22,purchase,105.82
cust_0449,2026-01-22,visit,
cust_0455,2026-01-22,visit,
cust_0465,2026-01-22,purchase,75.01
cust_0468,2026-01-22,visit,
cust_0481,2026-01-22,visit,
cust_0508,2026-01-22,visit,
cust_0514,2026-01-22,visit,
cust_0545,2026-01-22,visit,
cust_0546,2026-01-22,visit,
cust_0561,2026-01-22,purchase,34.12
cust_0563,2026-01-22,purchase,33.65
cust_0580,2026-01-22,visit,
cust_0601,2026-01-22,visit,
cust_0614,2026-01-22,visit,
cust_0621,2026-01-22,purchase,38.24
cust_0623,2026-01-22,purchase,47.5
cust_0631,2026-01-22,visit,
cust_0647,2026-01-22,visit,
cust_0651,2026-01-22,visit,
cust_0661,2026-01-22,purchase,20.68
cust_0685,2026-01-22,visit,
cust_0697,2026-01-22,purchase,33.35
cust_0701,2026-01-22,visit,
cust_0707,2026-01-22,purchase,35.28
cust_0722,2026-01-22,visit,
cust_0725,2026-01-22,visit,
cust_0731,2026-01-22,visit,
cust_0743,2026-01-22,visit,
cust_0745,2026-01-22,purchase,46.11
cust_0747,2026-01-22,visit,
cust_0778,2026-01-22,visit,
cust_0789,2026-01-22,visit,
cust_0794,2026-01-22,visit,
cust_0001,2026-01-23,visit,
cust_0009,2026-01-23,visit,
cust_0056,2026-01-23,purchase,37.23
cust_0064,2026-01-23,visit,
cust_0066,2026-01-23,visit,
cust_0076,2026-01-23,visit,
cust_0099,2026-01-23,visit,
cust_0101,2026-01-23,visit,
cust_0133,2026-01-23,visit,
cust_0140,2026-01-23,purchase,29.29
cust_0143,2026-01-23,visit,
cust_0150,2026-01-23,visit,
cust_0158,2026-01-23,visit,
cust_0163,2026-01-23,purchase,32.34
cust_0165,2026-01-23,purchase,45.56
cust_0173,2026-01-23,visit,
cust_0176,2026-01-23,ticket,
cust_0214,2026-01-23,visit,
cust_0225,2026-01-23,purchase,28.77
cust_0232,2026-01-23,visit,
cust_0267,2026-01-23,purchase,53.62
cust_0288,2026-01-23,visit,
cust_0295,2026-01-23,purchase,38.68
cust_0319,2026-01-23,visit,
cust_0361,2026-01-23,purchase,26.78
cust_0373,2026-01-23,visit,
cust_0384,2026-01-23,visit,
cust_0387,2026-01-23,purchase,49.73
cust_0390,2026-01-23,visit,
cust_0392,2026-01-23,purchase,27.61
cust_0412,2026-01-23,visit,
cust_0430,2026-01-23,visit,
cust_0436,2026-01-23,visit,
cust_0437,2026-01-23,visit,
cust_0445,2026-01-23,purchase,8.31
cust_0454,2026-01-23,purchase,31.1
cust_0461,2026-01-23,visit,
cust_0467,2026-01-23,visit,
cust_0471,2026-01-23,purchase,49.3
cust_0479,2026-01-23,purchase,26.11
cust_0490,2026-01-23,visit,
cust_0505,2026-01-23,visit,
cust_0517,2026-01-23,purchase,17.3
cust_0521,2026-01-23,purchase,50.14
cust_0523,2026-01-23,visit,
cust_0537,2026-01-23,visit,
cust_0543,2026-01-23,visit,
cust_0557,2026-01-23,visit,
cust_0593,2026-01-23,visit,
cust_0618,2026-01-23,visit,
cust_0621,2026-01-23,visit,
cust_0626,2026-01-23,visit,
cust_0633,2026-01-23,purchase,13.29
cust_0640,2026-01-23,visit,
cust_0687,2026-01-23,purchase,22.75
cust_0696,2026-01-23,purchase,15.41
cust_0698,2026-01-23,visit,
cust_0715,2026-01-23,purchase,42.05
cust_0742,2026-01-23,visit,
cust_0743,2026-01-23,visit,
cust_0752,2026-01-23,visit,
cust_0754,2026-01-23,purchase,58.78
cust_0754,2026-01-23,refund,58.78
cust_0770,2026-01-23,purchase,27.65
cust_0799,2026-01-23,visit,
cust_0018,2026-01-24,visit,
cust_0022,2026-01-24,visit,
cust_0031,2026-01-24,visit,
cust_0043,2026-01-24,visit,
cust_0060,2026-01-24,visit,
cust_0072,2026-01-24,visit,
cust_0078,2026-01-24,purchase,27.6
cust_0113,2026-01-24,visit,
cust_0149,2026-01-24,ticket,
cust_0163,2026-01-24,purchase,29.81
cust_0172,2026-01-24,visit,
cust_0190,2026-01-24,visit,
cust_0195,2026-01-24,visit,
cust_0205,2026-01-24,visit,
cust_0207,2026-01-24,visit,
cust_0210,2026-01-24,purchase,19.5
cust_0245,2026-01-24,visit,
cust_0252,2026-01-24,visit,
cust_0253,2026-01-24,purchase,25.0
cust_0255,2026-01-24,visit,
cust_0258,2026-01-24,visit,
cust_0271,2026-01-24,visit,
cust_0272,2026-01-24,purchase,61.98
cust_0313,2026-01-24,purchase,18.17
cust_0319,2026-01-24,purchase,53.55
cust_0319,2026-01-24,refund,53.55
cust_0323,2026-01-24,purchase,46.23
cust_0337,2026-01-24,visit,
cust_0342,2026-01-24,purchase,26.39
cust_0347,2026-01-24,visit,
cust_0355,2026-01-24,visit,
cust_0358,2026-01-24,purchase,22.96
cust_0358,2026-01-24,refund,22.96
cust_0360,2026-01-24,visit,
cust_0365,2026-01-24,purchase,24.22
cust_0378,2026-01-24,purchase,28.69
cust_0383,2026-01-24,purchase,70.56
cust_0388,2026-01-24,purchase,55.41
cust_0407,2026-01-24,visit,
cust_0425,2026-01-24,purchase,33.98
cust_0431,2026-01-24,visit,
cust_0436,2026-01-24,visit,
cust_0443,2026-01-24,visit,
cust_0453,2026-01-24,purchase,32.23
cust_0465,2026-01-24,visit,
cust_0474,2026-01-24,visit,
cust_0492,2026-01-24,visit,
cust_0509,2026-01-24,purchase,90.64
cust_0510,2026-01-24,visit,
cust_0513,2026-01-24,visit,
cust_0515,2026-01-24,visit,
cust_0522,2026-01-24,purchase,24.78
cust_0526,2026-01-24,visit,
cust_0532,2026-01-24,purchase,46.04
cust_0535,2026-01-24,purchase,40.49
cust_0550,2026-01-24,purchase,38.15
cust_0559,2026-01-24,visit,
cust_0560,2026-01-24,visit,
cust_0565,2026-01-24,purchase,44.82
cust_0574,2026-01-24,visit,
cust_0588,2026-01-24,purchase,17.1
cust_0610,2026-01-24,visit,
cust_0638,2026-01-24,purchase,46.62
cust_0648,2026-01-24,purchase,24.0
cust_0653,2026-01-24,purchase,48.75
cust_0653,2026-01-24,refund,48.75
cust_0687,2026-01-24,purchase,25.98
cust_0695,2026-01-24,purchase,14.0
cust_0703,2026-01-24,purchase,27.9
cust_0716,2026-01-24,visit,
cust_0734,2026-01-24,purchase,40.44
cust_0744,2026-01-24,visit,
cust_0787,2026-01-24,purchase,33.82
cust_0794,2026-01-24,visit,
cust_0795,2026-01-24,purchase,32.53
cust_0797,2026-01-24,ticket,
cust_0000,2026-01-25,visit,
cust_0006,2026-01-25,visit,
cust_0011,2026-01-25,purchase,36.74
cust_0073,2026-01-25,purchase,44.66
cust_0073,2026-01-25,refund,44.66
cust_0081,2026-01-25,purchase,45.87
cust_0082,2026-01-25,visit,
cust_0099,2026-01-25,visit,
cust_0103,2026-01-25,visit,
cust_0112,2026-01-25,purchase,42.33
cust_0117,2026-01-25,purchase,15.44
cust_0119,2026-01-25,visit,
cust_0127,2026-01-25,purchase,13.06
cust_0140,2026-01-25,purchase,17.91
cust_0146,2026-01-25,visit,
cust_0153,2026-01-25,visit,
cust_0156,2026-01-25,purchase,60.65
cust_0164,2026-01-25,purchase,57.83
cust_0165,2026-01-25,purchase,38.22
cust_0187,2026-01-25,visit,
cust_0196,2026-01-25,visit,
cust_0207,2026-01-25,visit,
cust_0215,2026-01-25,purchase,58.8
cust_0222,2026-01-25,purchase,30.4
cust_0245,2026-01-25,purchase,19.02
cust_0287,2026-01-25,visit,
cust_0299,2026-01-25,visit,
cust_0315,2026-01-25,visit,
cust_0325,2026-01-25,purchase,47.88
cust_0329,2026-01-25,visit,
cust_0332,2026-01-25,purchase,28.83
cust_0355,2026-01-25,visit,
cust_0357,2026-01-25,visit,
cust_0365,2026-01-25,purchase,33.65
cust_0372,2026-01-25,visit,
cust_0388,2026-01-25,purchase,67.17
cust_0394,2026-01-25,visit,
cust_0397,2026-01-25,purchase,56.08
cust_0401,2026-01-25,purchase,52.0
cust_0416,2026-01-25,visit,
cust_0420,2026-01-25,purchase,35.9
cust_0438,2026-01-25,visit,
cust_0447,2026-01-25,purchase,97.47
cust_0447,2026-01-25,refund,97.47
cust_0453,2026-01-25,visit,
cust_0460,2026-01-25,visit,
cust_0483,2026-01-25,visit,
cust_0497,2026-01-25,visit,
cust_0506,2026-01-25,purchase,32.01
cust_0510,2026-01-25,visit,
cust_0525,2026-01-25,visit,
cust_0531,2026-01-25,purchase,41.15
cust_0534,2026-01-25,visit,
cust_0535,2026-01-25,visit,
cust_0543,2026-01-25,visit,
cust_0548,2026-01-25,purchase,28.28
cust_0553,2026-01-25,visit,
cust_0560,2026-01-25,purchase,25.0
cust_0567,2026-01-25,visit,
cust_0582,2026-01-25,purchase,34.06
cust_0589,2026-01-25,visit,
cust_0592,2026-01-25,ticket,
cust_0629,2026-01-25,visit,
cust_0635,2026-01-25,purchase,8.95
cust_0686,2026-01-25,visit,
cust_0723,2026-01-25,visit,
cust_0737,2026-01-25,purchase,41.8
cust_0739,2026-01-25,visit,
cust_0742,2026-01-25,visit,
cust_0745,2026-01-25,visit,
cust_0758,2026-01-25,visit,
cust_0778,2026-01-25,visit,
cust_0779,2026-01-25,visit,
cust_0783,2026-01-25,visit,
cust_0787,2026-01-25,purchase,27.66
cust_0028,2026-01-26,visit,
cust_0033,2026-01-26,purchase,35.13
cust_0037,2026-01-26,visit,
cust_0061,2026-01-26,visit,
cust_0088,2026-01-26,purchase,27.91
cust_0092,2026-01-26,purchase,48.72
cust_0103,2026-01-26,purchase,22.46
cust_0108,2026-01-26,visit,
cust_0119,2026-01-26,purchase,36.5
cust_0133,2026-01-26,visit,
cust_0140,2026-01-26,purchase,26.41
cust_0141,2026-01-26,visit,
cust_0154,2026-01-26,visit,
cust_0155,2026-01-26,purchase,36.74
cust_0159,2026-01-26,visit,
cust_0167,2026-01-26,visit,
cust_0183,2026-01-26,visit,
cust_0187,2026-01-26,purchase,44.51
cust_0191,2026-01-26,purchase,33.52
cust_0195,2026-01-26,visit,
cust_0200,2026-01-26,visit,
cust_0203,2026-01-26,purchase,79.27
cust_0216,2026-01-26,purchase,16.56
cust_0217,2026-01-26,purchase,52.08
cust_0218,2026-01-26,purchase,30.55
cust_0238,2026-01-26,visit,
cust_0250,2026-01-26,visit,
cust_0257,2026-01-26,visit,
cust_0287,2026-01-26,ticket,
cust_0303,2026-01-26,visit,
cust_0308,2026-01-26,visit,
cust_0309,2026-01-26,purchase,25.92
cust_0332,2026-01-26,visit,
cust_0350,2026-01-26,purchase,7.93
cust_0394,2026-01-26,purchase,36.33
cust_0402,2026-01-26,purchase,42.42
cust_0407,2026-01-26,purchase,58.63
cust_0412,2026-01-26,visit,
cust_0423,2026-01-26,visit,
cust_0428,2026-01-26,purchase,19.44
cust_0438,2026-01-26,visit,
cust_0448,2026-01-26,visit,
cust_0451,2026-01-26,visit,
cust_0460,2026-01-26,purchase,24.5
cust_0462,2026-01-26,purchase,44.21
cust_0481,2026-01-26,visit,
cust_0487,2026-01-26,visit,
cust_0492,2026-01-26,visit,
cust_0502,2026-01-26,ticket,
cust_0516,2026-01-26,ticket,
cust_0517,2026-01-26,purchase,55.28
cust_0531,2026-01-26,purchase,17.14
cust_0532,2026-01-26,visit,
cust_0543,2026-01-26,visit,
cust_0594,2026-01-26,purchase,59.33
cust_0597,2026-01-26,visit,
cust_0601,2026-01-26,purchase,46.91
cust_0611,2026-01-26,ticket,
cust_0638,2026-01-26,purchase,35.4
cust_0649,2026-01-26,purchase,39.03
cust_0651,2026-01-26,visit,
cust_0656,2026-01-26,visit,
cust_0668,2026-01-26,ticket,
cust_0675,2026-01-26,visit,
cust_0678,2026-01-26,visit,
cust_0680,2026-01-26,visit,
cust_0687,2026-01-26,purchase,61.91
cust_0692,2026-01-26,visit,
cust_0697,2026-01-26,visit,
cust_0731,2026-01-26,visit,
cust_0738,2026-01-26,visit,
cust_0743,2026-01-26,purchase,25.34
cust_0747,2026-01-26,visit,
cust_0775,2026-01-26,purchase,42.93
cust_0787,2026-01-26,visit,
cust_0013,2026-01-27,visit,
cust_0015,2026-01-27,visit,
cust_0044,2026-01-27,purchase,72.81
cust_0056,2026-01-27,visit,
cust_0083,2026-01-27,visit,
cust_0085,2026-01-27,visit,
cust_0127,2026-01-27,visit,
cust_0134,2026-01-27,ticket,
cust_0135,2026-01-27,ticket,
cust_0140,2026-01-27,visit,
cust_0147,2026-01-27,purchase,29.17
cust_0150,2026-01-27,purchase,42.28
cust_0153,2026-01-27,purchase,48.6
cust_0158,2026-01-27,visit,
cust_0160,2026-01-27,visit,
cust_0170,2026-01-27,visit,
cust_0173,2026-01-27,purchase,32.74
cust_0192,2026-01-27,purchase,60.34
cust_0195,2026-01-27,purchase,30.07
cust_0211,2026-01-27,visit,
cust_0221,2026-01-27,visit,
cust_0231,2026-01-27,purchase,34.75
cust_0247,2026-01-27,purchase,59.1
cust_0253,2026-01-27,purchase,63.52
cust_0263,2026-01-27,visit,
cust_0267,2026-01-27,visit,
cust_0268,2026-01-27,visit,
cust_0270,2026-01-27,purchase,97.55
cust_0286,2026-01-27,visit,
cust_0288,2026-01-27,visit,
cust_0301,2026-01-27,visit,
cust_0318,2026-01-27,visit,
cust_0337,2026-01-27,visit,
cust_0339,2026-01-27,purchase,37.8
cust_0341,2026-01-27,visit,
cust_0356,2026-01-27,visit,
cust_0383,2026-01-27,visit,
cust_0389,2026-01-27,visit,
cust_0403,2026-01-27,purchase,49.08
cust_0406,2026-01-27,visit,
cust_0414,2026-01-27,visit,
cust_0431,2026-01-27,visit,
cust_0432,2026-01-27,visit,
cust_0448,2026-01-27,purchase,34.04
cust_0457,2026-01-27,visit,
cust_0463,2026-01-27,visit,
cust_0512,2026-01-27,visit,
cust_0516,2026-01-27,purchase,27.48
cust_0519,2026-01-27,visit,
cust_0539,2026-01-27,visit,
cust_0540,2026-01-27,purchase,35.82
cust_0543,2026-01-27,visit,
cust_0563,2026-01-27,visit,
cust_0566,2026-01-27,purchase,19.49
cust_0576,2026-01-27,visit,
cust_0594,2026-01-27,visit,
cust_0595,2026-01-27,purchase,25.42
cust_0597,2026-01-27,visit,
cust_0599,2026-01-27,purchase,15.54
cust_0599,2026-01-27,refund,15.54
cust_0607,2026-01-27,visit,
cust_0614,2026-01-27,visit,
cust_0618,2026-01-27,purchase,30.81
cust_0625,2026-01-27,purchase,20.16
cust_0632,2026-01-27,purchase,40.9
cust_0639,2026-01-27,visit,
cust_0648,2026-01-27,purchase,29.48
cust_0653,2026-01-27,purchase,20.92
cust_0658,2026-01-27,purchase,78.09
cust_0662,2026-01-27,visit,
cust_0677,2026-01-27,purchase,29.0
cust_0677,2026-01-27,refund,29.0
cust_0686,2026-01-27,visit,
cust_0688,2026-01-27,purchase,56.75
cust_0708,2026-01-27,visit,
cust_0720,2026-01-27,ticket,
cust_0730,2026-01-27,purchase,41.52
cust_0754,2026-01-27,ticket,
cust_0762,2026-01-27,purchase,82.29
cust_0797,2026-01-27,purchase,75.22
cust_0017,2026-01-28,visit,
cust_0026,2026-01-28,purchase,32.19
cust_0029,2026-01-28,visit,
cust_0056,2026-01-28,purchase,49.64
cust_0056,2026-01-28,refund,49.64
cust_0086,2026-01-28,purchase,35.51
cust_0105,2026-01-28,visit,
cust_0116,2026-01-28,visit,
cust_0125,2026-01-28,visit,
cust_0143,2026-01-28,visit,
cust_0149,2026-01-28,visit,
cust_0158,2026-01-28,visit,
cust_0170,2026-01-28,visit,
cust_0187,2026-01-28,visit,
cust_0193,2026-01-28,visit,
cust_0194,2026-01-28,purchase,30.28
cust_0216,2026-01-28,purchase,35.86
cust_0218,2026-01-28,visit,
cust_0235,2026-01-28,visit,
cust_0242,2026-01-28,visit,
cust_0251,2026-01-28,purchase,18.63
cust_0255,2026-01-28,purchase,35.64
cust_0258,2026-01-28,visit,
cust_0289,2026-01-28,visit,
cust_0297,2026-01-28,visit,
cust_0310,2026-01-28,purchase,22.99
cust_0312,2026-01-28,visit,
cust_0314,2026-01-28,visit,
cust_0315,2026-01-28,purchase,63.83
cust_0342,2026-01-28,visit,
cust_0348,2026-01-28,purchase,47.35
cust_0361,2026-01-28,purchase,42.36
cust_0376,2026-01-28,purchase,34.77
cust_0383,2026-01-28,purchase,21.95
cust_0384,2026-01-28,visit,
cust_0391,2026-01-28,visit,
cust_0401,2026-01-28,visit,
cust_0403,2026-01-28,purchase,60.24
cust_0416,2026-01-28,visit,
cust_0418,2026-01-28,purchase,50.28
cust_0433,2026-01-28,purchase,17.16
cust_0444,2026-01-28,visit,
cust_0445,2026-01-28,purchase,38.22
cust_0448,2026-01-28,purchase,40.23
cust_0461,2026-01-28,purchase,37.6
cust_0464,2026-01-28,visit,
cust_0468,2026-01-28,visit,
cust_0470,2026-01-28,visit,
cust_0472,2026-01-28,purchase,15.93
cust_0475,2026-01-28,purchase,41.56
cust_0484,2026-01-28,purchase,52.25
cust_0488,2026-01-28,visit,
cust_0494,2026-01-28,visit,
cust_0497,2026-01-28,visit,
cust_0508,2026-01-28,visit,
cust_0515,2026-01-28,purchase,25.51
cust_0521,2026-01-28,visit,
cust_0526,2026-01-28,purchase,49.36
cust_0530,2026-01-28,visit,
cust_0532,2026-01-28,ticket,
cust_0540,2026-01-28,purchase,29.06
cust_0558,2026-01-28,visit,
cust_0566,2026-01-28,purchase,25.06
cust_0601,2026-01-28,visit,
cust_0631,2026-01-28,visit,
cust_0633,2026-01-28,visit,
cust_0636,2026-01-28,purchase,53.73
cust_0652,2026-01-28,visit,
cust_0664,2026-01-28,visit,
cust_0699,2026-01-28,visit,
cust_0719,2026-01-28,purchase,42.77
cust_0734,2026-01-28,purchase,38.12
cust_0769,2026-01-28,ticket,
cust_0776,2026-01-28,visit,
cust_0781,2026-01-28,ticket,
cust_0005,2026-01-29,visit,
cust_0025,2026-01-29,visit,
cust_0029,2026-01-29,purchase,41.51
cust_0038,2026-01-29,visit,
cust_0057,2026-01-29,visit,
cust_0066,2026-01-29,visit,
cust_0076,2026-01-29,purchase,71.93
cust_0076,2026-01-29,refund,71.93
cust_0082,2026-01-29,visit,
cust_0085,2026-01-29,visit,
cust_0105,2026-01-29,visit,
cust_0124,2026-01-29,visit,
cust_0130,2026-01-29,ticket,
cust_0135,2026-01-29,visit,
cust_0138,2026-01-29,purchase,25.99
cust_0142,2026-01-29,visit,
cust_0160,2026-01-29,visit,
cust_0174,2026-01-29,purchase,35.08
cust_0190,2026-01-29,purchase,23.24
cust_0197,2026-01-29,visit,
cust_0203,2026-01-29,visit,
cust_0215,2026-01-29,visit,
cust_0216,2026-01-29,purchase,24.69
cust_0260,2026-01-29,visit,
cust_0267,2026-01-29,visit,
cust_0279,2026-01-29,visit,
cust_0303,2026-01-29,visit,
cust_0307,2026-01-29,visit,
cust_0308,2026-01-29,visit,
cust_0310,2026-01-29,visit,
cust_0317,2026-01-29,purchase,33.53
cust_0319,2026-01-29,visit,
cust_0321,2026-01-29,purchase,39.37
cust_0321,2026-01-29,refund,39.37
cust_0338,2026-01-29,visit,
cust_0341,2026-01-29,visit,
cust_0364,2026-01-29,purchase,70.15
cust_0364,2026-01-29,refund,70.15
cust_0387,2026-01-29,visit,
cust_0396,2026-01-29,visit,
cust_0446,2026-01-29,purchase,33.26
cust_0449,2026-01-29,visit,
cust_0452,2026-01-29,visit,
cust_0475,2026-01-29,purchase,32.63
cust_0494,2026-01-29,purchase,30.45
cust_0497,2026-01-29,visit,
cust_0498,2026-01-29,visit,
cust_0506,2026-01-29,purchase,40.69
cust_0512,2026-01-29,purchase,39.59
cust_0512,2026-01-29,refund,39.59
cust_0546,2026-01-29,purchase,61.92
cust_0547,2026-01-29,visit,
cust_0548,2026-01-29,visit,
cust_0560,2026-01-29,visit,
cust_0563,2026-01-29,purchase,24.38
cust_0565,2026-01-29,visit,
cust_0569,2026-01-29,visit,
cust_0574,2026-01-29,visit,
cust_0591,2026-01-29,visit,
cust_0593,2026-01-29,visit,
cust_0599,2026-01-29,visit,
cust_0600,2026-01-29,visit,
cust_0606,2026-01-29,visit,
cust_0633,2026-01-29,purchase,56.84
cust_0640,2026-01-29,purchase,30.92
cust_0668,2026-01-29,purchase,14.66
cust_0670,2026-01-29,purchase,61.4
cust_0673,2026-01-29,purchase,82.62
cust_0679,2026-01-29,visit,
cust_0682,2026-01-29,visit,
cust_0684,2026-01-29,visit,
cust_0692,2026-01-29,purchase,27.81
cust_0697,2026-01-29,purchase,45.07
cust_0704,2026-01-29,purchase,22.91
cust_0724,2026-01-29,visit,
cust_0727,2026-01-29,purchase,41.62
cust_0737,2026-01-29,visit,
cust_0743,2026-01-29,purchase,16.16
cust_0746,2026-01-29,visit,
cust_0747,2026-01-29,visit,
cust_0751,2026-01-29,purchase,55.33
cust_0752,2026-01-29,visit,
cust_0766,2026-01-29,purchase,58.52
cust_0769,2026-01-29,ticket,
cust_0778,2026-01-29,visit,
cust_0779,2026-01-29,visit,
cust_0004,2026-01-30,visit,
cust_0016,2026-01-30,visit,
cust_0032,2026-01-30,purchase,25.53
cust_0043,2026-01-30,purchase,21.13
cust_0049,2026-01-30,purchase,44.15
cust_0075,2026-01-30,purchase,17.36
cust_0082,2026-01-30,visit,
cust_0084,2026-01-30,purchase,73.14
cust_0100,2026-01-30,purchase,28.17
cust_0103,2026-01-30,purchase,23.45
cust_0109,2026-01-30,purchase,95.61
cust_0115,2026-01-30,purchase,59.85
cust_0116,2026-01-30,visit,
cust_0117,2026-01-30,purchase,47.45
cust_0124,2026-01-30,visit,
cust_0135,2026-01-30,purchase,37.83
cust_0146,2026-01-30,ticket,
cust_0147,2026-01-30,visit,
cust_0168,2026-01-30,purchase,38.29
cust_0168,2026-01-30,refund,38.29
cust_0173,2026-01-30,visit,
cust_0191,2026-01-30,purchase,35.09
cust_0217,2026-01-30,purchase,65.06
cust_0218,2026-01-30,visit,
cust_0224,2026-01-30,visit,
cust_0243,2026-01-30,purchase,45.47
cust_0244,2026-01-30,visit,
cust_0263,2026-01-30,ticket,
cust_0268,2026-01-30,visit,
cust_0272,2026-01-30,purchase,21.28
cust_0284,2026-01-30,visit,
cust_0289,2026-01-30,purchase,40.99
cust_0305,2026-01-30,purchase,49.06
cust_0328,2026-01-30,purchase,67.5
cust_0329,2026-01-30,visit,
cust_0333,2026-01-30,visit,
cust_0354,2026-01-30,visit,
cust_0391,2026-01-30,visit,
cust_0402,2026-01-30,visit,
cust_0406,2026-01-30,purchase,17.39
cust_0449,2026-01-30,purchase,38.39
cust_0452,2026-01-30,ticket,
cust_0453,2026-01-30,purchase,59.83
cust_0465,2026-01-30,visit,
cust_0472,2026-01-30,visit,
cust_0483,2026-01-30,purchase,65.77
cust_0485,2026-01-30,visit,
cust_0509,2026-01-30,purchase,26.55
cust_0514,2026-01-30,visit,
cust_0522,2026-01-30,visit,
cust_0545,2026-01-30,ticket,
cust_0548,2026-01-30,ticket,
cust_0550,2026-01-30,visit,
cust_0565,2026-01-30,purchase,48.48
cust_0579,2026-01-30,visit,
cust_0587,2026-01-30,purchase,35.98
cust_0588,2026-01-30,purchase,67.85
cust_0593,2026-01-30,purchase,39.78
cust_0599,2026-01-30,purchase,31.33
cust_0622,2026-01-30,ticket,
cust_0635,2026-01-30,visit,
cust_0652,2026-01-30,visit,
cust_0671,2026-01-30,purchase,49.58
cust_0673,2026-01-30,visit,
cust_0681,2026-01-30,visit,
cust_0697,2026-01-30,purchase,35.41
cust_0707,2026-01-30,visit,
cust_0712,2026-01-30,purchase,33.89
cust_0714,2026-01-30,visit,
cust_0735,2026-01-30,purchase,20.27
cust_0740,2026-01-30,purchase,56.61
cust_0745,2026-01-30,purchase,8.67
cust_0747,2026-01-30,visit,
cust_0748,2026-01-30,purchase,30.5
cust_0748,2026-01-30,refund,30.5
cust_0758,2026-01-30,visit,
cust_0759,2026-01-30,visit,
cust_0772,2026-01-30,visit,
cust_0779,2026-01-30,visit,
cust_0799,2026-01-30,visit,
cust_0000,2026-01-31,purchase,21.68
cust_0008,2026-01-31,visit,
cust_0021,2026-01-31,purchase,81.16
cust_0032,2026-01-31,visit,
cust_0044,2026-01-31,purchase,34.94
cust_0051,2026-01-31,visit,
cust_0055,2026-01-31,purchase,32.85
cust_0056,2026-01-31,purchase,27.94
cust_0078,2026-01-31,visit,
cust_0079,2026-01-31,visit,
cust_0082,2026-01-31,visit,
cust_0090,2026-01-31,purchase,34.83
cust_0106,2026-01-31,purchase,75.14
cust_0119,2026-01-31,purchase,32.49
cust_0125,2026-01-31,purchase,24.85
cust_0142,2026-01-31,purchase,68.28
cust_0150,2026-01-31,visit,
cust_0158,2026-01-31,visit,
cust_0161,2026-01-31,visit,
cust_0170,2026-01-31,visit,
cust_0171,2026-01-31,visit,
cust_0183,2026-01-31,visit,
cust_0191,2026-01-31,visit,
cust_0199,2026-01-31,visit,
cust_0201,2026-01-31,purchase,52.61
cust_0203,2026-01-31,purchase,30.68
cust_0203,2026-01-31,refund,30.68
cust_0205,2026-01-31,visit,
cust_0206,2026-01-31,visit,
cust_0207,2026-01-31,visit,
cust_0211,2026-01-31,visit,
cust_0215,2026-01-31,visit,
cust_0218,2026-01-31,purchase,22.01
cust_0229,2026-01-31,visit,
cust_0247,2026-01-31,visit,
cust_0249,2026-01-31,visit,
cust_0278,2026-01-31,ticket,
cust_0283,2026-01-31,visit,
cust_0288,2026-01-31,purchase,39.2
cust_0296,2026-01-31,visit,
cust_0301,2026-01-31,ticket,
cust_0322,2026-01-31,purchase,11.35
cust_0325,2026-01-31,visit,
cust_0336,2026-01-31,visit,
cust_0341,2026-01-31,visit,
cust_0343,2026-01-31,visit,
cust_0349,2026-01-31,purchase,30.92
cust_0358,2026-01-31,purchase,14.43
cust_0358,2026-01-31,refund,14.43
cust_0373,2026-01-31,visit,
cust_0384,2026-01-31,visit,
cust_0386,2026-01-31,visit,
cust_0389,2026-01-31,visit,
cust_0394,2026-01-31,visit,
cust_0414,2026-01-31,visit,
cust_0416,2026-01-31,visit,
cust_0434,2026-01-31,visit,
cust_0437,2026-01-31,ticket,
cust_0438,2026-01-31,visit,
cust_0450,2026-01-31,purchase,31.54
cust_0452,2026-01-31,ticket,
cust_0456,2026-01-31,visit,
cust_0461,2026-01-31,purchase,34.51
cust_0468,2026-01-31,visit,
cust_0470,2026-01-31,purchase,75.91
cust_0474,2026-01-31,visit,
cust_0479,2026-01-31,visit,
cust_0482,2026-01-31,visit,
cust_0490,2026-01-31,visit,
cust_0491,2026-01-31,visit,
cust_0493,2026-01-31,purchase,31.13
cust_0499,2026-01-31,visit,
cust_0517,2026-01-31,visit,
cust_0520,2026-01-31,ticket,
cust_0521,2026-01-31,visit,
cust_0525,2026-01-31,visit,
cust_0529,2026-01-31,visit,
cust_0534,2026-01-31,ticket,
cust_0558,2026-01-31,purchase,33.82
cust_0562,2026-01-31,visit,
cust_0570,2026-01-31,purchase,33.33
cust_0590,2026-01-31,purchase,22.44
cust_0596,2026-01-31,purchase,63.83
cust_0596,2026-01-31,refund,63.83
cust_0604,2026-01-31,visit,
cust_0612,2026-01-31,purchase,105.09
cust_0615,2026-01-31,ticket,
cust_0633,2026-01-31,visit,
cust_0635,2026-01-31,purchase,18.25
cust_0639,2026-01-31,visit,
cust_0646,2026-01-31,visit,
cust_0647,2026-01-31,visit,
cust_0657,2026-01-31,visit,
cust_0669,2026-01-31,purchase,33.73
cust_0670,2026-01-31,visit,
cust_0673,2026-01-31,purchase,26.96
cust_0676,2026-01-31,visit,
cust_0679,2026-01-31,ticket,
cust_0687,2026-01-31,visit,
cust_0688,2026-01-31,visit,
cust_0692,2026-01-31,visit,
cust_0703,2026-01-31,purchase,44.95
cust_0703,2026-01-31,refund,44.95
cust_0704,2026-01-31,visit,
cust_0714,2026-01-31,visit,
cust_0715,2026-01-31,purchase,84.87
cust_0716,2026-01-31,visit,
cust_0740,2026-01-31,visit,
cust_0768,2026-01-31,visit,
cust_0782,2026-01-31,visit,
cust_0785,2026-01-31,visit,
cust_0788,2026-01-31,purchase,30.33
cust_0795,2026-01-31,visit,
cust_0796,2026-01-31,visit,
cust_0030,2026-02-01,purchase,27.8
cust_0030,2026-02-01,refund,27.8
cust_0040,2026-02-01,purchase,28.54
cust_0049,2026-02-01,purchase,21.1
cust_0051,2026-02-01,purchase,31.55
cust_0058,2026-02-01,visit,
cust_0065,2026-02-01,purchase,38.09
cust_0067,2026-02-01,purchase,25.29
cust_0086,2026-02-01,purchase,30.0
cust_0088,2026-02-01,purchase,27.02
cust_0089,2026-02-01,visit,
cust_0104,2026-02-01,purchase,49.33
cust_0104,2026-02-01,refund,49.33
cust_0111,2026-02-01,visit,
cust_0112,2026-02-01,purchase,44.04
cust_0112,2026-02-01,refund,44.04
cust_0115,2026-02-01,purchase,62.06
cust_0132,2026-02-01,visit,
cust_0143,2026-02-01,purchase,12.25
cust_0144,2026-02-01,visit,
cust_0150,2026-02-01,purchase,14.74
cust_0158,2026-02-01,visit,
cust_0160,2026-02-01,visit,
cust_0162,2026-02-01,purchase,22.29
cust_0174,2026-02-01,visit,
cust_0179,2026-02-01,visit,
cust_0201,2026-02-01,visit,
cust_0218,2026-02-01,visit,
cust_0220,2026-02-01,visit,
cust_0221,2026-02-01,purchase,34.65
cust_0233,2026-02-01,visit,
cust_0238,2026-02-01,purchase,38.27
cust_0242,2026-02-01,purchase,49.83
cust_0249,2026-02-01,visit,
cust_0250,2026-02-01,visit,
cust_0258,2026-02-01,visit,
cust_0259,2026-02-01,purchase,124.19
cust_0259,2026-02-01,refund,124.19
cust_0260,2026-02-01,purchase,32.0
cust_0269,2026-02-01,visit,
cust_0289,2026-02-01,purchase,25.64
cust_0320,2026-02-01,purchase,31.98
cust_0322,2026-02-01,visit,
cust_0323,2026-02-01,purchase,47.79
cust_0330,2026-02-01,purchase,25.6
cust_0333,2026-02-01,purchase,46.54
cust_0342,2026-02-01,visit,
cust_0352,2026-02-01,purchase,49.98
cust_0357,2026-02-01,visit,
cust_0365,2026-02-01,visit,
cust_0372,2026-02-01,purchase,45.04
cust_0401,2026-02-01,purchase,54.83
cust_0425,2026-02-01,purchase,35.67
cust_0427,2026-02-01,visit,
cust_0431,2026-02-01,visit,
cust_0440,2026-02-01,visit,
cust_0484,2026-02-01,visit,
cust_0485,2026-02-01,purchase,36.84
cust_0488,2026-02-01,visit,
cust_0506,2026-02-01,visit,
cust_0522,2026-02-01,visit,
cust_0526,2026-02-01,purchase,43.45
cust_0527,2026-02-01,visit,
cust_0562,2026-02-01,visit,
cust_0567,2026-02-01,visit,
cust_0585,2026-02-01,visit,
cust_0589,2026-02-01,visit,
cust_0591,2026-02-01,visit,
cust_0596,2026-02-01,purchase,59.33
cust_0603,2026-02-01,visit,
cust_0615,2026-02-01,visit,
cust_0617,2026-02-01,purchase,43.83
cust_0644,2026-02-01,purchase,26.78
cust_0646,2026-02-01,purchase,51.06
cust_0685,2026-02-01,visit,
cust_0714,2026-02-01,visit,
cust_0727,2026-02-01,purchase,37.15
cust_0730,2026-02-01,visit,
cust_0731,2026-02-01,visit,
cust_0733,2026-02-01,visit,
cust_0774,2026-02-01,purchase,40.18
cust_0778,2026-02-01,purchase,47.08
cust_0793,2026-02-01,visit,
cust_0011,2026-02-02,purchase,42.35
cust_0017,2026-02-02,visit,
cust_0051,2026-02-02,purchase,23.79
cust_0068,2026-02-02,purchase,85.38
cust_0087,2026-02-02,visit,
cust_0103,2026-02-02,visit,
cust_0106,2026-02-02,visit,
cust_0134,2026-02-02,visit,
cust_0137,2026-02-02,visit,
cust_0142,2026-02-02,visit,
cust_0154,2026-02-02,visit,
cust_0156,2026-02-02,purchase,13.14
cust_0160,2026-02-02,purchase,18.57
cust_0164,2026-02-02,visit,
cust_0181,2026-02-02,visit,
cust_0182,2026-02-02,purchase,17.95
cust_0185,2026-02-02,visit,
cust_0226,2026-02-02,visit,
cust_0233,2026-02-02,purchase,49.55
cust_0238,2026-02-02,purchase,29.26
cust_0241,2026-02-02,visit,
cust_0242,2026-02-02,visit,
cust_0244,2026-02-02,visit,
cust_0249,2026-02-02,visit,
cust_0253,2026-02-02,purchase,87.5
cust_0261,2026-02-02,visit,
cust_0268,2026-02-02,visit,
cust_0273,2026-02-02,visit,
cust_0295,2026-02-02,purchase,56.53
cust_0315,2026-02-02,visit,
cust_0325,2026-02-02,purchase,76.03
cust_0327,2026-02-02,visit,
cust_0337,2026-02-02,purchase,38.49
cust_0338,2026-02-02,purchase,43.76
cust_0347,2026-02-02,ticket,
cust_0352,2026-02-02,purchase,28.44
cust_0359,2026-02-02,purchase,101.39
cust_0359,2026-02-02,refund,101.39
cust_0363,2026-02-02,visit,
cust_0364,2026-02-02,visit,
cust_0369,2026-02-02,visit,
cust_0380,2026-02-02,purchase,45.98
cust_0384,2026-02-02,visit,
cust_0389,2026-02-02,visit,
cust_0390,2026-02-02,visit,
cust_0391,2026-02-02,visit,
cust_0422,2026-02-02,visit,
cust_0425,2026-02-02,purchase,50.75
cust_0428,2026-02-02,ticket,
cust_0432,2026-02-02,visit,
cust_0475,2026-02-02,visit,
cust_0484,2026-02-02,visit,
cust_0524,2026-02-02,ticket,
cust_0542,2026-02-02,purchase,43.79
cust_0569,2026-02-02,visit,
cust_0595,2026-02-02,purchase,13.55
cust_0598,2026-02-02,purchase,43.5
cust_0600,2026-02-02,visit,
cust_0618,2026-02-02,visit,
cust_0648,2026-02-02,visit,
cust_0652,2026-02-02,visit,
cust_0657,2026-02-02,visit,
cust_0665,2026-02-02,visit,
cust_0683,2026-02-02,purchase,68.22
cust_0683,2026-02-02,refund,68.22
cust_0692,2026-02-02,purchase,82.23
cust_0692,2026-02-02,refund,82.23
cust_0714,2026-02-02,purchase,20.78
cust_0730,2026-02-02,visit,
cust_0735,2026-02-02,purchase,33.48
cust_0741,2026-02-02,visit,
cust_0743,2026-02-02,visit,
cust_0749,2026-02-02,purchase,34.15
cust_0752,2026-02-02,purchase,12.5
cust_0761,2026-02-02,visit,
cust_0766,2026-02-02,visit,
cust_0774,2026-02-02,visit,
cust_0799,2026-02-02,visit,
cust_0003,2026-02-03,visit,
cust_0009,2026-02-03,visit,
cust_0017,2026-02-03,purchase,54.06
cust_0018,2026-02-03,purchase,51.42
cust_0033,2026-02-03,visit,
cust_0072,2026-02-03,visit,
cust_0074,2026-02-03,purchase,27.63
cust_0082,2026-02-03,purchase,26.0
cust_0103,2026-02-03,purchase,48.15
cust_0107,2026-02-03,visit,
cust_0108,2026-02-03,purchase,33.68
cust_0120,2026-02-03,visit,
cust_0131,2026-02-03,purchase,58.57
cust_0153,2026-02-03,visit,
cust_0169,2026-02-03,visit,
cust_0180,2026-02-03,purchase,68.3
cust_0183,2026-02-03,visit,
cust_0192,2026-02-03,purchase,30.12
cust_0193,2026-02-03,ticket,
cust_0228,2026-02-03,visit,
cust_0244,2026-02-03,purchase,68.44
cust_0251,2026-02-03,visit,
cust_0283,2026-02-03,visit,
cust_0288,2026-02-03,visit,
cust_0290,2026-02-03,visit,
cust_0300,2026-02-03,visit,
cust_0360,2026-02-03,purchase,100.24
cust_0365,2026-02-03,visit,
cust_0373,2026-02-03,visit,
cust_0374,2026-02-03,visit,
cust_0400,2026-02-03,ticket,
cust_0411,2026-02-03,visit,
cust_0423,2026-02-03,visit,
cust_0436,2026-02-03,visit,
cust_0441,2026-02-03,visit,
cust_0444,2026-02-03,visit,
cust_0446,2026-02-03,purchase,34.51
cust_0449,2026-02-03,visit,
cust_0457,2026-02-03,visit,
cust_0462,2026-02-03,purchase,96.46
cust_0463,2026-02-03,purchase,20.01
cust_0464,2026-02-03,visit,
cust_0471,2026-02-03,purchase,50.89
cust_0475,2026-02-03,visit,
cust_0483,2026-02-03,visit,
cust_0485,2026-02-03,purchase,31.13
cust_0507,2026-02-03,visit,
cust_0521,2026-02-03,visit,
cust_0522,2026-02-03,visit,
cust_0539,2026-02-03,visit,
cust_0541,2026-02-03,purchase,29.74
cust_0543,2026-02-03,visit,
cust_0547,2026-02-03,purchase,26.06
cust_0557,2026-02-03,visit,
cust_0567,2026-02-03,purchase,20.9
cust_0570,2026-02-03,visit,
cust_0581,2026-02-03,visit,
cust_0608,2026-02-03,purchase,12.75
cust_0610,2026-02-03,purchase,19.48
cust_0611,2026-02-03,purchase,28.21
cust_0665,2026-02-03,purchase,19.95
cust_0666,2026-02-03,visit,
cust_0669,2026-02-03,visit,
cust_0672,2026-02-03,purchase,60.35
cust_0703,2026-02-03,visit,
cust_0707,2026-02-03,purchase,38.93
cust_0709,2026-02-03,purchase,37.12
cust_0721,2026-02-03,visit,
cust_0727,2026-02-03,visit,
cust_0742,2026-02-03,purchase,59.03
cust_0746,2026-02-03,purchase,63.32
cust_0764,2026-02-03,visit,
cust_0780,2026-02-03,purchase,25.27
cust_0794,2026-02-03,visit,
cust_0000,2026-02-04,purchase,37.41
cust_0002,2026-02-04,visit,
cust_0011,2026-02-04,purchase,26.79
cust_0019,2026-02-04,visit,
cust_0031,2026-02-04,ticket,
cust_0039,2026-02-04,purchase,57.56
cust_0057,2026-02-04,purchase,47.87
cust_0068,2026-02-04,visit,
cust_0069,2026-02-04,visit,
cust_0085,2026-02-04,purchase,38.03
cust_0094,2026-02-04,purchase,14.25
cust_0098,2026-02-04,visit,
cust_0101,2026-02-04,ticket,
cust_0102,2026-02-04,purchase,35.1
cust_0104,2026-02-04,purchase,43.27
cust_0109,2026-02-04,purchase,31.08
cust_0126,2026-02-04,purchase,91.81
cust_0128,2026-02-04,purchase,12.74
cust_0129,2026-02-04,visit,
cust_0134,2026-02-04,purchase,30.63
cust_0142,2026-02-04,purchase,32.73
cust_0147,2026-02-04,visit,
cust_0162,2026-02-04,visit,
cust_0180,2026-02-04,purchase,9.47
cust_0211,2026-02-04,purchase,24.21
cust_0212,2026-02-04,visit,
cust_0215,2026-02-04,visit,
cust_0242,2026-02-04,purchase,35.15
cust_0252,2026-02-04,visit,
cust_0255,2026-02-04,visit,
cust_0256,2026-02-04,purchase,59.2
cust_0274,2026-02-04,purchase,33.08
cust_0290,2026-02-04,visit,
cust_0318,2026-02-04,purchase,26.23
cust_0326,2026-02-04,visit,
cust_0342,2026-02-04,visit,
cust_0356,2026-02-04,purchase,42.86
cust_0366,2026-02-04,purchase,79.15
cust_0379,2026-02-04,purchase,23.79
cust_0384,2026-02-04,visit,
cust_0388,2026-02-04,visit,
cust_0394,2026-02-04,visit,
cust_0429,2026-02-04,visit,
cust_0433,2026-02-04,visit,
cust_0434,2026-02-04,visit,
cust_0444,2026-02-04,purchase,55.02
cust_0453,2026-02-04,visit,
cust_0475,2026-02-04,purchase,22.09
cust_0485,2026-02-04,purchase,13.79
cust_0499,2026-02-04,visit,
cust_0510,2026-02-04,purchase,26.63
cust_0522,2026-02-04,purchase,44.3
cust_0543,2026-02-04,visit,
cust_0589,2026-02-04,purchase,76.78
cust_0594,2026-02-04,visit,
cust_0599,2026-02-04,visit,
cust_0610,2026-02-04,ticket,
cust_0620,2026-02-04,visit,
cust_0638,2026-02-04,visit,
cust_0643,2026-02-04,purchase,60.7
cust_0652,2026-02-04,visit,
cust_0662,2026-02-04,purchase,28.7
cust_0672,2026-02-04,purchase,22.91
cust_0672,2026-02-04,refund,22.91
cust_0678,2026-02-04,visit,
cust_0683,2026-02-04,visit,
cust_0687,2026-02-04,visit,
cust_0693,2026-02-04,visit,
cust_0701,2026-02-04,purchase,40.42
cust_0714,2026-02-04,visit,
cust_0722,2026-02-04,visit,
cust_0731,2026-02-04,ticket,
cust_0734,2026-02-04,visit,
cust_0737,2026-02-04,visit,
cust_0739,2026-02-04,purchase,22.12
cust_0739,2026-02-04,refund,22.12
cust_0742,2026-02-04,purchase,35.76
cust_0766,2026-02-04,purchase,55.27
cust_0788,2026-02-04,visit,
cust_0002,2026-02-05,purchase,30.11
cust_0021,2026-02-05,purchase,37.37
cust_0036,2026-02-05,visit,
cust_0047,2026-02-05,purchase,23.44
cust_0097,2026-02-05,purchase,19.82
cust_0098,2026-02-05,ticket,
cust_0103,2026-02-05,visit,
cust_0104,2026-02-05,purchase,43.69
cust_0105,2026-02-05,purchase,85.24
cust_0107,2026-02-05,visit,
cust_0111,2026-02-05,purchase,44.98
cust_0111,2026-02-05,refund,44.98
cust_0112,2026-02-05,purchase,16.56
cust_0120,2026-02-05,visit,
cust_0134,2026-02-05,visit,
cust_0139,2026-02-05,visit,
cust_0143,2026-02-05,visit,
cust_0164,2026-02-05,purchase,58.43
cust_0172,2026-02-05,visit,
cust_0182,2026-02-05,visit,
cust_0185,2026-02-05,purchase,22.37
cust_0204,2026-02-05,visit,
cust_0205,2026-02-05,visit,
cust_0256,2026-02-05,visit,
cust_0261,2026-02-05,visit,
cust_0266,2026-02-05,visit,
cust_0277,2026-02-05,visit,
cust_0278,2026-02-05,purchase,89.36
cust_0279,2026-02-05,purchase,31.89
cust_0284,2026-02-05,visit,
cust_0288,2026-02-05,visit,
cust_0290,2026-02-05,visit,
cust_0304,2026-02-05,visit,
cust_0312,2026-02-05,visit,
cust_0320,2026-02-05,visit,
cust_0327,2026-02-05,purchase,60.99
cust_0330,2026-02-05,visit,
cust_0342,2026-02-05,visit,
cust_0360,2026-02-05,visit,
cust_0363,2026-02-05,purchase,41.56
cust_0394,2026-02-05,visit,
cust_0396,2026-02-05,visit,
cust_0401,2026-02-05,visit,
cust_0407,2026-02-05,visit,
cust_0415,2026-02-05,purchase,70.26
cust_0431,2026-02-05,visit,
cust_0443,2026-02-05,visit,
cust_0446,2026-02-05,visit,
cust_0449,2026-02-05,ticket,
cust_0460,2026-02-05,purchase,68.37
cust_0475,2026-02-05,visit,
cust_0496,2026-02-05,visit,
cust_0498,2026-02-05,purchase,70.92
cust_0508,2026-02-05,purchase,16.85
cust_0508,2026-02-05,refund,16.85
cust_0519,2026-02-05,purchase,62.88
cust_0520,2026-02-05,purchase,92.16
cust_0524,2026-02-05,purchase,69.75
cust_0552,2026-02-05,purchase,26.54
cust_0579,2026-02-05,visit,
cust_0603,2026-02-05,purchase,23.7
cust_0623,2026-02-05,purchase,17.39
cust_0633,2026-02-05,visit,
cust_0640,2026-02-05,purchase,36.81
cust_0646,2026-02-05,purchase,48.79
cust_0653,2026-02-05,visit,
cust_0658,2026-02-05,visit,
cust_0665,2026-02-05,ticket,
cust_0669,2026-02-05,visit,
cust_0681,2026-02-05,visit,
cust_0701,2026-02-05,visit,
cust_0703,2026-02-05,visit,
cust_0708,2026-02-05,visit,
cust_0710,2026-02-05,purchase,12.55
cust_0720,2026-02-05,visit,
cust_0738,2026-02-05,purchase,60.93
cust_0739,2026-02-05,visit,
cust_0741,2026-02-05,purchase,44.47
cust_0753,2026-02-05,visit,
cust_0772,2026-02-05,purchase,52.02
cust_0774,2026-02-05,purchase,21.74
cust_0777,2026-02-05,ticket,
cust_0781,2026-02-05,visit,
cust_0792,2026-02-05,purchase,41.47
cust_0795,2026-02-05,purchase,13.26
cust_0796,2026-02-05,visit,
cust_0799,2026-02-05,purchase,62.49
cust_0010,2026-02-06,visit,
cust_0011,2026-02-06,visit,
cust_0040,2026-02-06,purchase,57.06
cust_0042,2026-02-06,visit,
cust_0062,2026-02-06,visit,
cust_0070,2026-02-06,visit,
cust_0083,2026-02-06,purchase,29.5
cust_0092,2026-02-06,visit,
cust_0105,2026-02-06,purchase,53.0
cust_0124,2026-02-06,purchase,41.31
cust_0125,2026-02-06,purchase,50.24
cust_0128,2026-02-06,visit,
cust_0140,2026-02-06,visit,
cust_0142,2026-02-06,purchase,20.75
cust_0145,2026-02-06,purchase,42.92
cust_0161,2026-02-06,visit,
cust_0166,2026-02-06,visit,
cust_0197,2026-02-06,visit,
cust_0201,2026-02-06,purchase,22.08
cust_0205,2026-02-06,purchase,87.93
cust_0206,2026-02-06,purchase,40.43
cust_0223,2026-02-06,purchase,20.73
cust_0236,2026-02-06,visit,
cust_0243,2026-02-06,purchase,19.77
cust_0251,2026-02-06,visit,
cust_0258,2026-02-06,visit,
cust_0276,2026-02-06,visit,
cust_0281,2026-02-06,ticket,
cust_0286,2026-02-06,visit,
cust_0287,2026-02-06,visit,
cust_0288,2026-02-06,visit,
cust_0305,2026-02-06,purchase,25.09
cust_0308,2026-02-06,purchase,18.76
cust_0323,2026-02-06,visit,
cust_0331,2026-02-06,ticket,
cust_0333,2026-02-06,visit,
cust_0335,2026-02-06,visit,
cust_0376,2026-02-06,purchase,40.87
cust_0379,2026-02-06,visit,
cust_0384,2026-02-06,visit,
cust_0387,2026-02-06,purchase,74.55
cust_0393,2026-02-06,visit,
cust_0414,2026-02-06,purchase,45.08
cust_0416,2026-02-06,purchase,54.79
cust_0416,2026-02-06,refund,54.79
cust_0418,2026-02-06,purchase,25.95
cust_0424,2026-02-06,visit,
cust_0426,2026-02-06,visit,
cust_0427,2026-02-06,purchase,38.58
cust_0428,2026-02-06,visit,
cust_0441,2026-02-06,visit,
cust_0445,2026-02-06,purchase,27.73
cust_0448,2026-02-06,purchase,74.68
cust_0467,2026-02-06,visit,
cust_0472,2026-02-06,purchase,20.94
cust_0472,2026-02-06,refund,20.94
cust_0480,2026-02-06,visit,
cust_0498,2026-02-06,visit,
cust_0521,2026-02-06,visit,
cust_0523,2026-02-06,purchase,95.25
cust_0534,2026-02-06,visit,
cust_0551,2026-02-06,purchase,41.43
cust_0562,2026-02-06,visit,
cust_0565,2026-02-06,visit,
cust_0567,2026-02-06,purchase,35.76
cust_0574,2026-02-06,visit,
cust_0579,2026-02-06,visit,
cust_0582,2026-02-06,purchase,55.8
cust_0593,2026-02-06,visit,
cust_0599,2026-02-06,visit,
cust_0604,2026-02-06,visit,
cust_0605,2026-02-06,visit,
cust_0606,2026-02-06,purchase,25.61
cust_0608,2026-02-06,purchase,19.84
cust_0612,2026-02-06,purchase,27.98
cust_0616,2026-02-06,visit,
cust_0630,2026-02-06,visit,
cust_0642,2026-02-06,visit,
cust_0651,2026-02-06,visit,
cust_0652,2026-02-06,visit,
cust_0668,2026-02-06,visit,
cust_0677,2026-02-06,visit,
cust_0685,2026-02-06,visit,
cust_0687,2026-02-06,visit,
cust_0698,2026-02-06,visit,
cust_0706,2026-02-06,purchase,87.6
cust_0708,2026-02-06,visit,
cust_0724,2026-02-06,visit,
cust_0725,2026-02-06,ticket,
cust_0727,2026-02-06,visit,
cust_0733,2026-02-06,visit,
cust_0734,2026-02-06,purchase,24.72
cust_0742,2026-02-06,purchase,29.51
cust_0748,2026-02-06,visit,
cust_0762,2026-02-06,visit,
cust_0771,2026-02-06,purchase,37.98
cust_0771,2026-02-06,refund,37.98
cust_0779,2026-02-06,visit,
cust_0790,2026-02-06,ticket,
cust_0012,2026-02-07,purchase,41.48
cust_0017,2026-02-07,visit,
cust_0047,2026-02-07,visit,
cust_0060,2026-02-07,visit,
cust_0100,2026-02-07,visit,
cust_0102,2026-02-07,purchase,80.5
cust_0152,2026-02-07,purchase,24.42
cust_0161,2026-02-07,visit,
cust_0162,2026-02-07,visit,
cust_0177,2026-02-07,visit,
cust_0199,2026-02-07,visit,
cust_0201,2026-02-07,purchase,33.98
cust_0208,2026-02-07,purchase,32.23
cust_0211,2026-02-07,purchase,33.02
cust_0211,2026-02-07,refund,33.02
cust_0219,2026-02-07,visit,
cust_0224,2026-02-07,visit,
cust_0227,2026-02-07,visit,
cust_0234,2026-02-07,purchase,61.35
cust_0237,2026-02-07,purchase,52.0
cust_0253,2026-02-07,visit,
cust_0258,2026-02-07,visit,
cust_0263,2026-02-07,visit,
cust_0264,2026-02-07,visit,
cust_0278,2026-02-07,visit,
cust_0282,2026-02-07,visit,
cust_0283,2026-02-07,visit,
cust_0292,2026-02-07,visit,
cust_0305,2026-02-07,visit,
cust_0343,2026-02-07,visit,
cust_0364,2026-02-07,purchase,39.72
cust_0378,2026-02-07,purchase,28.89
cust_0401,2026-02-07,visit,
cust_0402,2026-02-07,visit,
cust_0406,2026-02-07,ticket,
cust_0407,2026-02-07,visit,
cust_0423,2026-02-07,purchase,90.69
cust_0430,2026-02-07,visit,
cust_0434,2026-02-07,purchase,11.59
cust_0445,2026-02-07,purchase,77.11
cust_0449,2026-02-07,visit,
cust_0462,2026-02-07,visit,
cust_0468,2026-02-07,visit,
cust_0471,2026-02-07,visit,
cust_0472,2026-02-07,visit,
cust_0473,2026-02-07,ticket,
cust_0474,2026-02-07,visit,
cust_0491,2026-02-07,purchase,38.94
cust_0495,2026-02-07,visit,
cust_0496,2026-02-07,visit,
cust_0526,2026-02-07,visit,
cust_0530,2026-02-07,visit,
cust_0545,2026-02-07,visit,
cust_0548,2026-02-07,purchase,29.41
cust_0548,2026-02-07,refund,29.41
cust_0559,2026-02-07,visit,
cust_0580,2026-02-07,purchase,55.44
cust_0597,2026-02-07,purchase,32.41
cust_0602,2026-02-07,visit,
cust_0605,2026-02-07,purchase,37.6
cust_0605,2026-02-07,refund,37.6
cust_0617,2026-02-07,purchase,40.99
cust_0618,2026-02-07,visit,
cust_0629,2026-02-07,visit,
cust_0630,2026-02-07,visit,
cust_0639,2026-02-07,ticket,
cust_0656,2026-02-07,visit,
cust_0671,2026-02-07,ticket,
cust_0674,2026-02-07,visit,
cust_0677,2026-02-07,purchase,40.98
cust_0689,2026-02-07,visit,
cust_0693,2026-02-07,visit,
cust_0695,2026-02-07,visit,
cust_0705,2026-02-07,purchase,40.89
cust_0710,2026-02-07,purchase,45.62
cust_0715,2026-02-07,visit,
cust_0717,2026-02-07,visit,
cust_0728,2026-02-07,visit,
cust_0732,2026-02-07,purchase,45.71
cust_0732,2026-02-07,refund,45.71
cust_0733,2026-02-07,purchase,68.08
cust_0736,2026-02-07,purchase,60.67
cust_0741,2026-02-07,visit,
cust_0779,2026-02-07,purchase,20.82
cust_0796,2026-02-07,visit,
cust_0002,2026-02-08,purchase,111.61
cust_0018,2026-02-08,purchase,70.65
cust_0029,2026-02-08,visit,
cust_0048,2026-02-08,visit,
cust_0075,2026-02-08,purchase,12.49
cust_0085,2026-02-08,visit,
cust_0104,2026-02-08,purchase,49.55
cust_0110,2026-02-08,visit,
cust_0122,2026-02-08,visit,
cust_0128,2026-02-08,visit,
cust_0132,2026-02-08,purchase,32.42
cust_0139,2026-02-08,visit,
cust_0160,2026-02-08,visit,
cust_0168,2026-02-08,purchase,9.62
cust_0174,2026-02-08,visit,
cust_0184,2026-02-08,visit,
cust_0189,2026-02-08,purchase,29.9
cust_0192,2026-02-08,visit,
cust_0197,2026-02-08,visit,
cust_0198,2026-02-08,ticket,
cust_0199,2026-02-08,visit,
cust_0205,2026-02-08,purchase,18.01
cust_0209,2026-02-08,visit,
cust_0215,2026-02-08,visit,
cust_0217,2026-02-08,visit,
cust_0228,2026-02-08,visit,
cust_0229,2026-02-08,visit,
cust_0236,2026-02-08,visit,
cust_0255,2026-02-08,purchase,41.09
cust_0279,2026-02-08,purchase,31.72
cust_0287,2026-02-08,purchase,25.95
cust_0288,2026-02-08,visit,
cust_0333,2026-02-08,visit,
cust_0335,2026-02-08,visit,
cust_0343,2026-02-08,purchase,14.19
cust_0363,2026-02-08,visit,
cust_0371,2026-02-08,purchase,50.36
cust_0371,2026-02-08,refund,50.36
cust_0373,2026-02-08,visit,
cust_0375,2026-02-08,purchase,51.66
cust_0375,2026-02-08,refund,51.66
cust_0378,2026-02-08,purchase,20.85
cust_0387,2026-02-08,visit,
cust_0389,2026-02-08,visit,
cust_0392,2026-02-08,purchase,67.63
cust_0403,2026-02-08,purchase,30.02
cust_0407,2026-02-08,purchase,52.02
cust_0409,2026-02-08,visit,
cust_0436,2026-02-08,visit,
cust_0458,2026-02-08,visit,
cust_0460,2026-02-08,visit,
cust_0465,2026-02-08,purchase,53.42
cust_0470,2026-02-08,visit,
cust_0479,2026-02-08,visit,
cust_0488,2026-02-08,visit,
cust_0497,2026-02-08,visit,
cust_0502,2026-02-08,visit,
cust_0524,2026-02-08,purchase,37.73
cust_0526,2026-02-08,purchase,26.67
cust_0548,2026-02-08,purchase,38.35
cust_0548,2026-02-08,refund,38.35
cust_0561,2026-02-08,visit,
cust_0600,2026-02-08,visit,
cust_0613,2026-02-08,visit,
cust_0628,2026-02-08,visit,
cust_0630,2026-02-08,visit,
cust_0634,2026-02-08,visit,
cust_0677,2026-02-08,visit,
cust_0688,2026-02-08,ticket,
cust_0709,2026-02-08,visit,
cust_0713,2026-02-08,purchase,27.47
cust_0733,2026-02-08,visit,
cust_0738,2026-02-08,visit,
cust_0740,2026-02-08,visit,
cust_0744,2026-02-08,visit,
cust_0766,2026-02-08,visit,
cust_0780,2026-02-08,visit,
cust_0783,2026-02-08,visit,
cust_0786,2026-02-08,purchase,26.33
cust_0788,2026-02-08,purchase,18.37
cust_0793,2026-02-08,visit,
cust_0002,2026-02-09,visit,
cust_0003,2026-02-09,visit,
cust_0016,2026-02-09,visit,
cust_0019,2026-02-09,purchase,68.67
cust_0032,2026-02-09,purchase,81.15
cust_0033,2026-02-09,visit,
cust_0038,2026-02-09,visit,
cust_0043,2026-02-09,visit,
cust_0046,2026-02-09,visit,
cust_0060,2026-02-09,purchase,39.14
cust_0065,2026-02-09,ticket,
cust_0066,2026-02-09,visit,
cust_0071,2026-02-09,purchase,43.57
cust_0080,2026-02-09,visit,
cust_0088,2026-02-09,visit,
cust_0097,2026-02-09,visit,
cust_0117,2026-02-09,visit,
cust_0119,2026-02-09,visit,
cust_0124,2026-02-09,purchase,35.96
cust_0136,2026-02-09,visit,
cust_0137,2026-02-09,ticket,
cust_0147,2026-02-09,purchase,52.15
cust_0149,2026-02-09,ticket,
cust_0151,2026-02-09,purchase,104.09
cust_0151,2026-02-09,refund,104.09
cust_0159,2026-02-09,visit,
cust_0167,2026-02-09,visit,
cust_0199,2026-02-09,visit,
cust_0205,2026-02-09,purchase,29.06
cust_0218,2026-02-09,visit,
cust_0221,2026-02-09,visit,
cust_0242,2026-02-09,purchase,32.31
cust_0243,2026-02-09,purchase,26.21
cust_0261,2026-02-09,purchase,24.19
cust_0268,2026-02-09,visit,
cust_0272,2026-02-09,purchase,19.4
cust_0279,2026-02-09,visit,
cust_0283,2026-02-09,purchase,40.22
cust_0285,2026-02-09,visit,
cust_0294,2026-02-09,visit,
cust_0297,2026-02-09,visit,
cust_0307,2026-02-09,visit,
cust_0309,2026-02-09,purchase,30.53
cust_0323,2026-02-09,visit,
cust_0327,2026-02-09,purchase,29.81
cust_0339,2026-02-09,ticket,
cust_0360,2026-02-09,visit,
cust_0369,2026-02-09,purchase,49.59
cust_0388,2026-02-09,purchase,25.14
cust_0402,2026-02-09,visit,
cust_0418,2026-02-09,purchase,26.84
cust_0424,2026-02-09,purchase,34.3
cust_0448,2026-02-09,visit,
cust_0476,2026-02-09,visit,
cust_0483,2026-02-09,visit,
cust_0485,2026-02-09,visit,
cust_0491,2026-02-09,ticket,
cust_0495,2026-02-09,purchase,15.97
cust_0497,2026-02-09,purchase,20.42
cust_0502,2026-02-09,visit,
cust_0512,2026-02-09,purchase,39.14
cust_0515,2026-02-09,purchase,44.67
cust_0552,2026-02-09,visit,
cust_0559,2026-02-09,purchase,73.79
cust_0565,2026-02-09,purchase,89.52
cust_0565,2026-02-09,refund,89.52
cust_0568,2026-02-09,purchase,62.9
cust_0570,2026-02-09,visit,
cust_0608,2026-02-09,purchase,60.04
cust_0611,2026-02-09,purchase,85.65
cust_0621,2026-02-09,visit,
cust_0627,2026-02-09,visit,
cust_0632,2026-02-09,visit,
cust_0643,2026-02-09,purchase,34.06
cust_0677,2026-02-09,visit,
cust_0699,2026-02-09,visit,
cust_0713,2026-02-09,purchase,24.6
cust_0714,2026-02-09,purchase,19.71
cust_0722,2026-02-09,visit,
cust_0725,2026-02-09,visit,
cust_0728,2026-02-09,visit,
cust_0729,2026-02-09,visit,
cust_0754,2026-02-09,visit,
cust_0775,2026-02-09,visit,
cust_0781,2026-02-09,purchase,121.1
cust_0786,2026-02-09,visit,
cust_0789,2026-02-09,visit,
cust_0008,2026-02-10,purchase,37.22
cust_0013,2026-02-10,visit,
cust_0014,2026-02-10,visit,
cust_0021,2026-02-10,visit,
cust_0045,2026-02-10,purchase,16.27
cust_0051,2026-02-10,visit,
cust_0062,2026-02-10,visit,
cust_0067,2026-02-10,visit,
cust_0077,2026-02-10,purchase,37.49
cust_0082,2026-02-10,visit,
cust_0099,2026-02-10,visit,
cust_0129,2026-02-10,purchase,40.58
cust_0148,2026-02-10,visit,
cust_0150,2026-02-10,visit,
cust_0164,2026-02-10,visit,
cust_0173,2026-02-10,visit,
cust_0177,2026-02-10,ticket,
cust_0201,2026-02-10,visit,
cust_0203,2026-02-10,visit,
cust_0215,2026-02-10,visit,
cust_0218,2026-02-10,visit,
cust_0226,2026-02-10,visit,
cust_0229,2026-02-10,visit,
cust_0241,2026-02-10,purchase,21.6
cust_0249,2026-02-10,visit,
cust_0252,2026-02-10,purchase,24.08
cust_0277,2026-02-10,ticket,
cust_0293,2026-02-10,visit,
cust_0294,2026-02-10,visit,
cust_0315,2026-02-10,visit,
cust_0325,2026-02-10,purchase,27.81
cust_0339,2026-02-10,visit,
cust_0351,2026-02-10,purchase,69.38
cust_0356,2026-02-10,visit,
cust_0357,2026-02-10,purchase,123.47
cust_0372,2026-02-10,purchase,17.16
cust_0376,2026-02-10,visit,
cust_0377,2026-02-10,purchase,88.63
cust_0377,2026-02-10,refund,88.63
cust_0390,2026-02-10,visit,
cust_0393,2026-02-10,visit,
cust_0401,2026-02-10,visit,
cust_0402,2026-02-10,purchase,33.95
cust_0403,2026-02-10,purchase,24.24
cust_0405,2026-02-10,purchase,19.05
cust_0414,2026-02-10,visit,
cust_0416,2026-02-10,visit,
cust_0421,2026-02-10,visit,
cust_0448,2026-02-10,visit,
cust_0449,2026-02-10,visit,
cust_0457,2026-02-10,visit,
cust_0460,2026-02-10,visit,
cust_0462,2026-02-10,purchase,28.9
cust_0470,2026-02-10,purchase,67.26
cust_0491,2026-02-10,purchase,43.96
cust_0491,2026-02-10,refund,43.96
cust_0502,2026-02-10,visit,
cust_0522,2026-02-10,purchase,90.27
cust_0541,2026-02-10,ticket,
cust_0575,2026-02-10,visit,
cust_0578,2026-02-10,visit,
cust_0589,2026-02-10,purchase,62.01
cust_0605,2026-02-10,visit,
cust_0608,2026-02-10,purchase,16.38
cust_0633,2026-02-10,purchase,32.94
cust_0636,2026-02-10,visit,
cust_0658,2026-02-10,visit,
cust_0676,2026-02-10,visit,
cust_0685,2026-02-10,visit,
cust_0686,2026-02-10,visit,
cust_0705,2026-02-10,visit,
cust_0714,2026-02-10,visit,
cust_0715,2026-02-10,visit,
cust_0741,2026-02-10,visit,
cust_0742,2026-02-10,purchase,32.59
cust_0743,2026-02-10,purchase,66.24
cust_0764,2026-02-10,visit,
cust_0773,2026-02-10,purchase,42.06
cust_0775,2026-02-10,visit,
cust_0792,2026-02-10,visit,
cust_0015,2026-02-11,visit,
cust_0025,2026-02-11,purchase,32.39
cust_0034,2026-02-11,purchase,43.1
cust_0045,2026-02-11,purchase,12.32
cust_0051,2026-02-11,purchase,21.08
cust_0070,2026-02-11,visit,
cust_0071,2026-02-11,visit,
cust_0083,2026-02-11,visit,
cust_0086,2026-02-11,visit,
cust_0098,2026-02-11,visit,
cust_0100,2026-02-11,ticket,
cust_0102,2026-02-11,purchase,39.91
cust_0114,2026-02-11,purchase,26.23
cust_0120,2026-02-11,visit,
cust_0122,2026-02-11,purchase,35.31
cust_0135,2026-02-11,ticket,
cust_0151,2026-02-11,purchase,24.88
cust_0167,2026-02-11,purchase,32.2
cust_0178,2026-02-11,visit,
cust_0200,2026-02-11,purchase,33.13
cust_0200,2026-02-11,refund,33.13
cust_0229,2026-02-11,visit,
cust_0246,2026-02-11,visit,
cust_0249,2026-02-11,visit,
cust_0257,2026-02-11,visit,
cust_0286,2026-02-11,purchase,30.47
cust_0319,2026-02-11,visit,
cust_0320,2026-02-11,visit,
cust_0322,2026-02-11,visit,
cust_0326,2026-02-11,visit,
cust_0327,2026-02-11,visit,
cust_0336,2026-02-11,visit,
cust_0348,2026-02-11,purchase,53.38
cust_0352,2026-02-11,visit,
cust_0361,2026-02-11,visit,
cust_0363,2026-02-11,visit,
cust_0365,2026-02-11,visit,
cust_0373,2026-02-11,visit,
cust_0384,2026-02-11,visit,
cust_0386,2026-02-11,visit,
cust_0396,2026-02-11,visit,
cust_0406,2026-02-11,visit,
cust_0454,2026-02-11,purchase,60.25
cust_0464,2026-02-11,visit,
cust_0477,2026-02-11,visit,
cust_0478,2026-02-11,visit,
cust_0482,2026-02-11,visit,
cust_0497,2026-02-11,purchase,13.55
cust_0510,2026-02-11,ticket,
cust_0516,2026-02-11,visit,
cust_0524,2026-02-11,visit,
cust_0534,2026-02-11,visit,
cust_0535,2026-02-11,purchase,61.79
cust_0536,2026-02-11,visit,
cust_0537,2026-02-11,visit,
cust_0542,2026-02-11,visit,
cust_0548,2026-02-11,visit,
cust_0556,2026-02-11,purchase,19.2
cust_0579,2026-02-11,visit,
cust_0603,2026-02-11,visit,
cust_0615,2026-02-11,visit,
cust_0631,2026-02-11,purchase,29.83
cust_0632,2026-02-11,purchase,37.15
cust_0637,2026-02-11,visit,
cust_0639,2026-02-11,visit,
cust_0646,2026-02-11,visit,
cust_0657,2026-02-11,purchase,45.48
cust_0658,2026-02-11,purchase,42.33
cust_0676,2026-02-11,visit,
cust_0677,2026-02-11,visit,
cust_0703,2026-02-11,visit,
cust_0723,2026-02-11,ticket,
cust_0724,2026-02-11,visit,
cust_0741,2026-02-11,visit,
cust_0748,2026-02-11,visit,
cust_0749,2026-02-11,purchase,45.15
cust_0759,2026-02-11,purchase,82.36
cust_0761,2026-02-11,ticket,
cust_0783,2026-02-11,visit,
cust_0786,2026-02-11,visit,
cust_0794,2026-02-11,visit,
cust_0795,2026-02-11,visit,
cust_0000,2026-02-12,visit,
cust_0005,2026-02-12,visit,
cust_0018,2026-02-12,visit,
cust_0019,2026-02-12,purchase,28.0
cust_0024,2026-02-12,purchase,22.43
cust_0024,2026-02-12,refund,22.43
cust_0025,2026-02-12,visit,
cust_0027,2026-02-12,visit,
cust_0040,2026-02-12,visit,
cust_0043,2026-02-12,purchase,25.33
cust_0057,2026-02-12,visit,
cust_0074,2026-02-12,purchase,43.86
cust_0077,2026-02-12,purchase,28.9
cust_0083,2026-02-12,visit,
cust_0084,2026-02-12,visit,
cust_0101,2026-02-12,visit,
cust_0112,2026-02-12,purchase,25.93
cust_0126,2026-02-12,visit,
cust_0129,2026-02-12,purchase,39.99
cust_0165,2026-02-12,visit,
cust_0178,2026-02-12,purchase,40.66
cust_0182,2026-02-12,visit,
cust_0195,2026-02-12,visit,
cust_0205,2026-02-12,visit,
cust_0210,2026-02-12,purchase,68.35
cust_0211,2026-02-12,visit,
cust_0213,2026-02-12,visit,
cust_0215,2026-02-12,purchase,58.1
cust_0218,2026-02-12,purchase,53.75
cust_0220,2026-02-12,purchase,28.25
cust_0242,2026-02-12,visit,
cust_0246,2026-02-12,visit,
cust_0255,2026-02-12,visit,
cust_0269,2026-02-12,purchase,13.75
cust_0341,2026-02-12,visit,
cust_0392,2026-02-12,purchase,51.06
cust_0402,2026-02-12,purchase,16.09
cust_0407,2026-02-12,visit,
cust_0423,2026-02-12,visit,
cust_0437,2026-02-12,purchase,34.35
cust_0437,2026-02-12,refund,34.35
cust_0441,2026-02-12,visit,
cust_0443,2026-02-12,visit,
cust_0446,2026-02-12,visit,
cust_0458,2026-02-12,visit,
cust_0495,2026-02-12,visit,
cust_0504,2026-02-12,visit,
cust_0515,2026-02-12,purchase,69.79
cust_0534,2026-02-12,visit,
cust_0541,2026-02-12,ticket,
cust_0542,2026-02-12,purchase,32.51
cust_0551,2026-02-12,purchase,14.16
cust_0567,2026-02-12,visit,
cust_0571,2026-02-12,purchase,53.25
cust_0578,2026-02-12,visit,
cust_0579,2026-02-12,visit,
cust_0587,2026-02-12,visit,
cust_0599,2026-02-12,visit,
cust_0603,2026-02-12,visit,
cust_0610,2026-02-12,ticket,
cust_0611,2026-02-12,visit,
cust_0622,2026-02-12,purchase,36.19
cust_0633,2026-02-12,visit,
cust_0639,2026-02-12,visit,
cust_0642,2026-02-12,visit,
cust_0651,2026-02-12,visit,
cust_0666,2026-02-12,purchase,26.18
cust_0668,2026-02-12,visit,
cust_0671,2026-02-12,visit,
cust_0672,2026-02-12,visit,
cust_0688,2026-02-12,purchase,102.08
cust_0688,2026-02-12,refund,102.08
cust_0705,2026-02-12,visit,
cust_0719,2026-02-12,visit,
cust_0725,2026-02-12,visit,
cust_0728,2026-02-12,visit,
cust_0729,2026-02-12,visit,
cust_0746,2026-02-12,purchase,52.68
cust_0747,2026-02-12,visit,
cust_0783,2026-02-12,visit,
cust_0789,2026-02-12,visit,
cust_0795,2026-02-12,visit,
cust_0796,2026-02-12,purchase,26.48
cust_0002,2026-02-13,visit,
cust_0022,2026-02-13,visit,
cust_0031,2026-02-13,visit,
cust_0033,2026-02-13,visit,
cust_0056,2026-02-13,purchase,25.6
cust_0070,2026-02-13,visit,
cust_0072,2026-02-13,visit,
cust_0079,2026-02-13,purchase,28.43
cust_0114,2026-02-13,visit,
cust_0115,2026-02-13,purchase,23.98
cust_0137,2026-02-13,visit,
cust_0139,2026-02-13,purchase,38.01
cust_0140,2026-02-13,visit,
cust_0148,2026-02-13,purchase,30.16
cust_0158,2026-02-13,visit,
cust_0173,2026-02-13,purchase,30.56
cust_0174,2026-02-13,purchase,40.64
cust_0185,2026-02-13,visit,
cust_0194,2026-02-13,visit,
cust_0216,2026-02-13,purchase,37.51
cust_0245,2026-02-13,purchase,19.65
cust_0269,2026-02-13,purchase,19.19
cust_0272,2026-02-13,purchase,39.98
cust_0272,2026-02-13,refund,39.98
cust_0319,2026-02-13,purchase,55.14
cust_0338,2026-02-13,visit,
cust_0341,2026-02-13,visit,
cust_0350,2026-02-13,purchase,51.22
cust_0351,2026-02-13,purchase,43.17
cust_0376,2026-02-13,visit,
cust_0386,2026-02-13,visit,
cust_0399,2026-02-13,visit,
cust_0415,2026-02-13,visit,
cust_0416,2026-02-13,purchase,47.85
cust_0422,2026-02-13,purchase,12.53
cust_0423,2026-02-13,purchase,78.9
cust_0437,2026-02-13,purchase,51.43
cust_0442,2026-02-13,purchase,18.41
cust_0442,2026-02-13,refund,18.41
cust_0445,2026-02-13,purchase,80.67
cust_0451,2026-02-13,visit,
cust_0461,2026-02-13,purchase,26.6
cust_0462,2026-02-13,visit,
cust_0506,2026-02-13,purchase,61.14
cust_0507,2026-02-13,purchase,19.01
cust_0533,2026-02-13,purchase,44.04
cust_0542,2026-02-13,visit,
cust_0559,2026-02-13,visit,
cust_0567,2026-02-13,visit,
cust_0582,2026-02-13,purchase,44.42
cust_0596,2026-02-13,purchase,21.71
cust_0611,2026-02-13,purchase,51.8
cust_0633,2026-02-13,visit,
cust_0665,2026-02-13,purchase,24.82
cust_0672,2026-02-13,visit,
cust_0676,2026-02-13,purchase,22.76
cust_0687,2026-02-13,visit,
cust_0692,2026-02-13,visit,
cust_0700,2026-02-13,purchase,16.69
cust_0705,2026-02-13,purchase,51.27
cust_0707,2026-02-13,visit,
cust_0709,2026-02-13,purchase,72.59
cust_0711,2026-02-13,visit,
cust_0735,2026-02-13,visit,
cust_0739,2026-02-13,visit,
cust_0751,2026-02-13,visit,
cust_0011,2026-02-14,purchase,25.82
cust_0033,2026-02-14,purchase,24.53
cust_0044,2026-02-14,visit,
cust_0045,2026-02-14,ticket,
cust_0058,2026-02-14,visit,
cust_0059,2026-02-14,visit,
cust_0071,2026-02-14,visit,
cust_0075,2026-02-14,visit,
cust_0076,2026-02-14,visit,
cust_0081,2026-02-14,visit,
cust_0093,2026-02-14,visit,
cust_0104,2026-02-14,visit,
cust_0124,2026-02-14,purchase,20.59
cust_0139,2026-02-14,visit,
cust_0140,2026-02-14,visit,
cust_0150,2026-02-14,visit,
cust_0182,2026-02-14,visit,
cust_0195,2026-02-14,visit,
cust_0203,2026-02-14,purchase,18.81
cust_0254,2026-02-14,visit,
cust_0299,2026-02-14,visit,
cust_0311,2026-02-14,visit,
cust_0334,2026-02-14,purchase,44.87
cust_0342,2026-02-14,visit,
cust_0350,2026-02-14,purchase,35.45
cust_0351,2026-02-14,visit,
cust_0359,2026-02-14,ticket,
cust_0369,2026-02-14,visit,
cust_0373,2026-02-14,visit,
cust_0388,2026-02-14,visit,
cust_0392,2026-02-14,visit,
cust_0406,2026-02-14,visit,
cust_0423,2026-02-14,visit,
cust_0472,2026-02-14,visit,
cust_0481,2026-02-14,visit,
cust_0483,2026-02-14,visit,
cust_0498,2026-02-14,visit,
cust_0517,2026-02-14,visit,
cust_0521,2026-02-14,visit,
cust_0550,2026-02-14,visit,
cust_0560,2026-02-14,visit,
cust_0568,2026-02-14,visit,
cust_0591,2026-02-14,purchase,46.0
cust_0611,2026-02-14,visit,
cust_0632,2026-02-14,purchase,47.87
cust_0649,2026-02-14,purchase,52.39
cust_0649,2026-02-14,refund,52.39
cust_0657,2026-02-14,purchase,34.81
cust_0673,2026-02-14,visit,
cust_0677,2026-02-14,visit,
cust_0701,2026-02-14,visit,
cust_0713,2026-02-14,purchase,69.67
cust_0720,2026-02-14,visit,
cust_0722,2026-02-14,visit,
cust_0729,2026-02-14,visit,
cust_0737,2026-02-14,purchase,34.07
cust_0744,2026-02-14,purchase,49.81
cust_0753,2026-02-14,purchase,36.25
cust_0763,2026-02-14,purchase,34.81
cust_0766,2026-02-14,ticket,
cust_0770,2026-02-14,purchase,59.24
cust_0774,2026-02-14,purchase,40.45
cust_0778,2026-02-14,purchase,25.63
cust_0792,2026-02-14,visit,
cust_0000,2026-02-15,visit,
cust_0005,2026-02-15,visit,
cust_0011,2026-02-15,purchase,63.98
cust_0011,2026-02-15,refund,63.98
cust_0041,2026-02-15,purchase,17.73
cust_0046,2026-02-15,purchase,34.36
cust_0050,2026-02-15,visit,
cust_0056,2026-02-15,visit,
cust_0083,2026-02-15,ticket,
cust_0096,2026-02-15,visit,
cust_0102,2026-02-15,visit,
cust_0116,2026-02-15,visit,
cust_0134,2026-02-15,visit,
cust_0139,2026-02-15,visit,
cust_0140,2026-02-15,purchase,34.15
cust_0175,2026-02-15,purchase,77.64
cust_0195,2026-02-15,purchase,21.45
cust_0203,2026-02-15,visit,
cust_0228,2026-02-15,visit,
cust_0237,2026-02-15,visit,
cust_0247,2026-02-15,visit,
cust_0252,2026-02-15,visit,
cust_0257,2026-02-15,visit,
cust_0258,2026-02-15,purchase,46.63
cust_0262,2026-02-15,purchase,31.5
cust_0269,2026-02-15,ticket,
cust_0270,2026-02-15,visit,
cust_0286,2026-02-15,visit,
cust_0288,2026-02-15,purchase,63.85
cust_0291,2026-02-15,visit,
cust_0295,2026-02-15,purchase,33.15
cust_0337,2026-02-15,visit,
cust_0340,2026-02-15,purchase,38.8
cust_0350,2026-02-15,purchase,27.22
cust_0361,2026-02-15,purchase,35.64
cust_0394,2026-02-15,visit,
cust_0404,2026-02-15,purchase,41.21
cust_0407,2026-02-15,visit,
cust_0428,2026-02-15,purchase,36.05
cust_0438,2026-02-15,visit,
cust_0445,2026-02-15,visit,
cust_0446,2026-02-15,visit,
cust_0447,2026-02-15,visit,
cust_0458,2026-02-15,visit,
cust_0465,2026-02-15,purchase,22.41
cust_0468,2026-02-15,visit,
cust_0469,2026-02-15,visit,
cust_0486,2026-02-15,purchase,23.53
cust_0520,2026-02-15,purchase,11.2
cust_0524,2026-02-15,visit,
cust_0526,2026-02-15,visit,
cust_0558,2026-02-15,purchase,19.83
cust_0560,2026-02-15,visit,
cust_0567,2026-02-15,purchase,9.46
cust_0575,2026-02-15,purchase,22.82
cust_0603,2026-02-15,visit,
cust_0605,2026-02-15,visit,
cust_0621,2026-02-15,visit,
cust_0626,2026-02-15,ticket,
cust_0629,2026-02-15,purchase,63.05
cust_0630,2026-02-15,purchase,59.92
cust_0635,2026-02-15,visit,
cust_0673,2026-02-15,ticket,
cust_0675,2026-02-15,purchase,28.17
cust_0676,2026-02-15,visit,
cust_0685,2026-02-15,purchase,38.72
cust_0695,2026-02-15,purchase,87.88
cust_0712,2026-02-15,visit,
cust_0715,2026-02-15,visit,
cust_0725,2026-02-15,visit,
cust_0748,2026-02-15,purchase,53.82
cust_0752,2026-02-15,purchase,26.15
cust_0754,2026-02-15,visit,
cust_0756,2026-02-15,visit,
cust_0768,2026-02-15,visit,
cust_0782,2026-02-15,visit,
cust_0786,2026-02-15,visit,
cust_0787,2026-02-15,purchase,64.0
cust_0794,2026-02-15,visit,
cust_0009,2026-02-16,purchase,13.5
cust_0036,2026-02-16,visit,
cust_0048,2026-02-16,purchase,34.49
cust_0050,2026-02-16,visit,
cust_0053,2026-02-16,visit,
cust_0067,2026-02-16,visit,
cust_0068,2026-02-16,purchase,33.0
cust_0068,2026-02-16,refund,33.0
cust_0081,2026-02-16,visit,
cust_0108,2026-02-16,visit,
cust_0113,2026-02-16,purchase,86.44
cust_0115,2026-02-16,ticket,
cust_0147,2026-02-16,purchase,54.21
cust_0149,2026-02-16,purchase,28.48
cust_0159,2026-02-16,ticket,
cust_0163,2026-02-16,visit,
cust_0171,2026-02-16,visit,
cust_0174,2026-02-16,visit,
cust_0175,2026-02-16,visit,
cust_0220,2026-02-16,visit,
cust_0242,2026-02-16,visit,
cust_0249,2026-02-16,visit,
cust_0268,2026-02-16,visit,
cust_0274,2026-02-16,visit,
cust_0279,2026-02-16,purchase,31.76
cust_0299,2026-02-16,purchase,25.13
cust_0311,2026-02-16,purchase,91.53
cust_0348,2026-02-16,visit,
cust_0357,2026-02-16,purchase,52.07
cust_0394,2026-02-16,purchase,25.47
cust_0407,2026-02-16,visit,
cust_0409,2026-02-16,visit,
cust_0412,2026-02-16,purchase,38.69
cust_0421,2026-02-16,purchase,48.68
cust_0431,2026-02-16,visit,
cust_0444,2026-02-16,visit,
cust_0448,2026-02-16,visit,
cust_0461,2026-02-16,purchase,46.97
cust_0462,2026-02-16,purchase,38.41
cust_0464,2026-02-16,purchase,22.02
cust_0489,2026-02-16,visit,
cust_0496,2026-02-16,visit,
cust_0506,2026-02-16,purchase,74.58
cust_0524,2026-02-16,visit,
cust_0530,2026-02-16,purchase,46.79
cust_0530,2026-02-16,refund,46.79
cust_0531,2026-02-16,visit,
cust_0532,2026-02-16,visit,
cust_0535,2026-02-16,visit,
cust_0539,2026-02-16,visit,
cust_0542,2026-02-16,visit,
cust_0543,2026-02-16,purchase,53.92
cust_0568,2026-02-16,visit,
cust_0574,2026-02-16,visit,
cust_0591,2026-02-16,purchase,30.48
cust_0593,2026-02-16,visit,
cust_0594,2026-02-16,visit,
cust_0599,2026-02-16,visit,
cust_0607,2026-02-16,visit,
cust_0613,2026-02-16,purchase,49.6
cust_0617,2026-02-16,visit,
cust_0620,2026-02-16,visit,
cust_0637,2026-02-16,ticket,
cust_0643,2026-02-16,visit,
cust_0657,2026-02-16,visit,
cust_0659,2026-02-16,visit,
cust_0668,2026-02-16,visit,
cust_0669,2026-02-16,visit,
cust_0673,2026-02-16,purchase,46.12
cust_0673,2026-02-16,refund,46.12
cust_0701,2026-02-16,visit,
cust_0708,2026-02-16,visit,
cust_0731,2026-02-16,visit,
cust_0735,2026-02-16,purchase,44.75
cust_0772,2026-02-16,visit,
cust_0798,2026-02-16,ticket,
cust_0012,2026-02-17,visit,
cust_0017,2026-02-17,purchase,48.13
cust_0022,2026-02-17,visit,
cust_0026,2026-02-17,visit,
cust_0029,2026-02-17,purchase,24.63
cust_0029,2026-02-17,refund,24.63
cust_0050,2026-02-17,visit,
cust_0074,2026-02-17,visit,
cust_0112,2026-02-17,purchase,41.02
cust_0112,2026-02-17,refund,41.02
cust_0131,2026-02-17,visit,
cust_0143,2026-02-17,purchase,35.32
cust_0167,2026-02-17,visit,
cust_0224,2026-02-17,visit,
cust_0227,2026-02-17,visit,
cust_0277,2026-02-17,visit,
cust_0290,2026-02-17,visit,
cust_0296,2026-02-17,visit,
cust_0301,2026-02-17,visit,
cust_0316,2026-02-17,visit,
cust_0330,2026-02-17,visit,
cust_0355,2026-02-17,ticket,
cust_0364,2026-02-17,purchase,38.35
cust_0378,2026-02-17,visit,
cust_0391,2026-02-17,visit,
cust_0403,2026-02-17,visit,
cust_0431,2026-02-17,purchase,46.05
cust_0454,2026-02-17,visit,
cust_0506,2026-02-17,purchase,28.2
cust_0509,2026-02-17,visit,
cust_0511,2026-02-17,visit,
cust_0516,2026-02-17,purchase,36.63
cust_0531,2026-02-17,visit,
cust_0542,2026-02-17,purchase,37.43
cust_0544,2026-02-17,purchase,32.33
cust_0566,2026-02-17,purchase,24.9
cust_0570,2026-02-17,purchase,41.91
cust_0580,2026-02-17,purchase,22.74
cust_0608,2026-02-17,purchase,48.88
cust_0613,2026-02-17,visit,
cust_0641,2026-02-17,visit,
cust_0642,2026-02-17,purchase,68.68
cust_0648,2026-02-17,purchase,41.55
cust_0685,2026-02-17,ticket,
cust_0692,2026-02-17,visit,
cust_0714,2026-02-17,visit,
cust_0725,2026-02-17,purchase,26.01
cust_0737,2026-02-17,visit,
cust_0739,2026-02-17,visit,
cust_0743,2026-02-17,purchase,74.93
cust_0773,2026-02-17,visit,
cust_0783,2026-02-17,visit,
cust_0000,2026-02-18,visit,
cust_0002,2026-02-18,visit,
cust_0004,2026-02-18,visit,
cust_0010,2026-02-18,visit,
cust_0011,2026-02-18,visit,
cust_0017,2026-02-18,visit,
cust_0030,2026-02-18,purchase,98.2
cust_0032,2026-02-18,purchase,58.45
cust_0043,2026-02-18,visit,
cust_0064,2026-02-18,purchase,23.9
cust_0066,2026-02-18,ticket,
cust_0067,2026-02-18,purchase,29.4
cust_0077,2026-02-18,purchase,30.7
cust_0085,2026-02-18,visit,
cust_0092,2026-02-18,purchase,29.55
cust_0102,2026-02-18,visit,
cust_0108,2026-02-18,visit,
cust_0117,2026-02-18,visit,
cust_0120,2026-02-18,purchase,16.11
cust_0146,2026-02-18,visit,
cust_0147,2026-02-18,visit,
cust_0156,2026-02-18,purchase,71.31
cust_0158,2026-02-18,visit,
cust_0163,2026-02-18,purchase,49.82
cust_0178,2026-02-18,visit,
cust_0182,2026-02-18,visit,
cust_0191,2026-02-18,visit,
cust_0192,2026-02-18,purchase,62.55
cust_0193,2026-02-18,visit,
cust_0216,2026-02-18,visit,
cust_0223,2026-02-18,purchase,19.78
cust_0229,2026-02-18,visit,
cust_0234,2026-02-18,visit,
cust_0247,2026-02-18,visit,
cust_0268,2026-02-18,visit,
cust_0280,2026-02-18,visit,
cust_0284,2026-02-18,purchase,40.35
cust_0301,2026-02-18,visit,
cust_0302,2026-02-18,visit,
cust_0305,2026-02-18,visit,
cust_0329,2026-02-18,visit,
cust_0337,2026-02-18,visit,
cust_0349,2026-02-18,purchase,88.59
cust_0351,2026-02-18,visit,
cust_0359,2026-02-18,purchase,40.43
cust_0379,2026-02-18,ticket,
cust_0383,2026-02-18,purchase,27.95
cust_0387,2026-02-18,visit,
cust_0414,2026-02-18,visit,
cust_0441,2026-02-18,purchase,41.96
cust_0441,2026-02-18,refund,41.96
cust_0465,2026-02-18,visit,
cust_0475,2026-02-18,visit,
cust_0491,2026-02-18,visit,
cust_0492,2026-02-18,visit,
cust_0506,2026-02-18,visit,
cust_0530,2026-02-18,visit,
cust_0537,2026-02-18,visit,
cust_0539,2026-02-18,purchase,31.97
cust_0547,2026-02-18,purchase,39.46
cust_0550,2026-02-18,visit,
cust_0551,2026-02-18,purchase,22.17
cust_0551,2026-02-18,refund,22.17
cust_0580,2026-02-18,visit,
cust_0594,2026-02-18,purchase,16.28
cust_0595,2026-02-18,visit,
cust_0601,2026-02-18,purchase,45.39
cust_0607,2026-02-18,visit,
cust_0608,2026-02-18,purchase,21.86
cust_0612,2026-02-18,visit,
cust_0618,2026-02-18,purchase,33.29
cust_0626,2026-02-18,ticket,
cust_0638,2026-02-18,visit,
cust_0699,2026-02-18,visit,
cust_0719,2026-02-18,purchase,34.86
cust_0722,2026-02-18,visit,
cust_0737,2026-02-18,purchase,32.38
cust_0737,2026-02-18,refund,32.38
cust_0741,2026-02-18,visit,
cust_0742,2026-02-18,visit,
cust_0756,2026-02-18,visit,
cust_0776,2026-02-18,purchase,23.87
cust_0781,2026-02-18,visit,
cust_0794,2026-02-18,visit,
cust_0011,2026-02-19,visit,
cust_0013,2026-02-19,purchase,35.86
cust_0026,2026-02-19,visit,
cust_0071,2026-02-19,visit,
cust_0072,2026-02-19,purchase,32.91
cust_0075,2026-02-19,purchase,43.54
cust_0082,2026-02-19,visit,
cust_0085,2026-02-19,purchase,68.0
cust_0087,2026-02-19,purchase,21.94
cust_0095,2026-02-19,purchase,27.71
cust_0101,2026-02-19,visit,
cust_0105,2026-02-19,visit,
cust_0114,2026-02-19,purchase,29.36
cust_0148,2026-02-19,visit,
cust_0178,2026-02-19,purchase,36.26
cust_0193,2026-02-19,purchase,19.84
cust_0215,2026-02-19,purchase,27.93
cust_0224,2026-02-19,visit,
cust_0231,2026-02-19,purchase,92.2
cust_0286,2026-02-19,purchase,52.01
cust_0298,2026-02-19,visit,
cust_0325,2026-02-19,visit,
cust_0335,2026-02-19,purchase,145.29
cust_0342,2026-02-19,visit,
cust_0371,2026-02-19,purchase,62.49
cust_0371,2026-02-19,refund,62.49
cust_0374,2026-02-19,visit,
cust_0398,2026-02-19,visit,
cust_0418,2026-02-19,visit,
cust_0430,2026-02-19,purchase,36.75
cust_0439,2026-02-19,purchase,29.29
cust_0454,2026-02-19,visit,
cust_0464,2026-02-19,visit,
cust_0504,2026-02-19,purchase,39.58
cust_0517,2026-02-19,purchase,49.44
cust_0527,2026-02-19,visit,
cust_0541,2026-02-19,purchase,35.97
cust_0553,2026-02-19,visit,
cust_0557,2026-02-19,visit,
cust_0564,2026-02-19,visit,
cust_0588,2026-02-19,visit,
cust_0592,2026-02-19,visit,
cust_0593,2026-02-19,purchase,48.91
cust_0597,2026-02-19,visit,
cust_0601,2026-02-19,visit,
cust_0604,2026-02-19,visit,
cust_0631,2026-02-19,visit,
cust_0639,2026-02-19,visit,
cust_0641,2026-02-19,purchase,42.24
cust_0649,2026-02-19,purchase,17.44
cust_0656,2026-02-19,visit,
cust_0663,2026-02-19,visit,
cust_0703,2026-02-19,purchase,12.32
cust_0703,2026-02-19,refund,12.32
cust_0710,2026-02-19,visit,
cust_0714,2026-02-19,visit,
cust_0728,2026-02-19,visit,
cust_0753,2026-02-19,purchase,50.98
cust_0754,2026-02-19,visit,
cust_0762,2026-02-19,purchase,24.07
cust_0769,2026-02-19,purchase,146.63
cust_0769,2026-02-19,refund,146.63
cust_0772,2026-02-19,visit,
cust_0787,2026-02-19,visit,
cust_0016,2026-02-20,visit,
cust_0026,2026-02-20,visit,
cust_0027,2026-02-20,visit,
cust_0029,2026-02-20,ticket,
cust_0033,2026-02-20,visit,
cust_0041,2026-02-20,purchase,17.18
cust_0044,2026-02-20,visit,
cust_0045,2026-02-20,visit,
cust_0057,2026-02-20,purchase,25.16
cust_0059,2026-02-20,visit,
cust_0075,2026-02-20,visit,
cust_0076,2026-02-20,purchase,79.9
cust_0078,2026-02-20,purchase,22.83
cust_0081,2026-02-20,visit,
cust_0086,2026-02-20,purchase,16.87
cust_0091,2026-02-20,visit,
cust_0092,2026-02-20,visit,
cust_0093,2026-02-20,purchase,12.34
cust_0111,2026-02-20,purchase,55.85
cust_0112,2026-02-20,visit,
cust_0113,2026-02-20,purchase,41.3
cust_0123,2026-02-20,visit,
cust_0138,2026-02-20,visit,
cust_0142,2026-02-20,purchase,19.57
cust_0146,2026-02-20,purchase,55.12
cust_0147,2026-02-20,visit,
cust_0154,2026-02-20,purchase,29.14
cust_0159,2026-02-20,visit,
cust_0179,2026-02-20,purchase,37.64
cust_0215,2026-02-20,purchase,35.53
cust_0225,2026-02-20,purchase,26.33
cust_0231,2026-02-20,purchase,27.65
cust_0233,2026-02-20,ticket,
cust_0238,2026-02-20,visit,
cust_0267,2026-02-20,purchase,46.9
cust_0273,2026-02-20,purchase,16.86
cust_0279,2026-02-20,visit,
cust_0282,2026-02-20,purchase,25.54
cust_0297,2026-02-20,visit,
cust_0301,2026-02-20,visit,
cust_0303,2026-02-20,purchase,76.23
cust_0331,2026-02-20,purchase,30.09
cust_0350,2026-02-20,visit,
cust_0353,2026-02-20,visit,
cust_0358,2026-02-20,visit,
cust_0365,2026-02-20,ticket,
cust_0387,2026-02-20,ticket,
cust_0388,2026-02-20,purchase,49.36
cust_0396,2026-02-20,purchase,70.11
cust_0406,2026-02-20,visit,
cust_0409,2026-02-20,purchase,30.28
cust_0413,2026-02-20,visit,
cust_0416,2026-02-20,visit,
cust_0433,2026-02-20,visit,
cust_0441,2026-02-20,visit,
cust_0444,2026-02-20,ticket,
cust_0455,2026-02-20,purchase,24.95
cust_0494,2026-02-20,purchase,31.58
cust_0496,2026-02-20,purchase,19.16
cust_0497,2026-02-20,visit,
cust_0514,2026-02-20,visit,
cust_0520,2026-02-20,visit,
cust_0532,2026-02-20,visit,
cust_0534,2026-02-20,visit,
cust_0542,2026-02-20,visit,
cust_0552,2026-02-20,visit,
cust_0557,2026-02-20,ticket,
cust_0568,2026-02-20,visit,
cust_0570,2026-02-20,purchase,78.15
cust_0578,2026-02-20,visit,
cust_0585,2026-02-20,visit,
cust_0590,2026-02-20,visit,
cust_0593,2026-02-20,purchase,28.4
cust_0613,2026-02-20,purchase,12.43
cust_0636,2026-02-20,visit,
cust_0657,2026-02-20,visit,
cust_0658,2026-02-20,visit,
cust_0672,2026-02-20,visit,
cust_0674,2026-02-20,visit,
cust_0679,2026-02-20,visit,
cust_0686,2026-02-20,purchase,15.95
cust_0695,2026-02-20,purchase,18.94
cust_0698,2026-02-20,visit,
cust_0718,2026-02-20,visit,
cust_0734,2026-02-20,visit,
cust_0745,2026-02-20,purchase,36.83
cust_0745,2026-02-20,refund,36.83
cust_0753,2026-02-20,visit,
cust_0758,2026-02-20,visit,
cust_0759,2026-02-20,purchase,17.67
cust_0787,2026-02-20,visit,
cust_0788,2026-02-20,purchase,116.56
cust_0793,2026-02-20,purchase,72.42
cust_0013,2026-02-21,visit,
cust_0014,2026-02-21,visit,
cust_0026,2026-02-21,visit,
cust_0049,2026-02-21,visit,
cust_0051,2026-02-21,visit,
cust_0057,2026-02-21,visit,
cust_0072,2026-02-21,purchase,47.56
cust_0088,2026-02-21,visit,
cust_0094,2026-02-21,visit,
cust_0118,2026-02-21,purchase,19.27
cust_0124,2026-02-21,purchase,69.72
cust_0132,2026-02-21,visit,
cust_0137,2026-02-21,visit,
cust_0146,2026-02-21,purchase,22.8
cust_0148,2026-02-21,visit,
cust_0163,2026-02-21,visit,
cust_0164,2026-02-21,purchase,38.84
cust_0166,2026-02-21,visit,
cust_0170,2026-02-21,ticket,
cust_0172,2026-02-21,visit,
cust_0179,2026-02-21,visit,
cust_0181,2026-02-21,visit,
cust_0183,2026-02-21,visit,
cust_0200,2026-02-21,visit,
cust_0201,2026-02-21,visit,
cust_0204,2026-02-21,visit,
cust_0209,2026-02-21,ticket,
cust_0215,2026-02-21,ticket,
cust_0224,2026-02-21,visit,
cust_0227,2026-02-21,purchase,61.68
cust_0235,2026-02-21,visit,
cust_0242,2026-02-21,purchase,18.74
cust_0244,2026-02-21,purchase,27.23
cust_0249,2026-02-21,visit,
cust_0286,2026-02-21,purchase,58.29
cust_0296,2026-02-21,visit,
cust_0328,2026-02-21,purchase,24.14
cust_0338,2026-02-21,visit,
cust_0350,2026-02-21,purchase,13.09
cust_0364,2026-02-21,visit,
cust_0378,2026-02-21,purchase,13.36
cust_0388,2026-02-21,visit,
cust_0394,2026-02-21,purchase,91.36
cust_0401,2026-02-21,visit,
cust_0404,2026-02-21,visit,
cust_0421,2026-02-21,visit,
cust_0432,2026-02-21,visit,
cust_0434,2026-02-21,purchase,38.28
cust_0443,2026-02-21,visit,
cust_0446,2026-02-21,visit,
cust_0454,2026-02-21,visit,
cust_0474,2026-02-21,ticket,
cust_0481,2026-02-21,visit,
cust_0491,2026-02-21,purchase,51.13
cust_0492,2026-02-21,visit,
cust_0495,2026-02-21,visit,
cust_0507,2026-02-21,ticket,
cust_0510,2026-02-21,ticket,
cust_0517,2026-02-21,visit,
cust_0534,2026-02-21,visit,
cust_0555,2026-02-21,purchase,42.89
cust_0564,2026-02-21,purchase,23.81
cust_0578,2026-02-21,purchase,15.86
cust_0641,2026-02-21,visit,
cust_0648,2026-02-21,purchase,18.6
cust_0649,2026-02-21,purchase,50.23
cust_0649,2026-02-21,refund,50.23
cust_0656,2026-02-21,visit,
cust_0667,2026-02-21,ticket,
cust_0683,2026-02-21,visit,
cust_0686,2026-02-21,visit,
cust_0695,2026-02-21,purchase,24.6
cust_0695,2026-02-21,refund,24.6
cust_0702,2026-02-21,purchase,21.74
cust_0708,2026-02-21,purchase,23.84
cust_0722,2026-02-21,purchase,80.16
cust_0730,2026-02-21,visit,
cust_0743,2026-02-21,purchase,17.77
cust_0762,2026-02-21,purchase,36.8
cust_0790,2026-02-21,purchase,48.49
cust_0007,2026-02-22,visit,
cust_0010,2026-02-22,visit,
cust_0019,2026-02-22,visit,
cust_0051,2026-02-22,visit,
cust_0060,2026-02-22,visit,
cust_0061,2026-02-22,ticket,
cust_0068,2026-02-22,purchase,19.76
cust_0069,2026-02-22,purchase,26.85
cust_0076,2026-02-22,visit,
cust_0089,2026-02-22,visit,
cust_0101,2026-02-22,visit,
cust_0125,2026-02-22,visit,
cust_0137,2026-02-22,visit,
cust_0140,2026-02-22,purchase,27.78
cust_0153,2026-02-22,visit,
cust_0157,2026-02-22,visit,
cust_0164,2026-02-22,visit,
cust_0170,2026-02-22,visit,
cust_0173,2026-02-22,ticket,
cust_0179,2026-02-22,visit,
cust_0180,2026-02-22,visit,
cust_0181,2026-02-22,visit,
cust_0186,2026-02-22,ticket,
cust_0197,2026-02-22,purchase,54.33
cust_0198,2026-02-22,purchase,22.21
cust_0215,2026-02-22,visit,
cust_0223,2026-02-22,visit,
cust_0228,2026-02-22,visit,
cust_0257,2026-02-22,visit,
cust_0269,2026-02-22,visit,
cust_0287,2026-02-22,visit,
cust_0293,2026-02-22,ticket,
cust_0305,2026-02-22,visit,
cust_0310,2026-02-22,visit,
cust_0331,2026-02-22,visit,
cust_0333,2026-02-22,visit,
cust_0334,2026-02-22,visit,
cust_0344,2026-02-22,purchase,20.33
cust_0363,2026-02-22,visit,
cust_0383,2026-02-22,ticket,
cust_0387,2026-02-22,purchase,40.99
cust_0402,2026-02-22,visit,
cust_0403,2026-02-22,visit,
cust_0415,2026-02-22,visit,
cust_0424,2026-02-22,visit,
cust_0464,2026-02-22,purchase,41.15
cust_0473,2026-02-22,purchase,43.74
cust_0473,2026-02-22,refund,43.74
cust_0482,2026-02-22,purchase,80.74
cust_0502,2026-02-22,visit,
cust_0517,2026-02-22,visit,
cust_0522,2026-02-22,purchase,12.55
cust_0543,2026-02-22,purchase,38.77
cust_0552,2026-02-22,visit,
cust_0555,2026-02-22,purchase,18.5
cust_0557,2026-02-22,purchase,15.59
cust_0566,2026-02-22,visit,
cust_0568,2026-02-22,visit,
cust_0577,2026-02-22,visit,
cust_0592,2026-02-22,visit,
cust_0602,2026-02-22,visit,
cust_0605,2026-02-22,visit,
cust_0608,2026-02-22,visit,
cust_0613,2026-02-22,purchase,28.11
cust_0627,2026-02-22,purchase,43.76
cust_0636,2026-02-22,purchase,56.06
cust_0639,2026-02-22,visit,
cust_0644,2026-02-22,purchase,34.84
cust_0661,2026-02-22,visit,
cust_0668,2026-02-22,visit,
cust_0670,2026-02-22,purchase,62.0
cust_0677,2026-02-22,visit,
cust_0689,2026-02-22,purchase,39.29
cust_0689,2026-02-22,refund,39.29
cust_0704,2026-02-22,purchase,38.47
cust_0740,2026-02-22,purchase,43.08
cust_0747,2026-02-22,visit,
cust_0756,2026-02-22,purchase,29.72
cust_0761,2026-02-22,visit,
cust_0778,2026-02-22,purchase,36.18
cust_0781,2026-02-22,purchase,79.2
cust_0008,2026-02-23,visit,
cust_0028,2026-02-23,visit,
cust_0032,2026-02-23,purchase,32.06
cust_0039,2026-02-23,purchase,75.5
cust_0040,2026-02-23,visit,
cust_0050,2026-02-23,visit,
cust_0066,2026-02-23,visit,
cust_0069,2026-02-23,visit,
cust_0078,2026-02-23,visit,
cust_0083,2026-02-23,visit,
cust_0139,2026-02-23,purchase,46.31
cust_0143,2026-02-23,purchase,26.71
cust_0147,2026-02-23,purchase,50.55
cust_0148,2026-02-23,visit,
cust_0151,2026-02-23,purchase,35.83
cust_0159,2026-02-23,purchase,53.56
cust_0176,2026-02-23,purchase,32.01
cust_0176,2026-02-23,refund,32.01
cust_0185,2026-02-23,purchase,29.98
cust_0188,2026-02-23,visit,
cust_0211,2026-02-23,purchase,29.39
cust_0221,2026-02-23,purchase,20.36
cust_0241,2026-02-23,visit,
cust_0263,2026-02-23,visit,
cust_0271,2026-02-23,visit,
cust_0282,2026-02-23,visit,
cust_0289,2026-02-23,purchase,57.85
cust_0300,2026-02-23,visit,
cust_0319,2026-02-23,purchase,39.67
cust_0321,2026-02-23,visit,
cust_0347,2026-02-23,visit,
cust_0376,2026-02-23,visit,
cust_0394,2026-02-23,purchase,44.78
cust_0403,2026-02-23,ticket,
cust_0412,2026-02-23,visit,
cust_0414,2026-02-23,visit,
cust_0475,2026-02-23,purchase,60.31
cust_0475,2026-02-23,refund,60.31
cust_0488,2026-02-23,visit,
cust_0490,2026-02-23,visit,
cust_0498,2026-02-23,visit,
cust_0510,2026-02-23,purchase,35.73
cust_0519,2026-02-23,visit,
cust_0522,2026-02-23,purchase,16.12
cust_0542,2026-02-23,visit,
cust_0543,2026-02-23,visit,
cust_0548,2026-02-23,visit,
cust_0557,2026-02-23,visit,
cust_0563,2026-02-23,visit,
cust_0575,2026-02-23,ticket,
cust_0585,2026-02-23,ticket,
cust_0586,2026-02-23,visit,
cust_0606,2026-02-23,visit,
cust_0611,2026-02-23,visit,
cust_0613,2026-02-23,visit,
cust_0624,2026-02-23,purchase,30.1
cust_0631,2026-02-23,visit,
cust_0641,2026-02-23,visit,
cust_0648,2026-02-23,visit,
cust_0679,2026-02-23,purchase,50.28
cust_0682,2026-02-23,purchase,38.81
cust_0704,2026-02-23,visit,
cust_0709,2026-02-23,visit,
cust_0712,2026-02-23,visit,
cust_0713,2026-02-23,visit,
cust_0717,2026-02-23,visit,
cust_0718,2026-02-23,purchase,56.52
cust_0721,2026-02-23,visit,
cust_0722,2026-02-23,purchase,22.89
cust_0732,2026-02-23,visit,
cust_0733,2026-02-23,purchase,38.6
cust_0737,2026-02-23,purchase,28.29
cust_0745,2026-02-23,visit,
cust_0778,2026-02-23,visit,
cust_0783,2026-02-23,visit,
cust_0789,2026-02-23,visit,
cust_0795,2026-02-23,visit,
cust_0004,2026-02-24,ticket,
cust_0066,2026-02-24,visit,
cust_0072,2026-02-24,purchase,75.9
cust_0089,2026-02-24,visit,
cust_0113,2026-02-24,purchase,45.64
cust_0115,2026-02-24,visit,
cust_0128,2026-02-24,visit,
cust_0139,2026-02-24,visit,
cust_0142,2026-02-24,visit,
cust_0143,2026-02-24,visit,
cust_0146,2026-02-24,visit,
cust_0155,2026-02-24,purchase,17.25
cust_0211,2026-02-24,purchase,21.71
cust_0221,2026-02-24,purchase,35.36
cust_0231,2026-02-24,visit,
cust_0232,2026-02-24,purchase,18.5
cust_0246,2026-02-24,visit,
cust_0249,2026-02-24,purchase,16.32
cust_0257,2026-02-24,purchase,40.0
cust_0258,2026-02-24,purchase,27.25
cust_0259,2026-02-24,visit,
cust_0272,2026-02-24,visit,
cust_0274,2026-02-24,visit,
cust_0288,2026-02-24,purchase,31.0
cust_0298,2026-02-24,purchase,45.35
cust_0301,2026-02-24,visit,
cust_0316,2026-02-24,purchase,154.11
cust_0326,2026-02-24,purchase,75.36
cust_0335,2026-02-24,visit,
cust_0353,2026-02-24,visit,
cust_0358,2026-02-24,visit,
cust_0363,2026-02-24,purchase,31.72
cust_0364,2026-02-24,visit,
cust_0375,2026-02-24,purchase,35.71
cust_0380,2026-02-24,purchase,33.56
cust_0383,2026-02-24,purchase,18.99
cust_0388,2026-02-24,purchase,24.13
cust_0394,2026-02-24,purchase,19.87
cust_0411,2026-02-24,purchase,119.95
cust_0429,2026-02-24,visit,
cust_0452,2026-02-24,visit,
cust_0453,2026-02-24,visit,
cust_0457,2026-02-24,purchase,25.73
cust_0479,2026-02-24,visit,
cust_0486,2026-02-24,visit,
cust_0496,2026-02-24,visit,
cust_0507,2026-02-24,visit,
cust_0508,2026-02-24,visit,
cust_0517,2026-02-24,visit,
cust_0538,2026-02-24,visit,
cust_0544,2026-02-24,purchase,104.66
cust_0581,2026-02-24,purchase,58.61
cust_0595,2026-02-24,purchase,15.73
cust_0596,2026-02-24,ticket,
cust_0600,2026-02-24,visit,
cust_0614,2026-02-24,purchase,19.75
cust_0630,2026-02-24,purchase,30.05
cust_0642,2026-02-24,visit,
cust_0644,2026-02-24,purchase,31.66
cust_0646,2026-02-24,visit,
cust_0662,2026-02-24,visit,
cust_0679,2026-02-24,visit,
cust_0699,2026-02-24,purchase,38.95
cust_0702,2026-02-24,visit,
cust_0713,2026-02-24,purchase,55.32
cust_0755,2026-02-24,visit,
cust_0756,2026-02-24,visit,
cust_0762,2026-02-24,purchase,28.55
cust_0768,2026-02-24,visit,
cust_0008,2026-02-25,purchase,26.43
cust_0009,2026-02-25,purchase,42.05
cust_0030,2026-02-25,visit,
cust_0035,2026-02-25,visit,
cust_0049,2026-02-25,visit,
cust_0054,2026-02-25,visit,
cust_0064,2026-02-25,visit,
cust_0070,2026-02-25,visit,
cust_0083,2026-02-25,visit,
cust_0098,2026-02-25,purchase,53.6
cust_0105,2026-02-25,visit,
cust_0116,2026-02-25,purchase,56.17
cust_0123,2026-02-25,purchase,37.16
cust_0137,2026-02-25,visit,
cust_0140,2026-02-25,visit,
cust_0155,2026-02-25,visit,
cust_0170,2026-02-25,purchase,20.81
cust_0179,2026-02-25,purchase,52.43
cust_0207,2026-02-25,purchase,33.9
cust_0215,2026-02-25,visit,
cust_0216,2026-02-25,ticket,
cust_0229,2026-02-25,visit,
cust_0249,2026-02-25,visit,
cust_0273,2026-02-25,purchase,22.86
cust_0280,2026-02-25,visit,
cust_0286,2026-02-25,visit,
cust_0289,2026-02-25,purchase,28.55
cust_0317,2026-02-25,visit,
cust_0324,2026-02-25,visit,
cust_0325,2026-02-25,visit,
cust_0330,2026-02-25,ticket,
cust_0346,2026-02-25,visit,
cust_0372,2026-02-25,ticket,
cust_0392,2026-02-25,visit,
cust_0394,2026-02-25,visit,
cust_0406,2026-02-25,purchase,57.92
cust_0407,2026-02-25,visit,
cust_0416,2026-02-25,visit,
cust_0436,2026-02-25,ticket,
cust_0437,2026-02-25,ticket,
cust_0438,2026-02-25,purchase,42.93
cust_0438,2026-02-25,refund,42.93
cust_0440,2026-02-25,visit,
cust_0447,2026-02-25,visit,
cust_0449,2026-02-25,visit,
cust_0463,2026-02-25,purchase,18.23
cust_0516,2026-02-25,visit,
cust_0522,2026-02-25,purchase,39.34
cust_0536,2026-02-25,visit,
cust_0548,2026-02-25,visit,
cust_0566,2026-02-25,visit,
cust_0579,2026-02-25,visit,
cust_0615,2026-02-25,visit,
cust_0623,2026-02-25,visit,
cust_0625,2026-02-25,ticket,
cust_0630,2026-02-25,purchase,93.65
cust_0633,2026-02-25,purchase,41.07
cust_0636,2026-02-25,visit,
cust_0647,2026-02-25,visit,
cust_0649,2026-02-25,visit,
cust_0653,2026-02-25,visit,
cust_0656,2026-02-25,visit,
cust_0691,2026-02-25,visit,
cust_0708,2026-02-25,purchase,14.67
cust_0708,2026-02-25,refund,14.67
cust_0713,2026-02-25,purchase,32.0
cust_0714,2026-02-25,purchase,28.38
cust_0722,2026-02-25,visit,
cust_0736,2026-02-25,visit,
cust_0739,2026-02-25,purchase,28.02
cust_0749,2026-02-25,visit,
cust_0758,2026-02-25,visit,
cust_0759,2026-02-25,visit,
cust_0786,2026-02-25,visit,
cust_0796,2026-02-25,visit,
cust_0010,2026-02-26,visit,
cust_0030,2026-02-26,visit,
cust_0033,2026-02-26,purchase,28.88
cust_0036,2026-02-26,visit,
cust_0058,2026-02-26,purchase,28.94
cust_0064,2026-02-26,visit,
cust_0068,2026-02-26,purchase,29.82
cust_0070,2026-02-26,visit,
cust_0083,2026-02-26,purchase,61.78
cust_0092,2026-02-26,purchase,94.78
cust_0095,2026-02-26,visit,
cust_0097,2026-02-26,purchase,34.15
cust_0098,2026-02-26,purchase,30.85
cust_0116,2026-02-26,purchase,30.94
cust_0156,2026-02-26,visit,
cust_0164,2026-02-26,visit,
cust_0168,2026-02-26,purchase,35.5
cust_0169,2026-02-26,purchase,42.27
cust_0173,2026-02-26,visit,
cust_0174,2026-02-26,visit,
cust_0193,2026-02-26,purchase,66.32
cust_0223,2026-02-26,visit,
cust_0242,2026-02-26,visit,
cust_0247,2026-02-26,purchase,25.97
cust_0250,2026-02-26,purchase,60.45
cust_0261,2026-02-26,purchase,16.84
cust_0280,2026-02-26,purchase,81.68
cust_0294,2026-02-26,purchase,19.31
cust_0296,2026-02-26,visit,
cust_0297,2026-02-26,ticket,
cust_0301,2026-02-26,purchase,32.12
cust_0332,2026-02-26,visit,
cust_0358,2026-02-26,purchase,36.25
cust_0376,2026-02-26,visit,
cust_0394,2026-02-26,purchase,22.3
cust_0400,2026-02-26,visit,
cust_0407,2026-02-26,visit,
cust_0415,2026-02-26,purchase,33.24
cust_0429,2026-02-26,visit,
cust_0436,2026-02-26,visit,
cust_0448,2026-02-26,visit,
cust_0449,2026-02-26,visit,
cust_0450,2026-02-26,visit,
cust_0458,2026-02-26,visit,
cust_0468,2026-02-26,visit,
cust_0494,2026-02-26,visit,
cust_0498,2026-02-26,visit,
cust_0515,2026-02-26,visit,
cust_0521,2026-02-26,visit,
cust_0526,2026-02-26,visit,
cust_0543,2026-02-26,visit,
cust_0567,2026-02-26,visit,
cust_0570,2026-02-26,purchase,11.59
cust_0574,2026-02-26,visit,
cust_0593,2026-02-26,purchase,19.89
cust_0594,2026-02-26,visit,
cust_0605,2026-02-26,visit,
cust_0608,2026-02-26,purchase,63.04
cust_0616,2026-02-26,visit,
cust_0645,2026-02-26,visit,
cust_0648,2026-02-26,visit,
cust_0667,2026-02-26,visit,
cust_0681,2026-02-26,purchase,41.62
cust_0685,2026-02-26,purchase,29.33
cust_0693,2026-02-26,visit,
cust_0711,2026-02-26,purchase,40.44
cust_0725,2026-02-26,ticket,
cust_0727,2026-02-26,visit,
cust_0768,2026-02-26,ticket,
cust_0778,2026-02-26,purchase,21.88
cust_0785,2026-02-26,purchase,118.72
cust_0794,2026-02-26,visit,
cust_0017,2026-02-27,visit,
cust_0026,2026-02-27,purchase,15.23
cust_0032,2026-02-27,visit,
cust_0036,2026-02-27,purchase,41.11
cust_0037,2026-02-27,purchase,42.21
cust_0040,2026-02-27,purchase,62.31
cust_0049,2026-02-27,visit,
cust_0062,2026-02-27,visit,
cust_0064,2026-02-27,purchase,57.62
cust_0074,2026-02-27,purchase,36.46
cust_0075,2026-02-27,purchase,66.99
cust_0083,2026-02-27,visit,
cust_0085,2026-02-27,visit,
cust_0102,2026-02-27,purchase,57.48
cust_0122,2026-02-27,visit,
cust_0125,2026-02-27,purchase,37.85
cust_0127,2026-02-27,visit,
cust_0139,2026-02-27,visit,
cust_0141,2026-02-27,visit,
cust_0149,2026-02-27,visit,
cust_0162,2026-02-27,visit,
cust_0169,2026-02-27,visit,
cust_0179,2026-02-27,purchase,56.49
cust_0189,2026-02-27,visit,
cust_0201,2026-02-27,visit,
cust_0207,2026-02-27,visit,
cust_0226,2026-02-27,visit,
cust_0232,2026-02-27,visit,
cust_0233,2026-02-27,visit,
cust_0238,2026-02-27,visit,
cust_0254,2026-02-27,purchase,82.68
cust_0254,2026-02-27,refund,82.68
cust_0281,2026-02-27,ticket,
cust_0283,2026-02-27,visit,
cust_0286,2026-02-27,purchase,29.59
cust_0297,2026-02-27,visit,
cust_0311,2026-02-27,visit,
cust_0323,2026-02-27,purchase,24.69
cust_0326,2026-02-27,purchase,22.24
cust_0337,2026-02-27,purchase,36.42
cust_0357,2026-02-27,visit,
cust_0360,2026-02-27,visit,
cust_0365,2026-02-27,visit,
cust_0372,2026-02-27,visit,
cust_0376,2026-02-27,visit,
cust_0380,2026-02-27,purchase,43.89
cust_0389,2026-02-27,visit,
cust_0399,2026-02-27,visit,
cust_0406,2026-02-27,visit,
cust_0408,2026-02-27,visit,
cust_0409,2026-02-27,visit,
cust_0415,2026-02-27,purchase,24.0
cust_0419,2026-02-27,purchase,24.64
cust_0430,2026-02-27,visit,
cust_0461,2026-02-27,visit,
cust_0463,2026-02-27,visit,
cust_0465,2026-02-27,visit,
cust_0476,2026-02-27,visit,
cust_0483,2026-02-27,visit,
cust_0490,2026-02-27,visit,
cust_0492,2026-02-27,purchase,34.33
cust_0494,2026-02-27,visit,
cust_0505,2026-02-27,purchase,121.04
cust_0508,2026-02-27,visit,
cust_0512,2026-02-27,visit,
cust_0535,2026-02-27,visit,
cust_0545,2026-02-27,visit,
cust_0547,2026-02-27,visit,
cust_0599,2026-02-27,ticket,
cust_0605,2026-02-27,ticket,
cust_0624,2026-02-27,purchase,33.88
cust_0652,2026-02-27,visit,
cust_0684,2026-02-27,purchase,54.3
cust_0713,2026-02-27,visit,
cust_0717,2026-02-27,visit,
cust_0718,2026-02-27,visit,
cust_0721,2026-02-27,purchase,23.76
cust_0723,2026-02-27,purchase,74.01
cust_0725,2026-02-27,purchase,33.69
cust_0729,2026-02-27,visit,
cust_0733,2026-02-27,purchase,32.2
cust_0734,2026-02-27,visit,
cust_0736,2026-02-27,purchase,56.7
cust_0745,2026-02-27,purchase,36.03
cust_0759,2026-02-27,purchase,39.82
cust_0761,2026-02-27,visit,
cust_0767,2026-02-27,visit,
cust_0788,2026-02-27,visit,
cust_0789,2026-02-27,visit,
cust_0799,2026-02-27,purchase,50.62
cust_0002,2026-02-28,visit,
cust_0010,2026-02-28,purchase,21.27
cust_0028,2026-02-28,visit,
cust_0043,2026-02-28,visit,
cust_0055,2026-02-28,visit,
cust_0074,2026-02-28,purchase,33.22
cust_0089,2026-02-28,ticket,
cust_0091,2026-02-28,visit,
cust_0107,2026-02-28,visit,
cust_0112,2026-02-28,purchase,26.29
cust_0125,2026-02-28,visit,
cust_0139,2026-02-28,visit,
cust_0142,2026-02-28,visit,
cust_0148,2026-02-28,visit,
cust_0149,2026-02-28,purchase,34.64
cust_0155,2026-02-28,purchase,21.62
cust_0156,2026-02-28,visit,
cust_0158,2026-02-28,visit,
cust_0192,2026-02-28,visit,
cust_0194,2026-02-28,purchase,57.28
cust_0209,2026-02-28,purchase,12.57
cust_0228,2026-02-28,visit,
cust_0245,2026-02-28,ticket,
cust_0258,2026-02-28,visit,
cust_0259,2026-02-28,ticket,
cust_0274,2026-02-28,ticket,
cust_0284,2026-02-28,purchase,28.95
cust_0295,2026-02-28,visit,
cust_0305,2026-02-28,purchase,14.33
cust_0311,2026-02-28,visit,
cust_0320,2026-02-28,visit,
cust_0335,2026-02-28,ticket,
cust_0371,2026-02-28,ticket,
cust_0378,2026-02-28,purchase,46.36
cust_0378,2026-02-28,refund,46.36
cust_0391,2026-02-28,purchase,26.27
cust_0412,2026-02-28,purchase,29.14
cust_0429,2026-02-28,visit,
cust_0431,2026-02-28,purchase,15.34
cust_0443,2026-02-28,ticket,
cust_0458,2026-02-28,visit,
cust_0480,2026-02-28,purchase,9.59
cust_0484,2026-02-28,purchase,32.72
cust_0498,2026-02-28,visit,
cust_0508,2026-02-28,visit,
cust_0520,2026-02-28,visit,
cust_0524,2026-02-28,purchase,42.3
cust_0530,2026-02-28,visit,
cust_0531,2026-02-28,purchase,48.15
cust_0538,2026-02-28,purchase,35.08
cust_0559,2026-02-28,purchase,32.99
cust_0561,2026-02-28,purchase,33.11
cust_0567,2026-02-28,visit,
cust_0572,2026-02-28,purchase,51.51
cust_0584,2026-02-28,ticket,
cust_0603,2026-02-28,visit,
cust_0606,2026-02-28,visit,
cust_0612,2026-02-28,purchase,77.4
cust_0616,2026-02-28,purchase,33.54
cust_0650,2026-02-28,ticket,
cust_0652,2026-02-28,visit,
cust_0683,2026-02-28,visit,
cust_0692,2026-02-28,visit,
cust_0703,2026-02-28,visit,
cust_0705,2026-02-28,visit,
cust_0708,2026-02-28,visit,
cust_0714,2026-02-28,visit,
cust_0720,2026-02-28,purchase,37.12
cust_0726,2026-02-28,visit,
cust_0758,2026-02-28,visit,
cust_0762,2026-02-28,visit,
cust_0769,2026-02-28,ticket,
cust_0779,2026-02-28,purchase,44.1
cust_0788,2026-02-28,visit,
cust_0791,2026-02-28,visit,
cust_0016,2026-03-01,visit,
cust_0017,2026-03-01,visit,
cust_0019,2026-03-01,visit,
cust_0020,2026-03-01,purchase,73.03
cust_0046,2026-03-01,visit,
cust_0068,2026-03-01,purchase,33.44
cust_0083,2026-03-01,visit,
cust_0084,2026-03-01,visit,
cust_0093,2026-03-01,visit,
cust_0099,2026-03-01,purchase,43.9
cust_0102,2026-03-01,purchase,45.6
cust_0105,2026-03-01,purchase,33.97
cust_0114,2026-03-01,visit,
cust_0116,2026-03-01,visit,
cust_0118,2026-03-01,visit,
cust_0123,2026-03-01,purchase,50.67
cust_0127,2026-03-01,visit,
cust_0128,2026-03-01,visit,
cust_0129,2026-03-01,visit,
cust_0136,2026-03-01,visit,
cust_0139,2026-03-01,purchase,20.64
cust_0150,2026-03-01,visit,
cust_0161,2026-03-01,visit,
cust_0162,2026-03-01,visit,
cust_0167,2026-03-01,visit,
cust_0169,2026-03-01,visit,
cust_0231,2026-03-01,visit,
cust_0233,2026-03-01,visit,
cust_0244,2026-03-01,purchase,15.15
cust_0247,2026-03-01,visit,
cust_0253,2026-03-01,visit,
cust_0262,2026-03-01,purchase,31.59
cust_0267,2026-03-01,visit,
cust_0271,2026-03-01,purchase,22.84
cust_0282,2026-03-01,visit,
cust_0294,2026-03-01,visit,
cust_0331,2026-03-01,visit,
cust_0338,2026-03-01,visit,
cust_0339,2026-03-01,visit,
cust_0341,2026-03-01,purchase,29.41
cust_0341,2026-03-01,refund,29.41
cust_0365,2026-03-01,purchase,38.55
cust_0373,2026-03-01,purchase,28.56
cust_0378,2026-03-01,visit,
cust_0393,2026-03-01,visit,
cust_0416,2026-03-01,purchase,76.83
cust_0451,2026-03-01,visit,
cust_0464,2026-03-01,purchase,55.89
cust_0467,2026-03-01,visit,
cust_0504,2026-03-01,visit,
cust_0516,2026-03-01,purchase,27.48
cust_0531,2026-03-01,purchase,43.0
cust_0532,2026-03-01,visit,
cust_0543,2026-03-01,visit,
cust_0548,2026-03-01,visit,
cust_0555,2026-03-01,purchase,21.18
cust_0559,2026-03-01,visit,
cust_0563,2026-03-01,visit,
cust_0580,2026-03-01,visit,
cust_0581,2026-03-01,purchase,49.52
cust_0583,2026-03-01,purchase,49.79
cust_0591,2026-03-01,visit,
cust_0597,2026-03-01,purchase,34.11
cust_0600,2026-03-01,purchase,60.84
cust_0603,2026-03-01,visit,
cust_0625,2026-03-01,visit,
cust_0626,2026-03-01,visit,
cust_0636,2026-03-01,visit,
cust_0667,2026-03-01,purchase,87.43
cust_0677,2026-03-01,visit,
cust_0704,2026-03-01,purchase,31.45
cust_0706,2026-03-01,visit,
cust_0715,2026-03-01,purchase,36.43
cust_0717,2026-03-01,visit,
cust_0725,2026-03-01,purchase,29.72
cust_0735,2026-03-01,visit,
cust_0743,2026-03-01,visit,
cust_0744,2026-03-01,visit,
cust_0774,2026-03-01,ticket,
cust_0778,2026-03-01,purchase,22.45
cust_0793,2026-03-01,visit,
cust_0028,2026-03-02,visit,
cust_0038,2026-03-02,purchase,27.46
cust_0040,2026-03-02,ticket,
cust_0068,2026-03-02,visit,
cust_0109,2026-03-02,visit,
cust_0113,2026-03-02,visit,
cust_0144,2026-03-02,visit,
cust_0147,2026-03-02,visit,
cust_0170,2026-03-02,purchase,46.78
cust_0180,2026-03-02,visit,
cust_0182,2026-03-02,purchase,55.65
cust_0220,2026-03-02,purchase,46.47
cust_0220,2026-03-02,refund,46.47
cust_0244,2026-03-02,purchase,21.81
cust_0252,2026-03-02,purchase,22.68
cust_0252,2026-03-02,refund,22.68
cust_0259,2026-03-02,visit,
cust_0264,2026-03-02,visit,
cust_0276,2026-03-02,visit,
cust_0286,2026-03-02,visit,
cust_0289,2026-03-02,visit,
cust_0305,2026-03-02,purchase,23.56
cust_0323,2026-03-02,purchase,14.82
cust_0338,2026-03-02,purchase,13.06
cust_0339,2026-03-02,purchase,79.95
cust_0353,2026-03-02,purchase,70.08
cust_0359,2026-03-02,purchase,46.91
cust_0364,2026-03-02,visit,
cust_0365,2026-03-02,visit,
cust_0366,2026-03-02,ticket,
cust_0374,2026-03-02,purchase,44.63
cust_0374,2026-03-02,refund,44.63
cust_0376,2026-03-02,purchase,28.63
cust_0384,2026-03-02,visit,
cust_0401,2026-03-02,visit,
cust_0402,2026-03-02,visit,
cust_0436,2026-03-02,visit,
cust_0445,2026-03-02,visit,
cust_0494,2026-03-02,visit,
cust_0509,2026-03-02,visit,
cust_0534,2026-03-02,ticket,
cust_0538,2026-03-02,ticket,
cust_0540,2026-03-02,visit,
cust_0546,2026-03-02,visit,
cust_0593,2026-03-02,visit,
cust_0594,2026-03-02,purchase,34.54
cust_0594,2026-03-02,refund,34.54
cust_0600,2026-03-02,purchase,43.45
cust_0627,2026-03-02,visit,
cust_0642,2026-03-02,purchase,31.03
cust_0644,2026-03-02,visit,
cust_0647,2026-03-02,purchase,27.78
cust_0677,2026-03-02,visit,
cust_0691,2026-03-02,visit,
cust_0692,2026-03-02,purchase,33.57
cust_0710,2026-03-02,purchase,89.74
cust_0711,2026-03-02,visit,
cust_0721,2026-03-02,visit,
cust_0725,2026-03-02,purchase,33.89
cust_0733,2026-03-02,purchase,29.03
cust_0735,2026-03-02,visit,
cust_0746,2026-03-02,visit,
cust_0756,2026-03-02,purchase,45.55
cust_0757,2026-03-02,visit,
cust_0772,2026-03-02,visit,
cust_0788,2026-03-02,visit,
cust_0005,2026-03-03,purchase,32.13
cust_0021,2026-03-03,visit,
cust_0036,2026-03-03,visit,
cust_0038,2026-03-03,purchase,16.41
cust_0049,2026-03-03,visit,
cust_0075,2026-03-03,visit,
cust_0081,2026-03-03,visit,
cust_0099,2026-03-03,purchase,176.26
cust_0107,2026-03-03,purchase,32.51
cust_0133,2026-03-03,visit,
cust_0150,2026-03-03,purchase,28.54
cust_0164,2026-03-03,purchase,54.14
cust_0171,2026-03-03,visit,
cust_0183,2026-03-03,purchase,70.11
cust_0202,2026-03-03,purchase,36.69
cust_0207,2026-03-03,visit,
cust_0215,2026-03-03,visit,
cust_0219,2026-03-03,ticket,
cust_0227,2026-03-03,visit,
cust_0231,2026-03-03,purchase,51.55
cust_0267,2026-03-03,visit,
cust_0269,2026-03-03,visit,
cust_0292,2026-03-03,purchase,18.82
cust_0292,2026-03-03,refund,18.82
cust_0298,2026-03-03,visit,
cust_0321,2026-03-03,visit,
cust_0331,2026-03-03,ticket,
cust_0352,2026-03-03,visit,
cust_0375,2026-03-03,ticket,
cust_0396,2026-03-03,visit,
cust_0401,2026-03-03,visit,
cust_0407,2026-03-03,visit,
cust_0417,2026-03-03,visit,
cust_0420,2026-03-03,visit,
cust_0430,2026-03-03,visit,
cust_0435,2026-03-03,visit,
cust_0438,2026-03-03,visit,
cust_0441,2026-03-03,visit,
cust_0449,2026-03-03,purchase,36.33
cust_0467,2026-03-03,purchase,38.4
cust_0489,2026-03-03,visit,
cust_0502,2026-03-03,ticket,
cust_0513,2026-03-03,visit,
cust_0517,2026-03-03,purchase,26.87
cust_0532,2026-03-03,visit,
cust_0541,2026-03-03,visit,
cust_0553,2026-03-03,visit,
cust_0562,2026-03-03,visit,
cust_0568,2026-03-03,purchase,30.65
cust_0573,2026-03-03,purchase,21.49
cust_0589,2026-03-03,purchase,19.64
cust_0589,2026-03-03,refund,19.64
cust_0607,2026-03-03,visit,
cust_0611,2026-03-03,visit,
cust_0628,2026-03-03,purchase,20.22
cust_0629,2026-03-03,visit,
cust_0636,2026-03-03,purchase,34.85
cust_0644,2026-03-03,visit,
cust_0687,2026-03-03,purchase,44.3
cust_0695,2026-03-03,visit,
cust_0700,2026-03-03,visit,
cust_0710,2026-03-03,visit,
cust_0711,2026-03-03,purchase,22.11
cust_0719,2026-03-03,purchase,42.73
cust_0728,2026-03-03,purchase,27.68
cust_0730,2026-03-03,visit,
cust_0742,2026-03-03,visit,
cust_0753,2026-03-03,purchase,39.38
cust_0766,2026-03-03,visit,
cust_0768,2026-03-03,visit,
cust_0776,2026-03-03,purchase,36.14
cust_0798,2026-03-03,visit,
cust_0004,2026-03-04,visit,
cust_0013,2026-03-04,purchase,24.01
cust_0035,2026-03-04,visit,
cust_0037,2026-03-04,visit,
cust_0048,2026-03-04,visit,
cust_0065,2026-03-04,visit,
cust_0072,2026-03-04,visit,
cust_0091,2026-03-04,visit,
cust_0094,2026-03-04,visit,
cust_0104,2026-03-04,visit,
cust_0119,2026-03-04,purchase,31.86
cust_0128,2026-03-04,purchase,48.49
cust_0148,2026-03-04,purchase,47.97
cust_0150,2026-03-04,purchase,45.51
cust_0157,2026-03-04,purchase,25.75
cust_0171,2026-03-04,purchase,23.21
cust_0174,2026-03-04,visit,
cust_0180,2026-03-04,visit,
cust_0194,2026-03-04,purchase,41.32
cust_0208,2026-03-04,purchase,39.85
cust_0210,2026-03-04,visit,
cust_0228,2026-03-04,purchase,40.17
cust_0231,2026-03-04,purchase,17.87
cust_0245,2026-03-04,purchase,22.04
cust_0251,2026-03-04,purchase,31.8
cust_0271,2026-03-04,visit,
cust_0272,2026-03-04,visit,
cust_0275,2026-03-04,purchase,11.75
cust_0288,2026-03-04,visit,
cust_0289,2026-03-04,visit,
cust_0304,2026-03-04,visit,
cust_0313,2026-03-04,visit,
cust_0315,2026-03-04,visit,
cust_0317,2026-03-04,purchase,27.61
cust_0319,2026-03-04,ticket,
cust_0327,2026-03-04,purchase,19.75
cust_0327,2026-03-04,refund,19.75
cust_0332,2026-03-04,purchase,45.09
cust_0342,2026-03-04,visit,
cust_0344,2026-03-04,visit,
cust_0350,2026-03-04,visit,
cust_0354,2026-03-04,purchase,71.54
cust_0357,2026-03-04,purchase,17.09
cust_0361,2026-03-04,visit,
cust_0363,2026-03-04,visit,
cust_0376,2026-03-04,visit,
cust_0406,2026-03-04,visit,
cust_0415,2026-03-04,visit,
cust_0429,2026-03-04,visit,
cust_0448,2026-03-04,visit,
cust_0455,2026-03-04,purchase,91.33
cust_0457,2026-03-04,purchase,32.18
cust_0468,2026-03-04,visit,
cust_0478,2026-03-04,visit,
cust_0480,2026-03-04,purchase,45.49
cust_0491,2026-03-04,purchase,27.29
cust_0496,2026-03-04,visit,
cust_0516,2026-03-04,visit,
cust_0521,2026-03-04,visit,
cust_0545,2026-03-04,purchase,25.98
cust_0565,2026-03-04,visit,
cust_0599,2026-03-04,visit,
cust_0603,2026-03-04,visit,
cust_0606,2026-03-04,visit,
cust_0622,2026-03-04,visit,
cust_0632,2026-03-04,visit,
cust_0642,2026-03-04,visit,
cust_0676,2026-03-04,visit,
cust_0679,2026-03-04,visit,
cust_0698,2026-03-04,visit,
cust_0709,2026-03-04,visit,
cust_0712,2026-03-04,purchase,58.47
cust_0712,2026-03-04,refund,58.47
cust_0714,2026-03-04,visit,
cust_0724,2026-03-04,visit,
cust_0744,2026-03-04,visit,
cust_0763,2026-03-04,visit,
cust_0766,2026-03-04,visit,
cust_0775,2026-03-04,visit,
cust_0787,2026-03-04,visit,
cust_0007,2026-03-05,purchase,24.77
cust_0019,2026-03-05,purchase,29.89
cust_0022,2026-03-05,visit,
cust_0043,2026-03-05,visit,
cust_0046,2026-03-05,purchase,21.79
cust_0048,2026-03-05,visit,
cust_0051,2026-03-05,purchase,35.15
cust_0068,2026-03-05,purchase,36.92
cust_0083,2026-03-05,purchase,55.21
cust_0085,2026-03-05,visit,
cust_0093,2026-03-05,visit,
cust_0094,2026-03-05,purchase,24.1
cust_0099,2026-03-05,visit,
cust_0100,2026-03-05,visit,
cust_0105,2026-03-05,purchase,40.36
cust_0112,2026-03-05,purchase,18.43
cust_0113,2026-03-05,visit,
cust_0129,2026-03-05,purchase,25.53
cust_0143,2026-03-05,visit,
cust_0158,2026-03-05,purchase,24.4
cust_0159,2026-03-05,purchase,76.03
cust_0169,2026-03-05,visit,
cust_0172,2026-03-05,visit,
cust_0198,2026-03-05,purchase,23.08
cust_0211,2026-03-05,visit,
cust_0224,2026-03-05,visit,
cust_0225,2026-03-05,visit,
cust_0229,2026-03-05,purchase,45.28
cust_0231,2026-03-05,purchase,43.62
cust_0233,2026-03-05,visit,
cust_0242,2026-03-05,visit,
cust_0256,2026-03-05,visit,
cust_0263,2026-03-05,visit,
cust_0266,2026-03-05,visit,
cust_0271,2026-03-05,visit,
cust_0297,2026-03-05,purchase,26.25
cust_0303,2026-03-05,purchase,52.28
cust_0315,2026-03-05,purchase,56.7
cust_0320,2026-03-05,visit,
cust_0326,2026-03-05,purchase,27.39
cust_0332,2026-03-05,visit,
cust_0337,2026-03-05,purchase,24.77
cust_0345,2026-03-05,visit,
cust_0347,2026-03-05,purchase,32.92
cust_0365,2026-03-05,purchase,20.47
cust_0378,2026-03-05,visit,
cust_0424,2026-03-05,visit,
cust_0429,2026-03-05,visit,
cust_0460,2026-03-05,purchase,45.06
cust_0479,2026-03-05,visit,
cust_0488,2026-03-05,visit,
cust_0496,2026-03-05,purchase,42.78
cust_0497,2026-03-05,visit,
cust_0506,2026-03-05,visit,
cust_0507,2026-03-05,visit,
cust_0530,2026-03-05,visit,
cust_0551,2026-03-05,purchase,28.27
cust_0562,2026-03-05,ticket,
cust_0599,2026-03-05,visit,
cust_0608,2026-03-05,visit,
cust_0622,2026-03-05,purchase,31.55
cust_0625,2026-03-05,visit,
cust_0630,2026-03-05,purchase,24.45
cust_0636,2026-03-05,visit,
cust_0640,2026-03-05,visit,
cust_0658,2026-03-05,visit,
cust_0665,2026-03-05,purchase,32.65
cust_0685,2026-03-05,purchase,40.28
cust_0687,2026-03-05,visit,
cust_0698,2026-03-05,visit,
cust_0702,2026-03-05,visit,
cust_0704,2026-03-05,visit,
cust_0711,2026-03-05,purchase,53.02
cust_0737,2026-03-05,visit,
cust_0740,2026-03-05,visit,
cust_0764,2026-03-05,purchase,38.83
cust_0770,2026-03-05,visit,
cust_0788,2026-03-05,purchase,38.3
cust_0015,2026-03-06,visit,
cust_0068,2026-03-06,purchase,51.19
cust_0071,2026-03-06,visit,
cust_0075,2026-03-06,visit,
cust_0078,2026-03-06,visit,
cust_0082,2026-03-06,visit,
cust_0108,2026-03-06,ticket,
cust_0123,2026-03-06,visit,
cust_0126,2026-03-06,visit,
cust_0130,2026-03-06,visit,
cust_0147,2026-03-06,visit,
cust_0160,2026-03-06,visit,
cust_0173,2026-03-06,visit,
cust_0183,2026-03-06,purchase,20.74
cust_0201,2026-03-06,visit,
cust_0204,2026-03-06,visit,
cust_0205,2026-03-06,visit,
cust_0229,2026-03-06,purchase,38.51
cust_0254,2026-03-06,purchase,48.95
cust_0265,2026-03-06,visit,
cust_0278,2026-03-06,visit,
cust_0282,2026-03-06,visit,
cust_0297,2026-03-06,purchase,39.88
cust_0304,2026-03-06,visit,
cust_0308,2026-03-06,visit,
cust_0311,2026-03-06,purchase,56.18
cust_0322,2026-03-06,visit,
cust_0371,2026-03-06,purchase,23.59
cust_0372,2026-03-06,purchase,8.13
cust_0383,2026-03-06,purchase,59.26
cust_0395,2026-03-06,visit,
cust_0420,2026-03-06,purchase,52.95
cust_0461,2026-03-06,visit,
cust_0464,2026-03-06,visit,
cust_0471,2026-03-06,visit,
cust_0479,2026-03-06,visit,
cust_0483,2026-03-06,visit,
cust_0490,2026-03-06,visit,
cust_0517,2026-03-06,visit,
cust_0532,2026-03-06,visit,
cust_0534,2026-03-06,visit,
cust_0535,2026-03-06,visit,
cust_0538,2026-03-06,visit,
cust_0543,2026-03-06,purchase,34.2
cust_0546,2026-03-06,ticket,
cust_0559,2026-03-06,visit,
cust_0571,2026-03-06,purchase,72.97
cust_0591,2026-03-06,visit,
cust_0594,2026-03-06,visit,
cust_0608,2026-03-06,visit,
cust_0612,2026-03-06,purchase,16.4
cust_0615,2026-03-06,purchase,50.41
cust_0626,2026-03-06,visit,
cust_0653,2026-03-06,visit,
cust_0662,2026-03-06,visit,
cust_0668,2026-03-06,purchase,37.38
cust_0690,2026-03-06,visit,
cust_0703,2026-03-06,purchase,48.01
cust_0736,2026-03-06,visit,
cust_0754,2026-03-06,visit,
cust_0767,2026-03-06,visit,
cust_0789,2026-03-06,purchase,35.67
cust_0789,2026-03-06,refund,35.67
cust_0795,2026-03-06,purchase,58.12
cust_0008,2026-03-07,purchase,27.04
cust_0010,2026-03-07,visit,
cust_0030,2026-03-07,visit,
cust_0055,2026-03-07,visit,
cust_0067,2026-03-07,purchase,18.03
cust_0072,2026-03-07,purchase,20.79
cust_0107,2026-03-07,visit,
cust_0113,2026-03-07,visit,
cust_0116,2026-03-07,visit,
cust_0131,2026-03-07,visit,
cust_0134,2026-03-07,visit,
cust_0137,2026-03-07,purchase,52.11
cust_0158,2026-03-07,purchase,44.33
cust_0159,2026-03-07,visit,
cust_0179,2026-03-07,visit,
cust_0185,2026-03-07,visit,
cust_0194,2026-03-07,purchase,32.65
cust_0194,2026-03-07,refund,32.65
cust_0211,2026-03-07,visit,
cust_0225,2026-03-07,visit,
cust_0234,2026-03-07,visit,
cust_0242,2026-03-07,purchase,24.59
cust_0247,2026-03-07,visit,
cust_0254,2026-03-07,purchase,30.78
cust_0261,2026-03-07,purchase,46.95
cust_0271,2026-03-07,purchase,58.17
cust_0281,2026-03-07,visit,
cust_0284,2026-03-07,visit,
cust_0285,2026-03-07,visit,
cust_0289,2026-03-07,purchase,60.37
cust_0290,2026-03-07,purchase,11.1
cust_0291,2026-03-07,visit,
cust_0292,2026-03-07,purchase,23.83
cust_0293,2026-03-07,visit,
cust_0306,2026-03-07,visit,
cust_0337,2026-03-07,visit,
cust_0345,2026-03-07,visit,
cust_0354,2026-03-07,purchase,23.59
cust_0355,2026-03-07,purchase,30.29
cust_0356,2026-03-07,purchase,41.56
cust_0360,2026-03-07,visit,
cust_0382,2026-03-07,purchase,32.54
cust_0386,2026-03-07,visit,
cust_0399,2026-03-07,purchase,35.52
cust_0407,2026-03-07,visit,
cust_0430,2026-03-07,purchase,71.03
cust_0433,2026-03-07,purchase,27.32
cust_0448,2026-03-07,visit,
cust_0459,2026-03-07,purchase,48.94
cust_0459,2026-03-07,refund,48.94
cust_0460,2026-03-07,purchase,35.78
cust_0480,2026-03-07,visit,
cust_0486,2026-03-07,visit,
cust_0495,2026-03-07,purchase,76.12
cust_0520,2026-03-07,visit,
cust_0533,2026-03-07,visit,
cust_0539,2026-03-07,purchase,21.34
cust_0542,2026-03-07,purchase,26.81
cust_0578,2026-03-07,visit,
cust_0580,2026-03-07,visit,
cust_0582,2026-03-07,purchase,37.85
cust_0588,2026-03-07,purchase,42.07
cust_0611,2026-03-07,visit,
cust_0615,2026-03-07,visit,
cust_0648,2026-03-07,purchase,34.88
cust_0649,2026-03-07,visit,
cust_0652,2026-03-07,visit,
cust_0663,2026-03-07,visit,
cust_0666,2026-03-07,purchase,15.59
cust_0667,2026-03-07,ticket,
cust_0669,2026-03-07,purchase,79.47
cust_0670,2026-03-07,visit,
cust_0680,2026-03-07,visit,
cust_0690,2026-03-07,ticket,
cust_0701,2026-03-07,visit,
cust_0711,2026-03-07,purchase,34.25
cust_0724,2026-03-07,visit,
cust_0726,2026-03-07,ticket,
cust_0733,2026-03-07,purchase,27.5
cust_0744,2026-03-07,purchase,30.21
cust_0745,2026-03-07,visit,
cust_0752,2026-03-07,ticket,
cust_0756,2026-03-07,visit,
cust_0763,2026-03-07,purchase,88.91
cust_0777,2026-03-07,ticket,
cust_0787,2026-03-07,purchase,45.56
cust_0788,2026-03-07,purchase,58.55
cust_0013,2026-03-08,purchase,68.81
cust_0016,2026-03-08,visit,
cust_0018,2026-03-08,visit,
cust_0022,2026-03-08,purchase,44.94
cust_0026,2026-03-08,visit,
cust_0029,2026-03-08,purchase,43.3
cust_0043,2026-03-08,visit,
cust_0047,2026-03-08,visit,
cust_0058,2026-03-08,visit,
cust_0061,2026-03-08,visit,
cust_0078,2026-03-08,visit,
cust_0079,2026-03-08,visit,
cust_0114,2026-03-08,purchase,38.87
cust_0120,2026-03-08,visit,
cust_0122,2026-03-08,purchase,42.09
cust_0122,2026-03-08,refund,42.09
cust_0134,2026-03-08,visit,
cust_0142,2026-03-08,visit,
cust_0150,2026-03-08,visit,
cust_0155,2026-03-08,visit,
cust_0161,2026-03-08,purchase,41.18
cust_0169,2026-03-08,visit,
cust_0170,2026-03-08,purchase,34.27
cust_0191,2026-03-08,visit,
cust_0200,2026-03-08,visit,
cust_0212,2026-03-08,visit,
cust_0227,2026-03-08,visit,
cust_0229,2026-03-08,visit,
cust_0231,2026-03-08,visit,
cust_0255,2026-03-08,visit,
cust_0256,2026-03-08,purchase,24.38
cust_0259,2026-03-08,purchase,16.94
cust_0271,2026-03-08,purchase,35.76
cust_0285,2026-03-08,visit,
cust_0324,2026-03-08,visit,
cust_0329,2026-03-08,purchase,18.18
cust_0350,2026-03-08,visit,
cust_0360,2026-03-08,purchase,17.18
cust_0373,2026-03-08,purchase,34.19
cust_0388,2026-03-08,visit,
cust_0394,2026-03-08,purchase,53.9
cust_0406,2026-03-08,purchase,101.29
cust_0409,2026-03-08,visit,
cust_0423,2026-03-08,visit,
cust_0429,2026-03-08,visit,
cust_0431,2026-03-08,ticket,
cust_0437,2026-03-08,visit,
cust_0447,2026-03-08,purchase,17.81
cust_0464,2026-03-08,purchase,54.74
cust_0467,2026-03-08,visit,
cust_0469,2026-03-08,purchase,51.84
cust_0480,2026-03-08,purchase,9.99
cust_0489,2026-03-08,purchase,34.11
cust_0492,2026-03-08,visit,
cust_0497,2026-03-08,visit,
cust_0501,2026-03-08,visit,
cust_0521,2026-03-08,visit,
cust_0564,2026-03-08,visit,
cust_0570,2026-03-08,purchase,51.39
cust_0574,2026-03-08,purchase,69.33
cust_0578,2026-03-08,purchase,66.69
cust_0595,2026-03-08,purchase,28.73
cust_0600,2026-03-08,visit,
cust_0608,2026-03-08,visit,
cust_0612,2026-03-08,purchase,51.54
cust_0635,2026-03-08,visit,
cust_0652,2026-03-08,visit,
cust_0661,2026-03-08,purchase,20.13
cust_0664,2026-03-08,visit,
cust_0672,2026-03-08,purchase,18.88
cust_0685,2026-03-08,visit,
cust_0696,2026-03-08,visit,
cust_0699,2026-03-08,visit,
cust_0722,2026-03-08,purchase,52.11
cust_0724,2026-03-08,ticket,
cust_0739,2026-03-08,visit,
cust_0742,2026-03-08,visit,
cust_0766,2026-03-08,purchase,28.4
cust_0776,2026-03-08,visit,
cust_0788,2026-03-08,purchase,14.12
cust_0789,2026-03-08,purchase,46.16
cust_0794,2026-03-08,visit,
cust_0008,2026-03-09,purchase,58.12
cust_0012,2026-03-09,visit,
cust_0016,2026-03-09,purchase,41.8
cust_0016,2026-03-09,refund,41.8
cust_0018,2026-03-09,visit,
cust_0031,2026-03-09,purchase,76.39
cust_0031,2026-03-09,refund,76.39
cust_0032,2026-03-09,purchase,74.27
cust_0042,2026-03-09,visit,
cust_0059,2026-03-09,visit,
cust_0073,2026-03-09,purchase,60.04
cust_0089,2026-03-09,purchase,65.36
cust_0107,2026-03-09,visit,
cust_0111,2026-03-09,visit,
cust_0114,2026-03-09,purchase,22.46
cust_0151,2026-03-09,purchase,50.93
cust_0161,2026-03-09,visit,
cust_0162,2026-03-09,visit,
cust_0166,2026-03-09,visit,
cust_0170,2026-03-09,visit,
cust_0173,2026-03-09,visit,
cust_0179,2026-03-09,purchase,48.9
cust_0218,2026-03-09,visit,
cust_0220,2026-03-09,visit,
cust_0224,2026-03-09,visit,
cust_0227,2026-03-09,ticket,
cust_0242,2026-03-09,visit,
cust_0243,2026-03-09,visit,
cust_0253,2026-03-09,purchase,144.77
cust_0264,2026-03-09,visit,
cust_0267,2026-03-09,purchase,77.39
cust_0268,2026-03-09,visit,
cust_0269,2026-03-09,ticket,
cust_0272,2026-03-09,purchase,42.13
cust_0278,2026-03-09,purchase,36.46
cust_0282,2026-03-09,visit,
cust_0284,2026-03-09,visit,
cust_0297,2026-03-09,visit,
cust_0298,2026-03-09,visit,
cust_0300,2026-03-09,visit,
cust_0316,2026-03-09,visit,
cust_0338,2026-03-09,visit,
cust_0348,2026-03-09,visit,
cust_0378,2026-03-09,purchase,35.07
cust_0380,2026-03-09,visit,
cust_0388,2026-03-09,visit,
cust_0401,2026-03-09,visit,
cust_0421,2026-03-09,purchase,47.2
cust_0431,2026-03-09,visit,
cust_0436,2026-03-09,visit,
cust_0453,2026-03-09,purchase,32.46
cust_0457,2026-03-09,purchase,46.98
cust_0476,2026-03-09,purchase,36.2
cust_0498,2026-03-09,purchase,62.83
cust_0510,2026-03-09,visit,
cust_0515,2026-03-09,visit,
cust_0560,2026-03-09,purchase,33.4
cust_0562,2026-03-09,purchase,61.01
cust_0574,2026-03-09,purchase,70.49
cust_0578,2026-03-09,visit,
cust_0591,2026-03-09,visit,
cust_0595,2026-03-09,visit,
cust_0601,2026-03-09,visit,
cust_0604,2026-03-09,purchase,35.21
cust_0617,2026-03-09,visit,
cust_0623,2026-03-09,purchase,91.63
cust_0634,2026-03-09,purchase,72.14
cust_0640,2026-03-09,ticket,
cust_0657,2026-03-09,purchase,31.77
cust_0693,2026-03-09,purchase,43.15
cust_0697,2026-03-09,visit,
cust_0698,2026-03-09,visit,
cust_0701,2026-03-09,ticket,
cust_0705,2026-03-09,purchase,54.53
cust_0709,2026-03-09,purchase,37.75
cust_0725,2026-03-09,purchase,38.5
cust_0740,2026-03-09,purchase,46.31
cust_0755,2026-03-09,visit,
cust_0759,2026-03-09,visit,
cust_0768,2026-03-09,visit,
cust_0779,2026-03-09,visit,
cust_0789,2026-03-09,visit,
cust_0017,2026-03-10,visit,
cust_0019,2026-03-10,visit,
cust_0027,2026-03-10,ticket,
cust_0033,2026-03-10,purchase,21.15
cust_0045,2026-03-10,visit,
cust_0051,2026-03-10,purchase,42.06
cust_0057,2026-03-10,visit,
cust_0072,2026-03-10,visit,
cust_0073,2026-03-10,visit,
cust_0074,2026-03-10,visit,
cust_0084,2026-03-10,visit,
cust_0093,2026-03-10,purchase,60.16
cust_0093,2026-03-10,refund,60.16
cust_0105,2026-03-10,visit,
cust_0109,2026-03-10,purchase,26.42
cust_0113,2026-03-10,purchase,53.55
cust_0132,2026-03-10,visit,
cust_0135,2026-03-10,visit,
cust_0137,2026-03-10,visit,
cust_0143,2026-03-10,visit,
cust_0161,2026-03-10,purchase,48.77
cust_0173,2026-03-10,visit,
cust_0191,2026-03-10,purchase,15.12
cust_0195,2026-03-10,visit,
cust_0197,2026-03-10,visit,
cust_0210,2026-03-10,visit,
cust_0238,2026-03-10,visit,
cust_0257,2026-03-10,purchase,41.78
cust_0263,2026-03-10,visit,
cust_0276,2026-03-10,visit,
cust_0290,2026-03-10,visit,
cust_0300,2026-03-10,visit,
cust_0306,2026-03-10,visit,
cust_0310,2026-03-10,ticket,
cust_0315,2026-03-10,visit,
cust_0320,2026-03-10,purchase,22.74
cust_0321,2026-03-10,purchase,29.54
cust_0348,2026-03-10,purchase,63.66
cust_0349,2026-03-10,visit,
cust_0372,2026-03-10,ticket,
cust_0373,2026-03-10,purchase,57.5
cust_0378,2026-03-10,purchase,7.89
cust_0383,2026-03-10,visit,
cust_0387,2026-03-10,visit,
cust_0398,2026-03-10,purchase,48.91
cust_0407,2026-03-10,purchase,39.6
cust_0423,2026-03-10,purchase,28.12
cust_0445,2026-03-10,purchase,20.08
cust_0457,2026-03-10,visit,
cust_0458,2026-03-10,visit,
cust_0464,2026-03-10,visit,
cust_0473,2026-03-10,ticket,
cust_0479,2026-03-10,visit,
cust_0494,2026-03-10,visit,
cust_0518,2026-03-10,visit,
cust_0526,2026-03-10,purchase,17.8
cust_0531,2026-03-10,visit,
cust_0532,2026-03-10,visit,
cust_0545,2026-03-10,purchase,40.31
cust_0546,2026-03-10,visit,
cust_0563,2026-03-10,purchase,12.69
cust_0578,2026-03-10,visit,
cust_0608,2026-03-10,visit,
cust_0615,2026-03-10,purchase,34.51
cust_0617,2026-03-10,purchase,32.17
cust_0618,2026-03-10,ticket,
cust_0620,2026-03-10,visit,
cust_0643,2026-03-10,purchase,25.77
cust_0645,2026-03-10,purchase,30.61
cust_0648,2026-03-10,purchase,40.77
cust_0664,2026-03-10,visit,
cust_0682,2026-03-10,visit,
cust_0696,2026-03-10,purchase,47.88
cust_0705,2026-03-10,purchase,25.58
cust_0709,2026-03-10,visit,
cust_0730,2026-03-10,ticket,
cust_0732,2026-03-10,visit,
cust_0739,2026-03-10,visit,
cust_0742,2026-03-10,purchase,15.46
cust_0750,2026-03-10,visit,
cust_0752,2026-03-10,ticket,
cust_0776,2026-03-10,purchase,36.17
cust_0785,2026-03-10,ticket,
cust_0798,2026-03-10,purchase,24.33
cust_0003,2026-03-11,purchase,62.72
cust_0005,2026-03-11,visit,
cust_0056,2026-03-11,visit,
cust_0070,2026-03-11,purchase,15.63
cust_0111,2026-03-11,visit,
cust_0118,2026-03-11,visit,
cust_0129,2026-03-11,visit,
cust_0143,2026-03-11,visit,
cust_0148,2026-03-11,visit,
cust_0164,2026-03-11,visit,
cust_0178,2026-03-11,visit,
cust_0185,2026-03-11,visit,
cust_0202,2026-03-11,purchase,32.82
cust_0206,2026-03-11,purchase,41.78
cust_0212,2026-03-11,visit,
cust_0215,2026-03-11,purchase,32.66
cust_0218,2026-03-11,visit,
cust_0222,2026-03-11,purchase,106.83
cust_0229,2026-03-11,visit,
cust_0231,2026-03-11,visit,
cust_0247,2026-03-11,visit,
cust_0253,2026-03-11,visit,
cust_0263,2026-03-11,purchase,42.2
cust_0290,2026-03-11,ticket,
cust_0296,2026-03-11,visit,
cust_0324,2026-03-11,purchase,15.21
cust_0330,2026-03-11,visit,
cust_0341,2026-03-11,purchase,28.15
cust_0348,2026-03-11,visit,
cust_0360,2026-03-11,visit,
cust_0364,2026-03-11,visit,
cust_0370,2026-03-11,visit,
cust_0378,2026-03-11,visit,
cust_0394,2026-03-11,visit,
cust_0399,2026-03-11,visit,
cust_0458,2026-03-11,purchase,32.75
cust_0469,2026-03-11,visit,
cust_0504,2026-03-11,visit,
cust_0507,2026-03-11,purchase,36.67
cust_0508,2026-03-11,purchase,66.71
cust_0522,2026-03-11,purchase,29.36
cust_0523,2026-03-11,purchase,46.32
cust_0530,2026-03-11,visit,
cust_0547,2026-03-11,visit,
cust_0567,2026-03-11,visit,
cust_0569,2026-03-11,visit,
cust_0593,2026-03-11,purchase,26.47
cust_0593,2026-03-11,refund,26.47
cust_0595,2026-03-11,purchase,18.62
cust_0608,2026-03-11,purchase,25.19
cust_0627,2026-03-11,purchase,31.5
cust_0630,2026-03-11,visit,
cust_0639,2026-03-11,purchase,29.47
cust_0647,2026-03-11,visit,
cust_0651,2026-03-11,visit,
cust_0668,2026-03-11,visit,
cust_0679,2026-03-11,visit,
cust_0683,2026-03-11,visit,
cust_0709,2026-03-11,visit,
cust_0737,2026-03-11,visit,
cust_0740,2026-03-11,visit,
cust_0753,2026-03-11,purchase,25.35
cust_0757,2026-03-11,visit,
cust_0775,2026-03-11,purchase,64.27
cust_0778,2026-03-11,visit,
cust_0781,2026-03-11,purchase,31.79
cust_0788,2026-03-11,purchase,36.7
cust_0790,2026-03-11,purchase,30.59
cust_0790,2026-03-11,refund,30.59
cust_0791,2026-03-11,visit,
cust_0792,2026-03-11,visit,
cust_0798,2026-03-11,visit,
cust_0004,2026-03-12,purchase,25.93
cust_0011,2026-03-12,purchase,27.26
cust_0019,2026-03-12,visit,
cust_0026,2026-03-12,visit,
cust_0034,2026-03-12,visit,
cust_0036,2026-03-12,visit,
cust_0049,2026-03-12,visit,
cust_0051,2026-03-12,visit,
cust_0086,2026-03-12,purchase,22.85
cust_0092,2026-03-12,purchase,60.65
cust_0101,2026-03-12,visit,
cust_0149,2026-03-12,visit,
cust_0156,2026-03-12,purchase,129.99
cust_0162,2026-03-12,purchase,23.79
cust_0167,2026-03-12,purchase,39.58
cust_0185,2026-03-12,visit,
cust_0207,2026-03-12,purchase,23.07
cust_0211,2026-03-12,visit,
cust_0216,2026-03-12,visit,
cust_0230,2026-03-12,visit,
cust_0234,2026-03-12,visit,
cust_0242,2026-03-12,visit,
cust_0259,2026-03-12,purchase,29.83
cust_0270,2026-03-12,purchase,29.93
cust_0273,2026-03-12,purchase,29.47
cust_0274,2026-03-12,visit,
cust_0278,2026-03-12,visit,
cust_0295,2026-03-12,visit,
cust_0310,2026-03-12,visit,
cust_0319,2026-03-12,visit,
cust_0331,2026-03-12,visit,
cust_0339,2026-03-12,visit,
cust_0356,2026-03-12,visit,
cust_0388,2026-03-12,purchase,38.47
cust_0392,2026-03-12,visit,
cust_0404,2026-03-12,purchase,46.25
cust_0418,2026-03-12,visit,
cust_0422,2026-03-12,visit,
cust_0423,2026-03-12,visit,
cust_0448,2026-03-12,visit,
cust_0468,2026-03-12,visit,
cust_0470,2026-03-12,visit,
cust_0475,2026-03-12,visit,
cust_0479,2026-03-12,visit,
cust_0483,2026-03-12,purchase,36.4
cust_0498,2026-03-12,visit,
cust_0517,2026-03-12,purchase,70.49
cust_0525,2026-03-12,purchase,102.64
cust_0539,2026-03-12,visit,
cust_0557,2026-03-12,visit,
cust_0567,2026-03-12,visit,
cust_0597,2026-03-12,visit,
cust_0602,2026-03-12,visit,
cust_0606,2026-03-12,visit,
cust_0608,2026-03-12,visit,
cust_0618,2026-03-12,purchase,29.12
cust_0657,2026-03-12,visit,
cust_0663,2026-03-12,visit,
cust_0667,2026-03-12,visit,
cust_0668,2026-03-12,visit,
cust_0685,2026-03-12,purchase,59.52
cust_0688,2026-03-12,visit,
cust_0701,2026-03-12,purchase,25.68
cust_0709,2026-03-12,purchase,28.82
cust_0726,2026-03-12,visit,
cust_0734,2026-03-12,purchase,37.08
cust_0744,2026-03-12,visit,
cust_0765,2026-03-12,visit,
cust_0766,2026-03-12,visit,
cust_0773,2026-03-12,visit,
cust_0785,2026-03-12,purchase,22.2
cust_0036,2026-03-13,visit,
cust_0039,2026-03-13,purchase,40.12
cust_0046,2026-03-13,visit,
cust_0047,2026-03-13,purchase,27.6
cust_0049,2026-03-13,visit,
cust_0050,2026-03-13,visit,
cust_0066,2026-03-13,purchase,51.18
cust_0073,2026-03-13,purchase,58.33
cust_0084,2026-03-13,purchase,27.62
cust_0085,2026-03-13,purchase,29.01
cust_0098,2026-03-13,visit,
cust_0107,2026-03-13,purchase,12.43
cust_0111,2026-03-13,purchase,22.48
cust_0114,2026-03-13,visit,
cust_0129,2026-03-13,purchase,37.37
cust_0137,2026-03-13,purchase,17.21
cust_0144,2026-03-13,visit,
cust_0147,2026-03-13,purchase,24.45
cust_0155,2026-03-13,visit,
cust_0174,2026-03-13,purchase,19.09
cust_0181,2026-03-13,visit,
cust_0182,2026-03-13,purchase,48.96
cust_0194,2026-03-13,purchase,21.71
cust_0196,2026-03-13,purchase,44.26
cust_0218,2026-03-13,visit,
cust_0234,2026-03-13,ticket,
cust_0249,2026-03-13,purchase,34.5
cust_0257,2026-03-13,visit,
cust_0258,2026-03-13,purchase,36.64
cust_0272,2026-03-13,purchase,21.45
cust_0273,2026-03-13,visit,
cust_0275,2026-03-13,visit,
cust_0286,2026-03-13,purchase,46.48
cust_0288,2026-03-13,visit,
cust_0289,2026-03-13,visit,
cust_0315,2026-03-13,visit,
cust_0319,2026-03-13,purchase,78.08
cust_0344,2026-03-13,visit,
cust_0354,2026-03-13,visit,
cust_0361,2026-03-13,visit,
cust_0363,2026-03-13,visit,
cust_0380,2026-03-13,visit,
cust_0384,2026-03-13,purchase,25.48
cust_0397,2026-03-13,visit,
cust_0398,2026-03-13,visit,
cust_0401,2026-03-13,visit,
cust_0405,2026-03-13,visit,
cust_0409,2026-03-13,purchase,52.87
cust_0412,2026-03-13,purchase,14.43
cust_0413,2026-03-13,visit,
cust_0454,2026-03-13,purchase,24.1
cust_0475,2026-03-13,visit,
cust_0481,2026-03-13,visit,
cust_0499,2026-03-13,visit,
cust_0525,2026-03-13,visit,
cust_0548,2026-03-13,visit,
cust_0574,2026-03-13,visit,
cust_0587,2026-03-13,purchase,22.43
cust_0589,2026-03-13,visit,
cust_0591,2026-03-13,purchase,22.21
cust_0594,2026-03-13,purchase,19.15
cust_0602,2026-03-13,visit,
cust_0605,2026-03-13,visit,
cust_0606,2026-03-13,purchase,20.23
cust_0614,2026-03-13,visit,
cust_0620,2026-03-13,visit,
cust_0648,2026-03-13,ticket,
cust_0654,2026-03-13,purchase,27.17
cust_0668,2026-03-13,purchase,43.87
cust_0668,2026-03-13,refund,43.87
cust_0674,2026-03-13,visit,
cust_0682,2026-03-13,visit,
cust_0687,2026-03-13,visit,
cust_0688,2026-03-13,visit,
cust_0692,2026-03-13,visit,
cust_0705,2026-03-13,purchase,24.31
cust_0733,2026-03-13,visit,
cust_0752,2026-03-13,visit,
cust_0760,2026-03-13,visit,
cust_0762,2026-03-13,visit,
cust_0769,2026-03-13,visit,
cust_0783,2026-03-13,purchase,25.86
cust_0795,2026-03-13,visit,
cust_0002,2026-03-14,purchase,39.07
cust_0025,2026-03-14,visit,
cust_0050,2026-03-14,visit,
cust_0074,2026-03-14,visit,
cust_0098,2026-03-14,purchase,31.64
cust_0098,2026-03-14,refund,31.64
cust_0106,2026-03-14,purchase,32.58
cust_0115,2026-03-14,purchase,40.73
cust_0118,2026-03-14,visit,
cust_0142,2026-03-14,ticket,
cust_0143,2026-03-14,purchase,28.72
cust_0144,2026-03-14,visit,
cust_0150,2026-03-14,purchase,36.89
cust_0158,2026-03-14,visit,
cust_0163,2026-03-14,purchase,37.31
cust_0166,2026-03-14,visit,
cust_0167,2026-03-14,visit,
cust_0173,2026-03-14,visit,
cust_0180,2026-03-14,purchase,38.3
cust_0185,2026-03-14,visit,
cust_0192,2026-03-14,visit,
cust_0211,2026-03-14,visit,
cust_0221,2026-03-14,visit,
cust_0226,2026-03-14,visit,
cust_0244,2026-03-14,visit,
cust_0248,2026-03-14,visit,
cust_0249,2026-03-14,visit,
cust_0253,2026-03-14,visit,
cust_0267,2026-03-14,visit,
cust_0295,2026-03-14,purchase,61.36
cust_0307,2026-03-14,purchase,30.44
cust_0366,2026-03-14,purchase,25.05
cust_0381,2026-03-14,visit,
cust_0387,2026-03-14,visit,
cust_0433,2026-03-14,purchase,14.52
cust_0434,2026-03-14,visit,
cust_0446,2026-03-14,visit,
cust_0456,2026-03-14,purchase,42.03
cust_0458,2026-03-14,purchase,49.36
cust_0460,2026-03-14,purchase,46.32
cust_0484,2026-03-14,purchase,53.58
cust_0519,2026-03-14,purchase,22.43
cust_0526,2026-03-14,visit,
cust_0531,2026-03-14,visit,
cust_0538,2026-03-14,visit,
cust_0546,2026-03-14,visit,
cust_0606,2026-03-14,visit,
cust_0608,2026-03-14,visit,
cust_0630,2026-03-14,visit,
cust_0646,2026-03-14,visit,
cust_0652,2026-03-14,visit,
cust_0654,2026-03-14,visit,
cust_0665,2026-03-14,visit,
cust_0666,2026-03-14,visit,
cust_0688,2026-03-14,visit,
cust_0701,2026-03-14,purchase,71.29
cust_0713,2026-03-14,visit,
cust_0728,2026-03-14,visit,
cust_0749,2026-03-14,visit,
cust_0750,2026-03-14,purchase,33.39
cust_0757,2026-03-14,visit,
cust_0780,2026-03-14,purchase,38.22
cust_0787,2026-03-14,ticket,
cust_0791,2026-03-14,visit,
cust_0794,2026-03-14,visit,
cust_0003,2026-03-15,visit,
cust_0016,2026-03-15,purchase,20.15
cust_0018,2026-03-15,visit,
cust_0023,2026-03-15,visit,
cust_0032,2026-03-15,purchase,23.59
cust_0033,2026-03-15,visit,
cust_0048,2026-03-15,visit,
cust_0067,2026-03-15,ticket,
cust_0068,2026-03-15,ticket,
cust_0074,2026-03-15,purchase,43.53
cust_0078,2026-03-15,purchase,27.42
cust_0088,2026-03-15,purchase,22.98
cust_0102,2026-03-15,visit,
cust_0104,2026-03-15,purchase,38.41
cust_0104,2026-03-15,refund,38.41
cust_0121,2026-03-15,visit,
cust_0127,2026-03-15,visit,
cust_0137,2026-03-15,visit,
cust_0148,2026-03-15,visit,
cust_0150,2026-03-15,purchase,39.04
cust_0170,2026-03-15,visit,
cust_0174,2026-03-15,purchase,58.4
cust_0180,2026-03-15,purchase,20.61
cust_0185,2026-03-15,purchase,57.04
cust_0186,2026-03-15,visit,
cust_0192,2026-03-15,visit,
cust_0226,2026-03-15,visit,
cust_0267,2026-03-15,purchase,35.99
cust_0275,2026-03-15,visit,
cust_0295,2026-03-15,visit,
cust_0298,2026-03-15,visit,
cust_0302,2026-03-15,visit,
cust_0303,2026-03-15,purchase,67.69
cust_0319,2026-03-15,purchase,68.24
cust_0329,2026-03-15,visit,
cust_0359,2026-03-15,visit,
cust_0360,2026-03-15,visit,
cust_0378,2026-03-15,visit,
cust_0380,2026-03-15,visit,
cust_0387,2026-03-15,visit,
cust_0400,2026-03-15,visit,
cust_0406,2026-03-15,purchase,51.35
cust_0411,2026-03-15,purchase,46.8
cust_0412,2026-03-15,purchase,43.17
cust_0424,2026-03-15,purchase,35.22
cust_0428,2026-03-15,purchase,23.54
cust_0450,2026-03-15,purchase,83.34
cust_0456,2026-03-15,visit,
cust_0464,2026-03-15,visit,
cust_0467,2026-03-15,visit,
cust_0478,2026-03-15,visit,
cust_0498,2026-03-15,visit,
cust_0500,2026-03-15,visit,
cust_0521,2026-03-15,visit,
cust_0535,2026-03-15,visit,
cust_0536,2026-03-15,visit,
cust_0543,2026-03-15,purchase,41.55
cust_0549,2026-03-15,ticket,
cust_0550,2026-03-15,purchase,26.08
cust_0571,2026-03-15,visit,
cust_0591,2026-03-15,purchase,27.51
cust_0613,2026-03-15,visit,
cust_0624,2026-03-15,purchase,36.06
cust_0624,2026-03-15,refund,36.06
cust_0635,2026-03-15,visit,
cust_0643,2026-03-15,purchase,72.2
cust_0678,2026-03-15,visit,
cust_0689,2026-03-15,visit,
cust_0695,2026-03-15,visit,
cust_0698,2026-03-15,visit,
cust_0702,2026-03-15,visit,
cust_0707,2026-03-15,ticket,
cust_0709,2026-03-15,purchase,63.77
cust_0709,2026-03-15,refund,63.77
cust_0711,2026-03-15,visit,
cust_0722,2026-03-15,visit,
cust_0739,2026-03-15,visit,
cust_0748,2026-03-15,purchase,58.47
cust_0750,2026-03-15,purchase,37.19
cust_0756,2026-03-15,purchase,20.22
cust_0770,2026-03-15,visit,
cust_0772,2026-03-15,ticket,
cust_0774,2026-03-15,purchase,30.0
cust_0775,2026-03-15,purchase,44.38
cust_0778,2026-03-15,purchase,46.63
cust_0785,2026-03-15,purchase,62.94
cust_0789,2026-03-15,purchase,61.5
cust_0794,2026-03-15,ticket,
cust_0004,2026-03-16,visit,
cust_0021,2026-03-16,visit,
cust_0028,2026-03-16,visit,
cust_0044,2026-03-16,purchase,28.54
cust_0049,2026-03-16,purchase,40.88
cust_0049,2026-03-16,refund,40.88
cust_0091,2026-03-16,purchase,25.85
cust_0092,2026-03-16,purchase,19.51
cust_0093,2026-03-16,purchase,21.31
cust_0125,2026-03-16,visit,
cust_0150,2026-03-16,visit,
cust_0161,2026-03-16,visit,
cust_0163,2026-03-16,purchase,32.49
cust_0171,2026-03-16,visit,
cust_0184,2026-03-16,purchase,28.98
cust_0186,2026-03-16,purchase,38.08
cust_0196,2026-03-16,visit,
cust_0199,2026-03-16,purchase,24.66
cust_0207,2026-03-16,ticket,
cust_0208,2026-03-16,visit,
cust_0231,2026-03-16,visit,
cust_0241,2026-03-16,purchase,72.0
cust_0244,2026-03-16,visit,
cust_0253,2026-03-16,purchase,38.12
cust_0257,2026-03-16,visit,
cust_0273,2026-03-16,visit,
cust_0279,2026-03-16,purchase,26.02
cust_0279,2026-03-16,refund,26.02
cust_0288,2026-03-16,purchase,42.46
cust_0316,2026-03-16,visit,
cust_0317,2026-03-16,visit,
cust_0322,2026-03-16,purchase,15.36
cust_0324,2026-03-16,visit,
cust_0337,2026-03-16,purchase,34.83
cust_0376,2026-03-16,purchase,37.53
cust_0382,2026-03-16,visit,
cust_0385,2026-03-16,visit,
cust_0389,2026-03-16,visit,
cust_0399,2026-03-16,purchase,41.63
cust_0440,2026-03-16,visit,
cust_0445,2026-03-16,visit,
cust_0446,2026-03-16,visit,
cust_0449,2026-03-16,visit,
cust_0461,2026-03-16,visit,
cust_0476,2026-03-16,visit,
cust_0481,2026-03-16,visit,
cust_0499,2026-03-16,visit,
cust_0504,2026-03-16,visit,
cust_0522,2026-03-16,purchase,47.14
cust_0543,2026-03-16,purchase,32.48
cust_0546,2026-03-16,visit,
cust_0565,2026-03-16,visit,
cust_0575,2026-03-16,visit,
cust_0614,2026-03-16,visit,
cust_0635,2026-03-16,visit,
cust_0647,2026-03-16,purchase,28.86
cust_0663,2026-03-16,visit,
cust_0668,2026-03-16,visit,
cust_0673,2026-03-16,visit,
cust_0675,2026-03-16,purchase,38.01
cust_0688,2026-03-16,visit,
cust_0690,2026-03-16,visit,
cust_0691,2026-03-16,visit,
cust_0692,2026-03-16,visit,
cust_0702,2026-03-16,purchase,65.02
cust_0730,2026-03-16,visit,
cust_0748,2026-03-16,purchase,32.03
cust_0752,2026-03-16,ticket,
cust_0763,2026-03-16,visit,
cust_0778,2026-03-16,purchase,20.59
cust_0780,2026-03-16,visit,
cust_0795,2026-03-16,purchase,51.38
cust_0010,2026-03-17,visit,
cust_0026,2026-03-17,visit,
cust_0027,2026-03-17,visit,
cust_0063,2026-03-17,visit,
cust_0069,2026-03-17,visit,
cust_0070,2026-03-17,visit,
cust_0073,2026-03-17,visit,
cust_0097,2026-03-17,ticket,
cust_0103,2026-03-17,purchase,74.82
cust_0107,2026-03-17,visit,
cust_0145,2026-03-17,visit,
cust_0163,2026-03-17,purchase,47.82
cust_0210,2026-03-17,purchase,21.78
cust_0227,2026-03-17,visit,
cust_0231,2026-03-17,visit,
cust_0262,2026-03-17,visit,
cust_0267,2026-03-17,visit,
cust_0268,2026-03-17,visit,
cust_0274,2026-03-17,purchase,34.3
cust_0275,2026-03-17,visit,
cust_0277,2026-03-17,ticket,
cust_0282,2026-03-17,purchase,47.59
cust_0292,2026-03-17,purchase,15.43
cust_0301,2026-03-17,visit,
cust_0310,2026-03-17,visit,
cust_0311,2026-03-17,visit,
cust_0322,2026-03-17,visit,
cust_0340,2026-03-17,visit,
cust_0348,2026-03-17,visit,
cust_0381,2026-03-17,visit,
cust_0390,2026-03-17,visit,
cust_0432,2026-03-17,purchase,40.79
cust_0441,2026-03-17,visit,
cust_0462,2026-03-17,visit,
cust_0497,2026-03-17,visit,
cust_0508,2026-03-17,visit,
cust_0509,2026-03-17,visit,
cust_0514,2026-03-17,visit,
cust_0516,2026-03-17,purchase,30.66
cust_0523,2026-03-17,visit,
cust_0545,2026-03-17,ticket,
cust_0548,2026-03-17,visit,
cust_0550,2026-03-17,visit,
cust_0554,2026-03-17,purchase,114.14
cust_0567,2026-03-17,visit,
cust_0568,2026-03-17,visit,
cust_0580,2026-03-17,visit,
cust_0584,2026-03-17,purchase,21.54
cust_0601,2026-03-17,purchase,20.59
cust_0608,2026-03-17,visit,
cust_0621,2026-03-17,visit,
cust_0630,2026-03-17,purchase,34.3
cust_0633,2026-03-17,purchase,17.3
cust_0646,2026-03-17,visit,
cust_0653,2026-03-17,visit,
cust_0659,2026-03-17,visit,
cust_0663,2026-03-17,visit,
cust_0670,2026-03-17,visit,
cust_0686,2026-03-17,purchase,60.4
cust_0688,2026-03-17,purchase,23.99
cust_0694,2026-03-17,visit,
cust_0698,2026-03-17,ticket,
cust_0703,2026-03-17,visit,
cust_0711,2026-03-17,purchase,40.68
cust_0714,2026-03-17,visit,
cust_0735,2026-03-17,visit,
cust_0741,2026-03-17,purchase,42.24
cust_0753,2026-03-17,purchase,78.35
cust_0753,2026-03-17,refund,78.35
cust_0755,2026-03-17,visit,
cust_0774,2026-03-17,purchase,34.83
cust_0776,2026-03-17,purchase,22.88
cust_0783,2026-03-17,purchase,63.61
cust_0795,2026-03-17,purchase,36.78
cust_0002,2026-03-18,ticket,
cust_0011,2026-03-18,visit,
cust_0013,2026-03-18,purchase,46.07
cust_0036,2026-03-18,ticket,
cust_0073,2026-03-18,purchase,47.18
cust_0087,2026-03-18,visit,
cust_0103,2026-03-18,visit,
cust_0105,2026-03-18,purchase,36.41
cust_0105,2026-03-18,refund,36.41
cust_0124,2026-03-18,visit,
cust_0136,2026-03-18,purchase,77.16
cust_0140,2026-03-18,visit,
cust_0146,2026-03-18,visit,
cust_0155,2026-03-18,visit,
cust_0158,2026-03-18,purchase,38.55
cust_0163,2026-03-18,visit,
cust_0170,2026-03-18,purchase,44.87
cust_0171,2026-03-18,ticket,
cust_0173,2026-03-18,visit,
cust_0178,2026-03-18,purchase,54.85
cust_0185,2026-03-18,visit,
cust_0191,2026-03-18,purchase,69.33
cust_0194,2026-03-18,visit,
cust_0239,2026-03-18,visit,
cust_0273,2026-03-18,visit,
cust_0289,2026-03-18,visit,
cust_0297,2026-03-18,purchase,65.67
cust_0311,2026-03-18,visit,
cust_0317,2026-03-18,ticket,
cust_0327,2026-03-18,visit,
cust_0329,2026-03-18,visit,
cust_0339,2026-03-18,visit,
cust_0383,2026-03-18,visit,
cust_0386,2026-03-18,ticket,
cust_0393,2026-03-18,purchase,26.01
cust_0394,2026-03-18,visit,
cust_0395,2026-03-18,purchase,23.04
cust_0402,2026-03-18,purchase,19.53
cust_0402,2026-03-18,refund,19.53
cust_0417,2026-03-18,visit,
cust_0423,2026-03-18,visit,
cust_0430,2026-03-18,ticket,
cust_0434,2026-03-18,visit,
cust_0477,2026-03-18,visit,
cust_0481,2026-03-18,purchase,33.26
cust_0484,2026-03-18,visit,
cust_0496,2026-03-18,visit,
cust_0499,2026-03-18,ticket,
cust_0510,2026-03-18,purchase,49.07
cust_0519,2026-03-18,visit,
cust_0523,2026-03-18,purchase,15.21
cust_0526,2026-03-18,ticket,
cust_0532,2026-03-18,visit,
cust_0534,2026-03-18,ticket,
cust_0541,2026-03-18,purchase,45.66
cust_0552,2026-03-18,visit,
cust_0559,2026-03-18,visit,
cust_0606,2026-03-18,visit,
cust_0626,2026-03-18,visit,
cust_0650,2026-03-18,ticket,
cust_0673,2026-03-18,purchase,78.28
cust_0689,2026-03-18,purchase,22.13
cust_0714,2026-03-18,purchase,60.76
cust_0720,2026-03-18,visit,
cust_0721,2026-03-18,visit,
cust_0723,2026-03-18,purchase,14.88
cust_0740,2026-03-18,purchase,25.65
cust_0743,2026-03-18,visit,
cust_0749,2026-03-18,visit,
cust_0751,2026-03-18,purchase,46.93
cust_0753,2026-03-18,visit,
cust_0763,2026-03-18,visit,
cust_0772,2026-03-18,visit,
cust_0783,2026-03-18,purchase,71.96
cust_0786,2026-03-18,purchase,31.06
cust_0792,2026-03-18,purchase,84.29
cust_0795,2026-03-18,visit,
cust_0004,2026-03-19,visit,
cust_0025,2026-03-19,visit,
cust_0047,2026-03-19,purchase,24.79
cust_0049,2026-03-19,purchase,33.45
cust_0067,2026-03-19,purchase,20.12
cust_0081,2026-03-19,purchase,74.03
cust_0088,2026-03-19,visit,
cust_0092,2026-03-19,purchase,25.5
cust_0093,2026-03-19,purchase,47.95
cust_0093,2026-03-19,refund,47.95
cust_0117,2026-03-19,visit,
cust_0135,2026-03-19,visit,
cust_0172,2026-03-19,purchase,50.46
cust_0186,2026-03-19,visit,
cust_0194,2026-03-19,purchase,71.22
cust_0197,2026-03-19,purchase,101.39
cust_0221,2026-03-19,visit,
cust_0240,2026-03-19,visit,
cust_0251,2026-03-19,purchase,48.16
cust_0261,2026-03-19,ticket,
cust_0268,2026-03-19,visit,
cust_0276,2026-03-19,visit,
cust_0289,2026-03-19,visit,
cust_0304,2026-03-19,ticket,
cust_0308,2026-03-19,visit,
cust_0319,2026-03-19,visit,
cust_0324,2026-03-19,purchase,61.28
cust_0327,2026-03-19,visit,
cust_0349,2026-03-19,purchase,15.66
cust_0350,2026-03-19,visit,
cust_0358,2026-03-19,purchase,52.36
cust_0388,2026-03-19,visit,
cust_0393,2026-03-19,visit,
cust_0409,2026-03-19,visit,
cust_0424,2026-03-19,visit,
cust_0431,2026-03-19,visit,
cust_0434,2026-03-19,purchase,26.53
cust_0444,2026-03-19,visit,
cust_0474,2026-03-19,purchase,31.32
cust_0496,2026-03-19,visit,
cust_0497,2026-03-19,visit,
cust_0506,2026-03-19,visit,
cust_0508,2026-03-19,visit,
cust_0514,2026-03-19,purchase,15.33
cust_0517,2026-03-19,visit,
cust_0526,2026-03-19,visit,
cust_0534,2026-03-19,purchase,51.84
cust_0538,2026-03-19,visit,
cust_0539,2026-03-19,visit,
cust_0559,2026-03-19,visit,
cust_0569,2026-03-19,visit,
cust_0580,2026-03-19,visit,
cust_0585,2026-03-19,purchase,42.35
cust_0603,2026-03-19,ticket,
cust_0605,2026-03-19,visit,
cust_0615,2026-03-19,visit,
cust_0632,2026-03-19,ticket,
cust_0634,2026-03-19,visit,
cust_0669,2026-03-19,purchase,53.72
cust_0677,2026-03-19,visit,
cust_0697,2026-03-19,purchase,45.21
cust_0711,2026-03-19,purchase,27.36
cust_0714,2026-03-19,visit,
cust_0715,2026-03-19,visit,
cust_0742,2026-03-19,purchase,50.25
cust_0742,2026-03-19,refund,50.25
cust_0747,2026-03-19,purchase,69.45
cust_0766,2026-03-19,visit,
cust_0773,2026-03-19,visit,
cust_0779,2026-03-19,purchase,23.27
cust_0784,2026-03-19,visit,
cust_0005,2026-03-20,purchase,88.52
cust_0020,2026-03-20,visit,
cust_0033,2026-03-20,visit,
cust_0036,2026-03-20,purchase,44.22
cust_0071,2026-03-20,visit,
cust_0078,2026-03-20,visit,
cust_0079,2026-03-20,visit,
cust_0100,2026-03-20,visit,
cust_0117,2026-03-20,visit,
cust_0138,2026-03-20,visit,
cust_0139,2026-03-20,visit,
cust_0145,2026-03-20,ticket,
cust_0153,2026-03-20,purchase,23.15
cust_0156,2026-03-20,visit,
cust_0168,2026-03-20,visit,
cust_0181,2026-03-20,visit,
cust_0182,2026-03-20,visit,
cust_0185,2026-03-20,ticket,
cust_0218,2026-03-20,visit,
cust_0231,2026-03-20,visit,
cust_0240,2026-03-20,visit,
cust_0275,2026-03-20,visit,
cust_0277,2026-03-20,visit,
cust_0299,2026-03-20,purchase,23.81
cust_0305,2026-03-20,ticket,
cust_0317,2026-03-20,purchase,32.66
cust_0319,2026-03-20,visit,
cust_0321,2026-03-20,visit,
cust_0365,2026-03-20,purchase,77.01
cust_0398,2026-03-20,purchase,17.27
cust_0399,2026-03-20,visit,
cust_0401,2026-03-20,visit,
cust_0402,2026-03-20,visit,
cust_0409,2026-03-20,visit,
cust_0422,2026-03-20,purchase,41.74
cust_0427,2026-03-20,visit,
cust_0428,2026-03-20,purchase,25.11
cust_0428,2026-03-20,refund,25.11
cust_0442,2026-03-20,visit,
cust_0461,2026-03-20,visit,
cust_0470,2026-03-20,purchase,30.93
cust_0479,2026-03-20,visit,
cust_0497,2026-03-20,visit,
cust_0507,2026-03-20,visit,
cust_0509,2026-03-20,purchase,73.68
cust_0521,2026-03-20,visit,
cust_0523,2026-03-20,visit,
cust_0540,2026-03-20,purchase,53.21
cust_0543,2026-03-20,visit,
cust_0552,2026-03-20,visit,
cust_0568,2026-03-20,visit,
cust_0580,2026-03-20,purchase,63.58
cust_0583,2026-03-20,purchase,56.15
cust_0589,2026-03-20,purchase,111.02
cust_0597,2026-03-20,visit,
cust_0605,2026-03-20,purchase,60.05
cust_0634,2026-03-20,visit,
cust_0647,2026-03-20,visit,
cust_0649,2026-03-20,purchase,15.36
cust_0652,2026-03-20,purchase,65.88
cust_0655,2026-03-20,visit,
cust_0665,2026-03-20,visit,
cust_0674,2026-03-20,visit,
cust_0687,2026-03-20,visit,
cust_0689,2026-03-20,purchase,50.95
cust_0695,2026-03-20,visit,
cust_0710,2026-03-20,visit,
cust_0714,2026-03-20,visit,
cust_0722,2026-03-20,visit,
cust_0740,2026-03-20,visit,
cust_0741,2026-03-20,visit,
cust_0745,2026-03-20,ticket,
cust_0756,2026-03-20,visit,
cust_0760,2026-03-20,ticket,
cust_0762,2026-03-20,purchase,15.71
cust_0768,2026-03-20,purchase,40.66
cust_0780,2026-03-20,ticket,
cust_0786,2026-03-20,purchase,19.43
cust_0787,2026-03-20,purchase,42.36
cust_0795,2026-03-20,visit,
cust_0004,2026-03-21,visit,
cust_0005,2026-03-21,purchase,79.95
cust_0046,2026-03-21,purchase,48.34
cust_0051,2026-03-21,visit,
cust_0056,2026-03-21,visit,
cust_0068,2026-03-21,purchase,33.86
cust_0078,2026-03-21,purchase,41.85
cust_0091,2026-03-21,purchase,43.34
cust_0104,2026-03-21,purchase,30.43
cust_0113,2026-03-21,ticket,
cust_0120,2026-03-21,visit,
cust_0132,2026-03-21,visit,
cust_0139,2026-03-21,visit,
cust_0140,2026-03-21,visit,
cust_0141,2026-03-21,purchase,58.97
cust_0161,2026-03-21,visit,
cust_0162,2026-03-21,visit,
cust_0194,2026-03-21,purchase,23.78
cust_0209,2026-03-21,ticket,
cust_0228,2026-03-21,purchase,69.35
cust_0237,2026-03-21,ticket,
cust_0267,2026-03-21,visit,
cust_0294,2026-03-21,purchase,24.98
cust_0298,2026-03-21,visit,
cust_0302,2026-03-21,visit,
cust_0318,2026-03-21,visit,
cust_0330,2026-03-21,ticket,
cust_0338,2026-03-21,visit,
cust_0345,2026-03-21,visit,
cust_0372,2026-03-21,purchase,32.31
cust_0376,2026-03-21,visit,
cust_0389,2026-03-21,visit,
cust_0391,2026-03-21,visit,
cust_0395,2026-03-21,purchase,40.85
cust_0399,2026-03-21,purchase,65.07
cust_0401,2026-03-21,visit,
cust_0402,2026-03-21,visit,
cust_0414,2026-03-21,visit,
cust_0424,2026-03-21,visit,
cust_0431,2026-03-21,visit,
cust_0447,2026-03-21,visit,
cust_0450,2026-03-21,purchase,12.34
cust_0457,2026-03-21,visit,
cust_0459,2026-03-21,visit,
cust_0483,2026-03-21,visit,
cust_0497,2026-03-21,purchase,41.23
cust_0515,2026-03-21,visit,
cust_0526,2026-03-21,visit,
cust_0544,2026-03-21,purchase,35.68
cust_0559,2026-03-21,visit,
cust_0592,2026-03-21,visit,
cust_0607,2026-03-21,visit,
cust_0615,2026-03-21,visit,
cust_0643,2026-03-21,visit,
cust_0647,2026-03-21,purchase,47.19
cust_0647,2026-03-21,refund,47.19
cust_0667,2026-03-21,visit,
cust_0672,2026-03-21,purchase,24.15
cust_0672,2026-03-21,refund,24.15
cust_0678,2026-03-21,purchase,32.14
cust_0692,2026-03-21,visit,
cust_0757,2026-03-21,visit,
cust_0797,2026-03-21,ticket,
cust_0011,2026-03-22,visit,
cust_0027,2026-03-22,purchase,35.06
cust_0038,2026-03-22,purchase,24.48
cust_0055,2026-03-22,purchase,32.19
cust_0075,2026-03-22,visit,
cust_0076,2026-03-22,visit,
cust_0080,2026-03-22,visit,
cust_0082,2026-03-22,purchase,27.36
cust_0112,2026-03-22,visit,
cust_0115,2026-03-22,visit,
cust_0125,2026-03-22,visit,
cust_0139,2026-03-22,visit,
cust_0148,2026-03-22,visit,
cust_0168,2026-03-22,visit,
cust_0180,2026-03-22,visit,
cust_0191,2026-03-22,purchase,41.22
cust_0205,2026-03-22,purchase,15.68
cust_0223,2026-03-22,visit,
cust_0231,2026-03-22,visit,
cust_0249,2026-03-22,visit,
cust_0260,2026-03-22,purchase,29.73
cust_0264,2026-03-22,purchase,18.66
cust_0275,2026-03-22,ticket,
cust_0295,2026-03-22,purchase,41.6
cust_0303,2026-03-22,purchase,61.57
cust_0326,2026-03-22,visit,
cust_0339,2026-03-22,ticket,
cust_0343,2026-03-22,visit,
cust_0355,2026-03-22,visit,
cust_0358,2026-03-22,visit,
cust_0387,2026-03-22,purchase,31.93
cust_0388,2026-03-22,visit,
cust_0390,2026-03-22,purchase,40.77
cust_0420,2026-03-22,visit,
cust_0425,2026-03-22,visit,
cust_0429,2026-03-22,visit,
cust_0433,2026-03-22,visit,
cust_0437,2026-03-22,visit,
cust_0448,2026-03-22,visit,
cust_0449,2026-03-22,visit,
cust_0467,2026-03-22,visit,
cust_0479,2026-03-22,purchase,18.64
cust_0479,2026-03-22,refund,18.64
cust_0483,2026-03-22,visit,
cust_0484,2026-03-22,visit,
cust_0498,2026-03-22,purchase,54.8
cust_0503,2026-03-22,visit,
cust_0504,2026-03-22,visit,
cust_0516,2026-03-22,visit,
cust_0526,2026-03-22,visit,
cust_0529,2026-03-22,purchase,22.9
cust_0532,2026-03-22,purchase,32.98
cust_0537,2026-03-22,purchase,70.06
cust_0543,2026-03-22,visit,
cust_0555,2026-03-22,purchase,50.72
cust_0558,2026-03-22,visit,
cust_0567,2026-03-22,visit,
cust_0573,2026-03-22,purchase,27.39
cust_0612,2026-03-22,purchase,25.19
cust_0615,2026-03-22,purchase,67.67
cust_0632,2026-03-22,visit,
cust_0644,2026-03-22,purchase,26.19
cust_0648,2026-03-22,visit,
cust_0663,2026-03-22,visit,
cust_0682,2026-03-22,visit,
cust_0695,2026-03-22,visit,
cust_0714,2026-03-22,purchase,47.04
cust_0715,2026-03-22,visit,
cust_0721,2026-03-22,purchase,22.07
cust_0726,2026-03-22,purchase,33.58
cust_0728,2026-03-22,purchase,27.11
cust_0733,2026-03-22,visit,
cust_0734,2026-03-22,visit,
cust_0742,2026-03-22,visit,
cust_0748,2026-03-22,purchase,39.54
cust_0761,2026-03-22,ticket,
cust_0762,2026-03-22,purchase,35.88
cust_0778,2026-03-22,visit,
cust_0779,2026-03-22,visit,
cust_0783,2026-03-22,purchase,104.6
cust_0795,2026-03-22,visit,
cust_0012,2026-03-23,purchase,19.41
cust_0026,2026-03-23,visit,
cust_0034,2026-03-23,visit,
cust_0042,2026-03-23,visit,
cust_0052,2026-03-23,visit,
cust_0053,2026-03-23,visit,
cust_0057,2026-03-23,visit,
cust_0060,2026-03-23,visit,
cust_0071,2026-03-23,purchase,61.6
cust_0081,2026-03-23,visit,
cust_0096,2026-03-23,visit,
cust_0108,2026-03-23,visit,
cust_0116,2026-03-23,visit,
cust_0125,2026-03-23,visit,
cust_0148,2026-03-23,visit,
cust_0176,2026-03-23,visit,
cust_0178,2026-03-23,purchase,30.37
cust_0178,2026-03-23,refund,30.37
cust_0195,2026-03-23,visit,
cust_0227,2026-03-23,visit,
cust_0242,2026-03-23,purchase,61.23
cust_0243,2026-03-23,purchase,51.15
cust_0243,2026-03-23,refund,51.15
cust_0263,2026-03-23,visit,
cust_0268,2026-03-23,purchase,59.42
cust_0273,2026-03-23,purchase,52.02
cust_0274,2026-03-23,visit,
cust_0316,2026-03-23,visit,
cust_0329,2026-03-23,visit,
cust_0342,2026-03-23,visit,
cust_0355,2026-03-23,visit,
cust_0370,2026-03-23,visit,
cust_0376,2026-03-23,visit,
cust_0380,2026-03-23,visit,
cust_0384,2026-03-23,purchase,13.09
cust_0391,2026-03-23,visit,
cust_0395,2026-03-23,visit,
cust_0400,2026-03-23,visit,
cust_0402,2026-03-23,visit,
cust_0412,2026-03-23,visit,
cust_0413,2026-03-23,purchase,44.33
cust_0423,2026-03-23,visit,
cust_0428,2026-03-23,visit,
cust_0437,2026-03-23,visit,
cust_0440,2026-03-23,purchase,15.42
cust_0441,2026-03-23,purchase,40.83
cust_0449,2026-03-23,purchase,19.16
cust_0453,2026-03-23,purchase,55.49
cust_0479,2026-03-23,purchase,24.63
cust_0485,2026-03-23,purchase,69.7
cust_0492,2026-03-23,visit,
cust_0496,2026-03-23,visit,
cust_0504,2026-03-23,purchase,79.1
cust_0506,2026-03-23,purchase,24.43
cust_0510,2026-03-23,visit,
cust_0511,2026-03-23,purchase,53.55
cust_0518,2026-03-23,purchase,49.41
cust_0538,2026-03-23,purchase,93.69
cust_0565,2026-03-23,purchase,56.55
cust_0565,2026-03-23,refund,56.55
cust_0579,2026-03-23,visit,
cust_0581,2026-03-23,visit,
cust_0597,2026-03-23,purchase,14.53
cust_0606,2026-03-23,visit,
cust_0611,2026-03-23,visit,
cust_0612,2026-03-23,visit,
cust_0619,2026-03-23,visit,
cust_0643,2026-03-23,visit,
cust_0648,2026-03-23,ticket,
cust_0664,2026-03-23,purchase,39.61
cust_0664,2026-03-23,refund,39.61
cust_0697,2026-03-23,visit,
cust_0703,2026-03-23,purchase,33.7
cust_0703,2026-03-23,refund,33.7
cust_0705,2026-03-23,ticket,
cust_0719,2026-03-23,visit,
cust_0723,2026-03-23,purchase,105.74
cust_0747,2026-03-23,purchase,41.27
cust_0749,2026-03-23,ticket,
cust_0773,2026-03-23,visit,
cust_0782,2026-03-23,visit,
cust_0790,2026-03-23,visit,
cust_0799,2026-03-23,visit,
cust_0002,2026-03-24,ticket,
cust_0015,2026-03-24,visit,
cust_0053,2026-03-24,visit,
cust_0059,2026-03-24,purchase,80.22
cust_0065,2026-03-24,purchase,78.46
cust_0081,2026-03-24,purchase,25.04
cust_0085,2026-03-24,visit,
cust_0090,2026-03-24,visit,
cust_0092,2026-03-24,visit,
cust_0105,2026-03-24,ticket,
cust_0106,2026-03-24,visit,
cust_0114,2026-03-24,visit,
cust_0115,2026-03-24,visit,
cust_0134,2026-03-24,visit,
cust_0144,2026-03-24,ticket,
cust_0166,2026-03-24,purchase,42.88
cust_0193,2026-03-24,visit,
cust_0194,2026-03-24,purchase,19.55
cust_0215,2026-03-24,purchase,24.58
cust_0239,2026-03-24,purchase,29.45
cust_0252,2026-03-24,visit,
cust_0257,2026-03-24,visit,
cust_0261,2026-03-24,visit,
cust_0317,2026-03-24,purchase,31.88
cust_0320,2026-03-24,visit,
cust_0321,2026-03-24,visit,
cust_0335,2026-03-24,visit,
cust_0336,2026-03-24,purchase,64.97
cust_0401,2026-03-24,purchase,65.6
cust_0409,2026-03-24,visit,
cust_0412,2026-03-24,visit,
cust_0433,2026-03-24,visit,
cust_0446,2026-03-24,purchase,31.76
cust_0454,2026-03-24,ticket,
cust_0465,2026-03-24,visit,
cust_0469,2026-03-24,purchase,19.56
cust_0477,2026-03-24,visit,
cust_0495,2026-03-24,visit,
cust_0522,2026-03-24,visit,
cust_0528,2026-03-24,purchase,24.83
cust_0532,2026-03-24,purchase,40.95
cust_0532,2026-03-24,refund,40.95
cust_0541,2026-03-24,visit,
cust_0544,2026-03-24,visit,
cust_0545,2026-03-24,purchase,61.01
cust_0548,2026-03-24,visit,
cust_0553,2026-03-24,purchase,11.37
cust_0559,2026-03-24,visit,
cust_0560,2026-03-24,visit,
cust_0571,2026-03-24,purchase,59.69
cust_0574,2026-03-24,visit,
cust_0578,2026-03-24,purchase,80.16
cust_0613,2026-03-24,visit,
cust_0625,2026-03-24,ticket,
cust_0628,2026-03-24,purchase,32.29
cust_0628,2026-03-24,refund,32.29
cust_0629,2026-03-24,purchase,73.59
cust_0635,2026-03-24,purchase,11.2
cust_0636,2026-03-24,visit,
cust_0641,2026-03-24,visit,
cust_0655,2026-03-24,visit,
cust_0681,2026-03-24,purchase,32.82
cust_0708,2026-03-24,purchase,49.84
cust_0713,2026-03-24,visit,
cust_0719,2026-03-24,visit,
cust_0726,2026-03-24,purchase,88.45
cust_0744,2026-03-24,purchase,28.19
cust_0744,2026-03-24,refund,28.19
cust_0756,2026-03-24,visit,
cust_0759,2026-03-24,visit,
cust_0000,2026-03-25,visit,
cust_0017,2026-03-25,purchase,71.33
cust_0018,2026-03-25,visit,
cust_0026,2026-03-25,visit,
cust_0031,2026-03-25,visit,
cust_0068,2026-03-25,purchase,47.88
cust_0070,2026-03-25,visit,
cust_0074,2026-03-25,purchase,39.67
cust_0084,2026-03-25,purchase,25.12
cust_0108,2026-03-25,purchase,18.89
cust_0116,2026-03-25,visit,
cust_0135,2026-03-25,visit,
cust_0146,2026-03-25,visit,
cust_0147,2026-03-25,visit,
cust_0173,2026-03-25,purchase,29.0
cust_0178,2026-03-25,visit,
cust_0185,2026-03-25,purchase,56.12
cust_0193,2026-03-25,purchase,33.44
cust_0194,2026-03-25,purchase,36.22
cust_0201,2026-03-25,purchase,70.94
cust_0203,2026-03-25,visit,
cust_0209,2026-03-25,visit,
cust_0216,2026-03-25,purchase,19.91
cust_0227,2026-03-25,visit,
cust_0231,2026-03-25,purchase,31.67
cust_0243,2026-03-25,visit,
cust_0244,2026-03-25,purchase,31.68
cust_0249,2026-03-25,purchase,40.36
cust_0271,2026-03-25,visit,
cust_0274,2026-03-25,purchase,37.74
cust_0294,2026-03-25,ticket,
cust_0340,2026-03-25,purchase,91.46
cust_0345,2026-03-25,purchase,17.76
cust_0360,2026-03-25,visit,
cust_0382,2026-03-25,visit,
cust_0383,2026-03-25,purchase,56.86
cust_0384,2026-03-25,visit,
cust_0402,2026-03-25,visit,
cust_0413,2026-03-25,visit,
cust_0421,2026-03-25,purchase,35.8
cust_0423,2026-03-25,visit,
cust_0430,2026-03-25,visit,
cust_0447,2026-03-25,visit,
cust_0451,2026-03-25,visit,
cust_0469,2026-03-25,purchase,45.79
cust_0496,2026-03-25,purchase,20.64
cust_0499,2026-03-25,purchase,14.47
cust_0505,2026-03-25,purchase,81.3
cust_0524,2026-03-25,visit,
cust_0540,2026-03-25,visit,
cust_0573,2026-03-25,visit,
cust_0574,2026-03-25,purchase,31.27
cust_0580,2026-03-25,visit,
cust_0588,2026-03-25,visit,
cust_0591,2026-03-25,purchase,49.61
cust_0603,2026-03-25,purchase,15.51
cust_0612,2026-03-25,visit,
cust_0618,2026-03-25,visit,
cust_0620,2026-03-25,visit,
cust_0663,2026-03-25,purchase,51.82
cust_0671,2026-03-25,visit,
cust_0685,2026-03-25,visit,
cust_0702,2026-03-25,purchase,21.88
cust_0713,2026-03-25,purchase,51.44
cust_0723,2026-03-25,visit,
cust_0740,2026-03-25,visit,
cust_0742,2026-03-25,visit,
cust_0747,2026-03-25,visit,
cust_0767,2026-03-25,purchase,44.32
cust_0780,2026-03-25,visit,
cust_0788,2026-03-25,ticket,
cust_0795,2026-03-25,visit,
cust_0001,2026-03-26,visit,
cust_0004,2026-03-26,visit,
cust_0005,2026-03-26,visit,
cust_0014,2026-03-26,purchase,54.64
cust_0015,2026-03-26,visit,
cust_0017,2026-03-26,visit,
cust_0018,2026-03-26,visit,
cust_0022,2026-03-26,purchase,13.7
cust_0037,2026-03-26,visit,
cust_0045,2026-03-26,purchase,83.03
cust_0050,2026-03-26,visit,
cust_0055,2026-03-26,visit,
cust_0059,2026-03-26,purchase,47.07
cust_0070,2026-03-26,purchase,45.22
cust_0072,2026-03-26,visit,
cust_0078,2026-03-26,purchase,37.83
cust_0085,2026-03-26,visit,
cust_0093,2026-03-26,visit,
cust_0094,2026-03-26,purchase,62.09
cust_0096,2026-03-26,purchase,26.64
cust_0099,2026-03-26,purchase,58.37
cust_0104,2026-03-26,visit,
cust_0111,2026-03-26,ticket,
cust_0128,2026-03-26,visit,
cust_0136,2026-03-26,visit,
cust_0157,2026-03-26,visit,
cust_0165,2026-03-26,purchase,41.58
cust_0172,2026-03-26,visit,
cust_0180,2026-03-26,ticket,
cust_0207,2026-03-26,visit,
cust_0210,2026-03-26,visit,
cust_0212,2026-03-26,visit,
cust_0221,2026-03-26,purchase,30.6
cust_0249,2026-03-26,visit,
cust_0252,2026-03-26,visit,
cust_0274,2026-03-26,visit,
cust_0279,2026-03-26,visit,
cust_0282,2026-03-26,visit,
cust_0284,2026-03-26,visit,
cust_0285,2026-03-26,purchase,29.13
cust_0287,2026-03-26,visit,
cust_0292,2026-03-26,purchase,17.51
cust_0300,2026-03-26,visit,
cust_0311,2026-03-26,visit,
cust_0322,2026-03-26,visit,
cust_0334,2026-03-26,visit,
cust_0372,2026-03-26,visit,
cust_0376,2026-03-26,visit,
cust_0389,2026-03-26,ticket,
cust_0427,2026-03-26,visit,
cust_0443,2026-03-26,visit,
cust_0476,2026-03-26,visit,
cust_0479,2026-03-26,visit,
cust_0494,2026-03-26,purchase,19.91
cust_0496,2026-03-26,visit,
cust_0543,2026-03-26,visit,
cust_0549,2026-03-26,ticket,
cust_0560,2026-03-26,purchase,38.1
cust_0563,2026-03-26,visit,
cust_0573,2026-03-26,purchase,50.37
cust_0583,2026-03-26,visit,
cust_0596,2026-03-26,purchase,40.91
cust_0602,2026-03-26,visit,
cust_0608,2026-03-26,visit,
cust_0614,2026-03-26,purchase,26.24
cust_0626,2026-03-26,purchase,33.84
cust_0633,2026-03-26,purchase,20.11
cust_0641,2026-03-26,purchase,40.68
cust_0683,2026-03-26,visit,
cust_0685,2026-03-26,purchase,31.45
cust_0689,2026-03-26,visit,
cust_0690,2026-03-26,purchase,39.76
cust_0690,2026-03-26,refund,39.76
cust_0693,2026-03-26,purchase,61.22
cust_0694,2026-03-26,visit,
cust_0703,2026-03-26,visit,
cust_0708,2026-03-26,visit,
cust_0718,2026-03-26,visit,
cust_0735,2026-03-26,visit,
cust_0746,2026-03-26,visit,
cust_0784,2026-03-26,visit,
cust_0795,2026-03-26,purchase,37.9
cust_0797,2026-03-26,visit,
cust_0002,2026-03-27,purchase,17.22
cust_0003,2026-03-27,purchase,36.73
cust_0014,2026-03-27,purchase,18.32
cust_0017,2026-03-27,visit,
cust_0026,2026-03-27,purchase,20.8
cust_0029,2026-03-27,visit,
cust_0056,2026-03-27,purchase,15.18
cust_0060,2026-03-27,ticket,
cust_0072,2026-03-27,visit,
cust_0092,2026-03-27,visit,
cust_0100,2026-03-27,purchase,60.11
cust_0101,2026-03-27,visit,
cust_0113,2026-03-27,visit,
cust_0120,2026-03-27,purchase,52.74
cust_0157,2026-03-27,visit,
cust_0159,2026-03-27,visit,
cust_0164,2026-03-27,visit,
cust_0175,2026-03-27,ticket,
cust_0191,2026-03-27,purchase,52.05
cust_0201,2026-03-27,purchase,28.22
cust_0206,2026-03-27,visit,
cust_0232,2026-03-27,purchase,33.84
cust_0237,2026-03-27,purchase,15.92
cust_0251,2026-03-27,purchase,48.01
cust_0262,2026-03-27,purchase,32.85
cust_0274,2026-03-27,visit,
cust_0279,2026-03-27,purchase,17.86
cust_0282,2026-03-27,visit,
cust_0284,2026-03-27,purchase,36.58
cust_0290,2026-03-27,visit,
cust_0299,2026-03-27,visit,
cust_0351,2026-03-27,purchase,59.35
cust_0352,2026-03-27,purchase,54.46
cust_0355,2026-03-27,visit,
cust_0360,2026-03-27,purchase,55.29
cust_0367,2026-03-27,ticket,
cust_0372,2026-03-27,ticket,
cust_0376,2026-03-27,visit,
cust_0377,2026-03-27,visit,
cust_0384,2026-03-27,visit,
cust_0397,2026-03-27,ticket,
cust_0402,2026-03-27,visit,
cust_0423,2026-03-27,visit,
cust_0429,2026-03-27,purchase,34.95
cust_0433,2026-03-27,visit,
cust_0438,2026-03-27,visit,
cust_0490,2026-03-27,visit,
cust_0504,2026-03-27,visit,
cust_0507,2026-03-27,visit,
cust_0530,2026-03-27,purchase,34.61
cust_0548,2026-03-27,purchase,23.0
cust_0562,2026-03-27,visit,
cust_0568,2026-03-27,ticket,
cust_0612,2026-03-27,visit,
cust_0625,2026-03-27,visit,
cust_0646,2026-03-27,visit,
cust_0664,2026-03-27,visit,
cust_0665,2026-03-27,purchase,37.93
cust_0703,2026-03-27,visit,
cust_0705,2026-03-27,purchase,29.49
cust_0724,2026-03-27,purchase,13.33
cust_0725,2026-03-27,ticket,
cust_0727,2026-03-27,visit,
cust_0731,2026-03-27,visit,
cust_0733,2026-03-27,visit,
cust_0758,2026-03-27,visit,
cust_0774,2026-03-27,visit,
cust_0786,2026-03-27,purchase,21.37
cust_0002,2026-03-28,purchase,10.91
cust_0011,2026-03-28,visit,
cust_0020,2026-03-28,visit,
cust_0026,2026-03-28,visit,
cust_0032,2026-03-28,visit,
cust_0036,2026-03-28,visit,
cust_0068,2026-03-28,visit,
cust_0070,2026-03-28,purchase,24.93
cust_0072,2026-03-28,visit,
cust_0102,2026-03-28,visit,
cust_0119,2026-03-28,visit,
cust_0138,2026-03-28,visit,
cust_0155,2026-03-28,visit,
cust_0169,2026-03-28,purchase,19.32
cust_0182,2026-03-28,ticket,
cust_0184,2026-03-28,purchase,62.11
cust_0185,2026-03-28,purchase,11.82
cust_0218,2026-03-28,purchase,24.64
cust_0221,2026-03-28,visit,
cust_0239,2026-03-28,visit,
cust_0247,2026-03-28,visit,
cust_0255,2026-03-28,purchase,19.83
cust_0288,2026-03-28,purchase,39.81
cust_0296,2026-03-28,visit,
cust_0297,2026-03-28,visit,
cust_0345,2026-03-28,purchase,64.28
cust_0349,2026-03-28,purchase,37.19
cust_0357,2026-03-28,ticket,
cust_0358,2026-03-28,visit,
cust_0373,2026-03-28,visit,
cust_0375,2026-03-28,visit,
cust_0387,2026-03-28,ticket,
cust_0394,2026-03-28,visit,
cust_0410,2026-03-28,visit,
cust_0412,2026-03-28,visit,
cust_0419,2026-03-28,visit,
cust_0421,2026-03-28,visit,
cust_0424,2026-03-28,purchase,17.84
cust_0429,2026-03-28,purchase,20.38
cust_0439,2026-03-28,purchase,41.36
cust_0455,2026-03-28,ticket,
cust_0464,2026-03-28,ticket,
cust_0471,2026-03-28,purchase,25.84
cust_0480,2026-03-28,purchase,27.52
cust_0481,2026-03-28,visit,
cust_0516,2026-03-28,visit,
cust_0519,2026-03-28,purchase,23.69
cust_0529,2026-03-28,purchase,56.78
cust_0538,2026-03-28,purchase,18.86
cust_0538,2026-03-28,refund,18.86
cust_0542,2026-03-28,visit,
cust_0579,2026-03-28,visit,
cust_0584,2026-03-28,visit,
cust_0588,2026-03-28,visit,
cust_0594,2026-03-28,visit,
cust_0600,2026-03-28,visit,
cust_0616,2026-03-28,purchase,30.86
cust_0631,2026-03-28,ticket,
cust_0636,2026-03-28,visit,
cust_0648,2026-03-28,visit,
cust_0681,2026-03-28,purchase,31.27
cust_0703,2026-03-28,purchase,19.75
cust_0719,2026-03-28,purchase,31.87
cust_0721,2026-03-28,visit,
cust_0732,2026-03-28,purchase,34.25
cust_0733,2026-03-28,visit,
cust_0735,2026-03-28,visit,
cust_0737,2026-03-28,visit,
cust_0799,2026-03-28,visit,
cust_0005,2026-03-29,visit,
cust_0010,2026-03-29,visit,
cust_0016,2026-03-29,visit,
cust_0026,2026-03-29,visit,
cust_0032,2026-03-29,visit,
cust_0036,2026-03-29,visit,
cust_0046,2026-03-29,purchase,41.75
cust_0083,2026-03-29,visit,
cust_0087,2026-03-29,purchase,86.64
cust_0087,2026-03-29,refund,86.64
cust_0092,2026-03-29,purchase,26.76
cust_0099,2026-03-29,visit,
cust_0118,2026-03-29,visit,
cust_0135,2026-03-29,visit,
cust_0142,2026-03-29,visit,
cust_0151,2026-03-29,visit,
cust_0176,2026-03-29,visit,
cust_0178,2026-03-29,visit,
cust_0183,2026-03-29,purchase,25.94
cust_0200,2026-03-29,purchase,18.93
cust_0219,2026-03-29,visit,
cust_0224,2026-03-29,purchase,16.83
cust_0242,2026-03-29,purchase,46.68
cust_0245,2026-03-29,purchase,25.15
cust_0257,2026-03-29,purchase,78.19
cust_0257,2026-03-29,refund,78.19
cust_0263,2026-03-29,purchase,37.57
cust_0288,2026-03-29,visit,
cust_0290,2026-03-29,visit,
cust_0317,2026-03-29,visit,
cust_0332,2026-03-29,visit,
cust_0350,2026-03-29,visit,
cust_0368,2026-03-29,visit,
cust_0372,2026-03-29,visit,
cust_0380,2026-03-29,visit,
cust_0382,2026-03-29,purchase,40.95
cust_0430,2026-03-29,visit,
cust_0433,2026-03-29,visit,
cust_0448,2026-03-29,purchase,22.67
cust_0465,2026-03-29,purchase,40.8
cust_0473,2026-03-29,visit,
cust_0483,2026-03-29,visit,
cust_0497,2026-03-29,visit,
cust_0515,2026-03-29,purchase,25.8
cust_0516,2026-03-29,visit,
cust_0519,2026-03-29,purchase,47.18
cust_0537,2026-03-29,visit,
cust_0540,2026-03-29,purchase,7.96
cust_0546,2026-03-29,visit,
cust_0566,2026-03-29,ticket,
cust_0579,2026-03-29,visit,
cust_0585,2026-03-29,visit,
cust_0591,2026-03-29,purchase,29.53
cust_0594,2026-03-29,visit,
cust_0606,2026-03-29,visit,
cust_0608,2026-03-29,visit,
cust_0611,2026-03-29,visit,
cust_0617,2026-03-29,visit,
cust_0631,2026-03-29,purchase,22.66
cust_0632,2026-03-29,purchase,64.11
cust_0636,2026-03-29,visit,
cust_0642,2026-03-29,purchase,28.57
cust_0647,2026-03-29,visit,
cust_0667,2026-03-29,visit,
cust_0677,2026-03-29,visit,
cust_0688,2026-03-29,visit,
cust_0693,2026-03-29,purchase,23.22
cust_0708,2026-03-29,visit,
cust_0717,2026-03-29,visit,
cust_0723,2026-03-29,visit,
cust_0726,2026-03-29,visit,
cust_0779,2026-03-29,visit,
cust_0018,2026-03-30,visit,
cust_0041,2026-03-30,visit,
cust_0055,2026-03-30,visit,
cust_0060,2026-03-30,visit,
cust_0067,2026-03-30,purchase,25.84
cust_0068,2026-03-30,visit,
cust_0085,2026-03-30,purchase,18.7
cust_0088,2026-03-30,purchase,20.98
cust_0098,2026-03-30,visit,
cust_0102,2026-03-30,purchase,21.56
cust_0104,2026-03-30,purchase,6.36
cust_0115,2026-03-30,visit,
cust_0122,2026-03-30,visit,
cust_0124,2026-03-30,purchase,75.08
cust_0132,2026-03-30,purchase,42.3
cust_0136,2026-03-30,purchase,41.9
cust_0164,2026-03-30,purchase,18.33
cust_0186,2026-03-30,visit,
cust_0201,2026-03-30,visit,
cust_0208,2026-03-30,visit,
cust_0214,2026-03-30,visit,
cust_0219,2026-03-30,visit,
cust_0232,2026-03-30,visit,
cust_0240,2026-03-30,visit,
cust_0252,2026-03-30,visit,
cust_0260,2026-03-30,visit,
cust_0264,2026-03-30,visit,
cust_0267,2026-03-30,purchase,26.57
cust_0279,2026-03-30,visit,
cust_0294,2026-03-30,visit,
cust_0295,2026-03-30,visit,
cust_0299,2026-03-30,purchase,27.28
cust_0317,2026-03-30,visit,
cust_0318,2026-03-30,visit,
cust_0320,2026-03-30,purchase,74.82
cust_0323,2026-03-30,purchase,33.86
cust_0345,2026-03-30,purchase,34.05
cust_0357,2026-03-30,visit,
cust_0358,2026-03-30,ticket,
cust_0364,2026-03-30,purchase,25.56
cust_0369,2026-03-30,purchase,64.95
cust_0379,2026-03-30,visit,
cust_0399,2026-03-30,visit,
cust_0402,2026-03-30,visit,
cust_0406,2026-03-30,visit,
cust_0412,2026-03-30,purchase,45.06
cust_0413,2026-03-30,visit,
cust_0416,2026-03-30,visit,
cust_0434,2026-03-30,visit,
cust_0461,2026-03-30,visit,
cust_0494,2026-03-30,visit,
cust_0501,2026-03-30,visit,
cust_0507,2026-03-30,visit,
cust_0511,2026-03-30,visit,
cust_0518,2026-03-30,purchase,35.81
cust_0531,2026-03-30,visit,
cust_0541,2026-03-30,purchase,50.88
cust_0542,2026-03-30,visit,
cust_0545,2026-03-30,visit,
cust_0546,2026-03-30,visit,
cust_0572,2026-03-30,visit,
cust_0648,2026-03-30,purchase,52.13
cust_0652,2026-03-30,purchase,48.18
cust_0654,2026-03-30,visit,
cust_0662,2026-03-30,visit,
cust_0663,2026-03-30,visit,
cust_0696,2026-03-30,purchase,27.9
cust_0702,2026-03-30,purchase,28.52
cust_0702,2026-03-30,refund,28.52
cust_0719,2026-03-30,visit,
cust_0722,2026-03-30,visit,
cust_0739,2026-03-30,purchase,67.52
cust_0748,2026-03-30,visit,
cust_0749,2026-03-30,visit,
cust_0756,2026-03-30,visit,
cust_0757,2026-03-30,purchase,57.71
cust_0757,2026-03-30,refund,57.71
cust_0765,2026-03-30,visit,
cust_0770,2026-03-30,visit,
cust_0778,2026-03-30,visit,
cust_0000,2026-03-31,visit,
cust_0016,2026-03-31,visit,
cust_0019,2026-03-31,purchase,19.72
cust_0026,2026-03-31,visit,
cust_0034,2026-03-31,visit,
cust_0036,2026-03-31,purchase,39.93
cust_0066,2026-03-31,purchase,23.62
cust_0066,2026-03-31,refund,23.62
cust_0073,2026-03-31,visit,
cust_0076,2026-03-31,ticket,
cust_0100,2026-03-31,visit,
cust_0115,2026-03-31,purchase,48.36
cust_0121,2026-03-31,purchase,39.49
cust_0123,2026-03-31,purchase,51.02
cust_0140,2026-03-31,purchase,10.86
cust_0155,2026-03-31,purchase,36.65
cust_0173,2026-03-31,visit,
cust_0174,2026-03-31,visit,
cust_0176,2026-03-31,visit,
cust_0190,2026-03-31,purchase,27.9
cust_0191,2026-03-31,visit,
cust_0201,2026-03-31,purchase,11.3
cust_0226,2026-03-31,purchase,35.04
cust_0227,2026-03-31,visit,
cust_0228,2026-03-31,purchase,64.43
cust_0235,2026-03-31,visit,
cust_0247,2026-03-31,purchase,53.11
cust_0257,2026-03-31,visit,
cust_0262,2026-03-31,visit,
cust_0274,2026-03-31,visit,
cust_0278,2026-03-31,visit,
cust_0279,2026-03-31,purchase,32.43
cust_0284,2026-03-31,visit,
cust_0319,2026-03-31,visit,
cust_0320,2026-03-31,purchase,30.58
cust_0330,2026-03-31,visit,
cust_0334,2026-03-31,visit,
cust_0336,2026-03-31,visit,
cust_0365,2026-03-31,visit,
cust_0373,2026-03-31,purchase,48.31
cust_0385,2026-03-31,visit,
cust_0396,2026-03-31,purchase,65.94
cust_0407,2026-03-31,purchase,29.36
cust_0415,2026-03-31,visit,
cust_0428,2026-03-31,visit,
cust_0429,2026-03-31,visit,
cust_0431,2026-03-31,visit,
cust_0434,2026-03-31,visit,
cust_0446,2026-03-31,purchase,52.36
cust_0450,2026-03-31,visit,
cust_0475,2026-03-31,visit,
cust_0496,2026-03-31,purchase,25.14
cust_0532,2026-03-31,visit,
cust_0536,2026-03-31,purchase,63.15
cust_0541,2026-03-31,visit,
cust_0570,2026-03-31,purchase,61.14
cust_0574,2026-03-31,purchase,62.13
cust_0576,2026-03-31,purchase,69.29
cust_0577,2026-03-31,visit,
cust_0588,2026-03-31,purchase,12.0
cust_0595,2026-03-31,purchase,57.29
cust_0608,2026-03-31,visit,
cust_0610,2026-03-31,purchase,17.44
cust_0613,2026-03-31,visit,
cust_0630,2026-03-31,purchase,35.82
cust_0632,2026-03-31,purchase,67.53
cust_0651,2026-03-31,visit,
cust_0661,2026-03-31,purchase,40.34
cust_0675,2026-03-31,purchase,65.78
cust_0675,2026-03-31,refund,65.78
cust_0679,2026-03-31,visit,
cust_0697,2026-03-31,purchase,31.94
cust_0705,2026-03-31,purchase,71.78
cust_0709,2026-03-31,purchase,24.78
cust_0723,2026-03-31,visit,
cust_0761,2026-03-31,visit,
cust_0773,2026-03-31,visit,
cust_0785,2026-03-31,visit,
cust_0787,2026-03-31,visit,
cust_0790,2026-03-31,visit,
cust_0000,2026-04-01,ticket,
cust_0006,2026-04-01,purchase,18.08
cust_0008,2026-04-01,purchase,51.64
cust_0008,2026-04-01,refund,51.64
cust_0036,2026-04-01,purchase,38.1
cust_0055,2026-04-01,visit,
cust_0058,2026-04-01,visit,
cust_0070,2026-04-01,purchase,14.29
cust_0096,2026-04-01,ticket,
cust_0097,2026-04-01,purchase,23.26
cust_0114,2026-04-01,visit,
cust_0146,2026-04-01,visit,
cust_0155,2026-04-01,visit,
cust_0162,2026-04-01,visit,
cust_0167,2026-04-01,purchase,21.2
cust_0168,2026-04-01,purchase,38.68
cust_0168,2026-04-01,refund,38.68
cust_0171,2026-04-01,visit,
cust_0179,2026-04-01,visit,
cust_0196,2026-04-01,visit,
cust_0215,2026-04-01,visit,
cust_0223,2026-04-01,visit,
cust_0226,2026-04-01,visit,
cust_0242,2026-04-01,purchase,112.62
cust_0247,2026-04-01,ticket,
cust_0249,2026-04-01,visit,
cust_0251,2026-04-01,visit,
cust_0255,2026-04-01,visit,
cust_0271,2026-04-01,visit,
cust_0294,2026-04-01,visit,
cust_0319,2026-04-01,visit,
cust_0323,2026-04-01,purchase,30.64
cust_0328,2026-04-01,visit,
cust_0348,2026-04-01,purchase,18.42
cust_0349,2026-04-01,visit,
cust_0350,2026-04-01,purchase,41.91
cust_0372,2026-04-01,visit,
cust_0373,2026-04-01,visit,
cust_0377,2026-04-01,visit,
cust_0396,2026-04-01,visit,
cust_0404,2026-04-01,visit,
cust_0412,2026-04-01,purchase,56.56
cust_0435,2026-04-01,visit,
cust_0441,2026-04-01,visit,
cust_0448,2026-04-01,purchase,25.03
cust_0453,2026-04-01,purchase,46.57
cust_0458,2026-04-01,visit,
cust_0460,2026-04-01,visit,
cust_0463,2026-04-01,ticket,
cust_0484,2026-04-01,purchase,79.92
cust_0490,2026-04-01,visit,
cust_0502,2026-04-01,visit,
cust_0506,2026-04-01,visit,
cust_0513,2026-04-01,visit,
cust_0526,2026-04-01,visit,
cust_0531,2026-04-01,purchase,30.04
cust_0537,2026-04-01,purchase,51.11
cust_0540,2026-04-01,purchase,44.08
cust_0540,2026-04-01,refund,44.08
cust_0546,2026-04-01,purchase,41.3
cust_0568,2026-04-01,visit,
cust_0588,2026-04-01,visit,
cust_0600,2026-04-01,visit,
cust_0618,2026-04-01,visit,
cust_0621,2026-04-01,visit,
cust_0633,2026-04-01,purchase,29.63
cust_0635,2026-04-01,purchase,33.56
cust_0649,2026-04-01,visit,
cust_0661,2026-04-01,purchase,44.58
cust_0672,2026-04-01,purchase,19.56
cust_0723,2026-04-01,visit,
cust_0730,2026-04-01,purchase,48.85
cust_0731,2026-04-01,visit,
cust_0748,2026-04-01,visit,
cust_0756,2026-04-01,visit,
cust_0761,2026-04-01,purchase,76.84
cust_0762,2026-04-01,purchase,49.1
cust_0763,2026-04-01,visit,
cust_0778,2026-04-01,visit,
cust_0781,2026-04-01,visit,
cust_0792,2026-04-01,ticket,
cust_0797,2026-04-01,purchase,39.54
cust_0002,2026-04-02,purchase,28.62
cust_0006,2026-04-02,ticket,
cust_0011,2026-04-02,purchase,58.47
cust_0019,2026-04-02,purchase,96.98
cust_0025,2026-04-02,visit,
cust_0028,2026-04-02,purchase,28.82
cust_0036,2026-04-02,purchase,45.12
cust_0048,2026-04-02,purchase,46.15
cust_0055,2026-04-02,purchase,68.23
cust_0067,2026-04-02,visit,
cust_0075,2026-04-02,visit,
cust_0076,2026-04-02,purchase,109.43
cust_0098,2026-04-02,visit,
cust_0107,2026-04-02,visit,
cust_0113,2026-04-02,visit,
cust_0116,2026-04-02,visit,
cust_0117,2026-04-02,purchase,70.68
cust_0125,2026-04-02,visit,
cust_0139,2026-04-02,visit,
cust_0173,2026-04-02,purchase,22.66
cust_0176,2026-04-02,visit,
cust_0185,2026-04-02,visit,
cust_0188,2026-04-02,visit,
cust_0217,2026-04-02,purchase,109.96
cust_0258,2026-04-02,visit,
cust_0274,2026-04-02,purchase,18.61
cust_0278,2026-04-02,purchase,21.79
cust_0280,2026-04-02,visit,
cust_0290,2026-04-02,purchase,39.99
cust_0296,2026-04-02,visit,
cust_0312,2026-04-02,purchase,24.36
cust_0324,2026-04-02,purchase,68.15
cust_0343,2026-04-02,purchase,12.22
cust_0370,2026-04-02,visit,
cust_0382,2026-04-02,visit,
cust_0395,2026-04-02,visit,
cust_0402,2026-04-02,visit,
cust_0406,2026-04-02,purchase,20.6
cust_0453,2026-04-02,purchase,12.97
cust_0454,2026-04-02,visit,
cust_0459,2026-04-02,visit,
cust_0469,2026-04-02,visit,
cust_0481,2026-04-02,visit,
cust_0483,2026-04-02,visit,
cust_0490,2026-04-02,visit,
cust_0498,2026-04-02,visit,
cust_0541,2026-04-02,visit,
cust_0557,2026-04-02,purchase,39.46
cust_0557,2026-04-02,refund,39.46
cust_0566,2026-04-02,visit,
cust_0618,2026-04-02,purchase,27.31
cust_0625,2026-04-02,visit,
cust_0642,2026-04-02,visit,
cust_0643,2026-04-02,purchase,13.74
cust_0643,2026-04-02,refund,13.74
cust_0647,2026-04-02,visit,
cust_0651,2026-04-02,visit,
cust_0657,2026-04-02,visit,
cust_0666,2026-04-02,visit,
cust_0677,2026-04-02,visit,
cust_0683,2026-04-02,visit,
cust_0690,2026-04-02,purchase,62.05
cust_0701,2026-04-02,purchase,17.39
cust_0734,2026-04-02,visit,
cust_0770,2026-04-02,visit,
cust_0775,2026-04-02,visit,
cust_0783,2026-04-02,purchase,22.96
cust_0786,2026-04-02,visit,
cust_0002,2026-04-03,visit,
cust_0051,2026-04-03,visit,
cust_0065,2026-04-03,visit,
cust_0075,2026-04-03,purchase,23.89
cust_0088,2026-04-03,visit,
cust_0096,2026-04-03,purchase,49.76
cust_0098,2026-04-03,visit,
cust_0112,2026-04-03,ticket,
cust_0114,2026-04-03,visit,
cust_0115,2026-04-03,visit,
cust_0138,2026-04-03,visit,
cust_0145,2026-04-03,visit,
cust_0150,2026-04-03,visit,
cust_0155,2026-04-03,visit,
cust_0162,2026-04-03,purchase,30.09
cust_0172,2026-04-03,purchase,44.76
cust_0172,2026-04-03,refund,44.76
cust_0173,2026-04-03,visit,
cust_0178,2026-04-03,visit,
cust_0185,2026-04-03,visit,
cust_0220,2026-04-03,purchase,23.45
cust_0223,2026-04-03,visit,
cust_0239,2026-04-03,purchase,45.18
cust_0248,2026-04-03,visit,
cust_0250,2026-04-03,visit,
cust_0257,2026-04-03,purchase,31.48
cust_0273,2026-04-03,visit,
cust_0303,2026-04-03,purchase,35.32
cust_0315,2026-04-03,purchase,32.21
cust_0317,2026-04-03,visit,
cust_0372,2026-04-03,visit,
cust_0388,2026-04-03,purchase,27.9
cust_0399,2026-04-03,purchase,28.23
cust_0411,2026-04-03,visit,
cust_0418,2026-04-03,visit,
cust_0420,2026-04-03,purchase,15.74
cust_0468,2026-04-03,visit,
cust_0475,2026-04-03,visit,
cust_0480,2026-04-03,purchase,32.53
cust_0496,2026-04-03,purchase,45.36
cust_0517,2026-04-03,visit,
cust_0531,2026-04-03,visit,
cust_0541,2026-04-03,visit,
cust_0573,2026-04-03,purchase,52.33
cust_0581,2026-04-03,purchase,50.21
cust_0593,2026-04-03,purchase,23.7
cust_0598,2026-04-03,visit,
cust_0600,2026-04-03,purchase,51.99
cust_0634,2026-04-03,visit,
cust_0648,2026-04-03,visit,
cust_0662,2026-04-03,purchase,26.35
cust_0669,2026-04-03,visit,
cust_0675,2026-04-03,visit,
cust_0685,2026-04-03,visit,
cust_0699,2026-04-03,visit,
cust_0703,2026-04-03,purchase,67.47
cust_0703,2026-04-03,refund,67.47
cust_0746,2026-04-03,purchase,16.21
cust_0750,2026-04-03,visit,
cust_0787,2026-04-03,visit,
cust_0788,2026-04-03,visit,
cust_0010,2026-04-04,visit,
cust_0012,2026-04-04,ticket,
cust_0022,2026-04-04,purchase,16.31
cust_0023,2026-04-04,visit,
cust_0026,2026-04-04,purchase,36.66
cust_0045,2026-04-04,visit,
cust_0047,2026-04-04,visit,
cust_0051,2026-04-04,visit,
cust_0058,2026-04-04,visit,
cust_0067,2026-04-04,visit,
cust_0072,2026-04-04,visit,
cust_0081,2026-04-04,visit,
cust_0083,2026-04-04,visit,
cust_0085,2026-04-04,purchase,70.07
cust_0094,2026-04-04,ticket,
cust_0100,2026-04-04,purchase,25.45
cust_0100,2026-04-04,refund,25.45
cust_0106,2026-04-04,visit,
cust_0116,2026-04-04,visit,
cust_0134,2026-04-04,visit,
cust_0147,2026-04-04,purchase,49.47
cust_0150,2026-04-04,visit,
cust_0170,2026-04-04,visit,
cust_0250,2026-04-04,visit,
cust_0253,2026-04-04,visit,
cust_0258,2026-04-04,purchase,22.33
cust_0272,2026-04-04,purchase,18.73
cust_0277,2026-04-04,visit,
cust_0296,2026-04-04,visit,
cust_0297,2026-04-04,purchase,15.17
cust_0303,2026-04-04,visit,
cust_0305,2026-04-04,visit,
cust_0319,2026-04-04,purchase,27.51
cust_0324,2026-04-04,visit,
cust_0333,2026-04-04,visit,
cust_0364,2026-04-04,visit,
cust_0376,2026-04-04,visit,
cust_0381,2026-04-04,visit,
cust_0383,2026-04-04,visit,
cust_0394,2026-04-04,purchase,20.19
cust_0404,2026-04-04,visit,
cust_0408,2026-04-04,visit,
cust_0414,2026-04-04,purchase,42.29
cust_0430,2026-04-04,purchase,26.35
cust_0461,2026-04-04,visit,
cust_0464,2026-04-04,visit,
cust_0471,2026-04-04,visit,
cust_0502,2026-04-04,visit,
cust_0503,2026-04-04,purchase,20.27
cust_0521,2026-04-04,purchase,45.83
cust_0529,2026-04-04,visit,
cust_0553,2026-04-04,visit,
cust_0558,2026-04-04,visit,
cust_0559,2026-04-04,visit,
cust_0560,2026-04-04,purchase,99.78
cust_0561,2026-04-04,purchase,18.99
cust_0579,2026-04-04,visit,
cust_0594,2026-04-04,visit,
cust_0595,2026-04-04,purchase,46.71
cust_0611,2026-04-04,visit,
cust_0613,2026-04-04,visit,
cust_0622,2026-04-04,purchase,49.15
cust_0630,2026-04-04,ticket,
cust_0659,2026-04-04,purchase,42.34
cust_0668,2026-04-04,visit,
cust_0725,2026-04-04,visit,
cust_0746,2026-04-04,visit,
cust_0799,2026-04-04,visit,
cust_0016,2026-04-05,purchase,77.55
cust_0017,2026-04-05,purchase,90.49
cust_0023,2026-04-05,purchase,33.43
cust_0035,2026-04-05,visit,
cust_0044,2026-04-05,visit,
cust_0072,2026-04-05,purchase,63.83
cust_0074,2026-04-05,visit,
cust_0125,2026-04-05,visit,
cust_0133,2026-04-05,visit,
cust_0134,2026-04-05,visit,
cust_0139,2026-04-05,purchase,30.07
cust_0142,2026-04-05,visit,
cust_0150,2026-04-05,visit,
cust_0169,2026-04-05,visit,
cust_0178,2026-04-05,visit,
cust_0201,2026-04-05,visit,
cust_0206,2026-04-05,visit,
cust_0211,2026-04-05,purchase,29.14
cust_0226,2026-04-05,visit,
cust_0235,2026-04-05,visit,
cust_0251,2026-04-05,visit,
cust_0257,2026-04-05,visit,
cust_0259,2026-04-05,visit,
cust_0266,2026-04-05,visit,
cust_0273,2026-04-05,visit,
cust_0274,2026-04-05,visit,
cust_0291,2026-04-05,visit,
cust_0292,2026-04-05,visit,
cust_0298,2026-04-05,purchase,20.99
cust_0317,2026-04-05,visit,
cust_0342,2026-04-05,visit,
cust_0360,2026-04-05,visit,
cust_0375,2026-04-05,visit,
cust_0384,2026-04-05,purchase,15.87
cust_0392,2026-04-05,visit,
cust_0395,2026-04-05,visit,
cust_0401,2026-04-05,purchase,65.58
cust_0412,2026-04-05,ticket,
cust_0427,2026-04-05,visit,
cust_0448,2026-04-05,visit,
cust_0450,2026-04-05,visit,
cust_0454,2026-04-05,ticket,
cust_0464,2026-04-05,visit,
cust_0477,2026-04-05,purchase,77.78
cust_0479,2026-04-05,visit,
cust_0490,2026-04-05,visit,
cust_0496,2026-04-05,visit,
cust_0522,2026-04-05,visit,
cust_0524,2026-04-05,visit,
cust_0535,2026-04-05,purchase,33.59
cust_0559,2026-04-05,visit,
cust_0560,2026-04-05,visit,
cust_0578,2026-04-05,purchase,43.84
cust_0592,2026-04-05,purchase,43.4
cust_0596,2026-04-05,visit,
cust_0601,2026-04-05,purchase,22.02
cust_0606,2026-04-05,visit,
cust_0615,2026-04-05,visit,
cust_0644,2026-04-05,visit,
cust_0648,2026-04-05,visit,
cust_0659,2026-04-05,purchase,25.78
cust_0672,2026-04-05,visit,
cust_0673,2026-04-05,visit,
cust_0697,2026-04-05,purchase,27.34
cust_0708,2026-04-05,visit,
cust_0709,2026-04-05,visit,
cust_0741,2026-04-05,purchase,44.94
cust_0743,2026-04-05,visit,
cust_0746,2026-04-05,purchase,33.16
cust_0749,2026-04-05,visit,
cust_0762,2026-04-05,visit,
cust_0766,2026-04-05,visit,
cust_0768,2026-04-05,purchase,39.56
cust_0776,2026-04-05,visit,
cust_0795,2026-04-05,visit,
cust_0011,2026-04-06,purchase,69.92
cust_0016,2026-04-06,visit,
cust_0019,2026-04-06,purchase,31.7
cust_0046,2026-04-06,purchase,46.06
cust_0049,2026-04-06,visit,
cust_0063,2026-04-06,visit,
cust_0068,2026-04-06,purchase,20.78
cust_0068,2026-04-06,refund,20.78
cust_0100,2026-04-06,purchase,29.76
cust_0102,2026-04-06,visit,
cust_0103,2026-04-06,ticket,
cust_0104,2026-04-06,visit,
cust_0155,2026-04-06,visit,
cust_0176,2026-04-06,visit,
cust_0186,2026-04-06,purchase,49.99
cust_0196,2026-04-06,visit,
cust_0199,2026-04-06,ticket,
cust_0203,2026-04-06,visit,
cust_0230,2026-04-06,purchase,55.63
cust_0239,2026-04-06,visit,
cust_0282,2026-04-06,visit,
cust_0289,2026-04-06,visit,
cust_0294,2026-04-06,visit,
cust_0303,2026-04-06,purchase,96.17
cust_0305,2026-04-06,visit,
cust_0311,2026-04-06,visit,
cust_0315,2026-04-06,purchase,57.51
cust_0317,2026-04-06,visit,
cust_0324,2026-04-06,purchase,48.67
cust_0327,2026-04-06,visit,
cust_0330,2026-04-06,purchase,99.59
cust_0351,2026-04-06,visit,
cust_0380,2026-04-06,visit,
cust_0383,2026-04-06,purchase,26.96
cust_0392,2026-04-06,visit,
cust_0400,2026-04-06,purchase,53.55
cust_0407,2026-04-06,visit,
cust_0412,2026-04-06,purchase,23.52
cust_0412,2026-04-06,refund,23.52
cust_0429,2026-04-06,visit,
cust_0467,2026-04-06,visit,
cust_0475,2026-04-06,purchase,44.51
cust_0477,2026-04-06,purchase,34.48
cust_0482,2026-04-06,ticket,
cust_0503,2026-04-06,visit,
cust_0521,2026-04-06,purchase,32.65
cust_0524,2026-04-06,purchase,26.59
cust_0544,2026-04-06,visit,
cust_0558,2026-04-06,visit,
cust_0569,2026-04-06,visit,
cust_0585,2026-04-06,visit,
cust_0595,2026-04-06,visit,
cust_0596,2026-04-06,visit,
cust_0597,2026-04-06,visit,
cust_0603,2026-04-06,visit,
cust_0606,2026-04-06,visit,
cust_0643,2026-04-06,visit,
cust_0655,2026-04-06,purchase,38.5
cust_0655,2026-04-06,refund,38.5
cust_0662,2026-04-06,visit,
cust_0669,2026-04-06,purchase,21.83
cust_0682,2026-04-06,visit,
cust_0696,2026-04-06,visit,
cust_0701,2026-04-06,purchase,22.36
cust_0708,2026-04-06,purchase,52.45
cust_0719,2026-04-06,purchase,14.21
cust_0749,2026-04-06,visit,
cust_0761,2026-04-06,visit,
cust_0764,2026-04-06,purchase,80.03
cust_0779,2026-04-06,visit,
cust_0787,2026-04-06,purchase,39.03
cust_0795,2026-04-06,visit,
cust_0013,2026-04-07,purchase,36.93
cust_0014,2026-04-07,purchase,101.52
cust_0038,2026-04-07,visit,
cust_0042,2026-04-07,purchase,37.41
cust_0046,2026-04-07,visit,
cust_0056,2026-04-07,purchase,30.66
cust_0058,2026-04-07,purchase,30.0
cust_0087,2026-04-07,purchase,16.23
cust_0101,2026-04-07,purchase,25.7
cust_0112,2026-04-07,purchase,9.97
cust_0126,2026-04-07,visit,
cust_0136,2026-04-07,visit,
cust_0140,2026-04-07,purchase,26.8
cust_0146,2026-04-07,visit,
cust_0172,2026-04-07,purchase,64.26
cust_0173,2026-04-07,purchase,28.62
cust_0175,2026-04-07,visit,
cust_0200,2026-04-07,ticket,
cust_0207,2026-04-07,visit,
cust_0211,2026-04-07,visit,
cust_0215,2026-04-07,purchase,35.89
cust_0219,2026-04-07,visit,
cust_0239,2026-04-07,purchase,51.39
cust_0249,2026-04-07,purchase,28.86
cust_0281,2026-04-07,purchase,24.2
cust_0281,2026-04-07,refund,24.2
cust_0295,2026-04-07,visit,
cust_0337,2026-04-07,purchase,23.5
cust_0355,2026-04-07,visit,
cust_0366,2026-04-07,visit,
cust_0397,2026-04-07,visit,
cust_0399,2026-04-07,purchase,37.94
cust_0415,2026-04-07,purchase,46.4
cust_0433,2026-04-07,visit,
cust_0455,2026-04-07,visit,
cust_0471,2026-04-07,visit,
cust_0495,2026-04-07,visit,
cust_0510,2026-04-07,purchase,63.83
cust_0510,2026-04-07,refund,63.83
cust_0532,2026-04-07,visit,
cust_0543,2026-04-07,visit,
cust_0553,2026-04-07,visit,
cust_0558,2026-04-07,visit,
cust_0564,2026-04-07,visit,
cust_0585,2026-04-07,visit,
cust_0600,2026-04-07,visit,
cust_0601,2026-04-07,visit,
cust_0604,2026-04-07,visit,
cust_0605,2026-04-07,purchase,25.18
cust_0613,2026-04-07,purchase,23.6
cust_0629,2026-04-07,purchase,32.28
cust_0636,2026-04-07,purchase,38.09
cust_0642,2026-04-07,visit,
cust_0644,2026-04-07,purchase,58.3
cust_0648,2026-04-07,visit,
cust_0652,2026-04-07,visit,
cust_0661,2026-04-07,purchase,38.72
cust_0662,2026-04-07,purchase,48.71
cust_0677,2026-04-07,purchase,38.0
cust_0685,2026-04-07,visit,
cust_0692,2026-04-07,visit,
cust_0705,2026-04-07,visit,
cust_0734,2026-04-07,purchase,87.68
cust_0758,2026-04-07,visit,
cust_0784,2026-04-07,visit,
cust_0002,2026-04-08,visit,
cust_0006,2026-04-08,purchase,96.42
cust_0024,2026-04-08,purchase,87.6
cust_0024,2026-04-08,refund,87.6
cust_0035,2026-04-08,purchase,36.36
cust_0037,2026-04-08,visit,
cust_0055,2026-04-08,visit,
cust_0063,2026-04-08,visit,
cust_0072,2026-04-08,purchase,48.94
cust_0075,2026-04-08,visit,
cust_0077,2026-04-08,visit,
cust_0083,2026-04-08,purchase,14.4
cust_0088,2026-04-08,visit,
cust_0091,2026-04-08,visit,
cust_0095,2026-04-08,visit,
cust_0115,2026-04-08,visit,
cust_0127,2026-04-08,visit,
cust_0139,2026-04-08,visit,
cust_0161,2026-04-08,purchase,30.96
cust_0162,2026-04-08,visit,
cust_0178,2026-04-08,visit,
cust_0182,2026-04-08,visit,
cust_0200,2026-04-08,visit,
cust_0206,2026-04-08,visit,
cust_0210,2026-04-08,visit,
cust_0223,2026-04-08,purchase,23.95
cust_0267,2026-04-08,visit,
cust_0268,2026-04-08,purchase,27.94
cust_0289,2026-04-08,purchase,43.23
cust_0291,2026-04-08,purchase,26.43
cust_0294,2026-04-08,purchase,144.28
cust_0380,2026-04-08,visit,
cust_0396,2026-04-08,purchase,101.02
cust_0407,2026-04-08,visit,
cust_0443,2026-04-08,visit,
cust_0456,2026-04-08,visit,
cust_0457,2026-04-08,visit,
cust_0476,2026-04-08,purchase,37.23
cust_0487,2026-04-08,visit,
cust_0489,2026-04-08,visit,
cust_0494,2026-04-08,visit,
cust_0498,2026-04-08,purchase,24.9
cust_0508,2026-04-08,visit,
cust_0555,2026-04-08,visit,
cust_0560,2026-04-08,visit,
cust_0571,2026-04-08,visit,
cust_0572,2026-04-08,visit,
cust_0594,2026-04-08,purchase,81.61
cust_0595,2026-04-08,visit,
cust_0600,2026-04-08,visit,
cust_0602,2026-04-08,visit,
cust_0614,2026-04-08,purchase,61.2
cust_0614,2026-04-08,refund,61.2
cust_0615,2026-04-08,purchase,82.44
cust_0637,2026-04-08,visit,
cust_0671,2026-04-08,purchase,47.12
cust_0673,2026-04-08,purchase,98.26
cust_0682,2026-04-08,visit,
cust_0703,2026-04-08,visit,
cust_0715,2026-04-08,purchase,89.42
cust_0749,2026-04-08,purchase,39.17
cust_0752,2026-04-08,purchase,22.08
cust_0752,2026-04-08,refund,22.08
cust_0759,2026-04-08,visit,
cust_0763,2026-04-08,purchase,35.02
cust_0764,2026-04-08,visit,
cust_0779,2026-04-08,purchase,37.77
cust_0793,2026-04-08,visit,
cust_0007,2026-04-09,purchase,41.87
cust_0007,2026-04-09,refund,41.87
cust_0009,2026-04-09,purchase,41.27
cust_0009,2026-04-09,refund,41.27
cust_0010,2026-04-09,purchase,33.48
cust_0016,2026-04-09,purchase,47.53
cust_0029,2026-04-09,purchase,43.79
cust_0036,2026-04-09,visit,
cust_0041,2026-04-09,visit,
cust_0067,2026-04-09,purchase,26.44
cust_0085,2026-04-09,purchase,34.76
cust_0092,2026-04-09,visit,
cust_0124,2026-04-09,visit,
cust_0128,2026-04-09,visit,
cust_0129,2026-04-09,visit,
cust_0140,2026-04-09,purchase,55.58
cust_0150,2026-04-09,visit,
cust_0155,2026-04-09,visit,
cust_0178,2026-04-09,visit,
cust_0229,2026-04-09,purchase,27.84
cust_0258,2026-04-09,purchase,46.19
cust_0287,2026-04-09,visit,
cust_0319,2026-04-09,purchase,57.62
cust_0367,2026-04-09,visit,
cust_0384,2026-04-09,visit,
cust_0407,2026-04-09,visit,
cust_0416,2026-04-09,visit,
cust_0424,2026-04-09,visit,
cust_0442,2026-04-09,purchase,60.24
cust_0448,2026-04-09,purchase,22.1
cust_0448,2026-04-09,refund,22.1
cust_0467,2026-04-09,purchase,19.24
cust_0479,2026-04-09,visit,
cust_0481,2026-04-09,purchase,7.47
cust_0483,2026-04-09,visit,
cust_0490,2026-04-09,purchase,44.8
cust_0495,2026-04-09,visit,
cust_0522,2026-04-09,purchase,45.55
cust_0524,2026-04-09,visit,
cust_0537,2026-04-09,visit,
cust_0541,2026-04-09,visit,
cust_0545,2026-04-09,visit,
cust_0548,2026-04-09,purchase,35.86
cust_0551,2026-04-09,visit,
cust_0553,2026-04-09,visit,
cust_0560,2026-04-09,visit,
cust_0589,2026-04-09,visit,
cust_0600,2026-04-09,visit,
cust_0609,2026-04-09,visit,
cust_0620,2026-04-09,visit,
cust_0621,2026-04-09,visit,
cust_0622,2026-04-09,visit,
cust_0626,2026-04-09,visit,
cust_0701,2026-04-09,purchase,51.59
cust_0703,2026-04-09,visit,
cust_0707,2026-04-09,visit,
cust_0722,2026-04-09,purchase,44.63
cust_0745,2026-04-09,visit,
cust_0756,2026-04-09,visit,
cust_0000,2026-04-10,ticket,
cust_0001,2026-04-10,ticket,
cust_0002,2026-04-10,visit,
cust_0005,2026-04-10,purchase,11.43
cust_0022,2026-04-10,purchase,39.75
cust_0043,2026-04-10,visit,
cust_0045,2026-04-10,purchase,37.62
cust_0049,2026-04-10,visit,
cust_0082,2026-04-10,visit,
cust_0091,2026-04-10,visit,
cust_0101,2026-04-10,visit,
cust_0103,2026-04-10,visit,
cust_0104,2026-04-10,purchase,40.04
cust_0107,2026-04-10,visit,
cust_0114,2026-04-10,purchase,22.19
cust_0117,2026-04-10,purchase,62.21
cust_0124,2026-04-10,purchase,39.54
cust_0127,2026-04-10,visit,
cust_0128,2026-04-10,purchase,45.55
cust_0131,2026-04-10,visit,
cust_0136,2026-04-10,purchase,15.23
cust_0146,2026-04-10,purchase,34.77
cust_0165,2026-04-10,purchase,42.32
cust_0172,2026-04-10,visit,
cust_0181,2026-04-10,purchase,39.59
cust_0182,2026-04-10,visit,
cust_0214,2026-04-10,visit,
cust_0216,2026-04-10,visit,
cust_0225,2026-04-10,purchase,37.74
cust_0231,2026-04-10,visit,
cust_0250,2026-04-10,purchase,33.27
cust_0266,2026-04-10,visit,
cust_0268,2026-04-10,visit,
cust_0301,2026-04-10,purchase,16.94
cust_0304,2026-04-10,visit,
cust_0320,2026-04-10,purchase,20.57
cust_0331,2026-04-10,purchase,29.08
cust_0351,2026-04-10,visit,
cust_0365,2026-04-10,purchase,28.09
cust_0374,2026-04-10,purchase,49.43
cust_0378,2026-04-10,purchase,57.38
cust_0384,2026-04-10,purchase,17.16
cust_0386,2026-04-10,visit,
cust_0400,2026-04-10,visit,
cust_0416,2026-04-10,purchase,29.92
cust_0429,2026-04-10,visit,
cust_0440,2026-04-10,visit,
cust_0455,2026-04-10,visit,
cust_0457,2026-04-10,purchase,46.91
cust_0465,2026-04-10,visit,
cust_0484,2026-04-10,purchase,44.43
cust_0508,2026-04-10,visit,
cust_0522,2026-04-10,purchase,25.02
cust_0523,2026-04-10,purchase,44.2
cust_0524,2026-04-10,purchase,118.24
cust_0578,2026-04-10,purchase,29.11
cust_0602,2026-04-10,visit,
cust_0603,2026-04-10,purchase,17.94
cust_0613,2026-04-10,visit,
cust_0621,2026-04-10,purchase,38.29
cust_0647,2026-04-10,visit,
cust_0651,2026-04-10,visit,
cust_0670,2026-04-10,purchase,39.73
cust_0698,2026-04-10,ticket,
cust_0703,2026-04-10,purchase,53.71
cust_0708,2026-04-10,purchase,17.83
cust_0722,2026-04-10,visit,
cust_0744,2026-04-10,purchase,20.57
cust_0774,2026-04-10,purchase,10.12
cust_0794,2026-04-10,visit,
cust_0017,2026-04-11,visit,
cust_0025,2026-04-11,purchase,56.69
cust_0043,2026-04-11,visit,
cust_0070,2026-04-11,ticket,
cust_0073,2026-04-11,purchase,24.49
cust_0105,2026-04-11,visit,
cust_0111,2026-04-11,visit,
cust_0158,2026-04-11,visit,
cust_0168,2026-04-11,visit,
cust_0174,2026-04-11,visit,
cust_0198,2026-04-11,visit,
cust_0200,2026-04-11,purchase,25.22
cust_0200,2026-04-11,refund,25.22
cust_0206,2026-04-11,purchase,43.09
cust_0210,2026-04-11,purchase,35.64
cust_0214,2026-04-11,purchase,19.44
cust_0216,2026-04-11,purchase,38.29
cust_0233,2026-04-11,ticket,
cust_0239,2026-04-11,visit,
cust_0243,2026-04-11,visit,
cust_0256,2026-04-11,purchase,39.28
cust_0268,2026-04-11,visit,
cust_0275,2026-04-11,visit,
cust_0286,2026-04-11,purchase,19.79
cust_0290,2026-04-11,visit,
cust_0302,2026-04-11,visit,
cust_0310,2026-04-11,visit,
cust_0318,2026-04-11,visit,
cust_0320,2026-04-11,purchase,68.82
cust_0324,2026-04-11,visit,
cust_0331,2026-04-11,visit,
cust_0356,2026-04-11,ticket,
cust_0362,2026-04-11,visit,
cust_0364,2026-04-11,visit,
cust_0365,2026-04-11,visit,
cust_0366,2026-04-11,purchase,15.19
cust_0369,2026-04-11,visit,
cust_0380,2026-04-11,ticket,
cust_0383,2026-04-11,visit,
cust_0399,2026-04-11,visit,
cust_0401,2026-04-11,purchase,59.96
cust_0410,2026-04-11,purchase,64.24
cust_0414,2026-04-11,visit,
cust_0419,2026-04-11,purchase,28.16
cust_0424,2026-04-11,visit,
cust_0426,2026-04-11,visit,
cust_0430,2026-04-11,purchase,35.56
cust_0448,2026-04-11,visit,
cust_0450,2026-04-11,visit,
cust_0488,2026-04-11,visit,
cust_0490,2026-04-11,visit,
cust_0509,2026-04-11,purchase,31.31
cust_0510,2026-04-11,purchase,66.0
cust_0512,2026-04-11,ticket,
cust_0520,2026-04-11,purchase,76.32
cust_0521,2026-04-11,visit,
cust_0530,2026-04-11,purchase,46.43
cust_0561,2026-04-11,purchase,30.35
cust_0567,2026-04-11,ticket,
cust_0581,2026-04-11,visit,
cust_0590,2026-04-11,purchase,31.38
cust_0598,2026-04-11,visit,
cust_0606,2026-04-11,purchase,31.62
cust_0611,2026-04-11,visit,
cust_0617,2026-04-11,ticket,
cust_0632,2026-04-11,visit,
cust_0642,2026-04-11,visit,
cust_0663,2026-04-11,visit,
cust_0668,2026-04-11,visit,
cust_0682,2026-04-11,purchase,23.46
cust_0686,2026-04-11,visit,
cust_0692,2026-04-11,purchase,26.06
cust_0694,2026-04-11,purchase,74.59
cust_0708,2026-04-11,purchase,27.91
cust_0736,2026-04-11,purchase,20.41
cust_0752,2026-04-11,purchase,30.08
cust_0760,2026-04-11,visit,
cust_0764,2026-04-11,ticket,
cust_0780,2026-04-11,visit,
cust_0006,2026-04-12,visit,
cust_0013,2026-04-12,visit,
cust_0037,2026-04-12,purchase,55.04
cust_0059,2026-04-12,visit,
cust_0069,2026-04-12,purchase,25.38
cust_0074,2026-04-12,visit,
cust_0091,2026-04-12,purchase,16.56
cust_0098,2026-04-12,visit,
cust_0105,2026-04-12,visit,
cust_0107,2026-04-12,visit,
cust_0136,2026-04-12,visit,
cust_0142,2026-04-12,visit,
cust_0150,2026-04-12,visit,
cust_0151,2026-04-12,visit,
cust_0175,2026-04-12,visit,
cust_0176,2026-04-12,visit,
cust_0179,2026-04-12,visit,
cust_0184,2026-04-12,visit,
cust_0185,2026-04-12,purchase,42.27
cust_0189,2026-04-12,visit,
cust_0197,2026-04-12,visit,
cust_0224,2026-04-12,visit,
cust_0234,2026-04-12,purchase,20.77
cust_0240,2026-04-12,visit,
cust_0248,2026-04-12,purchase,56.83
cust_0261,2026-04-12,purchase,20.14
cust_0263,2026-04-12,visit,
cust_0265,2026-04-12,visit,
cust_0294,2026-04-12,purchase,38.72
cust_0329,2026-04-12,visit,
cust_0336,2026-04-12,visit,
cust_0357,2026-04-12,visit,
cust_0368,2026-04-12,purchase,47.13
cust_0370,2026-04-12,visit,
cust_0375,2026-04-12,purchase,20.57
cust_0375,2026-04-12,refund,20.57
cust_0404,2026-04-12,purchase,49.96
cust_0406,2026-04-12,purchase,49.69
cust_0412,2026-04-12,visit,
cust_0418,2026-04-12,visit,
cust_0430,2026-04-12,purchase,41.64
cust_0430,2026-04-12,refund,41.64
cust_0434,2026-04-12,visit,
cust_0444,2026-04-12,visit,
cust_0452,2026-04-12,visit,
cust_0463,2026-04-12,visit,
cust_0475,2026-04-12,visit,
cust_0484,2026-04-12,purchase,39.31
cust_0486,2026-04-12,visit,
cust_0490,2026-04-12,visit,
cust_0493,2026-04-12,purchase,178.58
cust_0495,2026-04-12,visit,
cust_0496,2026-04-12,purchase,34.41
cust_0497,2026-04-12,visit,
cust_0524,2026-04-12,visit,
cust_0540,2026-04-12,purchase,26.21
cust_0546,2026-04-12,purchase,23.7
cust_0550,2026-04-12,visit,
cust_0562,2026-04-12,ticket,
cust_0565,2026-04-12,visit,
cust_0566,2026-04-12,visit,
cust_0573,2026-04-12,visit,
cust_0582,2026-04-12,purchase,17.03
cust_0596,2026-04-12,purchase,44.5
cust_0652,2026-04-12,visit,
cust_0685,2026-04-12,visit,
cust_0688,2026-04-12,purchase,29.45
cust_0695,2026-04-12,visit,
cust_0697,2026-04-12,visit,
cust_0710,2026-04-12,visit,
cust_0714,2026-04-12,visit,
cust_0719,2026-04-12,visit,
cust_0721,2026-04-12,purchase,44.43
cust_0724,2026-04-12,ticket,
cust_0725,2026-04-12,purchase,61.02
cust_0734,2026-04-12,visit,
cust_0743,2026-04-12,purchase,34.24
cust_0746,2026-04-12,visit,
cust_0748,2026-04-12,visit,
cust_0757,2026-04-12,visit,
cust_0768,2026-04-12,purchase,46.56
cust_0796,2026-04-12,purchase,69.14
cust_0799,2026-04-12,purchase,25.53
cust_0029,2026-04-13,purchase,42.02
cust_0030,2026-04-13,visit,
cust_0046,2026-04-13,visit,
cust_0051,2026-04-13,purchase,20.49
cust_0056,2026-04-13,visit,
cust_0061,2026-04-13,purchase,29.91
cust_0064,2026-04-13,visit,
cust_0071,2026-04-13,purchase,52.18
cust_0078,2026-04-13,visit,
cust_0080,2026-04-13,visit,
cust_0081,2026-04-13,visit,
cust_0095,2026-04-13,visit,
cust_0098,2026-04-13,purchase,18.2
cust_0100,2026-04-13,purchase,39.07
cust_0103,2026-04-13,purchase,34.96
cust_0112,2026-04-13,purchase,27.4
cust_0140,2026-04-13,purchase,18.67
cust_0142,2026-04-13,visit,
cust_0175,2026-04-13,visit,
cust_0177,2026-04-13,visit,
cust_0193,2026-04-13,purchase,15.71
cust_0197,2026-04-13,visit,
cust_0216,2026-04-13,visit,
cust_0222,2026-04-13,visit,
cust_0228,2026-04-13,visit,
cust_0233,2026-04-13,purchase,64.75
cust_0261,2026-04-13,visit,
cust_0263,2026-04-13,purchase,33.63
cust_0266,2026-04-13,visit,
cust_0277,2026-04-13,visit,
cust_0279,2026-04-13,purchase,48.86
cust_0284,2026-04-13,visit,
cust_0295,2026-04-13,purchase,46.79
cust_0298,2026-04-13,purchase,44.64
cust_0305,2026-04-13,visit,
cust_0319,2026-04-13,visit,
cust_0341,2026-04-13,visit,
cust_0366,2026-04-13,purchase,54.59
cust_0380,2026-04-13,visit,
cust_0383,2026-04-13,purchase,31.07
cust_0386,2026-04-13,visit,
cust_0415,2026-04-13,visit,
cust_0428,2026-04-13,visit,
cust_0446,2026-04-13,visit,
cust_0460,2026-04-13,visit,
cust_0463,2026-04-13,visit,
cust_0464,2026-04-13,visit,
cust_0469,2026-04-13,purchase,49.88
cust_0469,2026-04-13,refund,49.88
cust_0495,2026-04-13,purchase,33.21
cust_0500,2026-04-13,visit,
cust_0509,2026-04-13,visit,
cust_0515,2026-04-13,visit,
cust_0544,2026-04-13,visit,
cust_0588,2026-04-13,visit,
cust_0622,2026-04-13,visit,
cust_0632,2026-04-13,visit,
cust_0639,2026-04-13,visit,
cust_0642,2026-04-13,ticket,
cust_0669,2026-04-13,visit,
cust_0685,2026-04-13,purchase,19.54
cust_0708,2026-04-13,purchase,21.99
cust_0720,2026-04-13,purchase,111.43
cust_0726,2026-04-13,purchase,36.55
cust_0747,2026-04-13,visit,
cust_0766,2026-04-13,visit,
cust_0778,2026-04-13,visit,
cust_0794,2026-04-13,visit,
cust_0002,2026-04-14,purchase,31.11
cust_0005,2026-04-14,visit,
cust_0011,2026-04-14,visit,
cust_0018,2026-04-14,visit,
cust_0025,2026-04-14,visit,
cust_0043,2026-04-14,visit,
cust_0054,2026-04-14,purchase,23.9
cust_0070,2026-04-14,visit,
cust_0085,2026-04-14,purchase,17.66
cust_0095,2026-04-14,visit,
cust_0116,2026-04-14,purchase,45.48
cust_0120,2026-04-14,purchase,34.4
cust_0123,2026-04-14,visit,
cust_0132,2026-04-14,purchase,87.63
cust_0140,2026-04-14,purchase,80.53
cust_0143,2026-04-14,visit,
cust_0145,2026-04-14,purchase,29.42
cust_0153,2026-04-14,visit,
cust_0181,2026-04-14,visit,
cust_0183,2026-04-14,visit,
cust_0192,2026-04-14,visit,
cust_0198,2026-04-14,visit,
cust_0199,2026-04-14,purchase,42.95
cust_0211,2026-04-14,visit,
cust_0219,2026-04-14,purchase,26.43
cust_0220,2026-04-14,purchase,56.02
cust_0243,2026-04-14,visit,
cust_0282,2026-04-14,visit,
cust_0288,2026-04-14,purchase,39.65
cust_0296,2026-04-14,purchase,16.8
cust_0300,2026-04-14,purchase,62.28
cust_0301,2026-04-14,visit,
cust_0317,2026-04-14,purchase,27.8
cust_0324,2026-04-14,purchase,39.36
cust_0355,2026-04-14,ticket,
cust_0363,2026-04-14,purchase,71.47
cust_0364,2026-04-14,visit,
cust_0366,2026-04-14,visit,
cust_0384,2026-04-14,visit,
cust_0400,2026-04-14,visit,
cust_0425,2026-04-14,purchase,44.36
cust_0447,2026-04-14,purchase,21.23
cust_0448,2026-04-14,visit,
cust_0462,2026-04-14,visit,
cust_0464,2026-04-14,visit,
cust_0465,2026-04-14,purchase,130.34
cust_0474,2026-04-14,visit,
cust_0508,2026-04-14,purchase,23.44
cust_0522,2026-04-14,visit,
cust_0541,2026-04-14,purchase,58.41
cust_0543,2026-04-14,ticket,
cust_0549,2026-04-14,purchase,67.05
cust_0549,2026-04-14,refund,67.05
cust_0553,2026-04-14,purchase,97.05
cust_0562,2026-04-14,visit,
cust_0567,2026-04-14,purchase,14.33
cust_0580,2026-04-14,visit,
cust_0588,2026-04-14,visit,
cust_0589,2026-04-14,ticket,
cust_0595,2026-04-14,visit,
cust_0617,2026-04-14,visit,
cust_0618,2026-04-14,visit,
cust_0625,2026-04-14,purchase,29.98
cust_0640,2026-04-14,visit,
cust_0697,2026-04-14,visit,
cust_0720,2026-04-14,visit,
cust_0726,2026-04-14,visit,
cust_0742,2026-04-14,purchase,20.3
cust_0747,2026-04-14,purchase,24.04
cust_0763,2026-04-14,purchase,24.73
cust_0795,2026-04-14,visit,
cust_0004,2026-04-15,purchase,41.32
cust_0012,2026-04-15,visit,
cust_0018,2026-04-15,visit,
cust_0040,2026-04-15,purchase,44.06
cust_0047,2026-04-15,visit,
cust_0071,2026-04-15,visit,
cust_0078,2026-04-15,visit,
cust_0080,2026-04-15,visit,
cust_0094,2026-04-15,visit,
cust_0118,2026-04-15,visit,
cust_0124,2026-04-15,visit,
cust_0129,2026-04-15,visit,
cust_0135,2026-04-15,visit,
cust_0139,2026-04-15,purchase,37.15
cust_0142,2026-04-15,visit,
cust_0157,2026-04-15,visit,
cust_0158,2026-04-15,visit,
cust_0163,2026-04-15,visit,
cust_0166,2026-04-15,purchase,47.19
cust_0166,2026-04-15,refund,47.19
cust_0168,2026-04-15,purchase,26.16
cust_0173,2026-04-15,visit,
cust_0182,2026-04-15,visit,
cust_0193,2026-04-15,purchase,42.37
cust_0197,2026-04-15,purchase,42.15
cust_0201,2026-04-15,visit,
cust_0218,2026-04-15,purchase,42.59
cust_0221,2026-04-15,purchase,47.26
cust_0242,2026-04-15,visit,
cust_0253,2026-04-15,visit,
cust_0256,2026-04-15,visit,
cust_0257,2026-04-15,purchase,15.26
cust_0284,2026-04-15,visit,
cust_0287,2026-04-15,visit,
cust_0314,2026-04-15,purchase,36.24
cust_0315,2026-04-15,visit,
cust_0317,2026-04-15,visit,
cust_0320,2026-04-15,visit,
cust_0321,2026-04-15,visit,
cust_0323,2026-04-15,visit,
cust_0329,2026-04-15,purchase,69.81
cust_0330,2026-04-15,purchase,92.07
cust_0387,2026-04-15,purchase,64.7
cust_0400,2026-04-15,visit,
cust_0406,2026-04-15,visit,
cust_0408,2026-04-15,visit,
cust_0434,2026-04-15,visit,
cust_0522,2026-04-15,visit,
cust_0528,2026-04-15,purchase,52.31
cust_0530,2026-04-15,visit,
cust_0534,2026-04-15,visit,
cust_0570,2026-04-15,visit,
cust_0596,2026-04-15,visit,
cust_0625,2026-04-15,ticket,
cust_0629,2026-04-15,purchase,38.15
cust_0630,2026-04-15,visit,
cust_0643,2026-04-15,purchase,56.15
cust_0643,2026-04-15,refund,56.15
cust_0647,2026-04-15,visit,
cust_0652,2026-04-15,visit,
cust_0661,2026-04-15,visit,
cust_0663,2026-04-15,purchase,42.95
cust_0663,2026-04-15,refund,42.95
cust_0681,2026-04-15,visit,
cust_0692,2026-04-15,visit,
cust_0700,2026-04-15,purchase,47.78
cust_0713,2026-04-15,visit,
cust_0715,2026-04-15,purchase,52.67
cust_0720,2026-04-15,purchase,13.23
cust_0729,2026-04-15,visit,
cust_0746,2026-04-15,visit,
cust_0755,2026-04-15,visit,
cust_0778,2026-04-15,purchase,50.29
cust_0787,2026-04-15,visit,
cust_0788,2026-04-15,visit,
cust_0790,2026-04-15,purchase,28.33
cust_0792,2026-04-15,visit,
cust_0794,2026-04-15,visit,
cust_0797,2026-04-15,ticket,
cust_0004,2026-04-16,visit,
cust_0005,2026-04-16,visit,
cust_0007,2026-04-16,purchase,53.62
cust_0015,2026-04-16,purchase,47.26
cust_0015,2026-04-16,refund,47.26
cust_0019,2026-04-16,purchase,83.98
cust_0026,2026-04-16,visit,
cust_0033,2026-04-16,visit,
cust_0048,2026-04-16,purchase,10.4
cust_0054,2026-04-16,purchase,38.33
cust_0073,2026-04-16,purchase,33.1
cust_0077,2026-04-16,visit,
cust_0078,2026-04-16,visit,
cust_0084,2026-04-16,purchase,21.43
cust_0086,2026-04-16,visit,
cust_0115,2026-04-16,visit,
cust_0121,2026-04-16,purchase,15.19
cust_0126,2026-04-16,visit,
cust_0135,2026-04-16,visit,
cust_0137,2026-04-16,ticket,
cust_0155,2026-04-16,purchase,22.95
cust_0169,2026-04-16,purchase,61.48
cust_0173,2026-04-16,purchase,21.53
cust_0174,2026-04-16,purchase,50.37
cust_0178,2026-04-16,visit,
cust_0195,2026-04-16,visit,
cust_0211,2026-04-16,visit,
cust_0245,2026-04-16,visit,
cust_0250,2026-04-16,purchase,32.31
cust_0258,2026-04-16,visit,
cust_0283,2026-04-16,purchase,122.71
cust_0285,2026-04-16,purchase,69.19
cust_0298,2026-04-16,purchase,32.76
cust_0299,2026-04-16,purchase,40.06
cust_0301,2026-04-16,visit,
cust_0311,2026-04-16,purchase,43.06
cust_0311,2026-04-16,refund,43.06
cust_0342,2026-04-16,visit,
cust_0369,2026-04-16,purchase,30.7
cust_0372,2026-04-16,visit,
cust_0399,2026-04-16,visit,
cust_0407,2026-04-16,purchase,54.78
cust_0412,2026-04-16,purchase,32.42
cust_0414,2026-04-16,visit,
cust_0418,2026-04-16,visit,
cust_0431,2026-04-16,purchase,31.82
cust_0441,2026-04-16,purchase,59.92
cust_0443,2026-04-16,ticket,
cust_0470,2026-04-16,visit,
cust_0493,2026-04-16,purchase,58.91
cust_0502,2026-04-16,visit,
cust_0506,2026-04-16,purchase,38.92
cust_0511,2026-04-16,visit,
cust_0539,2026-04-16,purchase,39.5
cust_0542,2026-04-16,purchase,53.94
cust_0559,2026-04-16,visit,
cust_0641,2026-04-16,purchase,38.52
cust_0663,2026-04-16,visit,
cust_0677,2026-04-16,visit,
cust_0678,2026-04-16,visit,
cust_0679,2026-04-16,visit,
cust_0680,2026-04-16,visit,
cust_0692,2026-04-16,visit,
cust_0695,2026-04-16,purchase,60.63
cust_0711,2026-04-16,purchase,24.82
cust_0714,2026-04-16,purchase,20.85
cust_0719,2026-04-16,visit,
cust_0729,2026-04-16,visit,
cust_0732,2026-04-16,purchase,31.31
cust_0742,2026-04-16,visit,
cust_0745,2026-04-16,visit,
cust_0746,2026-04-16,visit,
cust_0749,2026-04-16,visit,
cust_0752,2026-04-16,purchase,34.53
cust_0759,2026-04-16,ticket,
cust_0776,2026-04-16,visit,
cust_0779,2026-04-16,purchase,34.53
cust_0787,2026-04-16,visit,
cust_0793,2026-04-16,visit,
cust_0005,2026-04-17,visit,
cust_0010,2026-04-17,purchase,95.26
cust_0013,2026-04-17,purchase,36.69
cust_0025,2026-04-17,visit,
cust_0036,2026-04-17,visit,
cust_0040,2026-04-17,visit,
cust_0059,2026-04-17,visit,
cust_0073,2026-04-17,purchase,68.41
cust_0093,2026-04-17,ticket,
cust_0112,2026-04-17,purchase,56.64
cust_0118,2026-04-17,visit,
cust_0119,2026-04-17,visit,
cust_0124,2026-04-17,visit,
cust_0125,2026-04-17,purchase,22.84
cust_0137,2026-04-17,purchase,20.41
cust_0164,2026-04-17,purchase,16.85
cust_0175,2026-04-17,purchase,25.34
cust_0178,2026-04-17,visit,
cust_0199,2026-04-17,visit,
cust_0203,2026-04-17,purchase,19.32
cust_0208,2026-04-17,purchase,13.59
cust_0224,2026-04-17,visit,
cust_0235,2026-04-17,purchase,20.31
cust_0280,2026-04-17,visit,
cust_0292,2026-04-17,visit,
cust_0303,2026-04-17,visit,
cust_0311,2026-04-17,purchase,41.51
cust_0311,2026-04-17,refund,41.51
cust_0314,2026-04-17,visit,
cust_0322,2026-04-17,visit,
cust_0326,2026-04-17,visit,
cust_0358,2026-04-17,visit,
cust_0366,2026-04-17,visit,
cust_0406,2026-04-17,visit,
cust_0409,2026-04-17,visit,
cust_0414,2026-04-17,purchase,94.63
cust_0414,2026-04-17,refund,94.63
cust_0415,2026-04-17,visit,
cust_0443,2026-04-17,purchase,46.93
cust_0456,2026-04-17,visit,
cust_0457,2026-04-17,purchase,21.68
cust_0466,2026-04-17,purchase,42.62
cust_0469,2026-04-17,purchase,49.76
cust_0477,2026-04-17,visit,
cust_0479,2026-04-17,purchase,59.92
cust_0515,2026-04-17,visit,
cust_0522,2026-04-17,visit,
cust_0524,2026-04-17,visit,
cust_0531,2026-04-17,visit,
cust_0568,2026-04-17,purchase,27.67
cust_0602,2026-04-17,visit,
cust_0614,2026-04-17,visit,
cust_0615,2026-04-17,visit,
cust_0620,2026-04-17,visit,
cust_0623,2026-04-17,purchase,61.15
cust_0642,2026-04-17,visit,
cust_0652,2026-04-17,visit,
cust_0669,2026-04-17,visit,
cust_0671,2026-04-17,visit,
cust_0677,2026-04-17,visit,
cust_0678,2026-04-17,visit,
cust_0688,2026-04-17,purchase,54.09
cust_0688,2026-04-17,refund,54.09
cust_0695,2026-04-17,visit,
cust_0699,2026-04-17,purchase,53.41
cust_0700,2026-04-17,purchase,37.05
cust_0708,2026-04-17,ticket,
cust_0716,2026-04-17,visit,
cust_0722,2026-04-17,visit,
cust_0725,2026-04-17,visit,
cust_0738,2026-04-17,visit,
cust_0739,2026-04-17,visit,
cust_0759,2026-04-17,visit,
cust_0760,2026-04-17,visit,
cust_0762,2026-04-17,ticket,
cust_0002,2026-04-18,purchase,16.81
cust_0037,2026-04-18,visit,
cust_0044,2026-04-18,purchase,16.58
cust_0046,2026-04-18,purchase,47.66
cust_0048,2026-04-18,purchase,25.66
cust_0058,2026-04-18,visit,
cust_0063,2026-04-18,visit,
cust_0077,2026-04-18,purchase,65.64
cust_0103,2026-04-18,visit,
cust_0115,2026-04-18,purchase,51.35
cust_0154,2026-04-18,visit,
cust_0162,2026-04-18,visit,
cust_0195,2026-04-18,purchase,52.65
cust_0201,2026-04-18,ticket,
cust_0204,2026-04-18,purchase,24.77
cust_0233,2026-04-18,ticket,
cust_0290,2026-04-18,visit,
cust_0297,2026-04-18,visit,
cust_0298,2026-04-18,purchase,27.26
cust_0321,2026-04-18,visit,
cust_0342,2026-04-18,visit,
cust_0355,2026-04-18,purchase,24.91
cust_0355,2026-04-18,refund,24.91
cust_0357,2026-04-18,visit,
cust_0359,2026-04-18,visit,
cust_0366,2026-04-18,purchase,25.32
cust_0366,2026-04-18,refund,25.32
cust_0372,2026-04-18,visit,
cust_0374,2026-04-18,purchase,69.12
cust_0379,2026-04-18,purchase,27.37
cust_0379,2026-04-18,refund,27.37
cust_0408,2026-04-18,visit,
cust_0423,2026-04-18,purchase,32.29
cust_0424,2026-04-18,visit,
cust_0434,2026-04-18,purchase,13.85
cust_0463,2026-04-18,purchase,41.83
cust_0524,2026-04-18,visit,
cust_0541,2026-04-18,visit,
cust_0552,2026-04-18,purchase,27.32
cust_0561,2026-04-18,purchase,84.91
cust_0569,2026-04-18,visit,
cust_0570,2026-04-18,visit,
cust_0575,2026-04-18,visit,
cust_0582,2026-04-18,visit,
cust_0586,2026-04-18,visit,
cust_0604,2026-04-18,purchase,35.34
cust_0606,2026-04-18,visit,
cust_0617,2026-04-18,visit,
cust_0623,2026-04-18,visit,
cust_0662,2026-04-18,visit,
cust_0663,2026-04-18,visit,
cust_0666,2026-04-18,visit,
cust_0673,2026-04-18,visit,
cust_0679,2026-04-18,visit,
cust_0698,2026-04-18,ticket,
cust_0701,2026-04-18,purchase,30.91
cust_0705,2026-04-18,purchase,23.97
cust_0705,2026-04-18,refund,23.97
cust_0706,2026-04-18,purchase,29.44
cust_0709,2026-04-18,visit,
cust_0714,2026-04-18,visit,
cust_0722,2026-04-18,visit,
cust_0730,2026-04-18,visit,
cust_0756,2026-04-18,visit,
cust_0772,2026-04-18,visit,
cust_0785,2026-04-18,purchase,47.87
cust_0793,2026-04-18,ticket,
cust_0795,2026-04-18,purchase,37.18
cust_0001,2026-04-19,visit,
cust_0025,2026-04-19,purchase,57.94
cust_0028,2026-04-19,visit,
cust_0029,2026-04-19,visit,
cust_0046,2026-04-19,purchase,42.61
cust_0055,2026-04-19,purchase,52.89
cust_0078,2026-04-19,visit,
cust_0097,2026-04-19,visit,
cust_0098,2026-04-19,purchase,30.76
cust_0100,2026-04-19,purchase,60.14
cust_0105,2026-04-19,purchase,36.35
cust_0108,2026-04-19,ticket,
cust_0121,2026-04-19,visit,
cust_0141,2026-04-19,visit,
cust_0146,2026-04-19,visit,
cust_0150,2026-04-19,purchase,55.06
cust_0156,2026-04-19,visit,
cust_0164,2026-04-19,visit,
cust_0166,2026-04-19,visit,
cust_0169,2026-04-19,purchase,37.5
cust_0169,2026-04-19,refund,37.5
cust_0192,2026-04-19,purchase,32.92
cust_0197,2026-04-19,ticket,
cust_0219,2026-04-19,purchase,33.94
cust_0224,2026-04-19,purchase,22.64
cust_0226,2026-04-19,visit,
cust_0236,2026-04-19,visit,
cust_0251,2026-04-19,visit,
cust_0253,2026-04-19,purchase,14.97
cust_0272,2026-04-19,purchase,45.16
cust_0274,2026-04-19,purchase,54.05
cust_0275,2026-04-19,visit,
cust_0288,2026-04-19,visit,
cust_0303,2026-04-19,purchase,62.75
cust_0306,2026-04-19,visit,
cust_0323,2026-04-19,visit,
cust_0345,2026-04-19,visit,
cust_0355,2026-04-19,visit,
cust_0363,2026-04-19,purchase,57.05
cust_0378,2026-04-19,purchase,27.43
cust_0378,2026-04-19,refund,27.43
cust_0395,2026-04-19,visit,
cust_0410,2026-04-19,purchase,60.49
cust_0459,2026-04-19,visit,
cust_0473,2026-04-19,visit,
cust_0479,2026-04-19,purchase,34.86
cust_0480,2026-04-19,visit,
cust_0483,2026-04-19,visit,
cust_0489,2026-04-19,purchase,62.18
cust_0499,2026-04-19,purchase,33.93
cust_0529,2026-04-19,ticket,
cust_0561,2026-04-19,visit,
cust_0568,2026-04-19,visit,
cust_0614,2026-04-19,visit,
cust_0616,2026-04-19,visit,
cust_0624,2026-04-19,visit,
cust_0632,2026-04-19,visit,
cust_0634,2026-04-19,purchase,32.26
cust_0657,2026-04-19,visit,
cust_0679,2026-04-19,visit,
cust_0711,2026-04-19,visit,
cust_0717,2026-04-19,purchase,40.02
cust_0736,2026-04-19,purchase,28.9
cust_0745,2026-04-19,visit,
cust_0767,2026-04-19,visit,
cust_0779,2026-04-19,visit,
cust_0797,2026-04-19,visit,
cust_0021,2026-04-20,purchase,57.74
cust_0025,2026-04-20,visit,
cust_0035,2026-04-20,visit,
cust_0050,2026-04-20,purchase,37.7
cust_0055,2026-04-20,purchase,62.85
cust_0074,2026-04-20,ticket,
cust_0080,2026-04-20,purchase,39.64
cust_0082,2026-04-20,purchase,14.26
cust_0083,2026-04-20,purchase,22.55
cust_0108,2026-04-20,purchase,31.28
cust_0113,2026-04-20,visit,
cust_0114,2026-04-20,visit,
cust_0124,2026-04-20,visit,
cust_0132,2026-04-20,visit,
cust_0155,2026-04-20,visit,
cust_0165,2026-04-20,visit,
cust_0179,2026-04-20,visit,
cust_0181,2026-04-20,visit,
cust_0185,2026-04-20,visit,
cust_0189,2026-04-20,ticket,
cust_0191,2026-04-20,visit,
cust_0203,2026-04-20,visit,
cust_0210,2026-04-20,visit,
cust_0218,2026-04-20,visit,
cust_0239,2026-04-20,visit,
cust_0258,2026-04-20,visit,
cust_0267,2026-04-20,purchase,32.42
cust_0271,2026-04-20,visit,
cust_0273,2026-04-20,visit,
cust_0275,2026-04-20,visit,
cust_0282,2026-04-20,visit,
cust_0311,2026-04-20,ticket,
cust_0317,2026-04-20,visit,
cust_0322,2026-04-20,purchase,44.77
cust_0365,2026-04-20,purchase,21.06
cust_0367,2026-04-20,visit,
cust_0389,2026-04-20,purchase,40.83
cust_0392,2026-04-20,visit,
cust_0407,2026-04-20,visit,
cust_0409,2026-04-20,visit,
cust_0410,2026-04-20,ticket,
cust_0416,2026-04-20,visit,
cust_0419,2026-04-20,visit,
cust_0423,2026-04-20,visit,
cust_0431,2026-04-20,visit,
cust_0432,2026-04-20,visit,
cust_0445,2026-04-20,purchase,43.88
cust_0468,2026-04-20,purchase,27.56
cust_0490,2026-04-20,purchase,38.55
cust_0498,2026-04-20,visit,
cust_0506,2026-04-20,purchase,48.94
cust_0543,2026-04-20,ticket,
cust_0545,2026-04-20,visit,
cust_0559,2026-04-20,visit,
cust_0566,2026-04-20,purchase,26.61
cust_0588,2026-04-20,visit,
cust_0599,2026-04-20,purchase,49.58
cust_0620,2026-04-20,purchase,55.09
cust_0639,2026-04-20,visit,
cust_0652,2026-04-20,visit,
cust_0672,2026-04-20,visit,
cust_0673,2026-04-20,visit,
cust_0679,2026-04-20,visit,
cust_0680,2026-04-20,purchase,45.88
cust_0708,2026-04-20,visit,
cust_0711,2026-04-20,visit,
cust_0725,2026-04-20,purchase,46.07
cust_0734,2026-04-20,visit,
cust_0736,2026-04-20,purchase,47.38
cust_0739,2026-04-20,visit,
cust_0757,2026-04-20,visit,
cust_0787,2026-04-20,visit,
cust_0793,2026-04-20,visit,
cust_0012,2026-04-21,visit,
cust_0022,2026-04-21,purchase,54.69
cust_0030,2026-04-21,purchase,22.64
cust_0036,2026-04-21,visit,
cust_0092,2026-04-21,purchase,17.27
cust_0097,2026-04-21,purchase,12.26
cust_0104,2026-04-21,visit,
cust_0112,2026-04-21,purchase,23.25
cust_0113,2026-04-21,purchase,27.86
cust_0136,2026-04-21,visit,
cust_0137,2026-04-21,visit,
cust_0168,2026-04-21,purchase,61.68
cust_0168,2026-04-21,refund,61.68
cust_0173,2026-04-21,visit,
cust_0181,2026-04-21,visit,
cust_0223,2026-04-21,purchase,57.44
cust_0223,2026-04-21,refund,57.44
cust_0241,2026-04-21,visit,
cust_0246,2026-04-21,visit,
cust_0249,2026-04-21,visit,
cust_0253,2026-04-21,purchase,64.35
cust_0267,2026-04-21,visit,
cust_0276,2026-04-21,visit,
cust_0277,2026-04-21,visit,
cust_0288,2026-04-21,purchase,28.51
cust_0296,2026-04-21,visit,
cust_0299,2026-04-21,purchase,39.5
cust_0314,2026-04-21,visit,
cust_0323,2026-04-21,visit,
cust_0376,2026-04-21,visit,
cust_0380,2026-04-21,purchase,38.82
cust_0399,2026-04-21,purchase,20.73
cust_0399,2026-04-21,refund,20.73
cust_0400,2026-04-21,visit,
cust_0406,2026-04-21,visit,
cust_0409,2026-04-21,visit,
cust_0415,2026-04-21,visit,
cust_0428,2026-04-21,visit,
cust_0436,2026-04-21,visit,
cust_0445,2026-04-21,visit,
cust_0457,2026-04-21,visit,
cust_0464,2026-04-21,visit,
cust_0466,2026-04-21,visit,
cust_0473,2026-04-21,visit,
cust_0479,2026-04-21,visit,
cust_0503,2026-04-21,visit,
cust_0516,2026-04-21,visit,
cust_0518,2026-04-21,visit,
cust_0524,2026-04-21,visit,
cust_0532,2026-04-21,purchase,73.52
cust_0552,2026-04-21,visit,
cust_0558,2026-04-21,purchase,62.47
cust_0595,2026-04-21,purchase,55.59
cust_0666,2026-04-21,visit,
cust_0669,2026-04-21,purchase,28.17
cust_0672,2026-04-21,visit,
cust_0678,2026-04-21,purchase,26.57
cust_0689,2026-04-21,visit,
cust_0706,2026-04-21,visit,
cust_0708,2026-04-21,visit,
cust_0724,2026-04-21,purchase,68.31
cust_0741,2026-04-21,visit,
cust_0743,2026-04-21,purchase,22.64
cust_0749,2026-04-21,visit,
cust_0762,2026-04-21,purchase,29.69
cust_0763,2026-04-21,visit,
cust_0786,2026-04-21,visit,
cust_0794,2026-04-21,purchase,43.55
cust_0794,2026-04-21,refund,43.55
cust_0797,2026-04-21,ticket,
cust_0011,2026-04-22,purchase,33.79
cust_0013,2026-04-22,visit,
cust_0014,2026-04-22,visit,
cust_0028,2026-04-22,visit,
cust_0032,2026-04-22,visit,
cust_0040,2026-04-22,visit,
cust_0042,2026-04-22,visit,
cust_0043,2026-04-22,visit,
cust_0051,2026-04-22,purchase,21.96
cust_0051,2026-04-22,refund,21.96
cust_0063,2026-04-22,visit,
cust_0067,2026-04-22,purchase,27.02
cust_0069,2026-04-22,visit,
cust_0078,2026-04-22,purchase,39.86
cust_0108,2026-04-22,ticket,
cust_0115,2026-04-22,purchase,27.51
cust_0125,2026-04-22,visit,
cust_0137,2026-04-22,visit,
cust_0181,2026-04-22,visit,
cust_0191,2026-04-22,visit,
cust_0201,2026-04-22,purchase,25.1
cust_0212,2026-04-22,visit,
cust_0221,2026-04-22,visit,
cust_0251,2026-04-22,purchase,46.19
cust_0255,2026-04-22,purchase,49.79
cust_0255,2026-04-22,refund,49.79
cust_0265,2026-04-22,visit,
cust_0271,2026-04-22,visit,
cust_0274,2026-04-22,visit,
cust_0282,2026-04-22,visit,
cust_0292,2026-04-22,visit,
cust_0294,2026-04-22,visit,
cust_0298,2026-04-22,visit,
cust_0301,2026-04-22,visit,
cust_0303,2026-04-22,visit,
cust_0316,2026-04-22,visit,
cust_0352,2026-04-22,visit,
cust_0364,2026-04-22,visit,
cust_0379,2026-04-22,visit,
cust_0384,2026-04-22,visit,
cust_0415,2026-04-22,visit,
cust_0431,2026-04-22,visit,
cust_0435,2026-04-22,visit,
cust_0449,2026-04-22,purchase,40.85
cust_0461,2026-04-22,visit,
cust_0470,2026-04-22,visit,
cust_0482,2026-04-22,visit,
cust_0487,2026-04-22,purchase,51.43
cust_0511,2026-04-22,visit,
cust_0523,2026-04-22,visit,
cust_0528,2026-04-22,visit,
cust_0531,2026-04-22,purchase,45.03
cust_0534,2026-04-22,visit,
cust_0541,2026-04-22,visit,
cust_0543,2026-04-22,purchase,16.56
cust_0560,2026-04-22,visit,
cust_0561,2026-04-22,visit,
cust_0595,2026-04-22,purchase,42.85
cust_0599,2026-04-22,visit,
cust_0611,2026-04-22,visit,
cust_0612,2026-04-22,ticket,
cust_0617,2026-04-22,purchase,29.99
cust_0651,2026-04-22,visit,
cust_0670,2026-04-22,purchase,21.31
cust_0671,2026-04-22,visit,
cust_0676,2026-04-22,visit,
cust_0693,2026-04-22,visit,
cust_0707,2026-04-22,visit,
cust_0709,2026-04-22,visit,
cust_0711,2026-04-22,visit,
cust_0714,2026-04-22,purchase,53.24
cust_0732,2026-04-22,visit,
cust_0745,2026-04-22,purchase,84.34
cust_0747,2026-04-22,visit,
cust_0756,2026-04-22,purchase,81.6
cust_0759,2026-04-22,visit,
cust_0763,2026-04-22,visit,
cust_0769,2026-04-22,visit,
cust_0002,2026-04-23,visit,
cust_0022,2026-04-23,purchase,110.75
cust_0032,2026-04-23,visit,
cust_0043,2026-04-23,purchase,53.58
cust_0056,2026-04-23,visit,
cust_0067,2026-04-23,visit,
cust_0080,2026-04-23,visit,
cust_0082,2026-04-23,visit,
cust_0085,2026-04-23,visit,
cust_0096,2026-04-23,purchase,47.7
cust_0109,2026-04-23,purchase,88.63
cust_0112,2026-04-23,visit,
cust_0117,2026-04-23,visit,
cust_0122,2026-04-23,ticket,
cust_0167,2026-04-23,visit,
cust_0174,2026-04-23,purchase,44.22
cust_0185,2026-04-23,visit,
cust_0187,2026-04-23,visit,
cust_0221,2026-04-23,purchase,61.06
cust_0224,2026-04-23,visit,
cust_0238,2026-04-23,visit,
cust_0242,2026-04-23,visit,
cust_0244,2026-04-23,visit,
cust_0251,2026-04-23,purchase,32.33
cust_0261,2026-04-23,purchase,15.06
cust_0267,2026-04-23,visit,
cust_0268,2026-04-23,purchase,37.72
cust_0273,2026-04-23,purchase,73.4
cust_0283,2026-04-23,visit,
cust_0289,2026-04-23,visit,
cust_0299,2026-04-23,visit,
cust_0300,2026-04-23,purchase,16.62
cust_0302,2026-04-23,visit,
cust_0312,2026-04-23,visit,
cust_0323,2026-04-23,visit,
cust_0325,2026-04-23,visit,
cust_0326,2026-04-23,purchase,33.82
cust_0329,2026-04-23,visit,
cust_0339,2026-04-23,purchase,18.67
cust_0341,2026-04-23,purchase,42.82
cust_0341,2026-04-23,refund,42.82
cust_0350,2026-04-23,ticket,
cust_0360,2026-04-23,visit,
cust_0371,2026-04-23,visit,
cust_0386,2026-04-23,purchase,40.92
cust_0396,2026-04-23,purchase,23.75
cust_0409,2026-04-23,visit,
cust_0414,2026-04-23,purchase,39.21
cust_0423,2026-04-23,visit,
cust_0438,2026-04-23,ticket,
cust_0447,2026-04-23,purchase,16.88
cust_0465,2026-04-23,visit,
cust_0466,2026-04-23,purchase,36.35
cust_0467,2026-04-23,visit,
cust_0469,2026-04-23,purchase,28.92
cust_0479,2026-04-23,visit,
cust_0523,2026-04-23,ticket,
cust_0531,2026-04-23,visit,
cust_0540,2026-04-23,visit,
cust_0541,2026-04-23,visit,
cust_0560,2026-04-23,visit,
cust_0625,2026-04-23,purchase,44.44
cust_0629,2026-04-23,ticket,
cust_0657,2026-04-23,visit,
cust_0719,2026-04-23,purchase,92.81
cust_0726,2026-04-23,visit,
cust_0757,2026-04-23,purchase,101.59
cust_0768,2026-04-23,visit,
cust_0779,2026-04-23,purchase,44.02
cust_0789,2026-04-23,visit,
cust_0798,2026-04-23,visit,
cust_0002,2026-04-24,visit,
cust_0005,2026-04-24,visit,
cust_0013,2026-04-24,purchase,17.43
cust_0028,2026-04-24,visit,
cust_0036,2026-04-24,purchase,23.96
cust_0039,2026-04-24,visit,
cust_0072,2026-04-24,purchase,30.84
cust_0080,2026-04-24,visit,
cust_0094,2026-04-24,purchase,25.02
cust_0099,2026-04-24,purchase,36.53
cust_0123,2026-04-24,ticket,
cust_0128,2026-04-24,purchase,31.74
cust_0142,2026-04-24,visit,
cust_0148,2026-04-24,purchase,22.71
cust_0150,2026-04-24,visit,
cust_0175,2026-04-24,visit,
cust_0177,2026-04-24,visit,
cust_0182,2026-04-24,purchase,81.44
cust_0185,2026-04-24,visit,
cust_0191,2026-04-24,purchase,30.76
cust_0195,2026-04-24,visit,
cust_0196,2026-04-24,visit,
cust_0198,2026-04-24,purchase,22.51
cust_0216,2026-04-24,visit,
cust_0219,2026-04-24,visit,
cust_0225,2026-04-24,visit,
cust_0251,2026-04-24,visit,
cust_0327,2026-04-24,purchase,40.75
cust_0329,2026-04-24,visit,
cust_0344,2026-04-24,visit,
cust_0360,2026-04-24,visit,
cust_0364,2026-04-24,visit,
cust_0380,2026-04-24,ticket,
cust_0395,2026-04-24,purchase,52.53
cust_0424,2026-04-24,visit,
cust_0444,2026-04-24,ticket,
cust_0467,2026-04-24,purchase,29.22
cust_0476,2026-04-24,visit,
cust_0479,2026-04-24,visit,
cust_0504,2026-04-24,purchase,20.65
cust_0514,2026-04-24,visit,
cust_0517,2026-04-24,purchase,50.58
cust_0517,2026-04-24,refund,50.58
cust_0521,2026-04-24,purchase,25.73
cust_0565,2026-04-24,visit,
cust_0568,2026-04-24,visit,
cust_0591,2026-04-24,visit,
cust_0600,2026-04-24,purchase,40.7
cust_0602,2026-04-24,visit,
cust_0613,2026-04-24,visit,
cust_0614,2026-04-24,visit,
cust_0629,2026-04-24,purchase,37.0
cust_0642,2026-04-24,visit,
cust_0643,2026-04-24,visit,
cust_0647,2026-04-24,purchase,22.15
cust_0651,2026-04-24,visit,
cust_0661,2026-04-24,purchase,52.82
cust_0686,2026-04-24,ticket,
cust_0694,2026-04-24,visit,
cust_0695,2026-04-24,purchase,33.36
cust_0736,2026-04-24,visit,
cust_0739,2026-04-24,visit,
cust_0745,2026-04-24,purchase,40.83
cust_0765,2026-04-24,purchase,29.58
cust_0768,2026-04-24,visit,
cust_0785,2026-04-24,purchase,43.88
cust_0790,2026-04-24,purchase,32.36
cust_0019,2026-04-25,purchase,17.99
cust_0026,2026-04-25,visit,
cust_0035,2026-04-25,visit,
cust_0038,2026-04-25,visit,
cust_0072,2026-04-25,purchase,40.7
cust_0094,2026-04-25,purchase,31.81
cust_0116,2026-04-25,visit,
cust_0130,2026-04-25,visit,
cust_0136,2026-04-25,ticket,
cust_0140,2026-04-25,visit,
cust_0164,2026-04-25,visit,
cust_0185,2026-04-25,purchase,126.26
cust_0201,2026-04-25,visit,
cust_0211,2026-04-25,purchase,19.2
cust_0221,2026-04-25,purchase,9.0
cust_0223,2026-04-25,visit,
cust_0242,2026-04-25,visit,
cust_0247,2026-04-25,ticket,
cust_0265,2026-04-25,visit,
cust_0268,2026-04-25,visit,
cust_0284,2026-04-25,visit,
cust_0288,2026-04-25,visit,
cust_0301,2026-04-25,ticket,
cust_0317,2026-04-25,visit,
cust_0318,2026-04-25,visit,
cust_0324,2026-04-25,purchase,40.74
cust_0325,2026-04-25,purchase,24.67
cust_0331,2026-04-25,purchase,38.05
cust_0342,2026-04-25,visit,
cust_0350,2026-04-25,visit,
cust_0359,2026-04-25,visit,
cust_0365,2026-04-25,visit,
cust_0382,2026-04-25,ticket,
cust_0388,2026-04-25,visit,
cust_0418,2026-04-25,visit,
cust_0424,2026-04-25,visit,
cust_0431,2026-04-25,purchase,35.88
cust_0458,2026-04-25,visit,
cust_0460,2026-04-25,visit,
cust_0462,2026-04-25,ticket,
cust_0464,2026-04-25,visit,
cust_0477,2026-04-25,visit,
cust_0481,2026-04-25,purchase,51.77
cust_0498,2026-04-25,visit,
cust_0502,2026-04-25,visit,
cust_0524,2026-04-25,visit,
cust_0531,2026-04-25,visit,
cust_0539,2026-04-25,visit,
cust_0569,2026-04-25,visit,
cust_0570,2026-04-25,visit,
cust_0608,2026-04-25,visit,
cust_0628,2026-04-25,visit,
cust_0635,2026-04-25,visit,
cust_0642,2026-04-25,purchase,17.43
cust_0647,2026-04-25,purchase,35.15
cust_0648,2026-04-25,visit,
cust_0658,2026-04-25,visit,
cust_0669,2026-04-25,purchase,49.38
cust_0671,2026-04-25,visit,
cust_0717,2026-04-25,visit,
cust_0725,2026-04-25,purchase,43.24
cust_0726,2026-04-25,ticket,
cust_0742,2026-04-25,visit,
cust_0752,2026-04-25,ticket,
cust_0775,2026-04-25,purchase,49.26
cust_0785,2026-04-25,visit,
cust_0022,2026-04-26,purchase,23.92
cust_0034,2026-04-26,visit,
cust_0045,2026-04-26,purchase,78.98
cust_0049,2026-04-26,purchase,51.44
cust_0055,2026-04-26,purchase,32.35
cust_0067,2026-04-26,visit,
cust_0084,2026-04-26,purchase,29.83
cust_0084,2026-04-26,refund,29.83
cust_0095,2026-04-26,visit,
cust_0100,2026-04-26,visit,
cust_0113,2026-04-26,ticket,
cust_0119,2026-04-26,purchase,53.2
cust_0124,2026-04-26,visit,
cust_0127,2026-04-26,ticket,
cust_0129,2026-04-26,purchase,53.62
cust_0136,2026-04-26,purchase,133.22
cust_0143,2026-04-26,purchase,72.75
cust_0150,2026-04-26,visit,
cust_0162,2026-04-26,visit,
cust_0176,2026-04-26,visit,
cust_0185,2026-04-26,visit,
cust_0194,2026-04-26,visit,
cust_0208,2026-04-26,purchase,28.27
cust_0224,2026-04-26,purchase,34.89
cust_0234,2026-04-26,visit,
cust_0247,2026-04-26,purchase,38.1
cust_0249,2026-04-26,visit,
cust_0273,2026-04-26,purchase,51.97
cust_0283,2026-04-26,visit,
cust_0286,2026-04-26,purchase,47.65
cust_0307,2026-04-26,visit,
cust_0316,2026-04-26,visit,
cust_0320,2026-04-26,visit,
cust_0322,2026-04-26,visit,
cust_0324,2026-04-26,visit,
cust_0349,2026-04-26,visit,
cust_0374,2026-04-26,visit,
cust_0406,2026-04-26,visit,
cust_0419,2026-04-26,visit,
cust_0445,2026-04-26,visit,
cust_0460,2026-04-26,purchase,32.52
cust_0477,2026-04-26,visit,
cust_0491,2026-04-26,purchase,21.72
cust_0497,2026-04-26,visit,
cust_0498,2026-04-26,purchase,33.89
cust_0503,2026-04-26,visit,
cust_0504,2026-04-26,visit,
cust_0509,2026-04-26,visit,
cust_0513,2026-04-26,purchase,98.69
cust_0531,2026-04-26,visit,
cust_0548,2026-04-26,purchase,64.98
cust_0595,2026-04-26,ticket,
cust_0604,2026-04-26,purchase,51.46
cust_0614,2026-04-26,visit,
cust_0616,2026-04-26,visit,
cust_0617,2026-04-26,purchase,67.92
cust_0620,2026-04-26,purchase,53.55
cust_0620,2026-04-26,refund,53.55
cust_0622,2026-04-26,visit,
cust_0640,2026-04-26,visit,
cust_0657,2026-04-26,visit,
cust_0694,2026-04-26,purchase,24.25
cust_0699,2026-04-26,purchase,10.43
cust_0722,2026-04-26,purchase,34.66
cust_0724,2026-04-26,visit,
cust_0733,2026-04-26,visit,
cust_0746,2026-04-26,visit,
cust_0753,2026-04-26,purchase,28.28
cust_0013,2026-04-27,purchase,66.44
cust_0034,2026-04-27,visit,
cust_0043,2026-04-27,purchase,103.07
cust_0067,2026-04-27,purchase,34.77
cust_0071,2026-04-27,ticket,
cust_0085,2026-04-27,visit,
cust_0103,2026-04-27,visit,
cust_0104,2026-04-27,visit,
cust_0110,2026-04-27,visit,
cust_0112,2026-04-27,visit,
cust_0120,2026-04-27,visit,
cust_0129,2026-04-27,purchase,13.17
cust_0133,2026-04-27,visit,
cust_0141,2026-04-27,purchase,77.72
cust_0164,2026-04-27,visit,
cust_0178,2026-04-27,visit,
cust_0185,2026-04-27,purchase,73.57
cust_0191,2026-04-27,visit,
cust_0216,2026-04-27,visit,
cust_0219,2026-04-27,ticket,
cust_0224,2026-04-27,purchase,16.38
cust_0228,2026-04-27,visit,
cust_0237,2026-04-27,visit,
cust_0242,2026-04-27,visit,
cust_0255,2026-04-27,purchase,34.4
cust_0258,2026-04-27,ticket,
cust_0263,2026-04-27,purchase,51.64
cust_0269,2026-04-27,visit,
cust_0272,2026-04-27,purchase,19.12
cust_0273,2026-04-27,purchase,71.61
cust_0290,2026-04-27,visit,
cust_0294,2026-04-27,visit,
cust_0295,2026-04-27,visit,
cust_0305,2026-04-27,visit,
cust_0310,2026-04-27,visit,
cust_0316,2026-04-27,visit,
cust_0341,2026-04-27,purchase,39.79
cust_0379,2026-04-27,purchase,17.51
cust_0384,2026-04-27,purchase,19.92
cust_0387,2026-04-27,visit,
cust_0390,2026-04-27,purchase,71.6
cust_0402,2026-04-27,purchase,43.32
cust_0407,2026-04-27,visit,
cust_0413,2026-04-27,visit,
cust_0414,2026-04-27,purchase,45.13
cust_0441,2026-04-27,visit,
cust_0459,2026-04-27,visit,
cust_0464,2026-04-27,purchase,53.72
cust_0464,2026-04-27,refund,53.72
cust_0475,2026-04-27,purchase,16.72
cust_0477,2026-04-27,purchase,17.66
cust_0492,2026-04-27,purchase,39.72
cust_0493,2026-04-27,purchase,13.57
cust_0495,2026-04-27,visit,
cust_0496,2026-04-27,purchase,21.92
cust_0497,2026-04-27,visit,
cust_0503,2026-04-27,visit,
cust_0507,2026-04-27,purchase,41.28
cust_0516,2026-04-27,visit,
cust_0528,2026-04-27,visit,
cust_0550,2026-04-27,visit,
cust_0553,2026-04-27,visit,
cust_0557,2026-04-27,visit,
cust_0580,2026-04-27,visit,
cust_0582,2026-04-27,purchase,36.44
cust_0598,2026-04-27,purchase,66.1
cust_0606,2026-04-27,visit,
cust_0608,2026-04-27,purchase,31.04
cust_0611,2026-04-27,purchase,39.59
cust_0620,2026-04-27,purchase,23.05
cust_0633,2026-04-27,purchase,34.4
cust_0635,2026-04-27,purchase,24.2
cust_0642,2026-04-27,visit,
cust_0643,2026-04-27,purchase,44.72
cust_0652,2026-04-27,visit,
cust_0668,2026-04-27,visit,
cust_0692,2026-04-27,purchase,26.94
cust_0698,2026-04-27,ticket,
cust_0707,2026-04-27,purchase,22.76
cust_0710,2026-04-27,visit,
cust_0722,2026-04-27,visit,
cust_0726,2026-04-27,purchase,36.96
cust_0742,2026-04-27,purchase,38.1
cust_0743,2026-04-27,visit,
cust_0749,2026-04-27,purchase,48.75
cust_0756,2026-04-27,visit,
cust_0795,2026-04-27,ticket,
cust_0000,2026-04-28,visit,
cust_0004,2026-04-28,visit,
cust_0012,2026-04-28,visit,
cust_0017,2026-04-28,purchase,40.95
cust_0019,2026-04-28,purchase,61.87
cust_0062,2026-04-28,visit,
cust_0071,2026-04-28,ticket,
cust_0074,2026-04-28,purchase,28.86
cust_0099,2026-04-28,purchase,31.06
cust_0104,2026-04-28,visit,
cust_0105,2026-04-28,purchase,57.69
cust_0134,2026-04-28,purchase,65.23
cust_0148,2026-04-28,purchase,40.05
cust_0153,2026-04-28,visit,
cust_0167,2026-04-28,visit,
cust_0177,2026-04-28,visit,
cust_0185,2026-04-28,purchase,26.4
cust_0200,2026-04-28,visit,
cust_0201,2026-04-28,visit,
cust_0209,2026-04-28,purchase,47.63
cust_0218,2026-04-28,purchase,91.88
cust_0231,2026-04-28,visit,
cust_0255,2026-04-28,purchase,57.69
cust_0255,2026-04-28,refund,57.69
cust_0267,2026-04-28,purchase,19.84
cust_0271,2026-04-28,purchase,22.96
cust_0274,2026-04-28,visit,
cust_0283,2026-04-28,purchase,54.65
cust_0288,2026-04-28,visit,
cust_0297,2026-04-28,visit,
cust_0301,2026-04-28,visit,
cust_0309,2026-04-28,visit,
cust_0319,2026-04-28,visit,
cust_0401,2026-04-28,visit,
cust_0414,2026-04-28,visit,
cust_0423,2026-04-28,visit,
cust_0424,2026-04-28,purchase,42.46
cust_0429,2026-04-28,purchase,76.53
cust_0429,2026-04-28,refund,76.53
cust_0446,2026-04-28,visit,
cust_0469,2026-04-28,visit,
cust_0470,2026-04-28,visit,
cust_0477,2026-04-28,visit,
cust_0503,2026-04-28,visit,
cust_0504,2026-04-28,purchase,35.96
cust_0548,2026-04-28,purchase,69.68
cust_0555,2026-04-28,purchase,43.41
cust_0565,2026-04-28,visit,
cust_0567,2026-04-28,purchase,27.99
cust_0580,2026-04-28,visit,
cust_0607,2026-04-28,purchase,40.83
cust_0608,2026-04-28,visit,
cust_0613,2026-04-28,purchase,22.08
cust_0652,2026-04-28,visit,
cust_0657,2026-04-28,visit,
cust_0668,2026-04-28,visit,
cust_0680,2026-04-28,purchase,25.32
cust_0700,2026-04-28,purchase,25.72
cust_0703,2026-04-28,purchase,50.93
cust_0708,2026-04-28,purchase,33.59
cust_0711,2026-04-28,visit,
cust_0717,2026-04-28,visit,
cust_0733,2026-04-28,visit,
cust_0734,2026-04-28,visit,
cust_0745,2026-04-28,visit,
cust_0747,2026-04-28,visit,
cust_0753,2026-04-28,visit,
cust_0762,2026-04-28,purchase,70.9
cust_0770,2026-04-28,visit,
cust_0780,2026-04-28,visit,
cust_0799,2026-04-28,visit,
cust_0019,2026-04-29,purchase,36.67
cust_0025,2026-04-29,visit,
cust_0028,2026-04-29,purchase,25.61
cust_0033,2026-04-29,visit,
cust_0044,2026-04-29,visit,
cust_0055,2026-04-29,purchase,56.88
cust_0083,2026-04-29,purchase,16.11
cust_0091,2026-04-29,purchase,19.66
cust_0092,2026-04-29,purchase,20.39
cust_0105,2026-04-29,purchase,38.03
cust_0120,2026-04-29,purchase,22.67
cust_0120,2026-04-29,refund,22.67
cust_0125,2026-04-29,purchase,43.57
cust_0125,2026-04-29,refund,43.57
cust_0140,2026-04-29,purchase,29.99
cust_0142,2026-04-29,purchase,51.69
cust_0145,2026-04-29,visit,
cust_0148,2026-04-29,purchase,16.86
cust_0150,2026-04-29,visit,
cust_0155,2026-04-29,visit,
cust_0175,2026-04-29,visit,
cust_0178,2026-04-29,visit,
cust_0182,2026-04-29,purchase,53.27
cust_0195,2026-04-29,purchase,28.04
cust_0198,2026-04-29,purchase,18.34
cust_0230,2026-04-29,visit,
cust_0233,2026-04-29,visit,
cust_0240,2026-04-29,ticket,
cust_0260,2026-04-29,purchase,13.92
cust_0279,2026-04-29,visit,
cust_0288,2026-04-29,purchase,82.36
cust_0297,2026-04-29,visit,
cust_0303,2026-04-29,visit,
cust_0317,2026-04-29,visit,
cust_0332,2026-04-29,visit,
cust_0361,2026-04-29,visit,
cust_0386,2026-04-29,visit,
cust_0394,2026-04-29,visit,
cust_0403,2026-04-29,visit,
cust_0405,2026-04-29,ticket,
cust_0420,2026-04-29,visit,
cust_0431,2026-04-29,visit,
cust_0433,2026-04-29,purchase,61.71
cust_0436,2026-04-29,visit,
cust_0445,2026-04-29,purchase,27.66
cust_0458,2026-04-29,purchase,17.13
cust_0461,2026-04-29,visit,
cust_0464,2026-04-29,purchase,29.63
cust_0479,2026-04-29,visit,
cust_0484,2026-04-29,purchase,69.44
cust_0519,2026-04-29,purchase,116.03
cust_0522,2026-04-29,visit,
cust_0535,2026-04-29,purchase,62.82
cust_0541,2026-04-29,purchase,41.89
cust_0548,2026-04-29,visit,
cust_0561,2026-04-29,purchase,40.82
cust_0579,2026-04-29,visit,
cust_0580,2026-04-29,visit,
cust_0616,2026-04-29,visit,
cust_0620,2026-04-29,ticket,
cust_0621,2026-04-29,visit,
cust_0623,2026-04-29,visit,
cust_0630,2026-04-29,purchase,53.67
cust_0633,2026-04-29,visit,
cust_0647,2026-04-29,visit,
cust_0648,2026-04-29,visit,
cust_0687,2026-04-29,purchase,13.0
cust_0708,2026-04-29,purchase,56.72
cust_0713,2026-04-29,purchase,86.67
cust_0715,2026-04-29,visit,
cust_0720,2026-04-29,purchase,34.16
cust_0748,2026-04-29,visit,
cust_0756,2026-04-29,purchase,8.99
cust_0778,2026-04-29,visit,
cust_0792,2026-04-29,visit,
cust_0795,2026-04-29,purchase,61.68
cust_0016,2026-04-30,purchase,49.06
cust_0025,2026-04-30,visit,
cust_0026,2026-04-30,visit,
cust_0029,2026-04-30,visit,
cust_0054,2026-04-30,purchase,33.26
cust_0055,2026-04-30,purchase,24.1
cust_0057,2026-04-30,purchase,32.45
cust_0069,2026-04-30,visit,
cust_0083,2026-04-30,visit,
cust_0094,2026-04-30,purchase,17.03
cust_0096,2026-04-30,visit,
cust_0097,2026-04-30,visit,
cust_0103,2026-04-30,visit,
cust_0108,2026-04-30,visit,
cust_0150,2026-04-30,visit,
cust_0165,2026-04-30,visit,
cust_0173,2026-04-30,visit,
cust_0174,2026-04-30,visit,
cust_0175,2026-04-30,visit,
cust_0178,2026-04-30,purchase,28.63
cust_0185,2026-04-30,purchase,36.92
cust_0201,2026-04-30,visit,
cust_0213,2026-04-30,purchase,42.31
cust_0216,2026-04-30,visit,
cust_0221,2026-04-30,purchase,34.19
cust_0232,2026-04-30,purchase,65.68
cust_0234,2026-04-30,ticket,
cust_0239,2026-04-30,visit,
cust_0242,2026-04-30,visit,
cust_0255,2026-04-30,purchase,35.46
cust_0266,2026-04-30,purchase,26.11
cust_0271,2026-04-30,purchase,71.42
cust_0284,2026-04-30,purchase,22.54
cust_0285,2026-04-30,purchase,31.14
cust_0288,2026-04-30,visit,
cust_0289,2026-04-30,purchase,91.23
cust_0295,2026-04-30,purchase,41.7
cust_0297,2026-04-30,visit,
cust_0301,2026-04-30,visit,
cust_0307,2026-04-30,visit,
cust_0324,2026-04-30,ticket,
cust_0333,2026-04-30,visit,
cust_0347,2026-04-30,visit,
cust_0361,2026-04-30,purchase,36.91
cust_0366,2026-04-30,purchase,48.47
cust_0388,2026-04-30,purchase,30.64
cust_0388,2026-04-30,refund,30.64
cust_0415,2026-04-30,visit,
cust_0420,2026-04-30,purchase,40.39
cust_0457,2026-04-30,visit,
cust_0461,2026-04-30,visit,
cust_0468,2026-04-30,purchase,31.18
cust_0477,2026-04-30,ticket,
cust_0516,2026-04-30,purchase,43.63
cust_0531,2026-04-30,purchase,22.57
cust_0532,2026-04-30,purchase,52.63
cust_0548,2026-04-30,visit,
cust_0563,2026-04-30,visit,
cust_0579,2026-04-30,visit,
cust_0592,2026-04-30,purchase,21.89
cust_0598,2026-04-30,purchase,25.07
cust_0619,2026-04-30,purchase,18.49
cust_0630,2026-04-30,purchase,22.63
cust_0644,2026-04-30,visit,
cust_0651,2026-04-30,visit,
cust_0661,2026-04-30,visit,
cust_0668,2026-04-30,purchase,80.33
cust_0674,2026-04-30,purchase,44.31
cust_0674,2026-04-30,refund,44.31
cust_0677,2026-04-30,visit,
cust_0678,2026-04-30,purchase,27.5
cust_0697,2026-04-30,purchase,44.07
cust_0701,2026-04-30,visit,
cust_0711,2026-04-30,purchase,47.8
cust_0000,2026-05-01,visit,
cust_0009,2026-05-01,ticket,
cust_0030,2026-05-01,purchase,52.16
cust_0040,2026-05-01,visit,
cust_0043,2026-05-01,visit,
cust_0048,2026-05-01,visit,
cust_0060,2026-05-01,visit,
cust_0068,2026-05-01,visit,
cust_0078,2026-05-01,visit,
cust_0093,2026-05-01,visit,
cust_0105,2026-05-01,visit,
cust_0112,2026-05-01,visit,
cust_0131,2026-05-01,purchase,65.8
cust_0136,2026-05-01,visit,
cust_0147,2026-05-01,ticket,
cust_0151,2026-05-01,visit,
cust_0162,2026-05-01,visit,
cust_0181,2026-05-01,visit,
cust_0193,2026-05-01,visit,
cust_0209,2026-05-01,visit,
cust_0211,2026-05-01,purchase,27.36
cust_0220,2026-05-01,visit,
cust_0226,2026-05-01,visit,
cust_0258,2026-05-01,visit,
cust_0259,2026-05-01,visit,
cust_0266,2026-05-01,visit,
cust_0271,2026-05-01,visit,
cust_0275,2026-05-01,purchase,43.92
cust_0284,2026-05-01,purchase,14.57
cust_0289,2026-05-01,visit,
cust_0292,2026-05-01,purchase,35.68
cust_0293,2026-05-01,visit,
cust_0297,2026-05-01,ticket,
cust_0303,2026-05-01,purchase,51.3
cust_0305,2026-05-01,purchase,60.16
cust_0311,2026-05-01,visit,
cust_0341,2026-05-01,visit,
cust_0361,2026-05-01,visit,
cust_0365,2026-05-01,visit,
cust_0374,2026-05-01,purchase,19.17
cust_0380,2026-05-01,visit,
cust_0382,2026-05-01,purchase,37.91
cust_0389,2026-05-01,visit,
cust_0399,2026-05-01,visit,
cust_0407,2026-05-01,visit,
cust_0429,2026-05-01,visit,
cust_0459,2026-05-01,purchase,43.18
cust_0460,2026-05-01,ticket,
cust_0473,2026-05-01,visit,
cust_0494,2026-05-01,purchase,69.33
cust_0496,2026-05-01,visit,
cust_0514,2026-05-01,purchase,72.27
cust_0519,2026-05-01,purchase,73.49
cust_0524,2026-05-01,purchase,33.59
cust_0540,2026-05-01,visit,
cust_0548,2026-05-01,purchase,41.16
cust_0594,2026-05-01,visit,
cust_0611,2026-05-01,visit,
cust_0629,2026-05-01,ticket,
cust_0631,2026-05-01,purchase,61.2
cust_0633,2026-05-01,visit,
cust_0652,2026-05-01,visit,
cust_0687,2026-05-01,purchase,77.48
cust_0692,2026-05-01,visit,
cust_0733,2026-05-01,visit,
cust_0736,2026-05-01,purchase,42.36
cust_0743,2026-05-01,purchase,20.58
cust_0763,2026-05-01,purchase,31.17
cust_0019,2026-05-02,visit,
cust_0037,2026-05-02,purchase,28.39
cust_0054,2026-05-02,visit,
cust_0059,2026-05-02,purchase,63.63
cust_0082,2026-05-02,purchase,36.32
cust_0083,2026-05-02,visit,
cust_0099,2026-05-02,visit,
cust_0113,2026-05-02,purchase,39.26
cust_0135,2026-05-02,purchase,18.9
cust_0139,2026-05-02,visit,
cust_0142,2026-05-02,purchase,12.55
cust_0174,2026-05-02,purchase,35.06
cust_0193,2026-05-02,visit,
cust_0196,2026-05-02,purchase,10.91
cust_0203,2026-05-02,visit,
cust_0224,2026-05-02,ticket,
cust_0228,2026-05-02,visit,
cust_0231,2026-05-02,visit,
cust_0249,2026-05-02,purchase,47.28
cust_0250,2026-05-02,visit,
cust_0261,2026-05-02,visit,
cust_0266,2026-05-02,purchase,27.36
cust_0276,2026-05-02,purchase,24.67
cust_0297,2026-05-02,purchase,35.61
cust_0298,2026-05-02,visit,
cust_0310,2026-05-02,purchase,24.75
cust_0325,2026-05-02,visit,
cust_0327,2026-05-02,purchase,88.61
cust_0334,2026-05-02,visit,
cust_0358,2026-05-02,visit,
cust_0359,2026-05-02,visit,
cust_0383,2026-05-02,purchase,62.19
cust_0387,2026-05-02,visit,
cust_0392,2026-05-02,purchase,10.15
cust_0393,2026-05-02,visit,
cust_0398,2026-05-02,visit,
cust_0402,2026-05-02,purchase,58.87
cust_0403,2026-05-02,visit,
cust_0408,2026-05-02,purchase,40.34
cust_0412,2026-05-02,visit,
cust_0420,2026-05-02,visit,
cust_0440,2026-05-02,purchase,16.98
cust_0440,2026-05-02,refund,16.98
cust_0448,2026-05-02,visit,
cust_0455,2026-05-02,visit,
cust_0462,2026-05-02,visit,
cust_0492,2026-05-02,visit,
cust_0542,2026-05-02,visit,
cust_0563,2026-05-02,purchase,23.62
cust_0567,2026-05-02,purchase,95.38
cust_0576,2026-05-02,visit,
cust_0584,2026-05-02,visit,
cust_0590,2026-05-02,purchase,38.67
cust_0598,2026-05-02,visit,
cust_0614,2026-05-02,purchase,22.91
cust_0620,2026-05-02,purchase,11.44
cust_0630,2026-05-02,visit,
cust_0631,2026-05-02,visit,
cust_0641,2026-05-02,visit,
cust_0664,2026-05-02,visit,
cust_0678,2026-05-02,visit,
cust_0707,2026-05-02,ticket,
cust_0713,2026-05-02,visit,
cust_0734,2026-05-02,purchase,86.02
cust_0751,2026-05-02,visit,
cust_0758,2026-05-02,purchase,52.49
cust_0763,2026-05-02,purchase,52.51
cust_0781,2026-05-02,visit,
cust_0783,2026-05-02,visit,
cust_0784,2026-05-02,purchase,66.17
cust_0798,2026-05-02,purchase,34.71
cust_0035,2026-05-03,purchase,36.58
cust_0039,2026-05-03,visit,
cust_0055,2026-05-03,visit,
cust_0056,2026-05-03,visit,
cust_0060,2026-05-03,visit,
cust_0068,2026-05-03,ticket,
cust_0069,2026-05-03,visit,
cust_0071,2026-05-03,purchase,63.18
cust_0090,2026-05-03,purchase,112.08
cust_0121,2026-05-03,visit,
cust_0135,2026-05-03,visit,
cust_0137,2026-05-03,visit,
cust_0141,2026-05-03,visit,
cust_0155,2026-05-03,purchase,19.57
cust_0159,2026-05-03,purchase,42.2
cust_0167,2026-05-03,purchase,29.96
cust_0207,2026-05-03,visit,
cust_0229,2026-05-03,visit,
cust_0232,2026-05-03,visit,
cust_0240,2026-05-03,purchase,68.88
cust_0283,2026-05-03,visit,
cust_0290,2026-05-03,ticket,
cust_0314,2026-05-03,visit,
cust_0315,2026-05-03,visit,
cust_0317,2026-05-03,visit,
cust_0320,2026-05-03,visit,
cust_0329,2026-05-03,visit,
cust_0345,2026-05-03,visit,
cust_0386,2026-05-03,visit,
cust_0394,2026-05-03,visit,
cust_0399,2026-05-03,visit,
cust_0404,2026-05-03,visit,
cust_0415,2026-05-03,purchase,35.73
cust_0443,2026-05-03,visit,
cust_0510,2026-05-03,visit,
cust_0516,2026-05-03,purchase,101.32
cust_0524,2026-05-03,visit,
cust_0540,2026-05-03,visit,
cust_0551,2026-05-03,visit,
cust_0578,2026-05-03,visit,
cust_0580,2026-05-03,visit,
cust_0590,2026-05-03,purchase,51.9
cust_0593,2026-05-03,visit,
cust_0595,2026-05-03,visit,
cust_0598,2026-05-03,visit,
cust_0603,2026-05-03,visit,
cust_0605,2026-05-03,visit,
cust_0630,2026-05-03,purchase,43.61
cust_0630,2026-05-03,refund,43.61
cust_0637,2026-05-03,visit,
cust_0641,2026-05-03,visit,
cust_0650,2026-05-03,visit,
cust_0663,2026-05-03,purchase,26.29
cust_0669,2026-05-03,visit,
cust_0697,2026-05-03,purchase,48.67
cust_0698,2026-05-03,visit,
cust_0700,2026-05-03,purchase,23.36
cust_0720,2026-05-03,purchase,53.56
cust_0722,2026-05-03,visit,
cust_0732,2026-05-03,visit,
cust_0743,2026-05-03,purchase,42.6
cust_0745,2026-05-03,purchase,32.22
cust_0747,2026-05-03,purchase,31.82
cust_0762,2026-05-03,visit,
cust_0763,2026-05-03,visit,
cust_0765,2026-05-03,visit,
cust_0787,2026-05-03,visit,
cust_0002,2026-05-04,visit,
cust_0019,2026-05-04,purchase,19.77
cust_0030,2026-05-04,purchase,59.3
cust_0066,2026-05-04,visit,
cust_0107,2026-05-04,visit,
cust_0115,2026-05-04,purchase,23.33
cust_0124,2026-05-04,purchase,13.26
cust_0156,2026-05-04,visit,
cust_0174,2026-05-04,visit,
cust_0224,2026-05-04,visit,
cust_0245,2026-05-04,visit,
cust_0253,2026-05-04,visit,
cust_0257,2026-05-04,purchase,40.39
cust_0260,2026-05-04,visit,
cust_0273,2026-05-04,purchase,16.98
cust_0274,2026-05-04,purchase,42.88
cust_0289,2026-05-04,visit,
cust_0292,2026-05-04,visit,
cust_0294,2026-05-04,purchase,75.22
cust_0301,2026-05-04,ticket,
cust_0308,2026-05-04,ticket,
cust_0352,2026-05-04,purchase,97.38
cust_0359,2026-05-04,purchase,18.62
cust_0376,2026-05-04,visit,
cust_0378,2026-05-04,purchase,54.33
cust_0380,2026-05-04,purchase,23.77
cust_0387,2026-05-04,purchase,26.29
cust_0387,2026-05-04,refund,26.29
cust_0395,2026-05-04,purchase,75.97
cust_0400,2026-05-04,visit,
cust_0407,2026-05-04,purchase,33.94
cust_0414,2026-05-04,visit,
cust_0423,2026-05-04,purchase,47.01
cust_0432,2026-05-04,visit,
cust_0434,2026-05-04,purchase,52.34
cust_0435,2026-05-04,visit,
cust_0436,2026-05-04,visit,
cust_0459,2026-05-04,visit,
cust_0468,2026-05-04,purchase,24.02
cust_0477,2026-05-04,visit,
cust_0483,2026-05-04,visit,
cust_0497,2026-05-04,visit,
cust_0517,2026-05-04,purchase,94.26
cust_0524,2026-05-04,ticket,
cust_0528,2026-05-04,purchase,41.67
cust_0534,2026-05-04,visit,
cust_0539,2026-05-04,purchase,72.36
cust_0540,2026-05-04,visit,
cust_0559,2026-05-04,visit,
cust_0568,2026-05-04,visit,
cust_0570,2026-05-04,purchase,19.3
cust_0576,2026-05-04,visit,
cust_0605,2026-05-04,purchase,51.81
cust_0608,2026-05-04,purchase,43.09
cust_0610,2026-05-04,purchase,70.34
cust_0629,2026-05-04,purchase,26.27
cust_0641,2026-05-04,purchase,44.22
cust_0643,2026-05-04,visit,
cust_0644,2026-05-04,visit,
cust_0662,2026-05-04,visit,
cust_0666,2026-05-04,ticket,
cust_0673,2026-05-04,purchase,28.06
cust_0674,2026-05-04,visit,
cust_0677,2026-05-04,visit,
cust_0713,2026-05-04,purchase,38.39
cust_0722,2026-05-04,purchase,21.29
cust_0725,2026-05-04,purchase,35.07
cust_0749,2026-05-04,purchase,18.68
cust_0771,2026-05-04,purchase,28.14
cust_0789,2026-05-04,visit,
cust_0013,2026-05-05,visit,
cust_0054,2026-05-05,visit,
cust_0068,2026-05-05,purchase,62.17
cust_0077,2026-05-05,visit,
cust_0085,2026-05-05,visit,
cust_0107,2026-05-05,purchase,15.39
cust_0113,2026-05-05,visit,
cust_0139,2026-05-05,visit,
cust_0141,2026-05-05,visit,
cust_0143,2026-05-05,visit,
cust_0158,2026-05-05,visit,
cust_0172,2026-05-05,visit,
cust_0173,2026-05-05,purchase,20.33
cust_0192,2026-05-05,purchase,35.77
cust_0192,2026-05-05,refund,35.77
cust_0201,2026-05-05,visit,
cust_0221,2026-05-05,visit,
cust_0253,2026-05-05,purchase,21.3
cust_0256,2026-05-05,visit,
cust_0273,2026-05-05,purchase,56.24
cust_0282,2026-05-05,visit,
cust_0283,2026-05-05,visit,
cust_0284,2026-05-05,purchase,32.2
cust_0294,2026-05-05,purchase,85.13
cust_0295,2026-05-05,visit,
cust_0310,2026-05-05,purchase,15.66
cust_0315,2026-05-05,purchase,11.36
cust_0317,2026-05-05,purchase,80.03
cust_0329,2026-05-05,visit,
cust_0334,2026-05-05,visit,
cust_0341,2026-05-05,purchase,63.2
cust_0352,2026-05-05,visit,
cust_0360,2026-05-05,purchase,28.46
cust_0363,2026-05-05,purchase,76.29
cust_0372,2026-05-05,visit,
cust_0386,2026-05-05,visit,
cust_0399,2026-05-05,purchase,48.6
cust_0431,2026-05-05,visit,
cust_0443,2026-05-05,visit,
cust_0446,2026-05-05,purchase,23.41
cust_0468,2026-05-05,purchase,21.13
cust_0475,2026-05-05,visit,
cust_0480,2026-05-05,purchase,19.93
cust_0507,2026-05-05,purchase,22.53
cust_0512,2026-05-05,purchase,16.0
cust_0543,2026-05-05,visit,
cust_0560,2026-05-05,visit,
cust_0561,2026-05-05,visit,
cust_0562,2026-05-05,visit,
cust_0570,2026-05-05,visit,
cust_0599,2026-05-05,ticket,
cust_0603,2026-05-05,visit,
cust_0621,2026-05-05,purchase,90.67
cust_0651,2026-05-05,purchase,24.49
cust_0664,2026-05-05,purchase,40.57
cust_0668,2026-05-05,visit,
cust_0688,2026-05-05,visit,
cust_0693,2026-05-05,visit,
cust_0701,2026-05-05,purchase,52.14
cust_0713,2026-05-05,ticket,
cust_0717,2026-05-05,purchase,47.41
cust_0742,2026-05-05,visit,
cust_0747,2026-05-05,ticket,
cust_0754,2026-05-05,visit,
cust_0768,2026-05-05,visit,
cust_0770,2026-05-05,visit,
cust_0783,2026-05-05,purchase,55.74
cust_0789,2026-05-05,visit,
cust_0005,2026-05-06,purchase,48.48
cust_0010,2026-05-06,visit,
cust_0026,2026-05-06,purchase,28.39
cust_0026,2026-05-06,refund,28.39
cust_0032,2026-05-06,visit,
cust_0046,2026-05-06,visit,
cust_0049,2026-05-06,purchase,59.24
cust_0056,2026-05-06,visit,
cust_0075,2026-05-06,visit,
cust_0084,2026-05-06,visit,
cust_0089,2026-05-06,visit,
cust_0105,2026-05-06,visit,
cust_0124,2026-05-06,purchase,11.65
cust_0125,2026-05-06,visit,
cust_0128,2026-05-06,visit,
cust_0173,2026-05-06,visit,
cust_0211,2026-05-06,visit,
cust_0213,2026-05-06,visit,
cust_0219,2026-05-06,visit,
cust_0228,2026-05-06,visit,
cust_0231,2026-05-06,visit,
cust_0247,2026-05-06,purchase,52.87
cust_0251,2026-05-06,visit,
cust_0257,2026-05-06,purchase,77.31
cust_0260,2026-05-06,purchase,60.92
cust_0267,2026-05-06,visit,
cust_0289,2026-05-06,purchase,49.49
cust_0299,2026-05-06,purchase,52.27
cust_0305,2026-05-06,purchase,43.14
cust_0323,2026-05-06,purchase,36.92
cust_0328,2026-05-06,visit,
cust_0333,2026-05-06,purchase,48.77
cust_0333,2026-05-06,refund,48.77
cust_0338,2026-05-06,visit,
cust_0340,2026-05-06,visit,
cust_0347,2026-05-06,purchase,21.93
cust_0359,2026-05-06,visit,
cust_0371,2026-05-06,purchase,73.42
cust_0377,2026-05-06,visit,
cust_0388,2026-05-06,visit,
cust_0403,2026-05-06,visit,
cust_0410,2026-05-06,visit,
cust_0416,2026-05-06,visit,
cust_0419,2026-05-06,visit,
cust_0430,2026-05-06,visit,
cust_0494,2026-05-06,visit,
cust_0497,2026-05-06,visit,
cust_0517,2026-05-06,visit,
cust_0521,2026-05-06,visit,
cust_0540,2026-05-06,visit,
cust_0544,2026-05-06,purchase,91.94
cust_0549,2026-05-06,purchase,63.22
cust_0568,2026-05-06,purchase,37.75
cust_0580,2026-05-06,visit,
cust_0592,2026-05-06,purchase,18.27
cust_0592,2026-05-06,refund,18.27
cust_0595,2026-05-06,purchase,56.11
cust_0613,2026-05-06,purchase,35.22
cust_0613,2026-05-06,refund,35.22
cust_0623,2026-05-06,ticket,
cust_0640,2026-05-06,visit,
cust_0644,2026-05-06,visit,
cust_0651,2026-05-06,purchase,26.15
cust_0672,2026-05-06,visit,
cust_0688,2026-05-06,visit,
cust_0697,2026-05-06,visit,
cust_0719,2026-05-06,visit,
cust_0720,2026-05-06,visit,
cust_0748,2026-05-06,purchase,130.21
cust_0756,2026-05-06,visit,
cust_0765,2026-05-06,visit,
cust_0766,2026-05-06,visit,
cust_0777,2026-05-06,ticket,
cust_0781,2026-05-06,visit,
cust_0005,2026-05-07,visit,
cust_0012,2026-05-07,purchase,32.32
cust_0014,2026-05-07,visit,
cust_0017,2026-05-07,visit,
cust_0043,2026-05-07,visit,
cust_0051,2026-05-07,visit,
cust_0063,2026-05-07,visit,
cust_0073,2026-05-07,purchase,67.02
cust_0082,2026-05-07,visit,
cust_0104,2026-05-07,purchase,24.87
cust_0150,2026-05-07,visit,
cust_0156,2026-05-07,visit,
cust_0162,2026-05-07,visit,
cust_0171,2026-05-07,purchase,86.37
cust_0190,2026-05-07,visit,
cust_0193,2026-05-07,visit,
cust_0194,2026-05-07,purchase,21.59
cust_0195,2026-05-07,visit,
cust_0197,2026-05-07,visit,
cust_0218,2026-05-07,visit,
cust_0221,2026-05-07,visit,
cust_0241,2026-05-07,purchase,27.62
cust_0247,2026-05-07,visit,
cust_0267,2026-05-07,visit,
cust_0284,2026-05-07,visit,
cust_0291,2026-05-07,visit,
cust_0294,2026-05-07,visit,
cust_0323,2026-05-07,purchase,25.59
cust_0323,2026-05-07,refund,25.59
cust_0355,2026-05-07,visit,
cust_0379,2026-05-07,visit,
cust_0382,2026-05-07,visit,
cust_0383,2026-05-07,purchase,29.91
cust_0387,2026-05-07,visit,
cust_0388,2026-05-07,visit,
cust_0405,2026-05-07,purchase,95.71
cust_0479,2026-05-07,visit,
cust_0490,2026-05-07,purchase,30.71
cust_0494,2026-05-07,visit,
cust_0497,2026-05-07,visit,
cust_0514,2026-05-07,visit,
cust_0517,2026-05-07,visit,
cust_0521,2026-05-07,visit,
cust_0531,2026-05-07,visit,
cust_0550,2026-05-07,visit,
cust_0553,2026-05-07,visit,
cust_0560,2026-05-07,visit,
cust_0580,2026-05-07,visit,
cust_0590,2026-05-07,visit,
cust_0597,2026-05-07,purchase,21.67
cust_0635,2026-05-07,visit,
cust_0644,2026-05-07,purchase,75.18
cust_0676,2026-05-07,visit,
cust_0690,2026-05-07,purchase,26.88
cust_0697,2026-05-07,purchase,38.34
cust_0702,2026-05-07,visit,
cust_0711,2026-05-07,purchase,48.85
cust_0742,2026-05-07,visit,
cust_0799,2026-05-07,visit,
cust_0010,2026-05-08,visit,
cust_0015,2026-05-08,visit,
cust_0019,2026-05-08,visit,
cust_0051,2026-05-08,visit,
cust_0056,2026-05-08,visit,
cust_0060,2026-05-08,visit,
cust_0068,2026-05-08,visit,
cust_0070,2026-05-08,purchase,60.51
cust_0071,2026-05-08,purchase,58.3
cust_0079,2026-05-08,visit,
cust_0081,2026-05-08,visit,
cust_0084,2026-05-08,purchase,45.98
cust_0084,2026-05-08,refund,45.98
cust_0092,2026-05-08,visit,
cust_0103,2026-05-08,visit,
cust_0155,2026-05-08,purchase,25.01
cust_0170,2026-05-08,visit,
cust_0208,2026-05-08,visit,
cust_0221,2026-05-08,ticket,
cust_0234,2026-05-08,purchase,53.26
cust_0238,2026-05-08,visit,
cust_0253,2026-05-08,purchase,24.23
cust_0264,2026-05-08,purchase,34.28
cust_0294,2026-05-08,visit,
cust_0299,2026-05-08,purchase,37.67
cust_0311,2026-05-08,visit,
cust_0330,2026-05-08,purchase,36.99
cust_0331,2026-05-08,visit,
cust_0339,2026-05-08,visit,
cust_0362,2026-05-08,visit,
cust_0365,2026-05-08,visit,
cust_0412,2026-05-08,visit,
cust_0418,2026-05-08,visit,
cust_0420,2026-05-08,visit,
cust_0423,2026-05-08,visit,
cust_0439,2026-05-08,visit,
cust_0458,2026-05-08,visit,
cust_0466,2026-05-08,purchase,29.27
cust_0479,2026-05-08,purchase,66.66
cust_0483,2026-05-08,purchase,24.52
cust_0484,2026-05-08,visit,
cust_0490,2026-05-08,visit,
cust_0503,2026-05-08,purchase,41.82
cust_0504,2026-05-08,visit,
cust_0513,2026-05-08,visit,
cust_0542,2026-05-08,visit,
cust_0543,2026-05-08,visit,
cust_0565,2026-05-08,visit,
cust_0580,2026-05-08,visit,
cust_0597,2026-05-08,visit,
cust_0603,2026-05-08,purchase,35.33
cust_0614,2026-05-08,purchase,55.77
cust_0625,2026-05-08,purchase,26.45
cust_0638,2026-05-08,purchase,45.33
cust_0643,2026-05-08,purchase,23.48
cust_0652,2026-05-08,visit,
cust_0672,2026-05-08,purchase,62.16
cust_0678,2026-05-08,visit,
cust_0683,2026-05-08,visit,
cust_0707,2026-05-08,visit,
cust_0708,2026-05-08,visit,
cust_0715,2026-05-08,purchase,33.47
cust_0734,2026-05-08,visit,
cust_0736,2026-05-08,visit,
cust_0745,2026-05-08,visit,
cust_0785,2026-05-08,visit,
cust_0796,2026-05-08,visit,
cust_0004,2026-05-09,purchase,96.64
cust_0042,2026-05-09,visit,
cust_0049,2026-05-09,visit,
cust_0068,2026-05-09,visit,
cust_0083,2026-05-09,visit,
cust_0101,2026-05-09,visit,
cust_0123,2026-05-09,visit,
cust_0125,2026-05-09,visit,
cust_0137,2026-05-09,visit,
cust_0163,2026-05-09,visit,
cust_0167,2026-05-09,visit,
cust_0169,2026-05-09,visit,
cust_0181,2026-05-09,visit,
cust_0182,2026-05-09,purchase,76.53
cust_0185,2026-05-09,purchase,55.97
cust_0195,2026-05-09,visit,
cust_0203,2026-05-09,visit,
cust_0216,2026-05-09,visit,
cust_0228,2026-05-09,purchase,36.46
cust_0256,2026-05-09,visit,
cust_0257,2026-05-09,visit,
cust_0273,2026-05-09,visit,
cust_0299,2026-05-09,purchase,37.92
cust_0301,2026-05-09,visit,
cust_0306,2026-05-09,visit,
cust_0311,2026-05-09,visit,
cust_0316,2026-05-09,visit,
cust_0320,2026-05-09,visit,
cust_0348,2026-05-09,visit,
cust_0361,2026-05-09,visit,
cust_0365,2026-05-09,visit,
cust_0412,2026-05-09,purchase,44.13
cust_0420,2026-05-09,purchase,31.38
cust_0435,2026-05-09,visit,
cust_0445,2026-05-09,visit,
cust_0467,2026-05-09,purchase,45.74
cust_0471,2026-05-09,visit,
cust_0503,2026-05-09,visit,
cust_0506,2026-05-09,visit,
cust_0511,2026-05-09,visit,
cust_0522,2026-05-09,visit,
cust_0524,2026-05-09,purchase,38.4
cust_0530,2026-05-09,visit,
cust_0536,2026-05-09,purchase,30.4
cust_0539,2026-05-09,purchase,20.2
cust_0541,2026-05-09,visit,
cust_0553,2026-05-09,visit,
cust_0555,2026-05-09,visit,
cust_0568,2026-05-09,visit,
cust_0571,2026-05-09,visit,
cust_0584,2026-05-09,visit,
cust_0601,2026-05-09,purchase,30.49
cust_0606,2026-05-09,visit,
cust_0616,2026-05-09,purchase,89.05
cust_0620,2026-05-09,visit,
cust_0622,2026-05-09,visit,
cust_0641,2026-05-09,visit,
cust_0651,2026-05-09,visit,
cust_0681,2026-05-09,purchase,65.45
cust_0714,2026-05-09,purchase,36.32
cust_0742,2026-05-09,visit,
cust_0745,2026-05-09,visit,
cust_0762,2026-05-09,visit,
cust_0773,2026-05-09,purchase,49.31
cust_0773,2026-05-09,refund,49.31
cust_0776,2026-05-09,purchase,21.9
cust_0788,2026-05-09,visit,
cust_0792,2026-05-09,purchase,14.63
cust_0007,2026-05-10,purchase,28.15
cust_0016,2026-05-10,visit,
cust_0017,2026-05-10,purchase,30.72
cust_0020,2026-05-10,visit,
cust_0035,2026-05-10,visit,
cust_0055,2026-05-10,visit,
cust_0057,2026-05-10,purchase,47.29
cust_0059,2026-05-10,visit,
cust_0097,2026-05-10,visit,
cust_0148,2026-05-10,visit,
cust_0155,2026-05-10,purchase,22.73
cust_0209,2026-05-10,visit,
cust_0225,2026-05-10,visit,
cust_0268,2026-05-10,visit,
cust_0297,2026-05-10,visit,
cust_0308,2026-05-10,purchase,19.13
cust_0311,2026-05-10,purchase,21.87
cust_0312,2026-05-10,visit,
cust_0316,2026-05-10,visit,
cust_0317,2026-05-10,visit,
cust_0323,2026-05-10,visit,
cust_0328,2026-05-10,visit,
cust_0333,2026-05-10,visit,
cust_0360,2026-05-10,visit,
cust_0371,2026-05-10,visit,
cust_0380,2026-05-10,visit,
cust_0381,2026-05-10,visit,
cust_0402,2026-05-10,visit,
cust_0406,2026-05-10,visit,
cust_0407,2026-05-10,visit,
cust_0420,2026-05-10,visit,
cust_0433,2026-05-10,visit,
cust_0436,2026-05-10,visit,
cust_0450,2026-05-10,visit,
cust_0460,2026-05-10,purchase,26.58
cust_0464,2026-05-10,visit,
cust_0466,2026-05-10,purchase,28.1
cust_0467,2026-05-10,visit,
cust_0472,2026-05-10,visit,
cust_0496,2026-05-10,visit,
cust_0514,2026-05-10,visit,
cust_0516,2026-05-10,visit,
cust_0522,2026-05-10,ticket,
cust_0531,2026-05-10,purchase,45.26
cust_0535,2026-05-10,visit,
cust_0537,2026-05-10,purchase,20.07
cust_0548,2026-05-10,visit,
cust_0566,2026-05-10,purchase,36.82
cust_0582,2026-05-10,visit,
cust_0588,2026-05-10,visit,
cust_0594,2026-05-10,visit,
cust_0598,2026-05-10,visit,
cust_0602,2026-05-10,purchase,33.21
cust_0603,2026-05-10,visit,
cust_0608,2026-05-10,purchase,57.46
cust_0617,2026-05-10,visit,
cust_0641,2026-05-10,purchase,35.24
cust_0644,2026-05-10,purchase,37.69
cust_0647,2026-05-10,visit,
cust_0679,2026-05-10,visit,
cust_0717,2026-05-10,visit,
cust_0735,2026-05-10,visit,
cust_0745,2026-05-10,visit,
cust_0747,2026-05-10,ticket,
cust_0758,2026-05-10,purchase,24.78
cust_0783,2026-05-10,purchase,92.45
cust_0788,2026-05-10,purchase,19.17
cust_0794,2026-05-10,purchase,51.88
cust_0003,2026-05-11,purchase,68.78
cust_0018,2026-05-11,purchase,89.38
cust_0022,2026-05-11,visit,
cust_0040,2026-05-11,visit,
cust_0049,2026-05-11,purchase,20.67
cust_0070,2026-05-11,purchase,46.18
cust_0083,2026-05-11,ticket,
cust_0087,2026-05-11,visit,
cust_0094,2026-05-11,visit,
cust_0105,2026-05-11,visit,
cust_0123,2026-05-11,visit,
cust_0128,2026-05-11,visit,
cust_0143,2026-05-11,purchase,15.43
cust_0147,2026-05-11,purchase,34.45
cust_0164,2026-05-11,purchase,24.91
cust_0167,2026-05-11,purchase,25.76
cust_0175,2026-05-11,visit,
cust_0182,2026-05-11,purchase,34.01
cust_0195,2026-05-11,visit,
cust_0207,2026-05-11,purchase,35.9
cust_0230,2026-05-11,visit,
cust_0235,2026-05-11,purchase,53.68
cust_0282,2026-05-11,purchase,27.74
cust_0300,2026-05-11,purchase,30.79
cust_0305,2026-05-11,visit,
cust_0311,2026-05-11,visit,
cust_0315,2026-05-11,purchase,19.87
cust_0329,2026-05-11,purchase,27.46
cust_0342,2026-05-11,purchase,23.12
cust_0372,2026-05-11,visit,
cust_0374,2026-05-11,purchase,20.38
cust_0380,2026-05-11,visit,
cust_0391,2026-05-11,purchase,21.38
cust_0402,2026-05-11,visit,
cust_0412,2026-05-11,purchase,23.47
cust_0414,2026-05-11,visit,
cust_0424,2026-05-11,purchase,19.24
cust_0433,2026-05-11,purchase,48.03
cust_0446,2026-05-11,visit,
cust_0447,2026-05-11,purchase,51.62
cust_0462,2026-05-11,visit,
cust_0484,2026-05-11,purchase,49.64
cust_0502,2026-05-11,purchase,19.98
cust_0539,2026-05-11,purchase,59.04
cust_0568,2026-05-11,purchase,30.01
cust_0575,2026-05-11,visit,
cust_0578,2026-05-11,purchase,39.24
cust_0599,2026-05-11,visit,
cust_0600,2026-05-11,visit,
cust_0652,2026-05-11,purchase,40.33
cust_0668,2026-05-11,visit,
cust_0699,2026-05-11,visit,
cust_0711,2026-05-11,visit,
cust_0728,2026-05-11,purchase,36.79
cust_0743,2026-05-11,visit,
cust_0754,2026-05-11,visit,
cust_0756,2026-05-11,visit,
cust_0795,2026-05-11,purchase,55.85
cust_0006,2026-05-12,visit,
cust_0026,2026-05-12,ticket,
cust_0032,2026-05-12,purchase,42.99
cust_0035,2026-05-12,purchase,45.98
cust_0045,2026-05-12,purchase,57.74
cust_0046,2026-05-12,visit,
cust_0055,2026-05-12,ticket,
cust_0068,2026-05-12,purchase,43.19
cust_0069,2026-05-12,purchase,22.87
cust_0081,2026-05-12,purchase,49.0
cust_0097,2026-05-12,visit,
cust_0103,2026-05-12,visit,
cust_0105,2026-05-12,visit,
cust_0108,2026-05-12,purchase,19.85
cust_0129,2026-05-12,purchase,38.38
cust_0137,2026-05-12,visit,
cust_0141,2026-05-12,purchase,47.18
cust_0150,2026-05-12,visit,
cust_0161,2026-05-12,purchase,26.97
cust_0162,2026-05-12,visit,
cust_0178,2026-05-12,visit,
cust_0187,2026-05-12,visit,
cust_0188,2026-05-12,visit,
cust_0192,2026-05-12,purchase,39.8
cust_0194,2026-05-12,visit,
cust_0215,2026-05-12,visit,
cust_0227,2026-05-12,visit,
cust_0230,2026-05-12,purchase,31.0
cust_0242,2026-05-12,visit,
cust_0257,2026-05-12,visit,
cust_0259,2026-05-12,purchase,49.12
cust_0273,2026-05-12,visit,
cust_0286,2026-05-12,visit,
cust_0294,2026-05-12,visit,
cust_0305,2026-05-12,purchase,74.4
cust_0316,2026-05-12,visit,
cust_0342,2026-05-12,visit,
cust_0352,2026-05-12,visit,
cust_0371,2026-05-12,visit,
cust_0384,2026-05-12,purchase,24.25
cust_0389,2026-05-12,visit,
cust_0390,2026-05-12,purchase,33.69
cust_0391,2026-05-12,visit,
cust_0394,2026-05-12,purchase,39.55
cust_0423,2026-05-12,visit,
cust_0433,2026-05-12,visit,
cust_0436,2026-05-12,visit,
cust_0441,2026-05-12,visit,
cust_0445,2026-05-12,purchase,43.33
cust_0458,2026-05-12,visit,
cust_0480,2026-05-12,purchase,33.33
cust_0494,2026-05-12,purchase,16.12
cust_0495,2026-05-12,visit,
cust_0502,2026-05-12,visit,
cust_0516,2026-05-12,purchase,36.22
cust_0540,2026-05-12,ticket,
cust_0560,2026-05-12,visit,
cust_0563,2026-05-12,visit,
cust_0569,2026-05-12,visit,
cust_0574,2026-05-12,visit,
cust_0593,2026-05-12,purchase,92.24
cust_0597,2026-05-12,visit,
cust_0598,2026-05-12,visit,
cust_0603,2026-05-12,visit,
cust_0609,2026-05-12,ticket,
cust_0629,2026-05-12,purchase,22.41
cust_0630,2026-05-12,visit,
cust_0644,2026-05-12,visit,
cust_0656,2026-05-12,visit,
cust_0662,2026-05-12,purchase,43.51
cust_0670,2026-05-12,visit,
cust_0679,2026-05-12,purchase,45.25
cust_0683,2026-05-12,purchase,59.41
cust_0684,2026-05-12,visit,
cust_0708,2026-05-12,visit,
cust_0715,2026-05-12,visit,
cust_0719,2026-05-12,visit,
cust_0726,2026-05-12,ticket,
cust_0733,2026-05-12,visit,
cust_0756,2026-05-12,visit,
cust_0776,2026-05-12,visit,
cust_0787,2026-05-12,purchase,50.35
cust_0787,2026-05-12,refund,50.35
cust_0795,2026-05-12,purchase,31.72
cust_0798,2026-05-12,purchase,23.1
cust_0005,2026-05-13,purchase,28.78
cust_0011,2026-05-13,visit,
cust_0019,2026-05-13,visit,
cust_0027,2026-05-13,purchase,52.58
cust_0038,2026-05-13,purchase,38.58
cust_0039,2026-05-13,visit,
cust_0040,2026-05-13,visit,
cust_0046,2026-05-13,ticket,
cust_0051,2026-05-13,purchase,36.75
cust_0059,2026-05-13,visit,
cust_0062,2026-05-13,visit,
cust_0092,2026-05-13,visit,
cust_0101,2026-05-13,visit,
cust_0115,2026-05-13,visit,
cust_0124,2026-05-13,purchase,35.01
cust_0128,2026-05-13,visit,
cust_0136,2026-05-13,purchase,19.38
cust_0143,2026-05-13,purchase,48.65
cust_0150,2026-05-13,visit,
cust_0171,2026-05-13,visit,
cust_0172,2026-05-13,visit,
cust_0185,2026-05-13,purchase,80.97
cust_0186,2026-05-13,purchase,84.29
cust_0195,2026-05-13,visit,
cust_0200,2026-05-13,purchase,59.19
cust_0208,2026-05-13,purchase,24.06
cust_0212,2026-05-13,visit,
cust_0219,2026-05-13,visit,
cust_0232,2026-05-13,purchase,62.62
cust_0238,2026-05-13,visit,
cust_0244,2026-05-13,purchase,32.09
cust_0247,2026-05-13,visit,
cust_0256,2026-05-13,visit,
cust_0261,2026-05-13,purchase,38.62
cust_0266,2026-05-13,visit,
cust_0275,2026-05-13,purchase,49.02
cust_0287,2026-05-13,visit,
cust_0289,2026-05-13,purchase,84.01
cust_0327,2026-05-13,visit,
cust_0367,2026-05-13,purchase,31.08
cust_0370,2026-05-13,purchase,52.62
cust_0389,2026-05-13,visit,
cust_0391,2026-05-13,purchase,29.58
cust_0392,2026-05-13,visit,
cust_0399,2026-05-13,visit,
cust_0400,2026-05-13,ticket,
cust_0404,2026-05-13,visit,
cust_0406,2026-05-13,visit,
cust_0407,2026-05-13,visit,
cust_0412,2026-05-13,visit,
cust_0419,2026-05-13,purchase,32.57
cust_0424,2026-05-13,visit,
cust_0425,2026-05-13,visit,
cust_0429,2026-05-13,purchase,57.31
cust_0436,2026-05-13,purchase,65.05
cust_0439,2026-05-13,visit,
cust_0448,2026-05-13,visit,
cust_0453,2026-05-13,purchase,35.47
cust_0456,2026-05-13,ticket,
cust_0462,2026-05-13,purchase,25.96
cust_0469,2026-05-13,purchase,22.58
cust_0470,2026-05-13,visit,
cust_0484,2026-05-13,ticket,
cust_0490,2026-05-13,visit,
cust_0494,2026-05-13,visit,
cust_0502,2026-05-13,visit,
cust_0508,2026-05-13,visit,
cust_0516,2026-05-13,visit,
cust_0536,2026-05-13,visit,
cust_0552,2026-05-13,visit,
cust_0559,2026-05-13,purchase,41.19
cust_0659,2026-05-13,visit,
cust_0670,2026-05-13,visit,
cust_0672,2026-05-13,purchase,22.34
cust_0680,2026-05-13,purchase,43.53
cust_0684,2026-05-13,purchase,26.43
cust_0705,2026-05-13,purchase,23.12
cust_0739,2026-05-13,purchase,65.39
cust_0739,2026-05-13,refund,65.39
cust_0747,2026-05-13,purchase,29.42
cust_0751,2026-05-13,visit,
cust_0770,2026-05-13,purchase,39.2
cust_0789,2026-05-13,purchase,55.68
cust_0000,2026-05-14,visit,
cust_0005,2026-05-14,visit,
cust_0022,2026-05-14,visit,
cust_0026,2026-05-14,purchase,10.95
cust_0055,2026-05-14,visit,
cust_0069,2026-05-14,purchase,56.87
cust_0081,2026-05-14,visit,
cust_0083,2026-05-14,visit,
cust_0084,2026-05-14,visit,
cust_0106,2026-05-14,visit,
cust_0125,2026-05-14,visit,
cust_0133,2026-05-14,visit,
cust_0134,2026-05-14,visit,
cust_0142,2026-05-14,purchase,26.75
cust_0142,2026-05-14,refund,26.75
cust_0160,2026-05-14,visit,
cust_0166,2026-05-14,visit,
cust_0171,2026-05-14,purchase,31.03
cust_0180,2026-05-14,purchase,55.91
cust_0182,2026-05-14,purchase,14.6
cust_0187,2026-05-14,visit,
cust_0205,2026-05-14,visit,
cust_0210,2026-05-14,visit,
cust_0232,2026-05-14,purchase,57.49
cust_0247,2026-05-14,visit,
cust_0251,2026-05-14,visit,
cust_0261,2026-05-14,visit,
cust_0272,2026-05-14,visit,
cust_0291,2026-05-14,visit,
cust_0297,2026-05-14,visit,
cust_0311,2026-05-14,visit,
cust_0317,2026-05-14,visit,
cust_0323,2026-05-14,visit,
cust_0339,2026-05-14,visit,
cust_0341,2026-05-14,purchase,58.02
cust_0347,2026-05-14,visit,
cust_0353,2026-05-14,purchase,30.33
cust_0358,2026-05-14,purchase,24.83
cust_0380,2026-05-14,visit,
cust_0384,2026-05-14,visit,
cust_0388,2026-05-14,visit,
cust_0401,2026-05-14,visit,
cust_0414,2026-05-14,purchase,24.57
cust_0429,2026-05-14,visit,
cust_0431,2026-05-14,purchase,30.64
cust_0431,2026-05-14,refund,30.64
cust_0444,2026-05-14,visit,
cust_0445,2026-05-14,visit,
cust_0448,2026-05-14,visit,
cust_0453,2026-05-14,purchase,64.02
cust_0481,2026-05-14,purchase,49.94
cust_0503,2026-05-14,visit,
cust_0504,2026-05-14,visit,
cust_0507,2026-05-14,visit,
cust_0508,2026-05-14,visit,
cust_0523,2026-05-14,visit,
cust_0528,2026-05-14,visit,
cust_0530,2026-05-14,purchase,11.01
cust_0555,2026-05-14,purchase,30.71
cust_0559,2026-05-14,purchase,39.66
cust_0574,2026-05-14,visit,
cust_0580,2026-05-14,visit,
cust_0582,2026-05-14,visit,
cust_0595,2026-05-14,purchase,68.55
cust_0605,2026-05-14,visit,
cust_0616,2026-05-14,visit,
cust_0620,2026-05-14,visit,
cust_0654,2026-05-14,visit,
cust_0679,2026-05-14,visit,
cust_0708,2026-05-14,visit,
cust_0725,2026-05-14,purchase,39.64
cust_0734,2026-05-14,ticket,
cust_0781,2026-05-14,visit,
cust_0005,2026-05-15,purchase,24.37
cust_0016,2026-05-15,purchase,24.04
cust_0019,2026-05-15,visit,
cust_0024,2026-05-15,visit,
cust_0026,2026-05-15,visit,
cust_0032,2026-05-15,visit,
cust_0050,2026-05-15,visit,
cust_0054,2026-05-15,purchase,22.36
cust_0055,2026-05-15,purchase,49.5
cust_0058,2026-05-15,visit,
cust_0075,2026-05-15,visit,
cust_0082,2026-05-15,ticket,
cust_0085,2026-05-15,purchase,81.6
cust_0094,2026-05-15,visit,
cust_0103,2026-05-15,purchase,23.23
cust_0106,2026-05-15,purchase,39.02
cust_0112,2026-05-15,purchase,18.85
cust_0124,2026-05-15,visit,
cust_0126,2026-05-15,visit,
cust_0128,2026-05-15,visit,
cust_0138,2026-05-15,purchase,30.04
cust_0145,2026-05-15,visit,
cust_0150,2026-05-15,purchase,18.65
cust_0153,2026-05-15,visit,
cust_0166,2026-05-15,purchase,17.44
cust_0191,2026-05-15,purchase,98.68
cust_0246,2026-05-15,visit,
cust_0250,2026-05-15,visit,
cust_0251,2026-05-15,visit,
cust_0256,2026-05-15,visit,
cust_0264,2026-05-15,visit,
cust_0289,2026-05-15,purchase,24.03
cust_0313,2026-05-15,purchase,32.93
cust_0317,2026-05-15,visit,
cust_0322,2026-05-15,visit,
cust_0337,2026-05-15,purchase,32.38
cust_0337,2026-05-15,refund,32.38
cust_0350,2026-05-15,visit,
cust_0390,2026-05-15,visit,
cust_0427,2026-05-15,purchase,43.98
cust_0429,2026-05-15,visit,
cust_0432,2026-05-15,visit,
cust_0433,2026-05-15,visit,
cust_0449,2026-05-15,visit,
cust_0464,2026-05-15,visit,
cust_0467,2026-05-15,visit,
cust_0468,2026-05-15,purchase,28.04
cust_0470,2026-05-15,visit,
cust_0483,2026-05-15,purchase,23.31
cust_0485,2026-05-15,visit,
cust_0489,2026-05-15,purchase,18.54
cust_0494,2026-05-15,visit,
cust_0495,2026-05-15,visit,
cust_0498,2026-05-15,purchase,51.05
cust_0504,2026-05-15,visit,
cust_0510,2026-05-15,visit,
cust_0522,2026-05-15,purchase,39.44
cust_0527,2026-05-15,visit,
cust_0532,2026-05-15,purchase,30.89
cust_0541,2026-05-15,visit,
cust_0543,2026-05-15,visit,
cust_0559,2026-05-15,purchase,55.69
cust_0565,2026-05-15,visit,
cust_0568,2026-05-15,purchase,34.52
cust_0582,2026-05-15,purchase,36.8
cust_0594,2026-05-15,purchase,26.13
cust_0619,2026-05-15,visit,
cust_0633,2026-05-15,visit,
cust_0657,2026-05-15,visit,
cust_0686,2026-05-15,visit,
cust_0688,2026-05-15,visit,
cust_0689,2026-05-15,visit,
cust_0695,2026-05-15,purchase,18.75
cust_0705,2026-05-15,purchase,96.52
cust_0715,2026-05-15,purchase,11.68
cust_0725,2026-05-15,visit,
cust_0739,2026-05-15,visit,
cust_0740,2026-05-15,visit,
cust_0748,2026-05-15,purchase,41.84
cust_0751,2026-05-15,visit,
cust_0770,2026-05-15,purchase,44.48
cust_0770,2026-05-15,refund,44.48
cust_0773,2026-05-15,visit,
cust_0797,2026-05-15,ticket,
cust_0002,2026-05-16,purchase,33.99
cust_0019,2026-05-16,purchase,115.73
cust_0021,2026-05-16,visit,
cust_0028,2026-05-16,visit,
cust_0029,2026-05-16,visit,
cust_0034,2026-05-16,visit,
cust_0043,2026-05-16,purchase,45.36
cust_0047,2026-05-16,visit,
cust_0059,2026-05-16,purchase,19.92
cust_0059,2026-05-16,refund,19.92
cust_0062,2026-05-16,purchase,15.93
cust_0085,2026-05-16,visit,
cust_0090,2026-05-16,visit,
cust_0105,2026-05-16,purchase,45.37
cust_0105,2026-05-16,refund,45.37
cust_0127,2026-05-16,visit,
cust_0156,2026-05-16,visit,
cust_0164,2026-05-16,purchase,25.45
cust_0167,2026-05-16,visit,
cust_0171,2026-05-16,purchase,36.87
cust_0174,2026-05-16,visit,
cust_0182,2026-05-16,visit,
cust_0232,2026-05-16,purchase,42.64
cust_0233,2026-05-16,purchase,38.17
cust_0238,2026-05-16,visit,
cust_0266,2026-05-16,purchase,32.69
cust_0274,2026-05-16,visit,
cust_0287,2026-05-16,visit,
cust_0291,2026-05-16,purchase,43.94
cust_0292,2026-05-16,visit,
cust_0301,2026-05-16,purchase,21.19
cust_0303,2026-05-16,purchase,29.97
cust_0307,2026-05-16,visit,
cust_0311,2026-05-16,purchase,76.08
cust_0311,2026-05-16,refund,76.08
cust_0317,2026-05-16,purchase,36.14
cust_0319,2026-05-16,visit,
cust_0349,2026-05-16,purchase,38.93
cust_0360,2026-05-16,purchase,55.67
cust_0374,2026-05-16,visit,
cust_0403,2026-05-16,ticket,
cust_0407,2026-05-16,visit,
cust_0429,2026-05-16,visit,
cust_0434,2026-05-16,purchase,16.92
cust_0435,2026-05-16,visit,
cust_0437,2026-05-16,purchase,13.96
cust_0489,2026-05-16,visit,
cust_0496,2026-05-16,purchase,62.77
cust_0514,2026-05-16,visit,
cust_0515,2026-05-16,visit,
cust_0522,2026-05-16,visit,
cust_0540,2026-05-16,purchase,104.83
cust_0541,2026-05-16,visit,
cust_0546,2026-05-16,purchase,35.85
cust_0547,2026-05-16,visit,
cust_0553,2026-05-16,purchase,19.72
cust_0559,2026-05-16,purchase,90.86
cust_0561,2026-05-16,visit,
cust_0578,2026-05-16,purchase,19.73
cust_0627,2026-05-16,purchase,38.21
cust_0655,2026-05-16,purchase,49.64
cust_0663,2026-05-16,purchase,52.33
cust_0663,2026-05-16,refund,52.33
cust_0692,2026-05-16,visit,
cust_0701,2026-05-16,visit,
cust_0702,2026-05-16,ticket,
cust_0733,2026-05-16,visit,
cust_0763,2026-05-16,purchase,32.83
cust_0763,2026-05-16,refund,32.83
cust_0768,2026-05-16,purchase,18.61
cust_0776,2026-05-16,visit,
cust_0783,2026-05-16,purchase,43.84
cust_0788,2026-05-16,purchase,41.28
cust_0021,2026-05-17,visit,
cust_0025,2026-05-17,visit,
cust_0029,2026-05-17,purchase,49.54
cust_0056,2026-05-17,visit,
cust_0066,2026-05-17,visit,
cust_0085,2026-05-17,purchase,31.2
cust_0094,2026-05-17,visit,
cust_0101,2026-05-17,visit,
cust_0106,2026-05-17,purchase,20.85
cust_0129,2026-05-17,purchase,17.23
cust_0145,2026-05-17,visit,
cust_0150,2026-05-17,visit,
cust_0172,2026-05-17,purchase,37.44
cust_0185,2026-05-17,purchase,44.88
cust_0191,2026-05-17,visit,
cust_0196,2026-05-17,visit,
cust_0224,2026-05-17,purchase,55.6
cust_0227,2026-05-17,visit,
cust_0251,2026-05-17,purchase,58.06
cust_0270,2026-05-17,visit,
cust_0273,2026-05-17,ticket,
cust_0291,2026-05-17,purchase,53.51
cust_0299,2026-05-17,visit,
cust_0303,2026-05-17,visit,
cust_0323,2026-05-17,purchase,17.82
cust_0365,2026-05-17,purchase,98.49
cust_0371,2026-05-17,visit,
cust_0386,2026-05-17,purchase,35.62
cust_0412,2026-05-17,visit,
cust_0414,2026-05-17,purchase,25.58
cust_0415,2026-05-17,purchase,103.05
cust_0476,2026-05-17,purchase,67.34
cust_0494,2026-05-17,visit,
cust_0500,2026-05-17,purchase,44.93
cust_0506,2026-05-17,purchase,76.06
cust_0534,2026-05-17,purchase,50.22
cust_0537,2026-05-17,purchase,48.22
cust_0562,2026-05-17,purchase,36.04
cust_0567,2026-05-17,visit,
cust_0577,2026-05-17,visit,
cust_0606,2026-05-17,visit,
cust_0655,2026-05-17,purchase,36.17
cust_0692,2026-05-17,purchase,19.0
cust_0709,2026-05-17,visit,
cust_0726,2026-05-17,visit,
cust_0733,2026-05-17,purchase,27.24
cust_0739,2026-05-17,visit,
cust_0742,2026-05-17,purchase,24.87
cust_0747,2026-05-17,visit,
cust_0767,2026-05-17,purchase,109.95
cust_0778,2026-05-17,purchase,30.44
cust_0006,2026-05-18,visit,
cust_0012,2026-05-18,visit,
cust_0025,2026-05-18,purchase,30.76
cust_0029,2026-05-18,purchase,31.12
cust_0058,2026-05-18,purchase,32.58
cust_0063,2026-05-18,purchase,47.77
cust_0067,2026-05-18,visit,
cust_0085,2026-05-18,visit,
cust_0087,2026-05-18,visit,
cust_0091,2026-05-18,visit,
cust_0104,2026-05-18,visit,
cust_0113,2026-05-18,ticket,
cust_0134,2026-05-18,visit,
cust_0136,2026-05-18,visit,
cust_0142,2026-05-18,visit,
cust_0150,2026-05-18,visit,
cust_0162,2026-05-18,visit,
cust_0171,2026-05-18,visit,
cust_0185,2026-05-18,visit,
cust_0204,2026-05-18,visit,
cust_0219,2026-05-18,visit,
cust_0231,2026-05-18,purchase,41.75
cust_0232,2026-05-18,purchase,41.31
cust_0237,2026-05-18,visit,
cust_0242,2026-05-18,visit,
cust_0258,2026-05-18,visit,
cust_0261,2026-05-18,visit,
cust_0263,2026-05-18,visit,
cust_0276,2026-05-18,visit,
cust_0294,2026-05-18,purchase,41.97
cust_0309,2026-05-18,purchase,72.46
cust_0314,2026-05-18,visit,
cust_0316,2026-05-18,visit,
cust_0329,2026-05-18,visit,
cust_0352,2026-05-18,visit,
cust_0365,2026-05-18,visit,
cust_0366,2026-05-18,visit,
cust_0372,2026-05-18,purchase,48.56
cust_0374,2026-05-18,purchase,37.38
cust_0376,2026-05-18,purchase,73.98
cust_0400,2026-05-18,purchase,30.8
cust_0428,2026-05-18,visit,
cust_0448,2026-05-18,visit,
cust_0456,2026-05-18,purchase,23.2
cust_0464,2026-05-18,purchase,79.67
cust_0468,2026-05-18,visit,
cust_0486,2026-05-18,purchase,22.02
cust_0490,2026-05-18,visit,
cust_0494,2026-05-18,visit,
cust_0496,2026-05-18,visit,
cust_0512,2026-05-18,purchase,19.6
cust_0512,2026-05-18,refund,19.6
cust_0520,2026-05-18,purchase,80.24
cust_0523,2026-05-18,visit,
cust_0567,2026-05-18,purchase,87.56
cust_0568,2026-05-18,visit,
cust_0576,2026-05-18,visit,
cust_0580,2026-05-18,visit,
cust_0594,2026-05-18,visit,
cust_0625,2026-05-18,visit,
cust_0634,2026-05-18,purchase,26.09
cust_0642,2026-05-18,visit,
cust_0664,2026-05-18,ticket,
cust_0668,2026-05-18,ticket,
cust_0670,2026-05-18,visit,
cust_0679,2026-05-18,ticket,
cust_0692,2026-05-18,visit,
cust_0697,2026-05-18,visit,
cust_0706,2026-05-18,visit,
cust_0714,2026-05-18,purchase,21.82
cust_0719,2026-05-18,purchase,41.12
cust_0719,2026-05-18,refund,41.12
cust_0733,2026-05-18,visit,
cust_0786,2026-05-18,visit,
cust_0791,2026-05-18,visit,
cust_0002,2026-05-19,visit,
cust_0017,2026-05-19,purchase,45.76
cust_0038,2026-05-19,purchase,49.36
cust_0063,2026-05-19,purchase,34.83
cust_0068,2026-05-19,visit,
cust_0069,2026-05-19,visit,
cust_0083,2026-05-19,visit,
cust_0102,2026-05-19,visit,
cust_0139,2026-05-19,visit,
cust_0142,2026-05-19,visit,
cust_0177,2026-05-19,visit,
cust_0201,2026-05-19,visit,
cust_0211,2026-05-19,purchase,52.56
cust_0231,2026-05-19,visit,
cust_0239,2026-05-19,purchase,49.27
cust_0258,2026-05-19,visit,
cust_0297,2026-05-19,visit,
cust_0316,2026-05-19,purchase,46.28
cust_0322,2026-05-19,visit,
cust_0350,2026-05-19,purchase,13.0
cust_0366,2026-05-19,visit,
cust_0373,2026-05-19,visit,
cust_0380,2026-05-19,ticket,
cust_0396,2026-05-19,visit,
cust_0407,2026-05-19,visit,
cust_0434,2026-05-19,purchase,36.28
cust_0438,2026-05-19,ticket,
cust_0446,2026-05-19,visit,
cust_0448,2026-05-19,visit,
cust_0459,2026-05-19,visit,
cust_0470,2026-05-19,visit,
cust_0483,2026-05-19,purchase,28.78
cust_0496,2026-05-19,purchase,71.45
cust_0497,2026-05-19,purchase,13.04
cust_0507,2026-05-19,visit,
cust_0508,2026-05-19,purchase,91.79
cust_0514,2026-05-19,visit,
cust_0522,2026-05-19,purchase,41.38
cust_0524,2026-05-19,visit,
cust_0534,2026-05-19,purchase,73.4
cust_0546,2026-05-19,visit,
cust_0566,2026-05-19,visit,
cust_0567,2026-05-19,visit,
cust_0588,2026-05-19,purchase,26.03
cust_0594,2026-05-19,visit,
cust_0618,2026-05-19,purchase,40.72
cust_0622,2026-05-19,visit,
cust_0630,2026-05-19,purchase,36.31
cust_0632,2026-05-19,visit,
cust_0635,2026-05-19,visit,
cust_0644,2026-05-19,visit,
cust_0651,2026-05-19,visit,
cust_0677,2026-05-19,purchase,33.79
cust_0681,2026-05-19,visit,
cust_0687,2026-05-19,visit,
cust_0701,2026-05-19,purchase,179.63
cust_0717,2026-05-19,visit,
cust_0732,2026-05-19,purchase,14.45
cust_0775,2026-05-19,purchase,37.41
cust_0782,2026-05-19,purchase,39.96
cust_0793,2026-05-19,purchase,19.68
cust_0012,2026-05-20,visit,
cust_0033,2026-05-20,visit,
cust_0068,2026-05-20,visit,
cust_0072,2026-05-20,purchase,56.03
cust_0074,2026-05-20,visit,
cust_0094,2026-05-20,visit,
cust_0106,2026-05-20,visit,
cust_0112,2026-05-20,purchase,94.49
cust_0129,2026-05-20,visit,
cust_0139,2026-05-20,visit,
cust_0143,2026-05-20,purchase,39.18
cust_0163,2026-05-20,visit,
cust_0167,2026-05-20,visit,
cust_0168,2026-05-20,purchase,36.4
cust_0172,2026-05-20,visit,
cust_0173,2026-05-20,purchase,27.6
cust_0177,2026-05-20,visit,
cust_0232,2026-05-20,ticket,
cust_0251,2026-05-20,purchase,62.11
cust_0251,2026-05-20,refund,62.11
cust_0256,2026-05-20,visit,
cust_0263,2026-05-20,visit,
cust_0289,2026-05-20,purchase,32.9
cust_0294,2026-05-20,purchase,63.57
cust_0301,2026-05-20,visit,
cust_0303,2026-05-20,visit,
cust_0311,2026-05-20,visit,
cust_0312,2026-05-20,purchase,45.59
cust_0321,2026-05-20,visit,
cust_0333,2026-05-20,purchase,67.31
cust_0338,2026-05-20,purchase,38.0
cust_0345,2026-05-20,purchase,36.26
cust_0365,2026-05-20,purchase,26.77
cust_0382,2026-05-20,visit,
cust_0384,2026-05-20,visit,
cust_0391,2026-05-20,visit,
cust_0394,2026-05-20,purchase,127.76
cust_0432,2026-05-20,visit,
cust_0436,2026-05-20,visit,
cust_0448,2026-05-20,visit,
cust_0449,2026-05-20,visit,
cust_0465,2026-05-20,purchase,55.16
cust_0477,2026-05-20,visit,
cust_0479,2026-05-20,ticket,
cust_0485,2026-05-20,visit,
cust_0498,2026-05-20,visit,
cust_0506,2026-05-20,visit,
cust_0531,2026-05-20,visit,
cust_0546,2026-05-20,visit,
cust_0581,2026-05-20,visit,
cust_0600,2026-05-20,purchase,31.43
cust_0634,2026-05-20,visit,
cust_0636,2026-05-20,visit,
cust_0659,2026-05-20,visit,
cust_0666,2026-05-20,purchase,63.72
cust_0668,2026-05-20,visit,
cust_0685,2026-05-20,visit,
cust_0693,2026-05-20,visit,
cust_0702,2026-05-20,purchase,33.52
cust_0703,2026-05-20,visit,
cust_0706,2026-05-20,ticket,
cust_0723,2026-05-20,purchase,14.08
cust_0749,2026-05-20,visit,
cust_0751,2026-05-20,visit,
cust_0773,2026-05-20,visit,
cust_0778,2026-05-20,purchase,48.22
cust_0004,2026-05-21,visit,
cust_0013,2026-05-21,visit,
cust_0033,2026-05-21,purchase,21.37
cust_0035,2026-05-21,purchase,44.62
cust_0050,2026-05-21,purchase,20.35
cust_0051,2026-05-21,visit,
cust_0052,2026-05-21,purchase,49.19
cust_0056,2026-05-21,visit,
cust_0063,2026-05-21,visit,
cust_0068,2026-05-21,visit,
cust_0085,2026-05-21,visit,
cust_0094,2026-05-21,visit,
cust_0097,2026-05-21,purchase,30.8
cust_0098,2026-05-21,visit,
cust_0101,2026-05-21,purchase,28.55
cust_0106,2026-05-21,visit,
cust_0108,2026-05-21,visit,
cust_0115,2026-05-21,visit,
cust_0125,2026-05-21,visit,
cust_0137,2026-05-21,purchase,60.7
cust_0146,2026-05-21,visit,
cust_0168,2026-05-21,visit,
cust_0170,2026-05-21,visit,
cust_0177,2026-05-21,purchase,34.69
cust_0179,2026-05-21,visit,
cust_0187,2026-05-21,visit,
cust_0200,2026-05-21,visit,
cust_0211,2026-05-21,purchase,28.81
cust_0219,2026-05-21,purchase,24.41
cust_0237,2026-05-21,ticket,
cust_0253,2026-05-21,purchase,36.4
cust_0258,2026-05-21,visit,
cust_0268,2026-05-21,visit,
cust_0275,2026-05-21,purchase,25.82
cust_0282,2026-05-21,visit,
cust_0288,2026-05-21,purchase,78.36
cust_0316,2026-05-21,visit,
cust_0317,2026-05-21,visit,
cust_0320,2026-05-21,visit,
cust_0327,2026-05-21,ticket,
cust_0334,2026-05-21,visit,
cust_0390,2026-05-21,purchase,41.23
cust_0396,2026-05-21,visit,
cust_0401,2026-05-21,purchase,27.96
cust_0404,2026-05-21,purchase,50.23
cust_0407,2026-05-21,purchase,21.12
cust_0412,2026-05-21,visit,
cust_0448,2026-05-21,visit,
cust_0457,2026-05-21,visit,
cust_0486,2026-05-21,visit,
cust_0492,2026-05-21,visit,
cust_0503,2026-05-21,visit,
cust_0507,2026-05-21,purchase,53.72
cust_0523,2026-05-21,purchase,53.65
cust_0528,2026-05-21,visit,
cust_0551,2026-05-21,purchase,27.22
cust_0588,2026-05-21,visit,
cust_0592,2026-05-21,visit,
cust_0608,2026-05-21,purchase,14.4
cust_0645,2026-05-21,visit,
cust_0648,2026-05-21,visit,
cust_0663,2026-05-21,visit,
cust_0701,2026-05-21,visit,
cust_0705,2026-05-21,visit,
cust_0723,2026-05-21,visit,
cust_0735,2026-05-21,visit,
cust_0743,2026-05-21,visit,
cust_0748,2026-05-21,visit,
cust_0755,2026-05-21,visit,
cust_0763,2026-05-21,purchase,26.94
cust_0773,2026-05-21,purchase,34.91
cust_0778,2026-05-21,visit,
cust_0002,2026-05-22,visit,
cust_0019,2026-05-22,purchase,27.17
cust_0021,2026-05-22,purchase,38.44
cust_0023,2026-05-22,visit,
cust_0054,2026-05-22,visit,
cust_0058,2026-05-22,visit,
cust_0068,2026-05-22,visit,
cust_0080,2026-05-22,visit,
cust_0081,2026-05-22,visit,
cust_0105,2026-05-22,purchase,64.57
cust_0137,2026-05-22,visit,
cust_0143,2026-05-22,visit,
cust_0147,2026-05-22,purchase,65.63
cust_0160,2026-05-22,visit,
cust_0195,2026-05-22,visit,
cust_0204,2026-05-22,visit,
cust_0209,2026-05-22,visit,
cust_0222,2026-05-22,visit,
cust_0226,2026-05-22,purchase,28.05
cust_0259,2026-05-22,visit,
cust_0267,2026-05-22,purchase,31.29
cust_0276,2026-05-22,visit,
cust_0287,2026-05-22,visit,
cust_0298,2026-05-22,visit,
cust_0317,2026-05-22,purchase,33.1
cust_0327,2026-05-22,purchase,27.21
cust_0341,2026-05-22,purchase,70.57
cust_0372,2026-05-22,visit,
cust_0400,2026-05-22,visit,
cust_0415,2026-05-22,purchase,56.91
cust_0430,2026-05-22,ticket,
cust_0433,2026-05-22,visit,
cust_0438,2026-05-22,visit,
cust_0446,2026-05-22,purchase,33.19
cust_0454,2026-05-22,purchase,15.78
cust_0459,2026-05-22,purchase,47.06
cust_0480,2026-05-22,purchase,54.37
cust_0481,2026-05-22,purchase,35.09
cust_0485,2026-05-22,purchase,70.18
cust_0492,2026-05-22,purchase,36.77
cust_0495,2026-05-22,visit,
cust_0501,2026-05-22,visit,
cust_0504,2026-05-22,visit,
cust_0509,2026-05-22,visit,
cust_0510,2026-05-22,visit,
cust_0516,2026-05-22,visit,
cust_0522,2026-05-22,purchase,16.19
cust_0530,2026-05-22,visit,
cust_0531,2026-05-22,purchase,9.04
cust_0540,2026-05-22,purchase,35.3
cust_0541,2026-05-22,visit,
cust_0561,2026-05-22,visit,
cust_0563,2026-05-22,visit,
cust_0579,2026-05-22,visit,
cust_0582,2026-05-22,visit,
cust_0600,2026-05-22,purchase,18.03
cust_0606,2026-05-22,visit,
cust_0612,2026-05-22,purchase,23.87
cust_0612,2026-05-22,refund,23.87
cust_0613,2026-05-22,visit,
cust_0628,2026-05-22,purchase,30.46
cust_0634,2026-05-22,purchase,48.48
cust_0647,2026-05-22,visit,
cust_0674,2026-05-22,purchase,56.77
cust_0695,2026-05-22,visit,
cust_0701,2026-05-22,purchase,58.99
cust_0708,2026-05-22,purchase,42.18
cust_0721,2026-05-22,purchase,13.14
cust_0722,2026-05-22,ticket,
cust_0737,2026-05-22,purchase,60.88
cust_0742,2026-05-22,visit,
cust_0747,2026-05-22,visit,
cust_0778,2026-05-22,purchase,23.21
cust_0784,2026-05-22,visit,
cust_0792,2026-05-22,visit,
cust_0019,2026-05-23,visit,
cust_0049,2026-05-23,visit,
cust_0085,2026-05-23,visit,
cust_0094,2026-05-23,visit,
cust_0097,2026-05-23,visit,
cust_0103,2026-05-23,visit,
cust_0105,2026-05-23,visit,
cust_0112,2026-05-23,visit,
cust_0113,2026-05-23,visit,
cust_0128,2026-05-23,visit,
cust_0137,2026-05-23,visit,
cust_0148,2026-05-23,visit,
cust_0159,2026-05-23,purchase,46.75
cust_0180,2026-05-23,visit,
cust_0181,2026-05-23,purchase,70.98
cust_0185,2026-05-23,purchase,34.87
cust_0195,2026-05-23,visit,
cust_0216,2026-05-23,visit,
cust_0251,2026-05-23,purchase,38.85
cust_0253,2026-05-23,visit,
cust_0255,2026-05-23,visit,
cust_0256,2026-05-23,visit,
cust_0260,2026-05-23,purchase,18.88
cust_0276,2026-05-23,purchase,26.19
cust_0284,2026-05-23,visit,
cust_0289,2026-05-23,visit,
cust_0297,2026-05-23,purchase,30.72
cust_0315,2026-05-23,purchase,44.25
cust_0328,2026-05-23,purchase,45.14
cust_0378,2026-05-23,purchase,27.39
cust_0392,2026-05-23,visit,
cust_0395,2026-05-23,visit,
cust_0407,2026-05-23,visit,
cust_0415,2026-05-23,visit,
cust_0420,2026-05-23,visit,
cust_0440,2026-05-23,visit,
cust_0441,2026-05-23,visit,
cust_0455,2026-05-23,ticket,
cust_0468,2026-05-23,visit,
cust_0480,2026-05-23,purchase,26.67
cust_0500,2026-05-23,visit,
cust_0503,2026-05-23,purchase,24.18
cust_0515,2026-05-23,visit,
cust_0553,2026-05-23,visit,
cust_0559,2026-05-23,visit,
cust_0576,2026-05-23,visit,
cust_0578,2026-05-23,purchase,26.15
cust_0578,2026-05-23,refund,26.15
cust_0596,2026-05-23,purchase,38.04
cust_0618,2026-05-23,purchase,71.3
cust_0631,2026-05-23,visit,
cust_0632,2026-05-23,purchase,42.05
cust_0641,2026-05-23,visit,
cust_0643,2026-05-23,purchase,15.95
cust_0659,2026-05-23,purchase,31.3
cust_0662,2026-05-23,visit,
cust_0677,2026-05-23,purchase,34.86
cust_0679,2026-05-23,visit,
cust_0697,2026-05-23,visit,
cust_0704,2026-05-23,visit,
cust_0706,2026-05-23,ticket,
cust_0714,2026-05-23,purchase,47.6
cust_0715,2026-05-23,purchase,33.95
cust_0735,2026-05-23,visit,
cust_0745,2026-05-23,visit,
cust_0748,2026-05-23,visit,
cust_0753,2026-05-23,visit,
cust_0759,2026-05-23,visit,
cust_0760,2026-05-23,visit,
cust_0768,2026-05-23,visit,
cust_0773,2026-05-23,purchase,39.87
cust_0778,2026-05-23,visit,
cust_0793,2026-05-23,visit,
cust_0002,2026-05-24,purchase,157.16
cust_0011,2026-05-24,purchase,50.46
cust_0026,2026-05-24,purchase,36.16
cust_0043,2026-05-24,visit,
cust_0046,2026-05-24,purchase,37.18
cust_0094,2026-05-24,purchase,83.78
cust_0098,2026-05-24,visit,
cust_0101,2026-05-24,visit,
cust_0115,2026-05-24,visit,
cust_0125,2026-05-24,visit,
cust_0129,2026-05-24,visit,
cust_0167,2026-05-24,purchase,66.64
cust_0167,2026-05-24,refund,66.64
cust_0171,2026-05-24,visit,
cust_0181,2026-05-24,purchase,20.75
cust_0203,2026-05-24,visit,
cust_0207,2026-05-24,visit,
cust_0212,2026-05-24,visit,
cust_0238,2026-05-24,purchase,42.78
cust_0242,2026-05-24,purchase,56.29
cust_0248,2026-05-24,visit,
cust_0251,2026-05-24,purchase,25.84
cust_0253,2026-05-24,visit,
cust_0275,2026-05-24,ticket,
cust_0289,2026-05-24,visit,
cust_0294,2026-05-24,visit,
cust_0301,2026-05-24,visit,
cust_0311,2026-05-24,visit,
cust_0319,2026-05-24,visit,
cust_0350,2026-05-24,purchase,70.3
cust_0364,2026-05-24,visit,
cust_0394,2026-05-24,visit,
cust_0395,2026-05-24,visit,
cust_0427,2026-05-24,purchase,79.5
cust_0432,2026-05-24,purchase,38.24
cust_0438,2026-05-24,visit,
cust_0453,2026-05-24,visit,
cust_0470,2026-05-24,visit,
cust_0494,2026-05-24,visit,
cust_0504,2026-05-24,visit,
cust_0521,2026-05-24,visit,
cust_0530,2026-05-24,visit,
cust_0531,2026-05-24,visit,
cust_0542,2026-05-24,visit,
cust_0548,2026-05-24,visit,
cust_0558,2026-05-24,purchase,39.91
cust_0592,2026-05-24,visit,
cust_0608,2026-05-24,visit,
cust_0611,2026-05-24,purchase,28.52
cust_0616,2026-05-24,purchase,39.35
cust_0616,2026-05-24,refund,39.35
cust_0617,2026-05-24,visit,
cust_0618,2026-05-24,purchase,11.77
cust_0636,2026-05-24,visit,
cust_0644,2026-05-24,visit,
cust_0653,2026-05-24,visit,
cust_0654,2026-05-24,ticket,
cust_0657,2026-05-24,purchase,34.83
cust_0657,2026-05-24,refund,34.83
cust_0662,2026-05-24,visit,
cust_0680,2026-05-24,ticket,
cust_0695,2026-05-24,visit,
cust_0697,2026-05-24,purchase,94.14
cust_0697,2026-05-24,refund,94.14
cust_0720,2026-05-24,visit,
cust_0725,2026-05-24,visit,
cust_0735,2026-05-24,purchase,32.19
cust_0758,2026-05-24,visit,
cust_0762,2026-05-24,visit,
cust_0787,2026-05-24,purchase,53.08
cust_0003,2026-05-25,visit,
cust_0005,2026-05-25,visit,
cust_0010,2026-05-25,purchase,54.06
cust_0015,2026-05-25,visit,
cust_0036,2026-05-25,visit,
cust_0055,2026-05-25,visit,
cust_0057,2026-05-25,visit,
cust_0077,2026-05-25,visit,
cust_0104,2026-05-25,visit,
cust_0105,2026-05-25,purchase,51.58
cust_0121,2026-05-25,purchase,10.39
cust_0133,2026-05-25,visit,
cust_0137,2026-05-25,visit,
cust_0141,2026-05-25,purchase,24.56
cust_0142,2026-05-25,visit,
cust_0143,2026-05-25,purchase,53.26
cust_0162,2026-05-25,visit,
cust_0168,2026-05-25,visit,
cust_0170,2026-05-25,purchase,43.96
cust_0177,2026-05-25,purchase,30.33
cust_0185,2026-05-25,visit,
cust_0200,2026-05-25,purchase,60.06
cust_0207,2026-05-25,visit,
cust_0210,2026-05-25,visit,
cust_0218,2026-05-25,visit,
cust_0226,2026-05-25,purchase,55.19
cust_0229,2026-05-25,purchase,40.95
cust_0249,2026-05-25,visit,
cust_0267,2026-05-25,ticket,
cust_0291,2026-05-25,visit,
cust_0303,2026-05-25,purchase,26.1
cust_0305,2026-05-25,purchase,39.72
cust_0314,2026-05-25,purchase,27.59
cust_0342,2026-05-25,visit,
cust_0350,2026-05-25,purchase,56.74
cust_0356,2026-05-25,visit,
cust_0360,2026-05-25,visit,
cust_0363,2026-05-25,purchase,29.03
cust_0372,2026-05-25,purchase,41.56
cust_0372,2026-05-25,refund,41.56
cust_0376,2026-05-25,purchase,23.51
cust_0383,2026-05-25,visit,
cust_0384,2026-05-25,visit,
cust_0386,2026-05-25,visit,
cust_0387,2026-05-25,visit,
cust_0401,2026-05-25,ticket,
cust_0423,2026-05-25,visit,
cust_0429,2026-05-25,visit,
cust_0445,2026-05-25,visit,
cust_0457,2026-05-25,visit,
cust_0498,2026-05-25,visit,
cust_0502,2026-05-25,visit,
cust_0516,2026-05-25,purchase,27.81
cust_0521,2026-05-25,visit,
cust_0531,2026-05-25,visit,
cust_0541,2026-05-25,purchase,41.05
cust_0575,2026-05-25,visit,
cust_0580,2026-05-25,visit,
cust_0591,2026-05-25,visit,
cust_0593,2026-05-25,visit,
cust_0596,2026-05-25,visit,
cust_0623,2026-05-25,purchase,52.07
cust_0630,2026-05-25,purchase,15.45
cust_0630,2026-05-25,refund,15.45
cust_0650,2026-05-25,visit,
cust_0662,2026-05-25,visit,
cust_0674,2026-05-25,visit,
cust_0684,2026-05-25,visit,
cust_0687,2026-05-25,visit,
cust_0707,2026-05-25,visit,
cust_0711,2026-05-25,purchase,32.51
cust_0726,2026-05-25,visit,
cust_0733,2026-05-25,visit,
cust_0734,2026-05-25,visit,
cust_0758,2026-05-25,visit,
cust_0766,2026-05-25,visit,
cust_0794,2026-05-25,purchase,57.43
cust_0015,2026-05-26,visit,
cust_0017,2026-05-26,purchase,16.0
cust_0025,2026-05-26,visit,
cust_0032,2026-05-26,purchase,46.25
cust_0034,2026-05-26,purchase,27.59
cust_0042,2026-05-26,purchase,38.94
cust_0042,2026-05-26,refund,38.94
cust_0043,2026-05-26,visit,
cust_0045,2026-05-26,visit,
cust_0046,2026-05-26,visit,
cust_0063,2026-05-26,purchase,67.23
cust_0075,2026-05-26,purchase,35.05
cust_0113,2026-05-26,ticket,
cust_0125,2026-05-26,purchase,43.67
cust_0137,2026-05-26,purchase,51.2
cust_0158,2026-05-26,visit,
cust_0173,2026-05-26,visit,
cust_0181,2026-05-26,purchase,16.01
cust_0199,2026-05-26,visit,
cust_0220,2026-05-26,visit,
cust_0221,2026-05-26,visit,
cust_0238,2026-05-26,visit,
cust_0258,2026-05-26,visit,
cust_0267,2026-05-26,visit,
cust_0271,2026-05-26,visit,
cust_0273,2026-05-26,purchase,31.57
cust_0282,2026-05-26,visit,
cust_0297,2026-05-26,visit,
cust_0300,2026-05-26,visit,
cust_0305,2026-05-26,visit,
cust_0315,2026-05-26,visit,
cust_0325,2026-05-26,purchase,31.38
cust_0359,2026-05-26,visit,
cust_0364,2026-05-26,visit,
cust_0373,2026-05-26,purchase,28.83
cust_0407,2026-05-26,visit,
cust_0425,2026-05-26,visit,
cust_0429,2026-05-26,visit,
cust_0431,2026-05-26,visit,
cust_0432,2026-05-26,visit,
cust_0436,2026-05-26,purchase,72.25
cust_0472,2026-05-26,visit,
cust_0485,2026-05-26,visit,
cust_0494,2026-05-26,purchase,32.58
cust_0506,2026-05-26,purchase,19.27
cust_0514,2026-05-26,visit,
cust_0535,2026-05-26,visit,
cust_0539,2026-05-26,purchase,95.07
cust_0560,2026-05-26,purchase,26.31
cust_0570,2026-05-26,visit,
cust_0588,2026-05-26,visit,
cust_0594,2026-05-26,visit,
cust_0617,2026-05-26,purchase,37.53
cust_0628,2026-05-26,purchase,28.55
cust_0648,2026-05-26,visit,
cust_0650,2026-05-26,visit,
cust_0669,2026-05-26,purchase,101.66
cust_0671,2026-05-26,purchase,24.08
cust_0688,2026-05-26,purchase,47.88
cust_0689,2026-05-26,visit,
cust_0695,2026-05-26,visit,
cust_0711,2026-05-26,visit,
cust_0734,2026-05-26,purchase,50.28
cust_0739,2026-05-26,visit,
cust_0753,2026-05-26,purchase,43.35
cust_0773,2026-05-26,purchase,10.62
cust_0778,2026-05-26,visit,
cust_0788,2026-05-26,purchase,41.18
cust_0029,2026-05-27,visit,
cust_0047,2026-05-27,visit,
cust_0048,2026-05-27,visit,
cust_0059,2026-05-27,purchase,20.55
cust_0071,2026-05-27,purchase,26.55
cust_0098,2026-05-27,visit,
cust_0100,2026-05-27,visit,
cust_0103,2026-05-27,visit,
cust_0104,2026-05-27,visit,
cust_0116,2026-05-27,visit,
cust_0128,2026-05-27,purchase,58.92
cust_0139,2026-05-27,purchase,28.98
cust_0148,2026-05-27,visit,
cust_0151,2026-05-27,ticket,
cust_0166,2026-05-27,visit,
cust_0181,2026-05-27,purchase,59.5
cust_0216,2026-05-27,purchase,39.92
cust_0218,2026-05-27,visit,
cust_0253,2026-05-27,purchase,29.56
cust_0256,2026-05-27,visit,
cust_0258,2026-05-27,visit,
cust_0268,2026-05-27,visit,
cust_0283,2026-05-27,visit,
cust_0289,2026-05-27,visit,
cust_0294,2026-05-27,visit,
cust_0301,2026-05-27,visit,
cust_0314,2026-05-27,visit,
cust_0319,2026-05-27,purchase,40.52
cust_0365,2026-05-27,ticket,
cust_0378,2026-05-27,visit,
cust_0391,2026-05-27,visit,
cust_0412,2026-05-27,visit,
cust_0415,2026-05-27,purchase,43.68
cust_0415,2026-05-27,refund,43.68
cust_0430,2026-05-27,visit,
cust_0441,2026-05-27,visit,
cust_0477,2026-05-27,visit,
cust_0479,2026-05-27,purchase,37.87
cust_0485,2026-05-27,visit,
cust_0494,2026-05-27,visit,
cust_0501,2026-05-27,visit,
cust_0510,2026-05-27,purchase,48.82
cust_0518,2026-05-27,visit,
cust_0524,2026-05-27,visit,
cust_0531,2026-05-27,visit,
cust_0542,2026-05-27,visit,
cust_0547,2026-05-27,visit,
cust_0559,2026-05-27,visit,
cust_0595,2026-05-27,visit,
cust_0606,2026-05-27,purchase,58.74
cust_0609,2026-05-27,purchase,36.36
cust_0614,2026-05-27,visit,
cust_0635,2026-05-27,purchase,27.03
cust_0636,2026-05-27,visit,
cust_0685,2026-05-27,visit,
cust_0709,2026-05-27,visit,
cust_0711,2026-05-27,visit,
cust_0740,2026-05-27,visit,
cust_0780,2026-05-27,visit,
cust_0788,2026-05-27,visit,
cust_0796,2026-05-27,purchase,28.84
cust_0067,2026-05-28,purchase,24.39
cust_0073,2026-05-28,visit,
cust_0085,2026-05-28,visit,
cust_0088,2026-05-28,purchase,32.91
cust_0089,2026-05-28,visit,
cust_0127,2026-05-28,purchase,27.04
cust_0142,2026-05-28,visit,
cust_0148,2026-05-28,purchase,49.61
cust_0155,2026-05-28,visit,
cust_0156,2026-05-28,ticket,
cust_0158,2026-05-28,visit,
cust_0174,2026-05-28,visit,
cust_0175,2026-05-28,visit,
cust_0185,2026-05-28,purchase,50.64
cust_0201,2026-05-28,visit,
cust_0244,2026-05-28,visit,
cust_0251,2026-05-28,visit,
cust_0253,2026-05-28,visit,
cust_0256,2026-05-28,visit,
cust_0258,2026-05-28,visit,
cust_0271,2026-05-28,purchase,17.15
cust_0283,2026-05-28,visit,
cust_0289,2026-05-28,visit,
cust_0296,2026-05-28,purchase,33.41
cust_0296,2026-05-28,refund,33.41
cust_0329,2026-05-28,ticket,
cust_0344,2026-05-28,purchase,28.51
cust_0351,2026-05-28,visit,
cust_0374,2026-05-28,visit,
cust_0407,2026-05-28,purchase,57.6
cust_0412,2026-05-28,visit,
cust_0445,2026-05-28,visit,
cust_0454,2026-05-28,purchase,25.73
cust_0460,2026-05-28,visit,
cust_0470,2026-05-28,purchase,51.98
cust_0476,2026-05-28,purchase,37.06
cust_0477,2026-05-28,visit,
cust_0496,2026-05-28,purchase,15.25
cust_0516,2026-05-28,ticket,
cust_0517,2026-05-28,purchase,16.57
cust_0517,2026-05-28,refund,16.57
cust_0540,2026-05-28,visit,
cust_0542,2026-05-28,purchase,42.01
cust_0559,2026-05-28,purchase,61.2
cust_0566,2026-05-28,ticket,
cust_0573,2026-05-28,purchase,57.0
cust_0582,2026-05-28,visit,
cust_0604,2026-05-28,purchase,24.35
cust_0608,2026-05-28,visit,
cust_0630,2026-05-28,visit,
cust_0635,2026-05-28,purchase,14.95
cust_0643,2026-05-28,visit,
cust_0644,2026-05-28,visit,
cust_0657,2026-05-28,visit,
cust_0662,2026-05-28,visit,
cust_0671,2026-05-28,visit,
cust_0706,2026-05-28,visit,
cust_0748,2026-05-28,visit,
cust_0775,2026-05-28,visit,
cust_0776,2026-05-28,visit,
cust_0780,2026-05-28,purchase,174.36
cust_0786,2026-05-28,purchase,28.85
cust_0792,2026-05-28,visit,
cust_0016,2026-05-29,visit,
cust_0026,2026-05-29,purchase,45.47
cust_0047,2026-05-29,purchase,37.05
cust_0067,2026-05-29,visit,
cust_0088,2026-05-29,visit,
cust_0090,2026-05-29,visit,
cust_0109,2026-05-29,visit,
cust_0115,2026-05-29,purchase,44.4
cust_0123,2026-05-29,visit,
cust_0125,2026-05-29,visit,
cust_0170,2026-05-29,visit,
cust_0182,2026-05-29,purchase,98.93
cust_0192,2026-05-29,purchase,40.25
cust_0211,2026-05-29,visit,
cust_0216,2026-05-29,purchase,43.96
cust_0219,2026-05-29,visit,
cust_0226,2026-05-29,purchase,41.82
cust_0231,2026-05-29,purchase,17.04
cust_0247,2026-05-29,purchase,25.49
cust_0261,2026-05-29,visit,
cust_0275,2026-05-29,purchase,42.0
cust_0286,2026-05-29,visit,
cust_0346,2026-05-29,purchase,67.6
cust_0373,2026-05-29,purchase,24.16
cust_0380,2026-05-29,purchase,38.79
cust_0388,2026-05-29,visit,
cust_0389,2026-05-29,purchase,58.43
cust_0392,2026-05-29,visit,
cust_0399,2026-05-29,visit,
cust_0406,2026-05-29,visit,
cust_0430,2026-05-29,visit,
cust_0431,2026-05-29,visit,
cust_0433,2026-05-29,visit,
cust_0446,2026-05-29,purchase,30.22
cust_0449,2026-05-29,purchase,25.47
cust_0467,2026-05-29,purchase,14.55
cust_0495,2026-05-29,visit,
cust_0496,2026-05-29,purchase,25.57
cust_0498,2026-05-29,purchase,59.37
cust_0502,2026-05-29,visit,
cust_0506,2026-05-29,purchase,12.84
cust_0524,2026-05-29,visit,
cust_0528,2026-05-29,visit,
cust_0540,2026-05-29,purchase,37.76
cust_0543,2026-05-29,purchase,45.43
cust_0546,2026-05-29,purchase,32.37
cust_0548,2026-05-29,visit,
cust_0562,2026-05-29,purchase,45.93
cust_0567,2026-05-29,visit,
cust_0602,2026-05-29,purchase,31.67
cust_0611,2026-05-29,purchase,10.43
cust_0617,2026-05-29,visit,
cust_0644,2026-05-29,visit,
cust_0651,2026-05-29,purchase,43.93
cust_0652,2026-05-29,purchase,52.53
cust_0658,2026-05-29,purchase,59.89
cust_0659,2026-05-29,visit,
cust_0668,2026-05-29,visit,
cust_0669,2026-05-29,purchase,55.17
cust_0696,2026-05-29,purchase,44.97
cust_0711,2026-05-29,purchase,68.25
cust_0722,2026-05-29,purchase,50.71
cust_0725,2026-05-29,visit,
cust_0733,2026-05-29,visit,
cust_0736,2026-05-29,visit,
cust_0747,2026-05-29,visit,
cust_0766,2026-05-29,visit,
cust_0768,2026-05-29,visit,
cust_0773,2026-05-29,purchase,38.48
cust_0779,2026-05-29,purchase,34.91
cust_0785,2026-05-29,visit,
cust_0789,2026-05-29,visit,
cust_0015,2026-05-30,visit,
cust_0019,2026-05-30,purchase,58.12
cust_0026,2026-05-30,visit,
cust_0054,2026-05-30,purchase,69.08
cust_0073,2026-05-30,visit,
cust_0075,2026-05-30,visit,
cust_0114,2026-05-30,visit,
cust_0115,2026-05-30,visit,
cust_0120,2026-05-30,ticket,
cust_0140,2026-05-30,purchase,18.41
cust_0164,2026-05-30,visit,
cust_0174,2026-05-30,visit,
cust_0201,2026-05-30,visit,
cust_0213,2026-05-30,visit,
cust_0215,2026-05-30,purchase,15.43
cust_0224,2026-05-30,visit,
cust_0227,2026-05-30,purchase,48.67
cust_0231,2026-05-30,visit,
cust_0252,2026-05-30,purchase,56.21
cust_0259,2026-05-30,visit,
cust_0286,2026-05-30,visit,
cust_0329,2026-05-30,visit,
cust_0342,2026-05-30,purchase,53.75
cust_0352,2026-05-30,visit,
cust_0356,2026-05-30,purchase,15.86
cust_0360,2026-05-30,visit,
cust_0400,2026-05-30,visit,
cust_0404,2026-05-30,visit,
cust_0407,2026-05-30,visit,
cust_0415,2026-05-30,purchase,30.56
cust_0426,2026-05-30,purchase,36.34
cust_0428,2026-05-30,purchase,29.52
cust_0435,2026-05-30,purchase,94.12
cust_0456,2026-05-30,visit,
cust_0467,2026-05-30,purchase,17.25
cust_0484,2026-05-30,purchase,32.24
cust_0503,2026-05-30,visit,
cust_0508,2026-05-30,purchase,57.74
cust_0517,2026-05-30,purchase,36.09
cust_0524,2026-05-30,purchase,50.26
cust_0543,2026-05-30,visit,
cust_0553,2026-05-30,visit,
cust_0560,2026-05-30,ticket,
cust_0600,2026-05-30,ticket,
cust_0611,2026-05-30,visit,
cust_0625,2026-05-30,purchase,21.39
cust_0632,2026-05-30,visit,
cust_0642,2026-05-30,purchase,45.51
cust_0695,2026-05-30,visit,
cust_0696,2026-05-30,purchase,75.17
cust_0705,2026-05-30,purchase,38.38
cust_0708,2026-05-30,visit,
cust_0711,2026-05-30,visit,
cust_0747,2026-05-30,purchase,47.58
cust_0768,2026-05-30,visit,
cust_0778,2026-05-30,purchase,45.43
cust_0782,2026-05-30,visit,
cust_0787,2026-05-30,visit,
cust_0000,2026-05-31,ticket,
cust_0002,2026-05-31,purchase,28.55
cust_0019,2026-05-31,visit,
cust_0049,2026-05-31,purchase,34.28
cust_0051,2026-05-31,purchase,26.46
cust_0087,2026-05-31,visit,
cust_0089,2026-05-31,ticket,
cust_0118,2026-05-31,visit,
cust_0120,2026-05-31,visit,
cust_0156,2026-05-31,visit,
cust_0170,2026-05-31,visit,
cust_0179,2026-05-31,visit,
cust_0180,2026-05-31,visit,
cust_0187,2026-05-31,visit,
cust_0192,2026-05-31,visit,
cust_0210,2026-05-31,visit,
cust_0211,2026-05-31,visit,
cust_0215,2026-05-31,visit,
cust_0220,2026-05-31,purchase,20.59
cust_0226,2026-05-31,ticket,
cust_0241,2026-05-31,visit,
cust_0286,2026-05-31,visit,
cust_0301,2026-05-31,visit,
cust_0316,2026-05-31,visit,
cust_0321,2026-05-31,purchase,59.66
cust_0344,2026-05-31,purchase,45.03
cust_0347,2026-05-31,visit,
cust_0389,2026-05-31,ticket,
cust_0396,2026-05-31,ticket,
cust_0406,2026-05-31,visit,
cust_0423,2026-05-31,visit,
cust_0458,2026-05-31,purchase,30.31
cust_0467,2026-05-31,purchase,30.9
cust_0504,2026-05-31,visit,
cust_0516,2026-05-31,visit,
cust_0535,2026-05-31,visit,
cust_0552,2026-05-31,visit,
cust_0567,2026-05-31,purchase,23.91
cust_0572,2026-05-31,visit,
cust_0573,2026-05-31,visit,
cust_0592,2026-05-31,visit,
cust_0593,2026-05-31,purchase,43.35
cust_0604,2026-05-31,purchase,73.67
cust_0608,2026-05-31,visit,
cust_0628,2026-05-31,purchase,19.6
cust_0630,2026-05-31,visit,
cust_0634,2026-05-31,purchase,16.89
cust_0644,2026-05-31,purchase,55.0
cust_0661,2026-05-31,visit,
cust_0692,2026-05-31,visit,
cust_0703,2026-05-31,visit,
cust_0706,2026-05-31,visit,
cust_0723,2026-05-31,visit,
cust_0786,2026-05-31,visit,
cust_0788,2026-05-31,visit,
cust_0796,2026-05-31,visit,
cust_0018,2026-06-01,visit,
cust_0019,2026-06-01,visit,
cust_0028,2026-06-01,visit,
cust_0049,2026-06-01,purchase,24.77
cust_0055,2026-06-01,visit,
cust_0070,2026-06-01,ticket,
cust_0074,2026-06-01,purchase,44.59
cust_0092,2026-06-01,visit,
cust_0100,2026-06-01,visit,
cust_0104,2026-06-01,purchase,36.05
cust_0143,2026-06-01,visit,
cust_0167,2026-06-01,visit,
cust_0168,2026-06-01,visit,
cust_0172,2026-06-01,ticket,
cust_0174,2026-06-01,visit,
cust_0187,2026-06-01,purchase,48.45
cust_0187,2026-06-01,refund,48.45
cust_0192,2026-06-01,visit,
cust_0211,2026-06-01,visit,
cust_0221,2026-06-01,purchase,41.12
cust_0224,2026-06-01,purchase,26.46
cust_0224,2026-06-01,refund,26.46
cust_0247,2026-06-01,purchase,27.78
cust_0272,2026-06-01,visit,
cust_0292,2026-06-01,visit,
cust_0296,2026-06-01,visit,
cust_0316,2026-06-01,visit,
cust_0318,2026-06-01,purchase,41.55
cust_0320,2026-06-01,visit,
cust_0327,2026-06-01,visit,
cust_0348,2026-06-01,visit,
cust_0351,2026-06-01,purchase,26.95
cust_0356,2026-06-01,visit,
cust_0360,2026-06-01,purchase,42.0
cust_0365,2026-06-01,visit,
cust_0372,2026-06-01,visit,
cust_0376,2026-06-01,visit,
cust_0406,2026-06-01,purchase,59.44
cust_0407,2026-06-01,visit,
cust_0418,2026-06-01,visit,
cust_0434,2026-06-01,purchase,39.72
cust_0460,2026-06-01,purchase,44.23
cust_0462,2026-06-01,visit,
cust_0469,2026-06-01,purchase,32.07
cust_0479,2026-06-01,visit,
cust_0483,2026-06-01,purchase,55.92
cust_0501,2026-06-01,purchase,26.26
cust_0503,2026-06-01,purchase,28.38
cust_0509,2026-06-01,visit,
cust_0514,2026-06-01,visit,
cust_0530,2026-06-01,visit,
cust_0540,2026-06-01,visit,
cust_0548,2026-06-01,visit,
cust_0558,2026-06-01,visit,
cust_0560,2026-06-01,visit,
cust_0598,2026-06-01,visit,
cust_0603,2026-06-01,visit,
cust_0617,2026-06-01,visit,
cust_0630,2026-06-01,visit,
cust_0651,2026-06-01,visit,
cust_0663,2026-06-01,purchase,43.91
cust_0711,2026-06-01,visit,
cust_0720,2026-06-01,purchase,77.53
cust_0725,2026-06-01,visit,
cust_0730,2026-06-01,ticket,
cust_0733,2026-06-01,visit,
cust_0735,2026-06-01,purchase,49.06
cust_0742,2026-06-01,visit,
cust_0749,2026-06-01,visit,
cust_0759,2026-06-01,visit,
cust_0770,2026-06-01,purchase,47.27
cust_0783,2026-06-01,purchase,64.57
cust_0789,2026-06-01,visit,
cust_0007,2026-06-02,visit,
cust_0034,2026-06-02,purchase,27.86
cust_0042,2026-06-02,visit,
cust_0055,2026-06-02,purchase,64.72
cust_0058,2026-06-02,visit,
cust_0078,2026-06-02,purchase,21.65
cust_0084,2026-06-02,purchase,67.64
cust_0087,2026-06-02,purchase,69.59
cust_0099,2026-06-02,purchase,51.87
cust_0107,2026-06-02,visit,
cust_0141,2026-06-02,purchase,53.9
cust_0157,2026-06-02,ticket,
cust_0178,2026-06-02,visit,
cust_0182,2026-06-02,purchase,22.87
cust_0193,2026-06-02,visit,
cust_0195,2026-06-02,visit,
cust_0197,2026-06-02,purchase,11.88
cust_0211,2026-06-02,visit,
cust_0226,2026-06-02,visit,
cust_0232,2026-06-02,visit,
cust_0245,2026-06-02,purchase,57.4
cust_0247,2026-06-02,purchase,18.42
cust_0256,2026-06-02,visit,
cust_0258,2026-06-02,visit,
cust_0273,2026-06-02,visit,
cust_0283,2026-06-02,visit,
cust_0284,2026-06-02,visit,
cust_0292,2026-06-02,visit,
cust_0295,2026-06-02,visit,
cust_0299,2026-06-02,visit,
cust_0302,2026-06-02,visit,
cust_0305,2026-06-02,visit,
cust_0325,2026-06-02,visit,
cust_0326,2026-06-02,visit,
cust_0337,2026-06-02,purchase,24.65
cust_0341,2026-06-02,purchase,43.05
cust_0351,2026-06-02,purchase,23.55
cust_0378,2026-06-02,visit,
cust_0380,2026-06-02,visit,
cust_0384,2026-06-02,visit,
cust_0390,2026-06-02,visit,
cust_0395,2026-06-02,visit,
cust_0399,2026-06-02,visit,
cust_0407,2026-06-02,purchase,30.05
cust_0441,2026-06-02,ticket,
cust_0446,2026-06-02,visit,
cust_0467,2026-06-02,visit,
cust_0472,2026-06-02,purchase,51.63
cust_0480,2026-06-02,visit,
cust_0486,2026-06-02,visit,
cust_0497,2026-06-02,visit,
cust_0521,2026-06-02,visit,
cust_0522,2026-06-02,visit,
cust_0525,2026-06-02,visit,
cust_0530,2026-06-02,purchase,66.64
cust_0558,2026-06-02,visit,
cust_0567,2026-06-02,visit,
cust_0591,2026-06-02,purchase,21.16
cust_0600,2026-06-02,purchase,62.7
cust_0630,2026-06-02,visit,
cust_0631,2026-06-02,purchase,33.58
cust_0633,2026-06-02,visit,
cust_0635,2026-06-02,visit,
cust_0644,2026-06-02,purchase,62.9
cust_0654,2026-06-02,visit,
cust_0669,2026-06-02,purchase,52.03
cust_0685,2026-06-02,visit,
cust_0715,2026-06-02,purchase,16.03
cust_0730,2026-06-02,visit,
cust_0732,2026-06-02,visit,
cust_0763,2026-06-02,purchase,30.95
cust_0770,2026-06-02,visit,
cust_0780,2026-06-02,visit,
cust_0784,2026-06-02,visit,
cust_0788,2026-06-02,purchase,31.14
cust_0796,2026-06-02,visit,
cust_0036,2026-06-03,visit,
cust_0051,2026-06-03,ticket,
cust_0059,2026-06-03,visit,
cust_0060,2026-06-03,visit,
cust_0070,2026-06-03,purchase,29.32
cust_0091,2026-06-03,visit,
cust_0097,2026-06-03,visit,
cust_0103,2026-06-03,visit,
cust_0108,2026-06-03,purchase,80.0
cust_0115,2026-06-03,visit,
cust_0158,2026-06-03,purchase,35.28
cust_0166,2026-06-03,visit,
cust_0168,2026-06-03,visit,
cust_0169,2026-06-03,visit,
cust_0174,2026-06-03,visit,
cust_0180,2026-06-03,purchase,25.54
cust_0195,2026-06-03,purchase,27.41
cust_0195,2026-06-03,refund,27.41
cust_0211,2026-06-03,visit,
cust_0221,2026-06-03,purchase,36.8
cust_0231,2026-06-03,visit,
cust_0232,2026-06-03,visit,
cust_0244,2026-06-03,purchase,50.13
cust_0246,2026-06-03,purchase,57.2
cust_0246,2026-06-03,refund,57.2
cust_0250,2026-06-03,visit,
cust_0288,2026-06-03,visit,
cust_0289,2026-06-03,visit,
cust_0291,2026-06-03,visit,
cust_0292,2026-06-03,purchase,22.8
cust_0327,2026-06-03,visit,
cust_0329,2026-06-03,purchase,90.27
cust_0345,2026-06-03,visit,
cust_0380,2026-06-03,visit,
cust_0402,2026-06-03,ticket,
cust_0416,2026-06-03,visit,
cust_0431,2026-06-03,purchase,66.17
cust_0446,2026-06-03,visit,
cust_0448,2026-06-03,purchase,16.97
cust_0467,2026-06-03,purchase,50.41
cust_0481,2026-06-03,visit,
cust_0495,2026-06-03,visit,
cust_0497,2026-06-03,purchase,22.69
cust_0509,2026-06-03,visit,
cust_0514,2026-06-03,visit,
cust_0524,2026-06-03,purchase,30.34
cust_0543,2026-06-03,purchase,66.91
cust_0546,2026-06-03,visit,
cust_0561,2026-06-03,visit,
cust_0570,2026-06-03,visit,
cust_0579,2026-06-03,visit,
cust_0593,2026-06-03,ticket,
cust_0626,2026-06-03,visit,
cust_0646,2026-06-03,visit,
cust_0647,2026-06-03,visit,
cust_0657,2026-06-03,visit,
cust_0678,2026-06-03,visit,
cust_0685,2026-06-03,purchase,21.01
cust_0705,2026-06-03,visit,
cust_0714,2026-06-03,purchase,40.78
cust_0736,2026-06-03,purchase,21.4
cust_0738,2026-06-03,visit,
cust_0745,2026-06-03,purchase,31.29
cust_0747,2026-06-03,purchase,59.69
cust_0757,2026-06-03,visit,
cust_0762,2026-06-03,visit,
cust_0770,2026-06-03,visit,
cust_0773,2026-06-03,purchase,39.19
cust_0786,2026-06-03,visit,
cust_0789,2026-06-03,visit,
cust_0010,2026-06-04,visit,
cust_0019,2026-06-04,visit,
cust_0042,2026-06-04,purchase,28.09
cust_0067,2026-06-04,visit,
cust_0069,2026-06-04,visit,
cust_0070,2026-06-04,purchase,56.12
cust_0109,2026-06-04,visit,
cust_0125,2026-06-04,visit,
cust_0139,2026-06-04,purchase,66.54
cust_0140,2026-06-04,visit,
cust_0141,2026-06-04,visit,
cust_0142,2026-06-04,visit,
cust_0147,2026-06-04,visit,
cust_0162,2026-06-04,visit,
cust_0164,2026-06-04,purchase,11.99
cust_0171,2026-06-04,visit,
cust_0191,2026-06-04,visit,
cust_0193,2026-06-04,visit,
cust_0197,2026-06-04,visit,
cust_0200,2026-06-04,visit,
cust_0205,2026-06-04,purchase,16.65
cust_0207,2026-06-04,purchase,84.58
cust_0244,2026-06-04,purchase,33.11
cust_0251,2026-06-04,visit,
cust_0303,2026-06-04,purchase,45.81
cust_0311,2026-06-04,visit,
cust_0319,2026-06-04,visit,
cust_0338,2026-06-04,visit,
cust_0341,2026-06-04,purchase,64.61
cust_0364,2026-06-04,visit,
cust_0383,2026-06-04,visit,
cust_0386,2026-06-04,visit,
cust_0394,2026-06-04,visit,
cust_0399,2026-06-04,purchase,28.73
cust_0407,2026-06-04,purchase,36.79
cust_0448,2026-06-04,purchase,30.36
cust_0456,2026-06-04,visit,
cust_0458,2026-06-04,purchase,36.82
cust_0460,2026-06-04,visit,
cust_0465,2026-06-04,visit,
cust_0466,2026-06-04,purchase,32.57
cust_0467,2026-06-04,visit,
cust_0494,2026-06-04,visit,
cust_0504,2026-06-04,purchase,55.16
cust_0507,2026-06-04,purchase,40.92
cust_0517,2026-06-04,visit,
cust_0522,2026-06-04,ticket,
cust_0532,2026-06-04,visit,
cust_0548,2026-06-04,purchase,33.19
cust_0563,2026-06-04,visit,
cust_0584,2026-06-04,visit,
cust_0594,2026-06-04,visit,
cust_0597,2026-06-04,visit,
cust_0603,2026-06-04,visit,
cust_0606,2026-06-04,visit,
cust_0630,2026-06-04,visit,
cust_0635,2026-06-04,visit,
cust_0643,2026-06-04,visit,
cust_0657,2026-06-04,purchase,41.19
cust_0658,2026-06-04,visit,
cust_0669,2026-06-04,visit,
cust_0695,2026-06-04,purchase,48.2
cust_0697,2026-06-04,purchase,24.26
cust_0715,2026-06-04,visit,
cust_0763,2026-06-04,visit,
cust_0768,2026-06-04,purchase,78.73
cust_0778,2026-06-04,visit,
cust_0786,2026-06-04,visit,
cust_0795,2026-06-04,visit,
cust_0003,2026-06-05,purchase,35.73
cust_0011,2026-06-05,visit,
cust_0030,2026-06-05,visit,
cust_0043,2026-06-05,purchase,30.86
cust_0043,2026-06-05,refund,30.86
cust_0050,2026-06-05,visit,
cust_0054,2026-06-05,visit,
cust_0065,2026-06-05,purchase,28.27
cust_0065,2026-06-05,refund,28.27
cust_0067,2026-06-05,visit,
cust_0091,2026-06-05,visit,
cust_0117,2026-06-05,purchase,41.39
cust_0136,2026-06-05,purchase,78.77
cust_0148,2026-06-05,purchase,44.37
cust_0162,2026-06-05,purchase,57.73
cust_0171,2026-06-05,purchase,50.81
cust_0171,2026-06-05,refund,50.81
cust_0175,2026-06-05,visit,
cust_0181,2026-06-05,visit,
cust_0192,2026-06-05,visit,
cust_0193,2026-06-05,visit,
cust_0195,2026-06-05,visit,
cust_0197,2026-06-05,visit,
cust_0210,2026-06-05,purchase,41.86
cust_0224,2026-06-05,purchase,38.48
cust_0231,2026-06-05,visit,
cust_0240,2026-06-05,visit,
cust_0249,2026-06-05,visit,
cust_0253,2026-06-05,purchase,19.43
cust_0255,2026-06-05,visit,
cust_0266,2026-06-05,visit,
cust_0268,2026-06-05,purchase,18.6
cust_0282,2026-06-05,purchase,39.12
cust_0286,2026-06-05,purchase,132.95
cust_0300,2026-06-05,visit,
cust_0311,2026-06-05,visit,
cust_0312,2026-06-05,purchase,47.69
cust_0350,2026-06-05,visit,
cust_0365,2026-06-05,purchase,77.37
cust_0372,2026-06-05,purchase,21.65
cust_0376,2026-06-05,visit,
cust_0390,2026-06-05,visit,
cust_0399,2026-06-05,visit,
cust_0403,2026-06-05,visit,
cust_0423,2026-06-05,visit,
cust_0446,2026-06-05,visit,
cust_0457,2026-06-05,purchase,62.18
cust_0483,2026-06-05,visit,
cust_0498,2026-06-05,visit,
cust_0503,2026-06-05,visit,
cust_0514,2026-06-05,purchase,30.94
cust_0515,2026-06-05,visit,
cust_0517,2026-06-05,visit,
cust_0520,2026-06-05,visit,
cust_0562,2026-06-05,purchase,54.89
cust_0570,2026-06-05,visit,
cust_0598,2026-06-05,visit,
cust_0603,2026-06-05,visit,
cust_0611,2026-06-05,purchase,25.3
cust_0612,2026-06-05,visit,
cust_0613,2026-06-05,purchase,38.78
cust_0615,2026-06-05,visit,
cust_0631,2026-06-05,purchase,28.78
cust_0666,2026-06-05,purchase,47.72
cust_0680,2026-06-05,visit,
cust_0681,2026-06-05,ticket,
cust_0732,2026-06-05,visit,
cust_0735,2026-06-05,visit,
cust_0736,2026-06-05,ticket,
cust_0742,2026-06-05,visit,
cust_0744,2026-06-05,visit,
cust_0751,2026-06-05,visit,
cust_0788,2026-06-05,visit,
cust_0794,2026-06-05,visit,
cust_0009,2026-06-06,visit,
cust_0018,2026-06-06,purchase,52.26
cust_0018,2026-06-06,refund,52.26
cust_0022,2026-06-06,purchase,81.18
cust_0029,2026-06-06,visit,
cust_0039,2026-06-06,visit,
cust_0054,2026-06-06,purchase,23.44
cust_0055,2026-06-06,visit,
cust_0082,2026-06-06,purchase,20.68
cust_0107,2026-06-06,purchase,32.9
cust_0129,2026-06-06,visit,
cust_0136,2026-06-06,visit,
cust_0137,2026-06-06,visit,
cust_0139,2026-06-06,visit,
cust_0166,2026-06-06,purchase,40.18
cust_0179,2026-06-06,visit,
cust_0208,2026-06-06,purchase,82.07
cust_0216,2026-06-06,purchase,21.53
cust_0250,2026-06-06,visit,
cust_0251,2026-06-06,purchase,50.07
cust_0275,2026-06-06,visit,
cust_0298,2026-06-06,purchase,40.19
cust_0308,2026-06-06,visit,
cust_0317,2026-06-06,purchase,36.47
cust_0325,2026-06-06,purchase,25.77
cust_0330,2026-06-06,visit,
cust_0376,2026-06-06,purchase,51.4
cust_0388,2026-06-06,purchase,24.86
cust_0394,2026-06-06,purchase,48.63
cust_0403,2026-06-06,visit,
cust_0404,2026-06-06,purchase,35.29
cust_0434,2026-06-06,visit,
cust_0456,2026-06-06,visit,
cust_0507,2026-06-06,visit,
cust_0508,2026-06-06,purchase,32.55
cust_0509,2026-06-06,visit,
cust_0515,2026-06-06,purchase,16.57
cust_0518,2026-06-06,purchase,42.36
cust_0525,2026-06-06,visit,
cust_0566,2026-06-06,visit,
cust_0570,2026-06-06,visit,
cust_0597,2026-06-06,visit,
cust_0606,2026-06-06,purchase,32.71
cust_0611,2026-06-06,visit,
cust_0637,2026-06-06,visit,
cust_0659,2026-06-06,visit,
cust_0662,2026-06-06,visit,
cust_0677,2026-06-06,purchase,30.83
cust_0677,2026-06-06,refund,30.83
cust_0715,2026-06-06,visit,
cust_0787,2026-06-06,visit,
cust_0028,2026-06-07,visit,
cust_0033,2026-06-07,visit,
cust_0049,2026-06-07,purchase,38.75
cust_0054,2026-06-07,visit,
cust_0066,2026-06-07,visit,
cust_0076,2026-06-07,visit,
cust_0097,2026-06-07,purchase,48.46
cust_0099,2026-06-07,visit,
cust_0100,2026-06-07,visit,
cust_0171,2026-06-07,visit,
cust_0179,2026-06-07,visit,
cust_0205,2026-06-07,purchase,18.48
cust_0205,2026-06-07,refund,18.48
cust_0216,2026-06-07,visit,
cust_0218,2026-06-07,visit,
cust_0220,2026-06-07,visit,
cust_0232,2026-06-07,visit,
cust_0289,2026-06-07,purchase,34.83
cust_0293,2026-06-07,purchase,25.65
cust_0305,2026-06-07,visit,
cust_0319,2026-06-07,visit,
cust_0332,2026-06-07,purchase,60.92
cust_0342,2026-06-07,visit,
cust_0348,2026-06-07,purchase,37.22
cust_0362,2026-06-07,visit,
cust_0370,2026-06-07,ticket,
cust_0376,2026-06-07,visit,
cust_0383,2026-06-07,visit,
cust_0387,2026-06-07,visit,
cust_0388,2026-06-07,purchase,25.39
cust_0391,2026-06-07,visit,
cust_0399,2026-06-07,visit,
cust_0403,2026-06-07,visit,
cust_0408,2026-06-07,visit,
cust_0428,2026-06-07,purchase,26.8
cust_0429,2026-06-07,visit,
cust_0430,2026-06-07,ticket,
cust_0432,2026-06-07,visit,
cust_0445,2026-06-07,visit,
cust_0464,2026-06-07,visit,
cust_0492,2026-06-07,visit,
cust_0494,2026-06-07,visit,
cust_0501,2026-06-07,visit,
cust_0509,2026-06-07,visit,
cust_0521,2026-06-07,purchase,44.24
cust_0522,2026-06-07,purchase,33.06
cust_0539,2026-06-07,purchase,43.37
cust_0548,2026-06-07,visit,
cust_0562,2026-06-07,visit,
cust_0563,2026-06-07,purchase,13.51
cust_0585,2026-06-07,purchase,74.45
cust_0593,2026-06-07,visit,
cust_0594,2026-06-07,visit,
cust_0598,2026-06-07,visit,
cust_0611,2026-06-07,visit,
cust_0614,2026-06-07,visit,
cust_0628,2026-06-07,purchase,37.79
cust_0633,2026-06-07,visit,
cust_0636,2026-06-07,visit,
cust_0644,2026-06-07,visit,
cust_0647,2026-06-07,visit,
cust_0651,2026-06-07,visit,
cust_0662,2026-06-07,visit,
cust_0685,2026-06-07,purchase,26.96
cust_0692,2026-06-07,visit,
cust_0706,2026-06-07,ticket,
cust_0717,2026-06-07,purchase,38.7
cust_0719,2026-06-07,visit,
cust_0762,2026-06-07,ticket,
cust_0785,2026-06-07,visit,
cust_0012,2026-06-08,purchase,56.61
cust_0013,2026-06-08,visit,
cust_0014,2026-06-08,visit,
cust_0018,2026-06-08,purchase,30.87
cust_0019,2026-06-08,purchase,44.38
cust_0021,2026-06-08,purchase,31.87
cust_0060,2026-06-08,purchase,31.25
cust_0060,2026-06-08,refund,31.25
cust_0077,2026-06-08,purchase,37.47
cust_0078,2026-06-08,visit,
cust_0082,2026-06-08,purchase,22.07
cust_0124,2026-06-08,visit,
cust_0126,2026-06-08,visit,
cust_0137,2026-06-08,visit,
cust_0147,2026-06-08,visit,
cust_0158,2026-06-08,visit,
cust_0161,2026-06-08,visit,
cust_0164,2026-06-08,purchase,17.61
cust_0165,2026-06-08,visit,
cust_0167,2026-06-08,visit,
cust_0170,2026-06-08,purchase,26.46
cust_0196,2026-06-08,purchase,26.0
cust_0201,2026-06-08,ticket,
cust_0208,2026-06-08,visit,
cust_0228,2026-06-08,visit,
cust_0253,2026-06-08,visit,
cust_0265,2026-06-08,visit,
cust_0266,2026-06-08,visit,
cust_0267,2026-06-08,purchase,35.29
cust_0267,2026-06-08,refund,35.29
cust_0273,2026-06-08,visit,
cust_0274,2026-06-08,visit,
cust_0299,2026-06-08,visit,
cust_0309,2026-06-08,purchase,60.19
cust_0337,2026-06-08,purchase,92.91
cust_0342,2026-06-08,visit,
cust_0396,2026-06-08,purchase,20.97
cust_0406,2026-06-08,purchase,24.78
cust_0414,2026-06-08,visit,
cust_0420,2026-06-08,visit,
cust_0423,2026-06-08,visit,
cust_0441,2026-06-08,visit,
cust_0454,2026-06-08,visit,
cust_0468,2026-06-08,purchase,21.13
cust_0470,2026-06-08,visit,
cust_0484,2026-06-08,purchase,20.26
cust_0504,2026-06-08,visit,
cust_0509,2026-06-08,purchase,32.9
cust_0517,2026-06-08,visit,
cust_0531,2026-06-08,visit,
cust_0537,2026-06-08,purchase,26.39
cust_0541,2026-06-08,purchase,25.05
cust_0541,2026-06-08,refund,25.05
cust_0548,2026-06-08,visit,
cust_0553,2026-06-08,visit,
cust_0555,2026-06-08,visit,
cust_0556,2026-06-08,visit,
cust_0558,2026-06-08,visit,
cust_0598,2026-06-08,purchase,45.3
cust_0600,2026-06-08,visit,
cust_0602,2026-06-08,visit,
cust_0613,2026-06-08,purchase,14.79
cust_0669,2026-06-08,ticket,
cust_0670,2026-06-08,visit,
cust_0681,2026-06-08,visit,
cust_0687,2026-06-08,visit,
cust_0695,2026-06-08,visit,
cust_0705,2026-06-08,visit,
cust_0715,2026-06-08,visit,
cust_0734,2026-06-08,visit,
cust_0749,2026-06-08,visit,
cust_0762,2026-06-08,purchase,23.09
cust_0763,2026-06-08,purchase,30.68
cust_0768,2026-06-08,visit,
cust_0775,2026-06-08,visit,
cust_0788,2026-06-08,purchase,42.74
cust_0790,2026-06-08,visit,
cust_0794,2026-06-08,visit,
cust_0016,2026-06-09,visit,
cust_0029,2026-06-09,visit,
cust_0033,2026-06-09,purchase,60.91
cust_0047,2026-06-09,visit,
cust_0055,2026-06-09,purchase,49.12
cust_0082,2026-06-09,visit,
cust_0118,2026-06-09,visit,
cust_0123,2026-06-09,visit,
cust_0136,2026-06-09,purchase,37.42
cust_0137,2026-06-09,visit,
cust_0140,2026-06-09,purchase,29.41
cust_0143,2026-06-09,visit,
cust_0151,2026-06-09,visit,
cust_0163,2026-06-09,visit,
cust_0191,2026-06-09,visit,
cust_0226,2026-06-09,visit,
cust_0245,2026-06-09,purchase,20.49
cust_0253,2026-06-09,visit,
cust_0271,2026-06-09,purchase,40.97
cust_0286,2026-06-09,visit,
cust_0290,2026-06-09,purchase,22.38
cust_0294,2026-06-09,visit,
cust_0301,2026-06-09,ticket,
cust_0328,2026-06-09,purchase,34.02
cust_0329,2026-06-09,ticket,
cust_0379,2026-06-09,visit,
cust_0399,2026-06-09,visit,
cust_0404,2026-06-09,purchase,12.1
cust_0415,2026-06-09,visit,
cust_0427,2026-06-09,visit,
cust_0433,2026-06-09,visit,
cust_0436,2026-06-09,visit,
cust_0437,2026-06-09,visit,
cust_0448,2026-06-09,visit,
cust_0496,2026-06-09,purchase,67.54
cust_0496,2026-06-09,refund,67.54
cust_0497,2026-06-09,visit,
cust_0513,2026-06-09,visit,
cust_0515,2026-06-09,visit,
cust_0517,2026-06-09,visit,
cust_0541,2026-06-09,visit,
cust_0543,2026-06-09,visit,
cust_0558,2026-06-09,visit,
cust_0559,2026-06-09,visit,
cust_0560,2026-06-09,visit,
cust_0594,2026-06-09,visit,
cust_0631,2026-06-09,purchase,46.7
cust_0666,2026-06-09,purchase,46.45
cust_0668,2026-06-09,visit,
cust_0674,2026-06-09,visit,
cust_0678,2026-06-09,purchase,20.77
cust_0711,2026-06-09,purchase,32.9
cust_0728,2026-06-09,purchase,43.65
cust_0731,2026-06-09,purchase,29.26
cust_0747,2026-06-09,visit,
cust_0749,2026-06-09,purchase,50.57
cust_0775,2026-06-09,visit,
cust_0780,2026-06-09,visit,
cust_0789,2026-06-09,visit,
cust_0005,2026-06-10,visit,
cust_0028,2026-06-10,visit,
cust_0032,2026-06-10,visit,
cust_0039,2026-06-10,purchase,26.1
cust_0068,2026-06-10,visit,
cust_0070,2026-06-10,visit,
cust_0072,2026-06-10,purchase,34.54
cust_0093,2026-06-10,visit,
cust_0123,2026-06-10,purchase,25.4
cust_0155,2026-06-10,purchase,29.59
cust_0173,2026-06-10,visit,
cust_0181,2026-06-10,visit,
cust_0205,2026-06-10,visit,
cust_0221,2026-06-10,visit,
cust_0234,2026-06-10,visit,
cust_0251,2026-06-10,visit,
cust_0252,2026-06-10,purchase,34.88
cust_0259,2026-06-10,visit,
cust_0267,2026-06-10,visit,
cust_0270,2026-06-10,visit,
cust_0271,2026-06-10,visit,
cust_0284,2026-06-10,purchase,50.61
cust_0289,2026-06-10,visit,
cust_0305,2026-06-10,visit,
cust_0329,2026-06-10,purchase,14.09
cust_0342,2026-06-10,purchase,52.91
cust_0342,2026-06-10,refund,52.91
cust_0371,2026-06-10,purchase,42.17
cust_0388,2026-06-10,purchase,66.76
cust_0402,2026-06-10,visit,
cust_0443,2026-06-10,visit,
cust_0448,2026-06-10,visit,
cust_0466,2026-06-10,visit,
cust_0479,2026-06-10,visit,
cust_0497,2026-06-10,visit,
cust_0501,2026-06-10,visit,
cust_0516,2026-06-10,purchase,38.47
cust_0530,2026-06-10,visit,
cust_0532,2026-06-10,visit,
cust_0542,2026-06-10,purchase,23.45
cust_0573,2026-06-10,purchase,30.67
cust_0591,2026-06-10,purchase,77.23
cust_0601,2026-06-10,visit,
cust_0608,2026-06-10,purchase,52.93
cust_0611,2026-06-10,visit,
cust_0623,2026-06-10,visit,
cust_0625,2026-06-10,visit,
cust_0628,2026-06-10,purchase,25.71
cust_0653,2026-06-10,visit,
cust_0702,2026-06-10,visit,
cust_0730,2026-06-10,visit,
cust_0738,2026-06-10,purchase,38.87
cust_0739,2026-06-10,purchase,56.53
cust_0772,2026-06-10,purchase,27.87
cust_0783,2026-06-10,ticket,
cust_0793,2026-06-10,visit,
cust_0795,2026-06-10,visit,
cust_0021,2026-06-11,visit,
cust_0026,2026-06-11,visit,
cust_0039,2026-06-11,purchase,36.86
cust_0040,2026-06-11,visit,
cust_0081,2026-06-11,purchase,22.2
cust_0084,2026-06-11,purchase,43.99
cust_0092,2026-06-11,visit,
cust_0137,2026-06-11,visit,
cust_0140,2026-06-11,visit,
cust_0163,2026-06-11,purchase,85.06
cust_0174,2026-06-11,visit,
cust_0192,2026-06-11,visit,
cust_0205,2026-06-11,visit,
cust_0219,2026-06-11,visit,
cust_0224,2026-06-11,visit,
cust_0237,2026-06-11,purchase,113.97
cust_0244,2026-06-11,visit,
cust_0249,2026-06-11,visit,
cust_0289,2026-06-11,purchase,26.76
cust_0323,2026-06-11,visit,
cust_0341,2026-06-11,visit,
cust_0389,2026-06-11,visit,
cust_0409,2026-06-11,purchase,43.39
cust_0420,2026-06-11,purchase,34.94
cust_0430,2026-06-11,purchase,30.3
cust_0441,2026-06-11,purchase,54.95
cust_0460,2026-06-11,visit,
cust_0506,2026-06-11,visit,
cust_0514,2026-06-11,purchase,14.92
cust_0515,2026-06-11,visit,
cust_0531,2026-06-11,visit,
cust_0537,2026-06-11,purchase,41.79
cust_0596,2026-06-11,visit,
cust_0601,2026-06-11,purchase,25.5
cust_0608,2026-06-11,visit,
cust_0633,2026-06-11,visit,
cust_0647,2026-06-11,visit,
cust_0670,2026-06-11,visit,
cust_0703,2026-06-11,purchase,44.93
cust_0725,2026-06-11,visit,
cust_0726,2026-06-11,visit,
cust_0742,2026-06-11,visit,
cust_0746,2026-06-11,purchase,37.84
cust_0790,2026-06-11,visit,
cust_0795,2026-06-11,visit,
cust_0799,2026-06-11,visit,
cust_0003,2026-06-12,visit,
cust_0017,2026-06-12,visit,
cust_0021,2026-06-12,visit,
cust_0024,2026-06-12,ticket,
cust_0026,2026-06-12,visit,
cust_0040,2026-06-12,purchase,19.45
cust_0046,2026-06-12,purchase,48.37
cust_0075,2026-06-12,visit,
cust_0080,2026-06-12,visit,
cust_0092,2026-06-12,purchase,53.62
cust_0098,2026-06-12,visit,
cust_0105,2026-06-12,purchase,43.83
cust_0113,2026-06-12,purchase,45.07
cust_0113,2026-06-12,refund,45.07
cust_0114,2026-06-12,visit,
cust_0125,2026-06-12,visit,
cust_0129,2026-06-12,purchase,14.25
cust_0138,2026-06-12,purchase,39.73
cust_0151,2026-06-12,purchase,33.43
cust_0166,2026-06-12,purchase,46.13
cust_0219,2026-06-12,purchase,16.87
cust_0228,2026-06-12,visit,
cust_0251,2026-06-12,visit,
cust_0259,2026-06-12,purchase,32.87
cust_0264,2026-06-12,purchase,36.37
cust_0270,2026-06-12,visit,
cust_0311,2026-06-12,visit,
cust_0323,2026-06-12,purchase,12.2
cust_0324,2026-06-12,purchase,66.46
cust_0333,2026-06-12,purchase,39.21
cust_0360,2026-06-12,purchase,16.55
cust_0370,2026-06-12,visit,
cust_0371,2026-06-12,purchase,23.67
cust_0409,2026-06-12,visit,
cust_0412,2026-06-12,purchase,16.62
cust_0423,2026-06-12,visit,
cust_0424,2026-06-12,purchase,19.17
cust_0427,2026-06-12,visit,
cust_0429,2026-06-12,visit,
cust_0430,2026-06-12,visit,
cust_0436,2026-06-12,purchase,16.64
cust_0448,2026-06-12,purchase,29.5
cust_0464,2026-06-12,purchase,23.7
cust_0483,2026-06-12,purchase,68.0
cust_0489,2026-06-12,purchase,47.7
cust_0497,2026-06-12,visit,
cust_0520,2026-06-12,purchase,79.52
cust_0523,2026-06-12,visit,
cust_0526,2026-06-12,purchase,21.48
cust_0526,2026-06-12,refund,21.48
cust_0540,2026-06-12,visit,
cust_0543,2026-06-12,visit,
cust_0591,2026-06-12,visit,
cust_0596,2026-06-12,purchase,100.86
cust_0601,2026-06-12,visit,
cust_0608,2026-06-12,purchase,31.34
cust_0642,2026-06-12,visit,
cust_0652,2026-06-12,visit,
cust_0676,2026-06-12,purchase,50.53
cust_0692,2026-06-12,visit,
cust_0703,2026-06-12,visit,
cust_0706,2026-06-12,purchase,86.59
cust_0745,2026-06-12,visit,
cust_0747,2026-06-12,purchase,30.3
cust_0763,2026-06-12,visit,
cust_0773,2026-06-12,purchase,32.1
cust_0786,2026-06-12,ticket,
cust_0799,2026-06-12,purchase,32.33
cust_0010,2026-06-13,visit,
cust_0021,2026-06-13,visit,
cust_0040,2026-06-13,visit,
cust_0049,2026-06-13,visit,
cust_0080,2026-06-13,purchase,24.96
cust_0103,2026-06-13,visit,
cust_0106,2026-06-13,visit,
cust_0108,2026-06-13,purchase,27.22
cust_0124,2026-06-13,visit,
cust_0146,2026-06-13,visit,
cust_0151,2026-06-13,visit,
cust_0161,2026-06-13,purchase,35.31
cust_0169,2026-06-13,purchase,29.22
cust_0171,2026-06-13,visit,
cust_0176,2026-06-13,visit,
cust_0192,2026-06-13,purchase,37.46
cust_0231,2026-06-13,visit,
cust_0261,2026-06-13,visit,
cust_0268,2026-06-13,visit,
cust_0274,2026-06-13,visit,
cust_0275,2026-06-13,purchase,20.56
cust_0280,2026-06-13,visit,
cust_0286,2026-06-13,visit,
cust_0288,2026-06-13,visit,
cust_0312,2026-06-13,visit,
cust_0317,2026-06-13,visit,
cust_0323,2026-06-13,visit,
cust_0325,2026-06-13,purchase,38.26
cust_0328,2026-06-13,purchase,24.55
cust_0333,2026-06-13,visit,
cust_0348,2026-06-13,visit,
cust_0360,2026-06-13,visit,
cust_0388,2026-06-13,visit,
cust_0395,2026-06-13,purchase,32.89
cust_0399,2026-06-13,visit,
cust_0403,2026-06-13,visit,
cust_0412,2026-06-13,visit,
cust_0416,2026-06-13,purchase,62.86
cust_0449,2026-06-13,purchase,57.75
cust_0455,2026-06-13,purchase,62.25
cust_0461,2026-06-13,visit,
cust_0462,2026-06-13,visit,
cust_0476,2026-06-13,visit,
cust_0484,2026-06-13,purchase,75.51
cust_0495,2026-06-13,purchase,17.36
cust_0497,2026-06-13,visit,
cust_0507,2026-06-13,visit,
cust_0509,2026-06-13,visit,
cust_0516,2026-06-13,visit,
cust_0530,2026-06-13,visit,
cust_0543,2026-06-13,visit,
cust_0553,2026-06-13,visit,
cust_0561,2026-06-13,visit,
cust_0598,2026-06-13,purchase,54.12
cust_0628,2026-06-13,visit,
cust_0635,2026-06-13,visit,
cust_0641,2026-06-13,visit,
cust_0696,2026-06-13,ticket,
cust_0697,2026-06-13,purchase,51.35
cust_0766,2026-06-13,visit,
cust_0769,2026-06-13,visit,
cust_0770,2026-06-13,visit,
cust_0796,2026-06-13,visit,
cust_0029,2026-06-14,purchase,49.53
cust_0033,2026-06-14,visit,
cust_0034,2026-06-14,visit,
cust_0036,2026-06-14,visit,
cust_0037,2026-06-14,visit,
cust_0054,2026-06-14,visit,
cust_0063,2026-06-14,purchase,35.82
cust_0065,2026-06-14,visit,
cust_0072,2026-06-14,visit,
cust_0077,2026-06-14,visit,
cust_0088,2026-06-14,visit,
cust_0100,2026-06-14,visit,
cust_0103,2026-06-14,purchase,15.45
cust_0107,2026-06-14,visit,
cust_0109,2026-06-14,purchase,65.59
cust_0141,2026-06-14,purchase,30.92
cust_0143,2026-06-14,visit,
cust_0148,2026-06-14,purchase,38.9
cust_0164,2026-06-14,visit,
cust_0173,2026-06-14,visit,
cust_0179,2026-06-14,purchase,29.92
cust_0179,2026-06-14,refund,29.92
cust_0182,2026-06-14,visit,
cust_0191,2026-06-14,visit,
cust_0207,2026-06-14,purchase,39.71
cust_0244,2026-06-14,purchase,43.82
cust_0265,2026-06-14,ticket,
cust_0273,2026-06-14,visit,
cust_0289,2026-06-14,visit,
cust_0290,2026-06-14,purchase,37.47
cust_0291,2026-06-14,visit,
cust_0311,2026-06-14,visit,
cust_0336,2026-06-14,visit,
cust_0360,2026-06-14,purchase,22.88
cust_0364,2026-06-14,purchase,17.13
cust_0365,2026-06-14,purchase,15.55
cust_0374,2026-06-14,purchase,43.07
cust_0376,2026-06-14,visit,
cust_0378,2026-06-14,visit,
cust_0387,2026-06-14,purchase,52.39
cust_0391,2026-06-14,visit,
cust_0399,2026-06-14,purchase,24.03
cust_0401,2026-06-14,visit,
cust_0409,2026-06-14,purchase,30.3
cust_0418,2026-06-14,visit,
cust_0454,2026-06-14,visit,
cust_0457,2026-06-14,visit,
cust_0461,2026-06-14,visit,
cust_0462,2026-06-14,visit,
cust_0468,2026-06-14,purchase,66.08
cust_0469,2026-06-14,purchase,20.38
cust_0479,2026-06-14,visit,
cust_0502,2026-06-14,visit,
cust_0506,2026-06-14,purchase,20.71
cust_0517,2026-06-14,visit,
cust_0522,2026-06-14,visit,
cust_0524,2026-06-14,purchase,47.48
cust_0542,2026-06-14,visit,
cust_0553,2026-06-14,visit,
cust_0559,2026-06-14,purchase,24.34
cust_0562,2026-06-14,purchase,20.03
cust_0600,2026-06-14,purchase,63.04
cust_0601,2026-06-14,visit,
cust_0602,2026-06-14,visit,
cust_0607,2026-06-14,visit,
cust_0618,2026-06-14,visit,
cust_0637,2026-06-14,visit,
cust_0642,2026-06-14,purchase,24.96
cust_0669,2026-06-14,visit,
cust_0686,2026-06-14,purchase,45.52
cust_0688,2026-06-14,visit,
cust_0695,2026-06-14,visit,
cust_0705,2026-06-14,visit,
cust_0709,2026-06-14,visit,
cust_0722,2026-06-14,visit,
cust_0739,2026-06-14,ticket,
cust_0743,2026-06-14,purchase,53.49
cust_0745,2026-06-14,visit,
cust_0753,2026-06-14,visit,
cust_0775,2026-06-14,purchase,62.46
cust_0778,2026-06-14,visit,
cust_0783,2026-06-14,purchase,24.29
cust_0789,2026-06-14,visit,
cust_0795,2026-06-14,visit,
cust_0002,2026-06-15,visit,
cust_0012,2026-06-15,visit,
cust_0016,2026-06-15,visit,
cust_0026,2026-06-15,visit,
cust_0036,2026-06-15,visit,
cust_0039,2026-06-15,visit,
cust_0040,2026-06-15,purchase,45.48
cust_0049,2026-06-15,visit,
cust_0055,2026-06-15,purchase,47.76
cust_0074,2026-06-15,visit,
cust_0092,2026-06-15,purchase,10.49
cust_0115,2026-06-15,purchase,23.84
cust_0125,2026-06-15,purchase,59.46
cust_0126,2026-06-15,purchase,78.57
cust_0136,2026-06-15,visit,
cust_0175,2026-06-15,visit,
cust_0192,2026-06-15,visit,
cust_0195,2026-06-15,visit,
cust_0201,2026-06-15,purchase,51.7
cust_0216,2026-06-15,ticket,
cust_0218,2026-06-15,purchase,40.47
cust_0220,2026-06-15,visit,
cust_0234,2026-06-15,purchase,13.22
cust_0261,2026-06-15,visit,
cust_0276,2026-06-15,visit,
cust_0282,2026-06-15,visit,
cust_0289,2026-06-15,visit,
cust_0296,2026-06-15,purchase,16.72
cust_0321,2026-06-15,purchase,62.92
cust_0326,2026-06-15,visit,
cust_0329,2026-06-15,visit,
cust_0351,2026-06-15,visit,
cust_0380,2026-06-15,visit,
cust_0396,2026-06-15,visit,
cust_0410,2026-06-15,purchase,37.15
cust_0419,2026-06-15,visit,
cust_0450,2026-06-15,purchase,46.13
cust_0456,2026-06-15,visit,
cust_0460,2026-06-15,visit,
cust_0477,2026-06-15,visit,
cust_0479,2026-06-15,visit,
cust_0494,2026-06-15,visit,
cust_0503,2026-06-15,purchase,32.33
cust_0503,2026-06-15,refund,32.33
cust_0506,2026-06-15,purchase,13.32
cust_0507,2026-06-15,visit,
cust_0515,2026-06-15,visit,
cust_0522,2026-06-15,visit,
cust_0531,2026-06-15,visit,
cust_0532,2026-06-15,purchase,59.17
cust_0559,2026-06-15,visit,
cust_0565,2026-06-15,visit,
cust_0570,2026-06-15,visit,
cust_0578,2026-06-15,visit,
cust_0580,2026-06-15,visit,
cust_0588,2026-06-15,visit,
cust_0595,2026-06-15,visit,
cust_0605,2026-06-15,purchase,61.19
cust_0608,2026-06-15,visit,
cust_0613,2026-06-15,visit,
cust_0622,2026-06-15,purchase,46.97
cust_0623,2026-06-15,purchase,37.81
cust_0636,2026-06-15,visit,
cust_0638,2026-06-15,purchase,45.37
cust_0677,2026-06-15,visit,
cust_0681,2026-06-15,purchase,37.33
cust_0708,2026-06-15,visit,
cust_0714,2026-06-15,visit,
cust_0759,2026-06-15,visit,
cust_0762,2026-06-15,purchase,103.53
cust_0778,2026-06-15,visit,
cust_0779,2026-06-15,visit,
cust_0786,2026-06-15,purchase,13.38
cust_0794,2026-06-15,visit,
cust_0795,2026-06-15,purchase,24.73
cust_0006,2026-06-16,visit,
cust_0011,2026-06-16,visit,
cust_0026,2026-06-16,visit,
cust_0039,2026-06-16,purchase,49.94
cust_0049,2026-06-16,visit,
cust_0050,2026-06-16,visit,
cust_0067,2026-06-16,visit,
cust_0069,2026-06-16,purchase,31.48
cust_0075,2026-06-16,visit,
cust_0093,2026-06-16,ticket,
cust_0098,2026-06-16,visit,
cust_0101,2026-06-16,visit,
cust_0108,2026-06-16,visit,
cust_0138,2026-06-16,visit,
cust_0142,2026-06-16,visit,
cust_0143,2026-06-16,visit,
cust_0156,2026-06-16,visit,
cust_0164,2026-06-16,purchase,20.73
cust_0170,2026-06-16,purchase,10.69
cust_0178,2026-06-16,purchase,44.08
cust_0216,2026-06-16,visit,
cust_0229,2026-06-16,purchase,78.06
cust_0232,2026-06-16,visit,
cust_0253,2026-06-16,purchase,86.04
cust_0264,2026-06-16,visit,
cust_0276,2026-06-16,purchase,26.15
cust_0380,2026-06-16,visit,
cust_0425,2026-06-16,purchase,61.46
cust_0431,2026-06-16,purchase,16.66
cust_0432,2026-06-16,visit,
cust_0445,2026-06-16,visit,
cust_0446,2026-06-16,visit,
cust_0490,2026-06-16,visit,
cust_0507,2026-06-16,visit,
cust_0514,2026-06-16,visit,
cust_0531,2026-06-16,purchase,64.19
cust_0548,2026-06-16,visit,
cust_0555,2026-06-16,purchase,61.89
cust_0567,2026-06-16,purchase,20.39
cust_0584,2026-06-16,purchase,48.15
cust_0630,2026-06-16,visit,
cust_0666,2026-06-16,purchase,18.86
cust_0680,2026-06-16,visit,
cust_0705,2026-06-16,visit,
cust_0720,2026-06-16,purchase,33.24
cust_0729,2026-06-16,visit,
cust_0739,2026-06-16,visit,
cust_0748,2026-06-16,visit,
cust_0753,2026-06-16,purchase,61.41
cust_0799,2026-06-16,visit,
cust_0015,2026-06-17,purchase,43.0
cust_0028,2026-06-17,purchase,16.04
cust_0032,2026-06-17,purchase,39.6
cust_0045,2026-06-17,visit,
cust_0049,2026-06-17,purchase,50.63
cust_0072,2026-06-17,visit,
cust_0106,2026-06-17,purchase,27.76
cust_0108,2026-06-17,visit,
cust_0113,2026-06-17,visit,
cust_0115,2026-06-17,purchase,28.65
cust_0116,2026-06-17,visit,
cust_0117,2026-06-17,visit,
cust_0131,2026-06-17,visit,
cust_0164,2026-06-17,visit,
cust_0179,2026-06-17,visit,
cust_0185,2026-06-17,visit,
cust_0193,2026-06-17,purchase,39.3
cust_0195,2026-06-17,purchase,23.22
cust_0207,2026-06-17,purchase,21.41
cust_0208,2026-06-17,purchase,57.46
cust_0216,2026-06-17,visit,
cust_0247,2026-06-17,visit,
cust_0251,2026-06-17,purchase,20.75
cust_0252,2026-06-17,visit,
cust_0256,2026-06-17,purchase,31.6
cust_0265,2026-06-17,ticket,
cust_0286,2026-06-17,visit,
cust_0295,2026-06-17,visit,
cust_0298,2026-06-17,visit,
cust_0303,2026-06-17,visit,
cust_0333,2026-06-17,visit,
cust_0336,2026-06-17,visit,
cust_0400,2026-06-17,visit,
cust_0415,2026-06-17,visit,
cust_0436,2026-06-17,visit,
cust_0449,2026-06-17,visit,
cust_0484,2026-06-17,purchase,35.92
cust_0502,2026-06-17,visit,
cust_0508,2026-06-17,purchase,43.89
cust_0536,2026-06-17,purchase,34.77
cust_0542,2026-06-17,visit,
cust_0543,2026-06-17,visit,
cust_0570,2026-06-17,visit,
cust_0592,2026-06-17,visit,
cust_0598,2026-06-17,purchase,34.87
cust_0612,2026-06-17,purchase,47.05
cust_0616,2026-06-17,visit,
cust_0618,2026-06-17,visit,
cust_0622,2026-06-17,visit,
cust_0642,2026-06-17,purchase,53.5
cust_0651,2026-06-17,ticket,
cust_0668,2026-06-17,visit,
cust_0692,2026-06-17,visit,
cust_0728,2026-06-17,visit,
cust_0758,2026-06-17,purchase,14.93
cust_0776,2026-06-17,purchase,37.79
cust_0778,2026-06-17,visit,
cust_0002,2026-06-18,purchase,50.31
cust_0004,2026-06-18,visit,
cust_0022,2026-06-18,purchase,19.1
cust_0025,2026-06-18,purchase,15.03
cust_0026,2026-06-18,visit,
cust_0040,2026-06-18,visit,
cust_0065,2026-06-18,visit,
cust_0070,2026-06-18,visit,
cust_0078,2026-06-18,purchase,69.68
cust_0085,2026-06-18,visit,
cust_0097,2026-06-18,visit,
cust_0106,2026-06-18,visit,
cust_0137,2026-06-18,visit,
cust_0140,2026-06-18,visit,
cust_0155,2026-06-18,visit,
cust_0165,2026-06-18,purchase,51.6
cust_0195,2026-06-18,purchase,29.53
cust_0201,2026-06-18,visit,
cust_0215,2026-06-18,visit,
cust_0232,2026-06-18,purchase,15.98
cust_0245,2026-06-18,purchase,37.21
cust_0258,2026-06-18,visit,
cust_0264,2026-06-18,visit,
cust_0279,2026-06-18,visit,
cust_0302,2026-06-18,purchase,32.37
cust_0302,2026-06-18,refund,32.37
cust_0317,2026-06-18,purchase,101.81
cust_0348,2026-06-18,visit,
cust_0350,2026-06-18,visit,
cust_0363,2026-06-18,visit,
cust_0365,2026-06-18,purchase,58.23
cust_0372,2026-06-18,visit,
cust_0378,2026-06-18,visit,
cust_0406,2026-06-18,visit,
cust_0407,2026-06-18,visit,
cust_0415,2026-06-18,purchase,33.73
cust_0420,2026-06-18,visit,
cust_0429,2026-06-18,visit,
cust_0435,2026-06-18,purchase,25.67
cust_0441,2026-06-18,ticket,
cust_0443,2026-06-18,visit,
cust_0448,2026-06-18,visit,
cust_0449,2026-06-18,visit,
cust_0457,2026-06-18,ticket,
cust_0462,2026-06-18,visit,
cust_0483,2026-06-18,visit,
cust_0497,2026-06-18,visit,
cust_0501,2026-06-18,visit,
cust_0508,2026-06-18,visit,
cust_0514,2026-06-18,visit,
cust_0522,2026-06-18,visit,
cust_0524,2026-06-18,purchase,13.18
cust_0546,2026-06-18,purchase,56.33
cust_0548,2026-06-18,visit,
cust_0560,2026-06-18,visit,
cust_0578,2026-06-18,visit,
cust_0592,2026-06-18,visit,
cust_0618,2026-06-18,purchase,41.34
cust_0633,2026-06-18,purchase,20.24
cust_0647,2026-06-18,visit,
cust_0666,2026-06-18,visit,
cust_0673,2026-06-18,visit,
cust_0686,2026-06-18,visit,
cust_0692,2026-06-18,purchase,39.02
cust_0701,2026-06-18,visit,
cust_0703,2026-06-18,visit,
cust_0704,2026-06-18,purchase,67.67
cust_0710,2026-06-18,visit,
cust_0713,2026-06-18,visit,
cust_0728,2026-06-18,visit,
cust_0743,2026-06-18,visit,
cust_0745,2026-06-18,purchase,20.6
cust_0747,2026-06-18,visit,
cust_0756,2026-06-18,purchase,79.77
cust_0775,2026-06-18,purchase,57.52
cust_0793,2026-06-18,purchase,93.07
cust_0002,2026-06-19,visit,
cust_0013,2026-06-19,visit,
cust_0028,2026-06-19,visit,
cust_0043,2026-06-19,purchase,39.11
cust_0055,2026-06-19,visit,
cust_0059,2026-06-19,purchase,15.18
cust_0067,2026-06-19,purchase,43.98
cust_0115,2026-06-19,purchase,36.05
cust_0124,2026-06-19,purchase,43.35
cust_0140,2026-06-19,visit,
cust_0165,2026-06-19,visit,
cust_0166,2026-06-19,purchase,60.01
cust_0166,2026-06-19,refund,60.01
cust_0167,2026-06-19,purchase,22.95
cust_0173,2026-06-19,visit,
cust_0179,2026-06-19,visit,
cust_0190,2026-06-19,visit,
cust_0192,2026-06-19,purchase,15.73
cust_0197,2026-06-19,visit,
cust_0211,2026-06-19,visit,
cust_0242,2026-06-19,purchase,39.4
cust_0257,2026-06-19,purchase,41.96
cust_0257,2026-06-19,refund,41.96
cust_0268,2026-06-19,visit,
cust_0279,2026-06-19,purchase,16.78
cust_0285,2026-06-19,purchase,27.19
cust_0295,2026-06-19,purchase,32.79
cust_0301,2026-06-19,purchase,39.58
cust_0329,2026-06-19,purchase,26.1
cust_0351,2026-06-19,visit,
cust_0370,2026-06-19,purchase,28.85
cust_0378,2026-06-19,visit,
cust_0386,2026-06-19,visit,
cust_0402,2026-06-19,visit,
cust_0403,2026-06-19,purchase,54.78
cust_0423,2026-06-19,purchase,51.78
cust_0429,2026-06-19,visit,
cust_0439,2026-06-19,visit,
cust_0453,2026-06-19,visit,
cust_0457,2026-06-19,purchase,26.48
cust_0457,2026-06-19,refund,26.48
cust_0458,2026-06-19,purchase,26.46
cust_0490,2026-06-19,ticket,
cust_0511,2026-06-19,purchase,99.89
cust_0517,2026-06-19,visit,
cust_0521,2026-06-19,visit,
cust_0536,2026-06-19,visit,
cust_0546,2026-06-19,visit,
cust_0560,2026-06-19,purchase,23.67
cust_0566,2026-06-19,visit,
cust_0578,2026-06-19,visit,
cust_0590,2026-06-19,visit,
cust_0603,2026-06-19,visit,
cust_0632,2026-06-19,purchase,61.04
cust_0636,2026-06-19,visit,
cust_0643,2026-06-19,visit,
cust_0652,2026-06-19,visit,
cust_0696,2026-06-19,purchase,44.1
cust_0725,2026-06-19,visit,
cust_0734,2026-06-19,purchase,24.23
cust_0737,2026-06-19,visit,
cust_0790,2026-06-19,ticket,
cust_0793,2026-06-19,visit,
cust_0796,2026-06-19,purchase,32.72
cust_0000,2026-06-20,visit,
cust_0002,2026-06-20,visit,
cust_0018,2026-06-20,visit,
cust_0027,2026-06-20,purchase,26.32
cust_0029,2026-06-20,purchase,55.33
cust_0046,2026-06-20,visit,
cust_0060,2026-06-20,visit,
cust_0074,2026-06-20,purchase,27.17
cust_0129,2026-06-20,visit,
cust_0155,2026-06-20,visit,
cust_0201,2026-06-20,visit,
cust_0231,2026-06-20,purchase,79.38
cust_0232,2026-06-20,visit,
cust_0239,2026-06-20,visit,
cust_0272,2026-06-20,purchase,58.15
cust_0295,2026-06-20,visit,
cust_0323,2026-06-20,visit,
cust_0324,2026-06-20,purchase,17.25
cust_0326,2026-06-20,visit,
cust_0336,2026-06-20,purchase,22.26
cust_0401,2026-06-20,visit,
cust_0404,2026-06-20,visit,
cust_0413,2026-06-20,visit,
cust_0419,2026-06-20,visit,
cust_0425,2026-06-20,purchase,17.8
cust_0454,2026-06-20,visit,
cust_0494,2026-06-20,visit,
cust_0506,2026-06-20,visit,
cust_0508,2026-06-20,visit,
cust_0552,2026-06-20,visit,
cust_0558,2026-06-20,purchase,31.49
cust_0566,2026-06-20,visit,
cust_0592,2026-06-20,visit,
cust_0593,2026-06-20,visit,
cust_0595,2026-06-20,purchase,38.43
cust_0608,2026-06-20,purchase,49.5
cust_0610,2026-06-20,visit,
cust_0612,2026-06-20,purchase,56.92
cust_0612,2026-06-20,refund,56.92
cust_0643,2026-06-20,purchase,97.25
cust_0653,2026-06-20,purchase,83.35
cust_0659,2026-06-20,visit,
cust_0684,2026-06-20,visit,
cust_0692,2026-06-20,visit,
cust_0714,2026-06-20,visit,
cust_0721,2026-06-20,purchase,20.28
cust_0737,2026-06-20,visit,
cust_0740,2026-06-20,visit,
cust_0742,2026-06-20,purchase,23.69
cust_0745,2026-06-20,ticket,
cust_0748,2026-06-20,visit,
cust_0756,2026-06-20,visit,
cust_0762,2026-06-20,visit,
cust_0768,2026-06-20,visit,
cust_0773,2026-06-20,visit,
cust_0782,2026-06-20,purchase,31.21
cust_0799,2026-06-20,ticket,
cust_0004,2026-06-21,purchase,24.99
cust_0022,2026-06-21,visit,
cust_0046,2026-06-21,visit,
cust_0051,2026-06-21,purchase,52.77
cust_0096,2026-06-21,purchase,15.68
cust_0101,2026-06-21,visit,
cust_0103,2026-06-21,visit,
cust_0114,2026-06-21,visit,
cust_0115,2026-06-21,visit,
cust_0147,2026-06-21,purchase,76.64
cust_0150,2026-06-21,visit,
cust_0155,2026-06-21,visit,
cust_0167,2026-06-21,visit,
cust_0169,2026-06-21,ticket,
cust_0174,2026-06-21,visit,
cust_0180,2026-06-21,visit,
cust_0196,2026-06-21,visit,
cust_0198,2026-06-21,purchase,38.73
cust_0211,2026-06-21,visit,
cust_0232,2026-06-21,visit,
cust_0239,2026-06-21,purchase,98.14
cust_0252,2026-06-21,purchase,47.34
cust_0253,2026-06-21,purchase,39.58
cust_0256,2026-06-21,visit,
cust_0261,2026-06-21,visit,
cust_0273,2026-06-21,visit,
cust_0288,2026-06-21,visit,
cust_0294,2026-06-21,visit,
cust_0299,2026-06-21,visit,
cust_0305,2026-06-21,purchase,29.2
cust_0316,2026-06-21,visit,
cust_0317,2026-06-21,visit,
cust_0320,2026-06-21,purchase,34.71
cust_0333,2026-06-21,visit,
cust_0392,2026-06-21,purchase,33.07
cust_0396,2026-06-21,visit,
cust_0401,2026-06-21,visit,
cust_0418,2026-06-21,visit,
cust_0434,2026-06-21,visit,
cust_0436,2026-06-21,purchase,28.55
cust_0453,2026-06-21,visit,
cust_0458,2026-06-21,visit,
cust_0466,2026-06-21,purchase,37.45
cust_0484,2026-06-21,purchase,22.48
cust_0496,2026-06-21,purchase,39.35
cust_0498,2026-06-21,visit,
cust_0524,2026-06-21,purchase,25.1
cust_0531,2026-06-21,visit,
cust_0548,2026-06-21,visit,
cust_0567,2026-06-21,visit,
cust_0594,2026-06-21,visit,
cust_0612,2026-06-21,visit,
cust_0615,2026-06-21,purchase,31.63
cust_0620,2026-06-21,visit,
cust_0630,2026-06-21,purchase,14.96
cust_0642,2026-06-21,visit,
cust_0644,2026-06-21,purchase,25.38
cust_0677,2026-06-21,visit,
cust_0704,2026-06-21,purchase,26.32
cust_0719,2026-06-21,visit,
cust_0720,2026-06-21,purchase,22.13
cust_0739,2026-06-21,visit,
cust_0743,2026-06-21,visit,
cust_0767,2026-06-21,visit,
cust_0770,2026-06-21,visit,
cust_0779,2026-06-21,purchase,37.29
cust_0783,2026-06-21,purchase,34.8
cust_0788,2026-06-21,visit,
cust_0793,2026-06-21,purchase,55.39
cust_0795,2026-06-21,visit,
cust_0014,2026-06-22,purchase,20.3
cust_0018,2026-06-22,purchase,28.82
cust_0019,2026-06-22,visit,
cust_0022,2026-06-22,visit,
cust_0026,2026-06-22,purchase,50.4
cust_0037,2026-06-22,visit,
cust_0043,2026-06-22,visit,
cust_0063,2026-06-22,visit,
cust_0073,2026-06-22,visit,
cust_0077,2026-06-22,visit,
cust_0081,2026-06-22,visit,
cust_0086,2026-06-22,visit,
cust_0098,2026-06-22,purchase,14.48
cust_0100,2026-06-22,purchase,35.23
cust_0102,2026-06-22,visit,
cust_0106,2026-06-22,visit,
cust_0113,2026-06-22,visit,
cust_0125,2026-06-22,purchase,40.54
cust_0146,2026-06-22,visit,
cust_0158,2026-06-22,visit,
cust_0163,2026-06-22,visit,
cust_0168,2026-06-22,visit,
cust_0178,2026-06-22,purchase,25.75
cust_0185,2026-06-22,visit,
cust_0198,2026-06-22,visit,
cust_0201,2026-06-22,purchase,26.54
cust_0208,2026-06-22,purchase,67.56
cust_0220,2026-06-22,visit,
cust_0221,2026-06-22,visit,
cust_0231,2026-06-22,purchase,35.6
cust_0232,2026-06-22,purchase,39.32
cust_0251,2026-06-22,visit,
cust_0252,2026-06-22,visit,
cust_0263,2026-06-22,visit,
cust_0275,2026-06-22,visit,
cust_0284,2026-06-22,purchase,24.6
cust_0289,2026-06-22,purchase,44.51
cust_0296,2026-06-22,purchase,87.33
cust_0303,2026-06-22,visit,
cust_0316,2026-06-22,purchase,17.3
cust_0341,2026-06-22,purchase,19.68
cust_0342,2026-06-22,visit,
cust_0352,2026-06-22,visit,
cust_0365,2026-06-22,visit,
cust_0370,2026-06-22,visit,
cust_0400,2026-06-22,visit,
cust_0401,2026-06-22,visit,
cust_0423,2026-06-22,purchase,17.0
cust_0430,2026-06-22,purchase,78.31
cust_0445,2026-06-22,visit,
cust_0465,2026-06-22,visit,
cust_0466,2026-06-22,purchase,45.61
cust_0468,2026-06-22,visit,
cust_0494,2026-06-22,purchase,43.92
cust_0496,2026-06-22,visit,
cust_0497,2026-06-22,purchase,18.69
cust_0498,2026-06-22,visit,
cust_0507,2026-06-22,visit,
cust_0510,2026-06-22,purchase,37.72
cust_0516,2026-06-22,purchase,70.59
cust_0520,2026-06-22,purchase,34.28
cust_0541,2026-06-22,ticket,
cust_0562,2026-06-22,purchase,56.63
cust_0574,2026-06-22,visit,
cust_0597,2026-06-22,purchase,50.45
cust_0613,2026-06-22,visit,
cust_0621,2026-06-22,visit,
cust_0633,2026-06-22,purchase,23.24
cust_0650,2026-06-22,visit,
cust_0651,2026-06-22,visit,
cust_0668,2026-06-22,visit,
cust_0672,2026-06-22,visit,
cust_0677,2026-06-22,visit,
cust_0679,2026-06-22,visit,
cust_0689,2026-06-22,visit,
cust_0697,2026-06-22,purchase,64.22
cust_0707,2026-06-22,visit,
cust_0724,2026-06-22,visit,
cust_0738,2026-06-22,visit,
cust_0739,2026-06-22,visit,
cust_0740,2026-06-22,purchase,77.55
cust_0743,2026-06-22,purchase,37.0
cust_0748,2026-06-22,visit,
cust_0759,2026-06-22,visit,
cust_0762,2026-06-22,purchase,41.67
cust_0773,2026-06-22,purchase,22.52
cust_0778,2026-06-22,visit,
cust_0779,2026-06-22,visit,
cust_0780,2026-06-22,visit,
cust_0785,2026-06-22,purchase,20.31
cust_0789,2026-06-22,visit,
cust_0005,2026-06-23,visit,
cust_0011,2026-06-23,visit,
cust_0022,2026-06-23,purchase,28.17
cust_0034,2026-06-23,purchase,35.48
cust_0043,2026-06-23,visit,
cust_0045,2026-06-23,purchase,87.38
cust_0057,2026-06-23,purchase,43.02
cust_0065,2026-06-23,visit,
cust_0073,2026-06-23,visit,
cust_0095,2026-06-23,visit,
cust_0101,2026-06-23,visit,
cust_0102,2026-06-23,visit,
cust_0103,2026-06-23,visit,
cust_0105,2026-06-23,purchase,25.35
cust_0124,2026-06-23,visit,
cust_0143,2026-06-23,visit,
cust_0150,2026-06-23,visit,
cust_0161,2026-06-23,visit,
cust_0170,2026-06-23,visit,
cust_0171,2026-06-23,visit,
cust_0192,2026-06-23,visit,
cust_0193,2026-06-23,visit,
cust_0215,2026-06-23,visit,
cust_0218,2026-06-23,visit,
cust_0227,2026-06-23,visit,
cust_0228,2026-06-23,visit,
cust_0244,2026-06-23,visit,
cust_0250,2026-06-23,visit,
cust_0256,2026-06-23,purchase,90.71
cust_0261,2026-06-23,purchase,50.41
cust_0263,2026-06-23,purchase,34.48
cust_0264,2026-06-23,visit,
cust_0271,2026-06-23,visit,
cust_0294,2026-06-23,visit,
cust_0295,2026-06-23,visit,
cust_0299,2026-06-23,purchase,46.6
cust_0311,2026-06-23,visit,
cust_0351,2026-06-23,visit,
cust_0380,2026-06-23,visit,
cust_0384,2026-06-23,visit,
cust_0392,2026-06-23,purchase,14.57
cust_0396,2026-06-23,visit,
cust_0404,2026-06-23,visit,
cust_0420,2026-06-23,purchase,24.77
cust_0428,2026-06-23,purchase,48.84
cust_0428,2026-06-23,refund,48.84
cust_0430,2026-06-23,purchase,33.06
cust_0431,2026-06-23,visit,
cust_0441,2026-06-23,visit,
cust_0448,2026-06-23,visit,
cust_0449,2026-06-23,visit,
cust_0459,2026-06-23,visit,
cust_0469,2026-06-23,visit,
cust_0470,2026-06-23,visit,
cust_0475,2026-06-23,purchase,59.85
cust_0476,2026-06-23,visit,
cust_0494,2026-06-23,visit,
cust_0503,2026-06-23,purchase,60.88
cust_0506,2026-06-23,visit,
cust_0517,2026-06-23,ticket,
cust_0521,2026-06-23,purchase,49.95
cust_0528,2026-06-23,visit,
cust_0535,2026-06-23,visit,
cust_0578,2026-06-23,visit,
cust_0601,2026-06-23,purchase,49.19
cust_0625,2026-06-23,visit,
cust_0636,2026-06-23,visit,
cust_0644,2026-06-23,purchase,41.85
cust_0670,2026-06-23,visit,
cust_0679,2026-06-23,purchase,34.25
cust_0685,2026-06-23,visit,
cust_0696,2026-06-23,visit,
cust_0705,2026-06-23,purchase,40.12
cust_0706,2026-06-23,purchase,38.78
cust_0710,2026-06-23,purchase,45.89
cust_0717,2026-06-23,visit,
cust_0724,2026-06-23,purchase,24.95
cust_0733,2026-06-23,purchase,36.48
cust_0733,2026-06-23,refund,36.48
cust_0754,2026-06-23,visit,
cust_0770,2026-06-23,visit,
cust_0778,2026-06-23,purchase,28.9
cust_0782,2026-06-23,visit,
cust_0799,2026-06-23,visit,
cust_0018,2026-06-24,visit,
cust_0026,2026-06-24,purchase,27.92
cust_0032,2026-06-24,purchase,91.92
cust_0037,2026-06-24,purchase,91.31
cust_0056,2026-06-24,purchase,24.75
cust_0063,2026-06-24,visit,
cust_0095,2026-06-24,purchase,88.8
cust_0098,2026-06-24,ticket,
cust_0105,2026-06-24,purchase,36.53
cust_0113,2026-06-24,visit,
cust_0114,2026-06-24,visit,
cust_0134,2026-06-24,purchase,19.18
cust_0146,2026-06-24,purchase,110.06
cust_0148,2026-06-24,visit,
cust_0172,2026-06-24,visit,
cust_0185,2026-06-24,visit,
cust_0225,2026-06-24,visit,
cust_0226,2026-06-24,purchase,57.65
cust_0247,2026-06-24,purchase,22.45
cust_0253,2026-06-24,visit,
cust_0279,2026-06-24,purchase,32.9
cust_0294,2026-06-24,visit,
cust_0298,2026-06-24,purchase,22.03
cust_0312,2026-06-24,visit,
cust_0317,2026-06-24,visit,
cust_0320,2026-06-24,purchase,33.33
cust_0329,2026-06-24,ticket,
cust_0339,2026-06-24,visit,
cust_0348,2026-06-24,purchase,13.31
cust_0381,2026-06-24,visit,
cust_0382,2026-06-24,purchase,35.03
cust_0384,2026-06-24,purchase,27.95
cust_0434,2026-06-24,visit,
cust_0448,2026-06-24,visit,
cust_0465,2026-06-24,visit,
cust_0497,2026-06-24,purchase,37.98
cust_0502,2026-06-24,visit,
cust_0540,2026-06-24,purchase,61.06
cust_0542,2026-06-24,visit,
cust_0559,2026-06-24,purchase,50.72
cust_0560,2026-06-24,visit,
cust_0564,2026-06-24,visit,
cust_0584,2026-06-24,purchase,48.59
cust_0590,2026-06-24,visit,
cust_0608,2026-06-24,visit,
cust_0612,2026-06-24,visit,
cust_0630,2026-06-24,visit,
cust_0632,2026-06-24,visit,
cust_0644,2026-06-24,visit,
cust_0685,2026-06-24,visit,
cust_0696,2026-06-24,visit,
cust_0709,2026-06-24,visit,
cust_0723,2026-06-24,purchase,61.61
cust_0726,2026-06-24,purchase,28.55
cust_0734,2026-06-24,visit,
cust_0736,2026-06-24,purchase,63.5
cust_0746,2026-06-24,visit,
cust_0778,2026-06-24,visit,
cust_0796,2026-06-24,visit,
cust_0015,2026-06-25,visit,
cust_0019,2026-06-25,visit,
cust_0020,2026-06-25,purchase,60.25
cust_0060,2026-06-25,purchase,46.15
cust_0067,2026-06-25,visit,
cust_0074,2026-06-25,visit,
cust_0078,2026-06-25,visit,
cust_0081,2026-06-25,visit,
cust_0085,2026-06-25,visit,
cust_0087,2026-06-25,visit,
cust_0148,2026-06-25,purchase,36.97
cust_0155,2026-06-25,visit,
cust_0163,2026-06-25,visit,
cust_0165,2026-06-25,visit,
cust_0167,2026-06-25,visit,
cust_0187,2026-06-25,purchase,32.95
cust_0218,2026-06-25,visit,
cust_0221,2026-06-25,visit,
cust_0226,2026-06-25,visit,
cust_0234,2026-06-25,purchase,40.69
cust_0268,2026-06-25,visit,
cust_0279,2026-06-25,visit,
cust_0280,2026-06-25,visit,
cust_0282,2026-06-25,purchase,33.4
cust_0296,2026-06-25,visit,
cust_0301,2026-06-25,visit,
cust_0313,2026-06-25,visit,
cust_0318,2026-06-25,visit,
cust_0319,2026-06-25,purchase,14.27
cust_0321,2026-06-25,visit,
cust_0364,2026-06-25,visit,
cust_0383,2026-06-25,purchase,58.61
cust_0391,2026-06-25,purchase,99.85
cust_0409,2026-06-25,visit,
cust_0414,2026-06-25,visit,
cust_0415,2026-06-25,purchase,31.8
cust_0448,2026-06-25,purchase,34.24
cust_0448,2026-06-25,refund,34.24
cust_0470,2026-06-25,purchase,35.27
cust_0494,2026-06-25,visit,
cust_0501,2026-06-25,visit,
cust_0524,2026-06-25,purchase,55.55
cust_0540,2026-06-25,visit,
cust_0558,2026-06-25,visit,
cust_0579,2026-06-25,purchase,30.37
cust_0588,2026-06-25,visit,
cust_0600,2026-06-25,visit,
cust_0628,2026-06-25,visit,
cust_0630,2026-06-25,visit,
cust_0635,2026-06-25,purchase,33.63
cust_0636,2026-06-25,purchase,44.56
cust_0637,2026-06-25,purchase,83.99
cust_0641,2026-06-25,purchase,29.47
cust_0643,2026-06-25,purchase,30.82
cust_0648,2026-06-25,visit,
cust_0652,2026-06-25,visit,
cust_0668,2026-06-25,visit,
cust_0677,2026-06-25,visit,
cust_0680,2026-06-25,purchase,44.71
cust_0681,2026-06-25,visit,
cust_0686,2026-06-25,visit,
cust_0722,2026-06-25,purchase,42.81
cust_0724,2026-06-25,visit,
cust_0738,2026-06-25,purchase,25.71
cust_0742,2026-06-25,visit,
cust_0745,2026-06-25,purchase,76.85
cust_0749,2026-06-25,visit,
cust_0002,2026-06-26,visit,
cust_0029,2026-06-26,purchase,40.34
cust_0051,2026-06-26,purchase,26.54
cust_0068,2026-06-26,visit,
cust_0074,2026-06-26,purchase,40.9
cust_0080,2026-06-26,purchase,22.03
cust_0092,2026-06-26,purchase,49.1
cust_0109,2026-06-26,visit,
cust_0116,2026-06-26,visit,
cust_0138,2026-06-26,ticket,
cust_0170,2026-06-26,visit,
cust_0211,2026-06-26,visit,
cust_0219,2026-06-26,purchase,60.53
cust_0228,2026-06-26,purchase,47.04
cust_0232,2026-06-26,purchase,52.47
cust_0251,2026-06-26,purchase,38.96
cust_0261,2026-06-26,purchase,42.87
cust_0273,2026-06-26,visit,
cust_0289,2026-06-26,visit,
cust_0298,2026-06-26,visit,
cust_0321,2026-06-26,visit,
cust_0359,2026-06-26,purchase,28.02
cust_0395,2026-06-26,visit,
cust_0412,2026-06-26,purchase,50.4
cust_0415,2026-06-26,purchase,29.89
cust_0424,2026-06-26,visit,
cust_0429,2026-06-26,visit,
cust_0434,2026-06-26,visit,
cust_0445,2026-06-26,visit,
cust_0458,2026-06-26,visit,
cust_0466,2026-06-26,visit,
cust_0543,2026-06-26,visit,
cust_0560,2026-06-26,purchase,37.47
cust_0560,2026-06-26,refund,37.47
cust_0585,2026-06-26,visit,
cust_0613,2026-06-26,purchase,51.78
cust_0625,2026-06-26,ticket,
cust_0630,2026-06-26,purchase,75.79
cust_0636,2026-06-26,visit,
cust_0651,2026-06-26,visit,
cust_0661,2026-06-26,visit,
cust_0662,2026-06-26,visit,
cust_0668,2026-06-26,visit,
cust_0677,2026-06-26,visit,
cust_0678,2026-06-26,purchase,51.34
cust_0702,2026-06-26,purchase,74.9
cust_0710,2026-06-26,visit,
cust_0737,2026-06-26,visit,
cust_0756,2026-06-26,purchase,50.21
cust_0759,2026-06-26,purchase,17.33
cust_0766,2026-06-26,visit,
cust_0785,2026-06-26,visit,
cust_0794,2026-06-26,purchase,20.24
cust_0015,2026-06-27,purchase,19.04
cust_0016,2026-06-27,purchase,19.87
cust_0021,2026-06-27,visit,
cust_0034,2026-06-27,visit,
cust_0043,2026-06-27,visit,
cust_0051,2026-06-27,visit,
cust_0057,2026-06-27,purchase,61.68
cust_0100,2026-06-27,visit,
cust_0113,2026-06-27,purchase,20.51
cust_0117,2026-06-27,visit,
cust_0140,2026-06-27,purchase,27.41
cust_0148,2026-06-27,visit,
cust_0150,2026-06-27,visit,
cust_0165,2026-06-27,purchase,17.23
cust_0166,2026-06-27,visit,
cust_0181,2026-06-27,visit,
cust_0221,2026-06-27,visit,
cust_0226,2026-06-27,visit,
cust_0229,2026-06-27,visit,
cust_0238,2026-06-27,purchase,101.39
cust_0244,2026-06-27,purchase,25.59
cust_0286,2026-06-27,purchase,37.62
cust_0290,2026-06-27,purchase,26.43
cust_0305,2026-06-27,visit,
cust_0315,2026-06-27,purchase,53.32
cust_0317,2026-06-27,visit,
cust_0325,2026-06-27,visit,
cust_0381,2026-06-27,purchase,29.16
cust_0383,2026-06-27,visit,
cust_0385,2026-06-27,visit,
cust_0387,2026-06-27,visit,
cust_0403,2026-06-27,visit,
cust_0406,2026-06-27,visit,
cust_0420,2026-06-27,purchase,41.32
cust_0427,2026-06-27,visit,
cust_0446,2026-06-27,visit,
cust_0465,2026-06-27,visit,
cust_0479,2026-06-27,visit,
cust_0480,2026-06-27,visit,
cust_0496,2026-06-27,visit,
cust_0517,2026-06-27,visit,
cust_0524,2026-06-27,purchase,18.53
cust_0535,2026-06-27,visit,
cust_0537,2026-06-27,visit,
cust_0553,2026-06-27,visit,
cust_0590,2026-06-27,visit,
cust_0611,2026-06-27,visit,
cust_0643,2026-06-27,purchase,36.12
cust_0687,2026-06-27,visit,
cust_0692,2026-06-27,purchase,46.36
cust_0709,2026-06-27,purchase,45.3
cust_0726,2026-06-27,visit,
cust_0743,2026-06-27,visit,
cust_0754,2026-06-27,purchase,44.66
cust_0756,2026-06-27,ticket,
cust_0780,2026-06-27,visit,
cust_0005,2026-06-28,visit,
cust_0018,2026-06-28,visit,
cust_0058,2026-06-28,visit,
cust_0070,2026-06-28,purchase,67.9
cust_0072,2026-06-28,purchase,13.97
cust_0098,2026-06-28,visit,
cust_0129,2026-06-28,purchase,33.02
cust_0131,2026-06-28,purchase,22.34
cust_0141,2026-06-28,purchase,34.13
cust_0150,2026-06-28,visit,
cust_0158,2026-06-28,visit,
cust_0163,2026-06-28,visit,
cust_0170,2026-06-28,purchase,36.64
cust_0185,2026-06-28,purchase,58.47
cust_0226,2026-06-28,visit,
cust_0249,2026-06-28,purchase,35.04
cust_0250,2026-06-28,visit,
cust_0251,2026-06-28,visit,
cust_0253,2026-06-28,purchase,42.81
cust_0266,2026-06-28,visit,
cust_0268,2026-06-28,visit,
cust_0282,2026-06-28,visit,
cust_0283,2026-06-28,ticket,
cust_0287,2026-06-28,visit,
cust_0317,2026-06-28,visit,
cust_0319,2026-06-28,purchase,55.89
cust_0329,2026-06-28,visit,
cust_0344,2026-06-28,visit,
cust_0350,2026-06-28,visit,
cust_0360,2026-06-28,visit,
cust_0370,2026-06-28,purchase,17.57
cust_0372,2026-06-28,purchase,43.18
cust_0376,2026-06-28,visit,
cust_0378,2026-06-28,visit,
cust_0383,2026-06-28,visit,
cust_0384,2026-06-28,visit,
cust_0402,2026-06-28,visit,
cust_0424,2026-06-28,visit,
cust_0430,2026-06-28,visit,
cust_0436,2026-06-28,purchase,50.1
cust_0440,2026-06-28,purchase,39.35
cust_0457,2026-06-28,purchase,47.14
cust_0477,2026-06-28,visit,
cust_0483,2026-06-28,visit,
cust_0490,2026-06-28,purchase,101.18
cust_0502,2026-06-28,visit,
cust_0506,2026-06-28,visit,
cust_0514,2026-06-28,purchase,25.01
cust_0516,2026-06-28,visit,
cust_0530,2026-06-28,purchase,27.05
cust_0552,2026-06-28,visit,
cust_0556,2026-06-28,purchase,124.88
cust_0558,2026-06-28,purchase,41.46
cust_0562,2026-06-28,purchase,22.97
cust_0573,2026-06-28,purchase,65.03
cust_0597,2026-06-28,purchase,38.79
cust_0606,2026-06-28,ticket,
cust_0611,2026-06-28,visit,
cust_0621,2026-06-28,visit,
cust_0633,2026-06-28,purchase,31.82
cust_0635,2026-06-28,visit,
cust_0638,2026-06-28,visit,
cust_0644,2026-06-28,visit,
cust_0651,2026-06-28,visit,
cust_0672,2026-06-28,visit,
cust_0705,2026-06-28,visit,
cust_0707,2026-06-28,visit,
cust_0730,2026-06-28,visit,
cust_0748,2026-06-28,visit,
cust_0794,2026-06-28,visit,
cust_0011,2026-06-29,visit,
cust_0017,2026-06-29,purchase,27.93
cust_0046,2026-06-29,visit,
cust_0068,2026-06-29,visit,
cust_0073,2026-06-29,purchase,34.29
cust_0074,2026-06-29,purchase,34.68
cust_0083,2026-06-29,visit,
cust_0094,2026-06-29,visit,
cust_0103,2026-06-29,purchase,54.19
cust_0112,2026-06-29,purchase,15.56
cust_0156,2026-06-29,visit,
cust_0168,2026-06-29,ticket,
cust_0185,2026-06-29,purchase,43.61
cust_0216,2026-06-29,visit,
cust_0221,2026-06-29,purchase,41.08
cust_0245,2026-06-29,visit,
cust_0247,2026-06-29,visit,
cust_0253,2026-06-29,purchase,37.87
cust_0311,2026-06-29,purchase,13.15
cust_0324,2026-06-29,purchase,64.13
cust_0327,2026-06-29,visit,
cust_0370,2026-06-29,purchase,42.45
cust_0386,2026-06-29,visit,
cust_0412,2026-06-29,visit,
cust_0430,2026-06-29,visit,
cust_0449,2026-06-29,visit,
cust_0457,2026-06-29,visit,
cust_0468,2026-06-29,purchase,51.17
cust_0481,2026-06-29,purchase,39.69
cust_0507,2026-06-29,visit,
cust_0516,2026-06-29,purchase,18.66
cust_0541,2026-06-29,purchase,39.83
cust_0548,2026-06-29,visit,
cust_0574,2026-06-29,visit,
cust_0588,2026-06-29,visit,
cust_0592,2026-06-29,visit,
cust_0603,2026-06-29,purchase,32.17
cust_0621,2026-06-29,purchase,24.53
cust_0647,2026-06-29,visit,
cust_0651,2026-06-29,purchase,42.42
cust_0659,2026-06-29,visit,
cust_0674,2026-06-29,purchase,12.55
cust_0688,2026-06-29,purchase,42.32
cust_0697,2026-06-29,visit,
cust_0720,2026-06-29,purchase,20.34
cust_0729,2026-06-29,visit,
cust_0749,2026-06-29,visit,
cust_0767,2026-06-29,visit,
cust_0786,2026-06-29,visit,
cust_0788,2026-06-29,visit,
cust_0003,2026-06-30,visit,
cust_0013,2026-06-30,visit,
cust_0016,2026-06-30,visit,
cust_0021,2026-06-30,purchase,30.88
cust_0029,2026-06-30,visit,
cust_0058,2026-06-30,purchase,25.67
cust_0063,2026-06-30,purchase,20.3
cust_0074,2026-06-30,visit,
cust_0104,2026-06-30,visit,
cust_0113,2026-06-30,visit,
cust_0125,2026-06-30,visit,
cust_0141,2026-06-30,visit,
cust_0171,2026-06-30,visit,
cust_0172,2026-06-30,purchase,29.79
cust_0210,2026-06-30,visit,
cust_0218,2026-06-30,visit,
cust_0242,2026-06-30,visit,
cust_0257,2026-06-30,purchase,54.6
cust_0264,2026-06-30,purchase,42.11
cust_0271,2026-06-30,visit,
cust_0282,2026-06-30,purchase,51.44
cust_0285,2026-06-30,visit,
cust_0290,2026-06-30,purchase,17.14
cust_0299,2026-06-30,visit,
cust_0347,2026-06-30,visit,
cust_0401,2026-06-30,visit,
cust_0414,2026-06-30,visit,
cust_0445,2026-06-30,visit,
cust_0457,2026-06-30,ticket,
cust_0468,2026-06-30,purchase,28.14
cust_0477,2026-06-30,visit,
cust_0480,2026-06-30,visit,
cust_0483,2026-06-30,purchase,31.4
cust_0496,2026-06-30,visit,
cust_0504,2026-06-30,visit,
cust_0515,2026-06-30,visit,
cust_0524,2026-06-30,purchase,15.27
cust_0542,2026-06-30,visit,
cust_0546,2026-06-30,visit,
cust_0553,2026-06-30,visit,
cust_0562,2026-06-30,visit,
cust_0573,2026-06-30,visit,
cust_0584,2026-06-30,purchase,96.33
cust_0594,2026-06-30,visit,
cust_0605,2026-06-30,purchase,46.09
cust_0605,2026-06-30,refund,46.09
cust_0627,2026-06-30,visit,
cust_0632,2026-06-30,purchase,24.53
cust_0644,2026-06-30,visit,
cust_0653,2026-06-30,purchase,51.57
cust_0668,2026-06-30,purchase,76.37
cust_0669,2026-06-30,purchase,50.77
cust_0670,2026-06-30,purchase,75.58
cust_0672,2026-06-30,purchase,36.78
cust_0678,2026-06-30,visit,
cust_0684,2026-06-30,visit,
cust_0687,2026-06-30,visit,
cust_0713,2026-06-30,purchase,25.74
cust_0713,2026-06-30,refund,25.74
cust_0720,2026-06-30,visit,
cust_0723,2026-06-30,purchase,20.53
cust_0728,2026-06-30,purchase,71.91
cust_0742,2026-06-30,visit,
cust_0763,2026-06-30,visit,
cust_0773,2026-06-30,purchase,32.45
cust_0795,2026-06-30,visit,
cust_0005,2026-07-01,purchase,29.71
cust_0012,2026-07-01,ticket,
cust_0015,2026-07-01,visit,
cust_0016,2026-07-01,purchase,46.0
cust_0017,2026-07-01,visit,
cust_0037,2026-07-01,visit,
cust_0043,2026-07-01,visit,
cust_0051,2026-07-01,visit,
cust_0067,2026-07-01,purchase,67.72
cust_0068,2026-07-01,visit,
cust_0070,2026-07-01,visit,
cust_0072,2026-07-01,ticket,
cust_0073,2026-07-01,visit,
cust_0091,2026-07-01,purchase,21.21
cust_0106,2026-07-01,visit,
cust_0137,2026-07-01,visit,
cust_0139,2026-07-01,visit,
cust_0147,2026-07-01,visit,
cust_0160,2026-07-01,purchase,37.83
cust_0160,2026-07-01,refund,37.83
cust_0171,2026-07-01,visit,
cust_0181,2026-07-01,purchase,37.71
cust_0204,2026-07-01,visit,
cust_0210,2026-07-01,purchase,55.88
cust_0215,2026-07-01,visit,
cust_0239,2026-07-01,visit,
cust_0242,2026-07-01,visit,
cust_0254,2026-07-01,visit,
cust_0257,2026-07-01,visit,
cust_0259,2026-07-01,visit,
cust_0261,2026-07-01,purchase,34.04
cust_0266,2026-07-01,visit,
cust_0274,2026-07-01,purchase,13.57
cust_0285,2026-07-01,visit,
cust_0289,2026-07-01,purchase,42.37
cust_0294,2026-07-01,visit,
cust_0297,2026-07-01,visit,
cust_0299,2026-07-01,visit,
cust_0314,2026-07-01,purchase,29.68
cust_0376,2026-07-01,purchase,79.19
cust_0378,2026-07-01,visit,
cust_0386,2026-07-01,purchase,122.2
cust_0412,2026-07-01,visit,
cust_0419,2026-07-01,visit,
cust_0427,2026-07-01,visit,
cust_0432,2026-07-01,visit,
cust_0436,2026-07-01,visit,
cust_0441,2026-07-01,purchase,30.13
cust_0454,2026-07-01,visit,
cust_0490,2026-07-01,visit,
cust_0511,2026-07-01,visit,
cust_0518,2026-07-01,purchase,66.23
cust_0540,2026-07-01,visit,
cust_0541,2026-07-01,visit,
cust_0588,2026-07-01,purchase,73.13
cust_0593,2026-07-01,purchase,51.53
cust_0597,2026-07-01,visit,
cust_0616,2026-07-01,visit,
cust_0623,2026-07-01,visit,
cust_0652,2026-07-01,visit,
cust_0668,2026-07-01,visit,
cust_0686,2026-07-01,visit,
cust_0688,2026-07-01,visit,
cust_0695,2026-07-01,visit,
cust_0701,2026-07-01,visit,
cust_0710,2026-07-01,purchase,17.48
cust_0723,2026-07-01,purchase,19.22
cust_0725,2026-07-01,visit,
cust_0768,2026-07-01,visit,
cust_0779,2026-07-01,visit,
cust_0789,2026-07-01,visit,
cust_0013,2026-07-02,visit,
cust_0019,2026-07-02,purchase,31.94
cust_0021,2026-07-02,visit,
cust_0027,2026-07-02,purchase,49.97
cust_0045,2026-07-02,visit,
cust_0046,2026-07-02,purchase,39.13
cust_0049,2026-07-02,visit,
cust_0050,2026-07-02,purchase,24.91
cust_0067,2026-07-02,visit,
cust_0073,2026-07-02,ticket,
cust_0081,2026-07-02,purchase,19.8
cust_0092,2026-07-02,purchase,16.03
cust_0133,2026-07-02,purchase,23.31
cust_0134,2026-07-02,visit,
cust_0140,2026-07-02,purchase,81.17
cust_0164,2026-07-02,purchase,45.27
cust_0169,2026-07-02,visit,
cust_0171,2026-07-02,purchase,32.45
cust_0172,2026-07-02,visit,
cust_0179,2026-07-02,purchase,26.29
cust_0193,2026-07-02,ticket,
cust_0208,2026-07-02,visit,
cust_0212,2026-07-02,purchase,52.25
cust_0228,2026-07-02,purchase,45.94
cust_0244,2026-07-02,visit,
cust_0247,2026-07-02,purchase,72.83
cust_0257,2026-07-02,visit,
cust_0276,2026-07-02,purchase,71.09
cust_0285,2026-07-02,purchase,34.81
cust_0288,2026-07-02,visit,
cust_0290,2026-07-02,visit,
cust_0291,2026-07-02,visit,
cust_0295,2026-07-02,purchase,53.47
cust_0298,2026-07-02,visit,
cust_0299,2026-07-02,visit,
cust_0380,2026-07-02,purchase,29.74
cust_0403,2026-07-02,visit,
cust_0418,2026-07-02,purchase,62.47
cust_0420,2026-07-02,visit,
cust_0423,2026-07-02,purchase,28.08
cust_0431,2026-07-02,purchase,22.97
cust_0448,2026-07-02,purchase,39.45
cust_0449,2026-07-02,visit,
cust_0450,2026-07-02,visit,
cust_0454,2026-07-02,visit,
cust_0460,2026-07-02,purchase,47.21
cust_0468,2026-07-02,visit,
cust_0504,2026-07-02,visit,
cust_0508,2026-07-02,purchase,60.48
cust_0560,2026-07-02,visit,
cust_0561,2026-07-02,visit,
cust_0567,2026-07-02,visit,
cust_0590,2026-07-02,purchase,30.42
cust_0592,2026-07-02,visit,
cust_0595,2026-07-02,visit,
cust_0606,2026-07-02,purchase,58.5
cust_0625,2026-07-02,visit,
cust_0651,2026-07-02,visit,
cust_0652,2026-07-02,purchase,21.77
cust_0652,2026-07-02,refund,21.77
cust_0657,2026-07-02,visit,
cust_0697,2026-07-02,visit,
cust_0706,2026-07-02,visit,
cust_0709,2026-07-02,visit,
cust_0727,2026-07-02,visit,
cust_0733,2026-07-02,visit,
cust_0739,2026-07-02,purchase,39.15
cust_0743,2026-07-02,visit,
cust_0745,2026-07-02,purchase,28.75
cust_0748,2026-07-02,visit,
cust_0017,2026-07-03,purchase,33.07
cust_0045,2026-07-03,visit,
cust_0052,2026-07-03,visit,
cust_0055,2026-07-03,purchase,24.43
cust_0065,2026-07-03,visit,
cust_0075,2026-07-03,visit,
cust_0082,2026-07-03,visit,
cust_0085,2026-07-03,visit,
cust_0100,2026-07-03,purchase,74.32
cust_0101,2026-07-03,visit,
cust_0118,2026-07-03,purchase,32.99
cust_0137,2026-07-03,purchase,49.3
cust_0143,2026-07-03,visit,
cust_0146,2026-07-03,visit,
cust_0163,2026-07-03,visit,
cust_0173,2026-07-03,visit,
cust_0182,2026-07-03,purchase,47.37
cust_0194,2026-07-03,purchase,22.93
cust_0221,2026-07-03,visit,
cust_0224,2026-07-03,purchase,14.03
cust_0242,2026-07-03,visit,
cust_0249,2026-07-03,purchase,36.11
cust_0253,2026-07-03,purchase,18.18
cust_0259,2026-07-03,visit,
cust_0267,2026-07-03,purchase,36.8
cust_0286,2026-07-03,visit,
cust_0289,2026-07-03,purchase,21.98
cust_0319,2026-07-03,visit,
cust_0321,2026-07-03,ticket,
cust_0342,2026-07-03,visit,
cust_0372,2026-07-03,visit,
cust_0376,2026-07-03,visit,
cust_0378,2026-07-03,visit,
cust_0389,2026-07-03,visit,
cust_0399,2026-07-03,visit,
cust_0407,2026-07-03,visit,
cust_0419,2026-07-03,visit,
cust_0431,2026-07-03,visit,
cust_0461,2026-07-03,visit,
cust_0477,2026-07-03,visit,
cust_0487,2026-07-03,visit,
cust_0490,2026-07-03,visit,
cust_0492,2026-07-03,purchase,29.81
cust_0496,2026-07-03,visit,
cust_0521,2026-07-03,visit,
cust_0540,2026-07-03,visit,
cust_0555,2026-07-03,ticket,
cust_0558,2026-07-03,visit,
cust_0560,2026-07-03,purchase,14.72
cust_0578,2026-07-03,visit,
cust_0580,2026-07-03,visit,
cust_0615,2026-07-03,visit,
cust_0616,2026-07-03,visit,
cust_0622,2026-07-03,visit,
cust_0637,2026-07-03,visit,
cust_0668,2026-07-03,purchase,90.35
cust_0669,2026-07-03,purchase,42.75
cust_0680,2026-07-03,visit,
cust_0719,2026-07-03,visit,
cust_0722,2026-07-03,purchase,43.61
cust_0738,2026-07-03,visit,
cust_0788,2026-07-03,purchase,30.81
cust_0799,2026-07-03,visit,
cust_0029,2026-07-04,visit,
cust_0043,2026-07-04,visit,
cust_0056,2026-07-04,visit,
cust_0075,2026-07-04,visit,
cust_0104,2026-07-04,purchase,10.77
cust_0116,2026-07-04,visit,
cust_0140,2026-07-04,purchase,16.25
cust_0141,2026-07-04,visit,
cust_0142,2026-07-04,visit,
cust_0174,2026-07-04,visit,
cust_0181,2026-07-04,visit,
cust_0226,2026-07-04,visit,
cust_0242,2026-07-04,purchase,9.47
cust_0242,2026-07-04,refund,9.47
cust_0253,2026-07-04,visit,
cust_0258,2026-07-04,visit,
cust_0288,2026-07-04,purchase,24.25
cust_0311,2026-07-04,visit,
cust_0320,2026-07-04,purchase,90.14
cust_0327,2026-07-04,visit,
cust_0337,2026-07-04,visit,
cust_0350,2026-07-04,purchase,34.92
cust_0365,2026-07-04,purchase,57.08
cust_0384,2026-07-04,visit,
cust_0388,2026-07-04,visit,
cust_0403,2026-07-04,purchase,39.03
cust_0453,2026-07-04,visit,
cust_0454,2026-07-04,visit,
cust_0469,2026-07-04,purchase,63.16
cust_0476,2026-07-04,visit,
cust_0497,2026-07-04,purchase,54.61
cust_0502,2026-07-04,visit,
cust_0504,2026-07-04,purchase,41.19
cust_0521,2026-07-04,visit,
cust_0532,2026-07-04,purchase,109.71
cust_0540,2026-07-04,visit,
cust_0552,2026-07-04,ticket,
cust_0559,2026-07-04,visit,
cust_0567,2026-07-04,visit,
cust_0588,2026-07-04,purchase,41.77
cust_0588,2026-07-04,refund,41.77
cust_0592,2026-07-04,visit,
cust_0600,2026-07-04,visit,
cust_0602,2026-07-04,visit,
cust_0622,2026-07-04,purchase,53.55
cust_0630,2026-07-04,visit,
cust_0669,2026-07-04,visit,
cust_0695,2026-07-04,purchase,59.5
cust_0742,2026-07-04,visit,
cust_0759,2026-07-04,visit,
cust_0782,2026-07-04,visit,
cust_0795,2026-07-04,visit,
cust_0018,2026-07-05,visit,
cust_0049,2026-07-05,ticket,
cust_0052,2026-07-05,visit,
cust_0065,2026-07-05,visit,
cust_0077,2026-07-05,purchase,128.27
cust_0082,2026-07-05,visit,
cust_0105,2026-07-05,visit,
cust_0113,2026-07-05,ticket,
cust_0161,2026-07-05,visit,
cust_0195,2026-07-05,visit,
cust_0197,2026-07-05,visit,
cust_0210,2026-07-05,visit,
cust_0211,2026-07-05,visit,
cust_0253,2026-07-05,visit,
cust_0276,2026-07-05,purchase,81.85
cust_0276,2026-07-05,refund,81.85
cust_0285,2026-07-05,visit,
cust_0288,2026-07-05,purchase,92.89
cust_0289,2026-07-05,purchase,49.16
cust_0297,2026-07-05,visit,
cust_0301,2026-07-05,purchase,28.75
cust_0385,2026-07-05,purchase,33.92
cust_0410,2026-07-05,visit,
cust_0431,2026-07-05,visit,
cust_0449,2026-07-05,purchase,43.71
cust_0459,2026-07-05,visit,
cust_0462,2026-07-05,purchase,33.52
cust_0462,2026-07-05,refund,33.52
cust_0481,2026-07-05,visit,
cust_0484,2026-07-05,visit,
cust_0502,2026-07-05,purchase,60.84
cust_0524,2026-07-05,purchase,17.44
cust_0526,2026-07-05,visit,
cust_0530,2026-07-05,purchase,41.42
cust_0541,2026-07-05,visit,
cust_0543,2026-07-05,visit,
cust_0566,2026-07-05,visit,
cust_0580,2026-07-05,purchase,27.84
cust_0581,2026-07-05,visit,
cust_0595,2026-07-05,purchase,39.94
cust_0612,2026-07-05,visit,
cust_0617,2026-07-05,purchase,45.7
cust_0618,2026-07-05,visit,
cust_0630,2026-07-05,visit,
cust_0636,2026-07-05,purchase,13.92
cust_0637,2026-07-05,visit,
cust_0651,2026-07-05,purchase,7.53
cust_0652,2026-07-05,visit,
cust_0661,2026-07-05,visit,
cust_0668,2026-07-05,purchase,28.69
cust_0708,2026-07-05,visit,
cust_0714,2026-07-05,purchase,24.59
cust_0722,2026-07-05,visit,
cust_0725,2026-07-05,visit,
cust_0733,2026-07-05,visit,
cust_0746,2026-07-05,visit,
cust_0758,2026-07-05,visit,
cust_0762,2026-07-05,visit,
cust_0766,2026-07-05,visit,
cust_0772,2026-07-05,visit,
cust_0773,2026-07-05,purchase,31.48
cust_0778,2026-07-05,visit,
cust_0787,2026-07-05,visit,
cust_0794,2026-07-05,visit,
cust_0021,2026-07-06,visit,
cust_0029,2026-07-06,visit,
cust_0047,2026-07-06,visit,
cust_0072,2026-07-06,visit,
cust_0081,2026-07-06,visit,
cust_0086,2026-07-06,purchase,70.08
cust_0104,2026-07-06,purchase,39.93
cust_0115,2026-07-06,purchase,18.67
cust_0125,2026-07-06,visit,
cust_0169,2026-07-06,purchase,46.96
cust_0191,2026-07-06,visit,
cust_0210,2026-07-06,visit,
cust_0219,2026-07-06,visit,
cust_0258,2026-07-06,visit,
cust_0288,2026-07-06,purchase,42.98
cust_0294,2026-07-06,purchase,44.18
cust_0317,2026-07-06,visit,
cust_0328,2026-07-06,purchase,46.91
cust_0336,2026-07-06,visit,
cust_0352,2026-07-06,visit,
cust_0370,2026-07-06,purchase,42.72
cust_0389,2026-07-06,purchase,21.03
cust_0407,2026-07-06,purchase,21.93
cust_0412,2026-07-06,visit,
cust_0420,2026-07-06,purchase,50.38
cust_0430,2026-07-06,purchase,63.65
cust_0454,2026-07-06,visit,
cust_0465,2026-07-06,visit,
cust_0469,2026-07-06,visit,
cust_0470,2026-07-06,visit,
cust_0524,2026-07-06,purchase,55.51
cust_0539,2026-07-06,visit,
cust_0541,2026-07-06,visit,
cust_0548,2026-07-06,purchase,35.73
cust_0574,2026-07-06,purchase,17.65
cust_0588,2026-07-06,visit,
cust_0605,2026-07-06,visit,
cust_0618,2026-07-06,visit,
cust_0622,2026-07-06,visit,
cust_0628,2026-07-06,visit,
cust_0636,2026-07-06,visit,
cust_0668,2026-07-06,purchase,35.14
cust_0669,2026-07-06,purchase,46.79
cust_0678,2026-07-06,visit,
cust_0697,2026-07-06,purchase,23.23
cust_0709,2026-07-06,purchase,31.9
cust_0715,2026-07-06,visit,
cust_0730,2026-07-06,ticket,
cust_0742,2026-07-06,purchase,45.88
cust_0745,2026-07-06,visit,
cust_0759,2026-07-06,visit,
cust_0772,2026-07-06,purchase,39.23
cust_0786,2026-07-06,visit,
cust_0032,2026-07-07,visit,
cust_0034,2026-07-07,visit,
cust_0049,2026-07-07,visit,
cust_0055,2026-07-07,visit,
cust_0056,2026-07-07,visit,
cust_0071,2026-07-07,purchase,54.54
cust_0072,2026-07-07,visit,
cust_0074,2026-07-07,purchase,37.98
cust_0084,2026-07-07,purchase,33.05
cust_0092,2026-07-07,visit,
cust_0102,2026-07-07,purchase,31.95
cust_0103,2026-07-07,purchase,28.15
cust_0104,2026-07-07,visit,
cust_0130,2026-07-07,visit,
cust_0148,2026-07-07,visit,
cust_0162,2026-07-07,visit,
cust_0172,2026-07-07,visit,
cust_0174,2026-07-07,visit,
cust_0216,2026-07-07,visit,
cust_0221,2026-07-07,visit,
cust_0238,2026-07-07,purchase,22.53
cust_0268,2026-07-07,visit,
cust_0284,2026-07-07,visit,
cust_0345,2026-07-07,visit,
cust_0365,2026-07-07,visit,
cust_0379,2026-07-07,visit,
cust_0380,2026-07-07,visit,
cust_0387,2026-07-07,visit,
cust_0403,2026-07-07,visit,
cust_0420,2026-07-07,visit,
cust_0429,2026-07-07,purchase,45.21
cust_0439,2026-07-07,visit,
cust_0460,2026-07-07,visit,
cust_0483,2026-07-07,visit,
cust_0498,2026-07-07,visit,
cust_0509,2026-07-07,visit,
cust_0515,2026-07-07,purchase,25.8
cust_0530,2026-07-07,purchase,30.72
cust_0553,2026-07-07,visit,
cust_0566,2026-07-07,purchase,16.62
cust_0608,2026-07-07,purchase,8.74
cust_0611,2026-07-07,purchase,33.44
cust_0622,2026-07-07,purchase,83.56
cust_0627,2026-07-07,visit,
cust_0643,2026-07-07,visit,
cust_0644,2026-07-07,purchase,34.86
cust_0651,2026-07-07,visit,
cust_0673,2026-07-07,visit,
cust_0674,2026-07-07,visit,
cust_0681,2026-07-07,purchase,23.93
cust_0681,2026-07-07,refund,23.93
cust_0706,2026-07-07,visit,
cust_0708,2026-07-07,visit,
cust_0709,2026-07-07,visit,
cust_0725,2026-07-07,purchase,14.51
cust_0734,2026-07-07,visit,
cust_0746,2026-07-07,visit,
cust_0768,2026-07-07,purchase,42.32
cust_0778,2026-07-07,purchase,15.05
cust_0792,2026-07-07,purchase,50.94
cust_0794,2026-07-07,visit,
cust_0796,2026-07-07,purchase,34.89
cust_0004,2026-07-08,purchase,19.37
cust_0019,2026-07-08,visit,
cust_0033,2026-07-08,visit,
cust_0034,2026-07-08,visit,
cust_0046,2026-07-08,visit,
cust_0056,2026-07-08,purchase,29.3
cust_0072,2026-07-08,visit,
cust_0087,2026-07-08,purchase,26.08
cust_0098,2026-07-08,visit,
cust_0161,2026-07-08,visit,
cust_0167,2026-07-08,visit,
cust_0192,2026-07-08,purchase,66.26
cust_0193,2026-07-08,visit,
cust_0201,2026-07-08,purchase,43.0
cust_0218,2026-07-08,purchase,93.43
cust_0228,2026-07-08,visit,
cust_0251,2026-07-08,visit,
cust_0256,2026-07-08,visit,
cust_0261,2026-07-08,purchase,31.14
cust_0266,2026-07-08,ticket,
cust_0273,2026-07-08,visit,
cust_0288,2026-07-08,visit,
cust_0291,2026-07-08,visit,
cust_0305,2026-07-08,visit,
cust_0317,2026-07-08,visit,
cust_0341,2026-07-08,purchase,33.49
cust_0362,2026-07-08,visit,
cust_0402,2026-07-08,visit,
cust_0420,2026-07-08,visit,
cust_0457,2026-07-08,purchase,23.6
cust_0466,2026-07-08,purchase,110.1
cust_0470,2026-07-08,purchase,43.41
cust_0483,2026-07-08,visit,
cust_0498,2026-07-08,visit,
cust_0506,2026-07-08,purchase,67.83
cust_0514,2026-07-08,visit,
cust_0531,2026-07-08,purchase,36.66
cust_0552,2026-07-08,visit,
cust_0558,2026-07-08,purchase,60.84
cust_0559,2026-07-08,visit,
cust_0568,2026-07-08,visit,
cust_0581,2026-07-08,visit,
cust_0582,2026-07-08,purchase,72.45
cust_0592,2026-07-08,purchase,40.27
cust_0593,2026-07-08,visit,
cust_0594,2026-07-08,visit,
cust_0602,2026-07-08,purchase,30.54
cust_0605,2026-07-08,visit,
cust_0613,2026-07-08,visit,
cust_0614,2026-07-08,purchase,23.71
cust_0642,2026-07-08,visit,
cust_0643,2026-07-08,purchase,54.6
cust_0647,2026-07-08,visit,
cust_0652,2026-07-08,visit,
cust_0662,2026-07-08,visit,
cust_0668,2026-07-08,visit,
cust_0673,2026-07-08,visit,
cust_0674,2026-07-08,visit,
cust_0679,2026-07-08,visit,
cust_0684,2026-07-08,purchase,55.29
cust_0689,2026-07-08,visit,
cust_0701,2026-07-08,purchase,11.66
cust_0710,2026-07-08,visit,
cust_0717,2026-07-08,visit,
cust_0746,2026-07-08,visit,
cust_0754,2026-07-08,purchase,79.66
cust_0770,2026-07-08,visit,
cust_0776,2026-07-08,purchase,21.95
cust_0794,2026-07-08,purchase,26.84
cust_0796,2026-07-08,visit,
cust_0005,2026-07-09,purchase,55.66
cust_0025,2026-07-09,visit,
cust_0027,2026-07-09,purchase,23.06
cust_0028,2026-07-09,visit,
cust_0040,2026-07-09,visit,
cust_0050,2026-07-09,purchase,92.29
cust_0056,2026-07-09,visit,
cust_0065,2026-07-09,visit,
cust_0068,2026-07-09,purchase,24.11
cust_0068,2026-07-09,refund,24.11
cust_0069,2026-07-09,visit,
cust_0113,2026-07-09,purchase,58.85
cust_0155,2026-07-09,purchase,60.39
cust_0164,2026-07-09,visit,
cust_0167,2026-07-09,visit,
cust_0174,2026-07-09,visit,
cust_0187,2026-07-09,visit,
cust_0195,2026-07-09,purchase,30.52
cust_0215,2026-07-09,ticket,
cust_0221,2026-07-09,purchase,72.3
cust_0225,2026-07-09,purchase,35.6
cust_0225,2026-07-09,refund,35.6
cust_0238,2026-07-09,visit,
cust_0255,2026-07-09,visit,
cust_0275,2026-07-09,purchase,37.02
cust_0276,2026-07-09,visit,
cust_0284,2026-07-09,visit,
cust_0296,2026-07-09,visit,
cust_0303,2026-07-09,visit,
cust_0323,2026-07-09,visit,
cust_0350,2026-07-09,purchase,51.86
cust_0384,2026-07-09,visit,
cust_0404,2026-07-09,visit,
cust_0406,2026-07-09,visit,
cust_0418,2026-07-09,visit,
cust_0427,2026-07-09,ticket,
cust_0432,2026-07-09,purchase,35.97
cust_0436,2026-07-09,visit,
cust_0461,2026-07-09,visit,
cust_0477,2026-07-09,purchase,61.36
cust_0498,2026-07-09,purchase,40.8
cust_0508,2026-07-09,purchase,13.85
cust_0516,2026-07-09,visit,
cust_0521,2026-07-09,visit,
cust_0543,2026-07-09,visit,
cust_0552,2026-07-09,purchase,35.26
cust_0567,2026-07-09,purchase,34.64
cust_0567,2026-07-09,refund,34.64
cust_0582,2026-07-09,visit,
cust_0588,2026-07-09,visit,
cust_0594,2026-07-09,ticket,
cust_0600,2026-07-09,visit,
cust_0601,2026-07-09,visit,
cust_0612,2026-07-09,visit,
cust_0631,2026-07-09,visit,
cust_0633,2026-07-09,purchase,45.64
cust_0643,2026-07-09,purchase,46.42
cust_0647,2026-07-09,purchase,26.97
cust_0666,2026-07-09,visit,
cust_0668,2026-07-09,purchase,99.63
cust_0677,2026-07-09,visit,
cust_0685,2026-07-09,visit,
cust_0695,2026-07-09,visit,
cust_0703,2026-07-09,visit,
cust_0733,2026-07-09,visit,
cust_0735,2026-07-09,visit,
cust_0738,2026-07-09,purchase,54.91
cust_0739,2026-07-09,visit,
cust_0770,2026-07-09,visit,
cust_0781,2026-07-09,visit,
cust_0789,2026-07-09,visit,
cust_0007,2026-07-10,visit,
cust_0018,2026-07-10,visit,
cust_0028,2026-07-10,visit,
cust_0043,2026-07-10,visit,
cust_0059,2026-07-10,visit,
cust_0065,2026-07-10,visit,
cust_0070,2026-07-10,visit,
cust_0094,2026-07-10,visit,
cust_0098,2026-07-10,purchase,15.03
cust_0106,2026-07-10,visit,
cust_0124,2026-07-10,visit,
cust_0171,2026-07-10,purchase,104.67
cust_0191,2026-07-10,purchase,37.15
cust_0226,2026-07-10,visit,
cust_0250,2026-07-10,visit,
cust_0264,2026-07-10,visit,
cust_0276,2026-07-10,visit,
cust_0284,2026-07-10,purchase,97.88
cust_0290,2026-07-10,visit,
cust_0315,2026-07-10,purchase,33.09
cust_0319,2026-07-10,visit,
cust_0321,2026-07-10,visit,
cust_0324,2026-07-10,visit,
cust_0359,2026-07-10,visit,
cust_0374,2026-07-10,visit,
cust_0380,2026-07-10,visit,
cust_0383,2026-07-10,visit,
cust_0391,2026-07-10,visit,
cust_0412,2026-07-10,visit,
cust_0427,2026-07-10,visit,
cust_0429,2026-07-10,visit,
cust_0435,2026-07-10,visit,
cust_0456,2026-07-10,visit,
cust_0508,2026-07-10,visit,
cust_0513,2026-07-10,visit,
cust_0541,2026-07-10,visit,
cust_0548,2026-07-10,visit,
cust_0566,2026-07-10,purchase,14.04
cust_0568,2026-07-10,purchase,29.09
cust_0570,2026-07-10,ticket,
cust_0593,2026-07-10,visit,
cust_0595,2026-07-10,visit,
cust_0603,2026-07-10,purchase,41.79
cust_0613,2026-07-10,visit,
cust_0618,2026-07-10,purchase,96.33
cust_0642,2026-07-10,visit,
cust_0719,2026-07-10,visit,
cust_0721,2026-07-10,visit,
cust_0751,2026-07-10,visit,
cust_0768,2026-07-10,purchase,43.04
cust_0776,2026-07-10,ticket,
cust_0778,2026-07-10,ticket,
cust_0004,2026-07-11,purchase,42.91
cust_0023,2026-07-11,visit,
cust_0025,2026-07-11,visit,
cust_0026,2026-07-11,purchase,48.02
cust_0042,2026-07-11,purchase,54.0
cust_0055,2026-07-11,visit,
cust_0060,2026-07-11,visit,
cust_0067,2026-07-11,purchase,46.57
cust_0081,2026-07-11,purchase,59.73
cust_0087,2026-07-11,visit,
cust_0094,2026-07-11,visit,
cust_0112,2026-07-11,visit,
cust_0126,2026-07-11,purchase,26.23
cust_0142,2026-07-11,visit,
cust_0179,2026-07-11,visit,
cust_0182,2026-07-11,visit,
cust_0195,2026-07-11,visit,
cust_0210,2026-07-11,visit,
cust_0212,2026-07-11,visit,
cust_0263,2026-07-11,purchase,57.15
cust_0264,2026-07-11,visit,
cust_0273,2026-07-11,visit,
cust_0280,2026-07-11,purchase,14.63
cust_0289,2026-07-11,visit,
cust_0297,2026-07-11,purchase,35.93
cust_0301,2026-07-11,visit,
cust_0318,2026-07-11,purchase,42.46
cust_0365,2026-07-11,visit,
cust_0368,2026-07-11,purchase,24.96
cust_0379,2026-07-11,purchase,29.18
cust_0382,2026-07-11,visit,
cust_0399,2026-07-11,purchase,39.11
cust_0401,2026-07-11,purchase,46.3
cust_0407,2026-07-11,visit,
cust_0412,2026-07-11,visit,
cust_0449,2026-07-11,purchase,35.28
cust_0458,2026-07-11,purchase,64.83
cust_0508,2026-07-11,purchase,63.3
cust_0514,2026-07-11,purchase,64.03
cust_0553,2026-07-11,visit,
cust_0558,2026-07-11,visit,
cust_0568,2026-07-11,ticket,
cust_0594,2026-07-11,purchase,17.48
cust_0600,2026-07-11,visit,
cust_0642,2026-07-11,purchase,43.35
cust_0653,2026-07-11,visit,
cust_0656,2026-07-11,purchase,59.56
cust_0701,2026-07-11,visit,
cust_0708,2026-07-11,visit,
cust_0722,2026-07-11,visit,
cust_0734,2026-07-11,visit,
cust_0745,2026-07-11,purchase,42.42
cust_0753,2026-07-11,visit,
cust_0754,2026-07-11,visit,
cust_0779,2026-07-11,visit,
cust_0011,2026-07-12,visit,
cust_0014,2026-07-12,purchase,29.35
cust_0019,2026-07-12,visit,
cust_0032,2026-07-12,purchase,65.68
cust_0037,2026-07-12,purchase,119.5
cust_0043,2026-07-12,purchase,46.09
cust_0057,2026-07-12,ticket,
cust_0062,2026-07-12,visit,
cust_0068,2026-07-12,purchase,43.01
cust_0070,2026-07-12,visit,
cust_0080,2026-07-12,visit,
cust_0109,2026-07-12,purchase,35.06
cust_0171,2026-07-12,purchase,34.06
cust_0207,2026-07-12,purchase,41.13
cust_0226,2026-07-12,purchase,27.73
cust_0238,2026-07-12,visit,
cust_0239,2026-07-12,visit,
cust_0242,2026-07-12,visit,
cust_0273,2026-07-12,ticket,
cust_0282,2026-07-12,purchase,47.55
cust_0283,2026-07-12,purchase,61.11
cust_0286,2026-07-12,visit,
cust_0300,2026-07-12,purchase,55.09
cust_0363,2026-07-12,purchase,20.04
cust_0373,2026-07-12,visit,
cust_0374,2026-07-12,purchase,30.99
cust_0406,2026-07-12,visit,
cust_0409,2026-07-12,visit,
cust_0445,2026-07-12,visit,
cust_0447,2026-07-12,purchase,87.63
cust_0457,2026-07-12,visit,
cust_0489,2026-07-12,visit,
cust_0497,2026-07-12,visit,
cust_0531,2026-07-12,visit,
cust_0532,2026-07-12,visit,
cust_0562,2026-07-12,purchase,27.38
cust_0578,2026-07-12,purchase,96.65
cust_0602,2026-07-12,visit,
cust_0608,2026-07-12,visit,
cust_0612,2026-07-12,visit,
cust_0617,2026-07-12,purchase,30.19
cust_0620,2026-07-12,purchase,54.09
cust_0651,2026-07-12,purchase,47.83
cust_0666,2026-07-12,visit,
cust_0734,2026-07-12,purchase,49.99
cust_0746,2026-07-12,visit,
cust_0747,2026-07-12,visit,
cust_0766,2026-07-12,visit,
cust_0768,2026-07-12,visit,
cust_0795,2026-07-12,purchase,36.16
cust_0003,2026-07-13,visit,
cust_0011,2026-07-13,visit,
cust_0047,2026-07-13,purchase,33.26
cust_0049,2026-07-13,purchase,46.09
cust_0056,2026-07-13,visit,
cust_0059,2026-07-13,visit,
cust_0068,2026-07-13,visit,
cust_0086,2026-07-13,visit,
cust_0107,2026-07-13,visit,
cust_0112,2026-07-13,visit,
cust_0115,2026-07-13,visit,
cust_0116,2026-07-13,purchase,45.72
cust_0137,2026-07-13,visit,
cust_0143,2026-07-13,purchase,41.09
cust_0150,2026-07-13,visit,
cust_0209,2026-07-13,visit,
cust_0244,2026-07-13,visit,
cust_0255,2026-07-13,visit,
cust_0257,2026-07-13,ticket,
cust_0259,2026-07-13,ticket,
cust_0275,2026-07-13,visit,
cust_0289,2026-07-13,visit,
cust_0295,2026-07-13,ticket,
cust_0315,2026-07-13,visit,
cust_0317,2026-07-13,visit,
cust_0326,2026-07-13,visit,
cust_0372,2026-07-13,purchase,36.67
cust_0420,2026-07-13,visit,
cust_0423,2026-07-13,visit,
cust_0433,2026-07-13,visit,
cust_0434,2026-07-13,visit,
cust_0445,2026-07-13,visit,
cust_0448,2026-07-13,purchase,42.27
cust_0459,2026-07-13,visit,
cust_0461,2026-07-13,purchase,19.38
cust_0462,2026-07-13,ticket,
cust_0481,2026-07-13,visit,
cust_0494,2026-07-13,visit,
cust_0496,2026-07-13,purchase,69.69
cust_0497,2026-07-13,visit,
cust_0515,2026-07-13,purchase,57.15
cust_0520,2026-07-13,purchase,35.93
cust_0523,2026-07-13,purchase,28.76
cust_0562,2026-07-13,visit,
cust_0567,2026-07-13,visit,
cust_0597,2026-07-13,purchase,19.36
cust_0606,2026-07-13,visit,
cust_0652,2026-07-13,visit,
cust_0657,2026-07-13,visit,
cust_0666,2026-07-13,visit,
cust_0668,2026-07-13,purchase,32.89
cust_0680,2026-07-13,visit,
cust_0709,2026-07-13,visit,
cust_0739,2026-07-13,visit,
cust_0743,2026-07-13,ticket,
cust_0747,2026-07-13,visit,
cust_0753,2026-07-13,purchase,25.88
cust_0756,2026-07-13,visit,
cust_0762,2026-07-13,visit,
cust_0780,2026-07-13,visit,
cust_0782,2026-07-13,visit,
cust_0786,2026-07-13,visit,
cust_0788,2026-07-13,visit,
cust_0794,2026-07-13,visit,
cust_0000,2026-07-14,visit,
cust_0002,2026-07-14,visit,
cust_0010,2026-07-14,visit,
cust_0018,2026-07-14,purchase,32.81
cust_0021,2026-07-14,purchase,33.11
cust_0022,2026-07-14,visit,
cust_0057,2026-07-14,visit,
cust_0070,2026-07-14,purchase,25.24
cust_0103,2026-07-14,visit,
cust_0125,2026-07-14,visit,
cust_0161,2026-07-14,ticket,
cust_0174,2026-07-14,purchase,26.07
cust_0185,2026-07-14,purchase,25.42
cust_0185,2026-07-14,refund,25.42
cust_0207,2026-07-14,visit,
cust_0212,2026-07-14,visit,
cust_0218,2026-07-14,purchase,17.77
cust_0219,2026-07-14,purchase,74.44
cust_0257,2026-07-14,visit,
cust_0264,2026-07-14,purchase,31.33
cust_0324,2026-07-14,visit,
cust_0333,2026-07-14,purchase,43.38
cust_0333,2026-07-14,refund,43.38
cust_0342,2026-07-14,visit,
cust_0363,2026-07-14,purchase,27.69
cust_0363,2026-07-14,refund,27.69
cust_0374,2026-07-14,visit,
cust_0383,2026-07-14,visit,
cust_0391,2026-07-14,visit,
cust_0395,2026-07-14,visit,
cust_0403,2026-07-14,visit,
cust_0431,2026-07-14,purchase,22.64
cust_0445,2026-07-14,visit,
cust_0449,2026-07-14,visit,
cust_0456,2026-07-14,visit,
cust_0462,2026-07-14,visit,
cust_0466,2026-07-14,purchase,26.82
cust_0480,2026-07-14,visit,
cust_0494,2026-07-14,visit,
cust_0495,2026-07-14,visit,
cust_0502,2026-07-14,visit,
cust_0512,2026-07-14,visit,
cust_0524,2026-07-14,purchase,34.11
cust_0531,2026-07-14,visit,
cust_0562,2026-07-14,visit,
cust_0563,2026-07-14,visit,
cust_0568,2026-07-14,visit,
cust_0601,2026-07-14,purchase,38.18
cust_0602,2026-07-14,purchase,50.29
cust_0608,2026-07-14,visit,
cust_0625,2026-07-14,visit,
cust_0641,2026-07-14,visit,
cust_0715,2026-07-14,visit,
cust_0730,2026-07-14,ticket,
cust_0746,2026-07-14,visit,
cust_0763,2026-07-14,visit,
cust_0779,2026-07-14,visit,
cust_0783,2026-07-14,visit,
cust_0013,2026-07-15,visit,
cust_0027,2026-07-15,visit,
cust_0043,2026-07-15,visit,
cust_0055,2026-07-15,visit,
cust_0068,2026-07-15,purchase,23.0
cust_0071,2026-07-15,visit,
cust_0108,2026-07-15,visit,
cust_0114,2026-07-15,purchase,34.0
cust_0124,2026-07-15,ticket,
cust_0155,2026-07-15,visit,
cust_0171,2026-07-15,purchase,34.13
cust_0219,2026-07-15,purchase,55.58
cust_0219,2026-07-15,refund,55.58
cust_0258,2026-07-15,visit,
cust_0264,2026-07-15,visit,
cust_0268,2026-07-15,purchase,29.22
cust_0274,2026-07-15,visit,
cust_0275,2026-07-15,visit,
cust_0284,2026-07-15,visit,
cust_0290,2026-07-15,visit,
cust_0319,2026-07-15,visit,
cust_0324,2026-07-15,visit,
cust_0370,2026-07-15,visit,
cust_0372,2026-07-15,purchase,72.88
cust_0401,2026-07-15,ticket,
cust_0430,2026-07-15,visit,
cust_0436,2026-07-15,ticket,
cust_0445,2026-07-15,purchase,38.08
cust_0448,2026-07-15,visit,
cust_0459,2026-07-15,visit,
cust_0465,2026-07-15,visit,
cust_0468,2026-07-15,visit,
cust_0475,2026-07-15,visit,
cust_0484,2026-07-15,visit,
cust_0486,2026-07-15,purchase,20.07
cust_0494,2026-07-15,visit,
cust_0504,2026-07-15,purchase,18.07
cust_0522,2026-07-15,purchase,78.37
cust_0531,2026-07-15,purchase,32.89
cust_0563,2026-07-15,visit,
cust_0570,2026-07-15,visit,
cust_0585,2026-07-15,visit,
cust_0606,2026-07-15,purchase,136.99
cust_0608,2026-07-15,purchase,34.21
cust_0613,2026-07-15,visit,
cust_0617,2026-07-15,purchase,26.4
cust_0622,2026-07-15,visit,
cust_0625,2026-07-15,purchase,49.31
cust_0632,2026-07-15,purchase,72.11
cust_0642,2026-07-15,visit,
cust_0674,2026-07-15,purchase,16.65
cust_0677,2026-07-15,visit,
cust_0684,2026-07-15,visit,
cust_0687,2026-07-15,visit,
cust_0696,2026-07-15,visit,
cust_0702,2026-07-15,visit,
cust_0719,2026-07-15,purchase,10.1
cust_0722,2026-07-15,purchase,51.99
cust_0730,2026-07-15,purchase,68.07
cust_0748,2026-07-15,visit,
cust_0768,2026-07-15,visit,
cust_0773,2026-07-15,visit,
cust_0787,2026-07-15,visit,
cust_0794,2026-07-15,visit,
cust_0799,2026-07-15,visit,
cust_0003,2026-07-16,visit,
cust_0012,2026-07-16,visit,
cust_0013,2026-07-16,visit,
cust_0026,2026-07-16,visit,
cust_0033,2026-07-16,visit,
cust_0058,2026-07-16,visit,
cust_0070,2026-07-16,visit,
cust_0080,2026-07-16,visit,
cust_0083,2026-07-16,purchase,22.88
cust_0088,2026-07-16,ticket,
cust_0092,2026-07-16,visit,
cust_0105,2026-07-16,purchase,67.62
cust_0118,2026-07-16,visit,
cust_0126,2026-07-16,purchase,58.31
cust_0137,2026-07-16,visit,
cust_0156,2026-07-16,purchase,69.04
cust_0164,2026-07-16,visit,
cust_0169,2026-07-16,purchase,12.0
cust_0173,2026-07-16,visit,
cust_0174,2026-07-16,purchase,42.7
cust_0182,2026-07-16,purchase,19.65
cust_0215,2026-07-16,purchase,30.71
cust_0240,2026-07-16,purchase,48.13
cust_0251,2026-07-16,purchase,40.3
cust_0279,2026-07-16,purchase,22.76
cust_0280,2026-07-16,visit,
cust_0284,2026-07-16,purchase,17.56
cust_0294,2026-07-16,purchase,60.77
cust_0319,2026-07-16,purchase,66.08
cust_0350,2026-07-16,visit,
cust_0364,2026-07-16,purchase,17.43
cust_0365,2026-07-16,purchase,75.36
cust_0412,2026-07-16,visit,
cust_0420,2026-07-16,purchase,19.11
cust_0423,2026-07-16,visit,
cust_0446,2026-07-16,visit,
cust_0480,2026-07-16,visit,
cust_0484,2026-07-16,visit,
cust_0504,2026-07-16,purchase,29.38
cust_0507,2026-07-16,purchase,44.64
cust_0507,2026-07-16,refund,44.64
cust_0531,2026-07-16,visit,
cust_0555,2026-07-16,visit,
cust_0561,2026-07-16,purchase,78.75
cust_0570,2026-07-16,purchase,39.32
cust_0594,2026-07-16,visit,
cust_0615,2026-07-16,visit,
cust_0628,2026-07-16,visit,
cust_0641,2026-07-16,purchase,52.94
cust_0678,2026-07-16,visit,
cust_0685,2026-07-16,purchase,66.0
cust_0697,2026-07-16,ticket,
cust_0714,2026-07-16,purchase,18.02
cust_0730,2026-07-16,ticket,
cust_0735,2026-07-16,ticket,
cust_0737,2026-07-16,purchase,40.41
cust_0748,2026-07-16,visit,
cust_0787,2026-07-16,visit,
cust_0022,2026-07-17,purchase,37.06
cust_0028,2026-07-17,visit,
cust_0032,2026-07-17,visit,
cust_0040,2026-07-17,purchase,47.6
cust_0051,2026-07-17,purchase,58.71
cust_0057,2026-07-17,purchase,58.0
cust_0063,2026-07-17,purchase,56.57
cust_0065,2026-07-17,purchase,43.02
cust_0082,2026-07-17,purchase,24.72
cust_0094,2026-07-17,purchase,17.66
cust_0099,2026-07-17,visit,
cust_0102,2026-07-17,purchase,23.7
cust_0123,2026-07-17,visit,
cust_0125,2026-07-17,visit,
cust_0143,2026-07-17,visit,
cust_0148,2026-07-17,visit,
cust_0150,2026-07-17,visit,
cust_0165,2026-07-17,visit,
cust_0182,2026-07-17,purchase,68.07
cust_0194,2026-07-17,visit,
cust_0197,2026-07-17,purchase,21.37
cust_0201,2026-07-17,visit,
cust_0210,2026-07-17,purchase,20.36
cust_0221,2026-07-17,visit,
cust_0263,2026-07-17,purchase,31.14
cust_0273,2026-07-17,visit,
cust_0283,2026-07-17,visit,
cust_0291,2026-07-17,visit,
cust_0295,2026-07-17,purchase,34.75
cust_0352,2026-07-17,visit,
cust_0383,2026-07-17,purchase,44.61
cust_0390,2026-07-17,purchase,75.61
cust_0406,2026-07-17,visit,
cust_0449,2026-07-17,visit,
cust_0450,2026-07-17,visit,
cust_0458,2026-07-17,visit,
cust_0470,2026-07-17,visit,
cust_0479,2026-07-17,visit,
cust_0483,2026-07-17,visit,
cust_0509,2026-07-17,visit,
cust_0514,2026-07-17,visit,
cust_0526,2026-07-17,visit,
cust_0530,2026-07-17,visit,
cust_0553,2026-07-17,visit,
cust_0561,2026-07-17,purchase,65.53
cust_0562,2026-07-17,visit,
cust_0570,2026-07-17,visit,
cust_0579,2026-07-17,purchase,49.41
cust_0625,2026-07-17,visit,
cust_0641,2026-07-17,visit,
cust_0688,2026-07-17,visit,
cust_0689,2026-07-17,visit,
cust_0697,2026-07-17,visit,
cust_0711,2026-07-17,visit,
cust_0719,2026-07-17,purchase,21.83
cust_0735,2026-07-17,visit,
cust_0749,2026-07-17,purchase,46.5
cust_0756,2026-07-17,purchase,30.12
cust_0768,2026-07-17,purchase,91.54
cust_0786,2026-07-17,visit,
cust_0787,2026-07-17,purchase,51.53
cust_0010,2026-07-18,visit,
cust_0025,2026-07-18,visit,
cust_0029,2026-07-18,visit,
cust_0032,2026-07-18,visit,
cust_0068,2026-07-18,visit,
cust_0069,2026-07-18,purchase,91.64
cust_0070,2026-07-18,visit,
cust_0094,2026-07-18,visit,
cust_0098,2026-07-18,visit,
cust_0101,2026-07-18,visit,
cust_0112,2026-07-18,purchase,44.21
cust_0125,2026-07-18,purchase,45.1
cust_0139,2026-07-18,visit,
cust_0150,2026-07-18,visit,
cust_0170,2026-07-18,visit,
cust_0181,2026-07-18,visit,
cust_0182,2026-07-18,purchase,43.83
cust_0191,2026-07-18,purchase,14.59
cust_0192,2026-07-18,purchase,19.18
cust_0197,2026-07-18,visit,
cust_0218,2026-07-18,visit,
cust_0240,2026-07-18,visit,
cust_0247,2026-07-18,purchase,28.28
cust_0249,2026-07-18,visit,
cust_0279,2026-07-18,purchase,35.07
cust_0284,2026-07-18,purchase,17.06
cust_0292,2026-07-18,visit,
cust_0295,2026-07-18,visit,
cust_0298,2026-07-18,visit,
cust_0314,2026-07-18,ticket,
cust_0342,2026-07-18,visit,
cust_0352,2026-07-18,visit,
cust_0360,2026-07-18,purchase,5.7
cust_0394,2026-07-18,visit,
cust_0406,2026-07-18,visit,
cust_0427,2026-07-18,visit,
cust_0460,2026-07-18,purchase,50.82
cust_0460,2026-07-18,refund,50.82
cust_0477,2026-07-18,purchase,43.44
cust_0498,2026-07-18,visit,
cust_0516,2026-07-18,visit,
cust_0522,2026-07-18,visit,
cust_0531,2026-07-18,purchase,32.4
cust_0541,2026-07-18,visit,
cust_0566,2026-07-18,purchase,94.19
cust_0568,2026-07-18,visit,
cust_0600,2026-07-18,visit,
cust_0602,2026-07-18,purchase,22.88
cust_0615,2026-07-18,visit,
cust_0627,2026-07-18,purchase,42.56
cust_0666,2026-07-18,visit,
cust_0689,2026-07-18,purchase,24.16
cust_0692,2026-07-18,purchase,61.38
cust_0695,2026-07-18,purchase,28.63
cust_0700,2026-07-18,visit,
cust_0719,2026-07-18,visit,
cust_0723,2026-07-18,visit,
cust_0756,2026-07-18,visit,
cust_0762,2026-07-18,purchase,57.2
cust_0055,2026-07-19,visit,
cust_0057,2026-07-19,purchase,34.18
cust_0057,2026-07-19,refund,34.18
cust_0058,2026-07-19,visit,
cust_0072,2026-07-19,purchase,46.3
cust_0085,2026-07-19,visit,
cust_0100,2026-07-19,purchase,56.11
cust_0104,2026-07-19,purchase,49.58
cust_0105,2026-07-19,visit,
cust_0125,2026-07-19,purchase,36.18
cust_0136,2026-07-19,purchase,41.69
cust_0143,2026-07-19,visit,
cust_0165,2026-07-19,purchase,47.1
cust_0169,2026-07-19,purchase,39.04
cust_0175,2026-07-19,purchase,25.54
cust_0193,2026-07-19,visit,
cust_0211,2026-07-19,visit,
cust_0247,2026-07-19,visit,
cust_0253,2026-07-19,visit,
cust_0255,2026-07-19,visit,
cust_0263,2026-07-19,purchase,17.37
cust_0263,2026-07-19,refund,17.37
cust_0273,2026-07-19,visit,
cust_0274,2026-07-19,visit,
cust_0288,2026-07-19,purchase,43.62
cust_0297,2026-07-19,visit,
cust_0298,2026-07-19,purchase,75.1
cust_0311,2026-07-19,purchase,12.92
cust_0315,2026-07-19,purchase,45.74
cust_0316,2026-07-19,purchase,28.57
cust_0341,2026-07-19,visit,
cust_0352,2026-07-19,visit,
cust_0363,2026-07-19,visit,
cust_0403,2026-07-19,visit,
cust_0424,2026-07-19,visit,
cust_0430,2026-07-19,visit,
cust_0458,2026-07-19,visit,
cust_0466,2026-07-19,visit,
cust_0508,2026-07-19,visit,
cust_0522,2026-07-19,purchase,13.42
cust_0532,2026-07-19,visit,
cust_0543,2026-07-19,visit,
cust_0621,2026-07-19,visit,
cust_0636,2026-07-19,visit,
cust_0652,2026-07-19,visit,
cust_0657,2026-07-19,visit,
cust_0673,2026-07-19,purchase,93.21
cust_0680,2026-07-19,visit,
cust_0704,2026-07-19,purchase,15.58
cust_0720,2026-07-19,visit,
cust_0733,2026-07-19,visit,
cust_0739,2026-07-19,visit,
cust_0762,2026-07-19,purchase,27.2
cust_0763,2026-07-19,visit,
cust_0768,2026-07-19,purchase,19.85
cust_0788,2026-07-19,visit,
cust_0000,2026-07-20,visit,
cust_0011,2026-07-20,purchase,68.13
cust_0056,2026-07-20,visit,
cust_0065,2026-07-20,visit,
cust_0074,2026-07-20,purchase,23.54
cust_0090,2026-07-20,visit,
cust_0092,2026-07-20,visit,
cust_0096,2026-07-20,visit,
cust_0102,2026-07-20,purchase,26.37
cust_0102,2026-07-20,refund,26.37
cust_0113,2026-07-20,visit,
cust_0137,2026-07-20,visit,
cust_0140,2026-07-20,visit,
cust_0150,2026-07-20,purchase,36.97
cust_0175,2026-07-20,visit,
cust_0198,2026-07-20,purchase,20.55
cust_0216,2026-07-20,purchase,51.0
cust_0221,2026-07-20,purchase,32.81
cust_0226,2026-07-20,visit,
cust_0228,2026-07-20,purchase,46.09
cust_0261,2026-07-20,purchase,98.52
cust_0261,2026-07-20,refund,98.52
cust_0267,2026-07-20,purchase,11.35
cust_0268,2026-07-20,visit,
cust_0279,2026-07-20,visit,
cust_0311,2026-07-20,visit,
cust_0316,2026-07-20,visit,
cust_0319,2026-07-20,visit,
cust_0336,2026-07-20,visit,
cust_0345,2026-07-20,visit,
cust_0347,2026-07-20,visit,
cust_0401,2026-07-20,visit,
cust_0410,2026-07-20,visit,
cust_0414,2026-07-20,visit,
cust_0420,2026-07-20,visit,
cust_0460,2026-07-20,visit,
cust_0464,2026-07-20,visit,
cust_0483,2026-07-20,visit,
cust_0485,2026-07-20,visit,
cust_0496,2026-07-20,purchase,36.67
cust_0497,2026-07-20,visit,
cust_0513,2026-07-20,purchase,39.06
cust_0516,2026-07-20,visit,
cust_0524,2026-07-20,visit,
cust_0546,2026-07-20,visit,
cust_0555,2026-07-20,visit,
cust_0561,2026-07-20,purchase,77.13
cust_0585,2026-07-20,visit,
cust_0606,2026-07-20,purchase,22.71
cust_0613,2026-07-20,purchase,48.26
cust_0617,2026-07-20,visit,
cust_0618,2026-07-20,visit,
cust_0668,2026-07-20,visit,
cust_0669,2026-07-20,visit,
cust_0688,2026-07-20,visit,
cust_0692,2026-07-20,visit,
cust_0696,2026-07-20,purchase,23.47
cust_0696,2026-07-20,refund,23.47
cust_0697,2026-07-20,purchase,53.96
cust_0706,2026-07-20,visit,
cust_0707,2026-07-20,purchase,27.62
cust_0722,2026-07-20,ticket,
cust_0756,2026-07-20,visit,
cust_0766,2026-07-20,visit,
cust_0789,2026-07-20,visit,
cust_0793,2026-07-20,visit,
cust_0012,2026-07-21,visit,
cust_0071,2026-07-21,visit,
cust_0075,2026-07-21,purchase,27.73
cust_0101,2026-07-21,visit,
cust_0107,2026-07-21,purchase,29.47
cust_0107,2026-07-21,refund,29.47
cust_0124,2026-07-21,visit,
cust_0126,2026-07-21,purchase,50.78
cust_0134,2026-07-21,visit,
cust_0139,2026-07-21,visit,
cust_0140,2026-07-21,purchase,32.84
cust_0142,2026-07-21,visit,
cust_0185,2026-07-21,purchase,30.2
cust_0195,2026-07-21,visit,
cust_0216,2026-07-21,visit,
cust_0225,2026-07-21,purchase,48.33
cust_0226,2026-07-21,purchase,34.35
cust_0226,2026-07-21,refund,34.35
cust_0227,2026-07-21,visit,
cust_0241,2026-07-21,visit,
cust_0251,2026-07-21,visit,
cust_0259,2026-07-21,visit,
cust_0290,2026-07-21,visit,
cust_0295,2026-07-21,purchase,49.44
cust_0298,2026-07-21,purchase,52.56
cust_0305,2026-07-21,purchase,56.84
cust_0314,2026-07-21,visit,
cust_0316,2026-07-21,visit,
cust_0329,2026-07-21,visit,
cust_0370,2026-07-21,visit,
cust_0401,2026-07-21,visit,
cust_0406,2026-07-21,visit,
cust_0412,2026-07-21,purchase,37.08
cust_0412,2026-07-21,refund,37.08
cust_0416,2026-07-21,visit,
cust_0421,2026-07-21,visit,
cust_0432,2026-07-21,purchase,30.71
cust_0461,2026-07-21,purchase,42.94
cust_0465,2026-07-21,purchase,33.74
cust_0507,2026-07-21,purchase,23.69
cust_0513,2026-07-21,visit,
cust_0546,2026-07-21,visit,
cust_0567,2026-07-21,visit,
cust_0570,2026-07-21,purchase,37.55
cust_0573,2026-07-21,visit,
cust_0597,2026-07-21,visit,
cust_0601,2026-07-21,visit,
cust_0628,2026-07-21,purchase,103.26
cust_0633,2026-07-21,purchase,36.58
cust_0634,2026-07-21,purchase,39.4
cust_0635,2026-07-21,visit,
cust_0636,2026-07-21,visit,
cust_0638,2026-07-21,visit,
cust_0656,2026-07-21,visit,
cust_0703,2026-07-21,visit,
cust_0719,2026-07-21,purchase,34.16
cust_0724,2026-07-21,visit,
cust_0730,2026-07-21,visit,
cust_0735,2026-07-21,visit,
cust_0739,2026-07-21,visit,
cust_0767,2026-07-21,ticket,
cust_0768,2026-07-21,visit,
cust_0778,2026-07-21,visit,
cust_0782,2026-07-21,visit,
cust_0793,2026-07-21,purchase,20.18
cust_0005,2026-07-22,purchase,36.76
cust_0049,2026-07-22,visit,
cust_0057,2026-07-22,ticket,
cust_0067,2026-07-22,visit,
cust_0072,2026-07-22,visit,
cust_0074,2026-07-22,visit,
cust_0101,2026-07-22,visit,
cust_0109,2026-07-22,visit,
cust_0131,2026-07-22,visit,
cust_0150,2026-07-22,visit,
cust_0168,2026-07-22,visit,
cust_0174,2026-07-22,visit,
cust_0181,2026-07-22,visit,
cust_0198,2026-07-22,ticket,
cust_0221,2026-07-22,visit,
cust_0249,2026-07-22,purchase,63.45
cust_0251,2026-07-22,visit,
cust_0263,2026-07-22,visit,
cust_0273,2026-07-22,visit,
cust_0282,2026-07-22,visit,
cust_0301,2026-07-22,visit,
cust_0319,2026-07-22,purchase,80.74
cust_0336,2026-07-22,visit,
cust_0365,2026-07-22,purchase,67.6
cust_0380,2026-07-22,visit,
cust_0383,2026-07-22,purchase,43.34
cust_0391,2026-07-22,visit,
cust_0401,2026-07-22,visit,
cust_0404,2026-07-22,visit,
cust_0406,2026-07-22,purchase,54.23
cust_0415,2026-07-22,purchase,20.78
cust_0420,2026-07-22,purchase,30.4
cust_0449,2026-07-22,visit,
cust_0454,2026-07-22,purchase,23.21
cust_0461,2026-07-22,purchase,18.35
cust_0469,2026-07-22,purchase,22.45
cust_0489,2026-07-22,visit,
cust_0522,2026-07-22,visit,
cust_0542,2026-07-22,visit,
cust_0543,2026-07-22,visit,
cust_0555,2026-07-22,visit,
cust_0562,2026-07-22,visit,
cust_0564,2026-07-22,purchase,58.21
cust_0597,2026-07-22,ticket,
cust_0614,2026-07-22,visit,
cust_0621,2026-07-22,visit,
cust_0636,2026-07-22,purchase,16.22
cust_0636,2026-07-22,refund,16.22
cust_0648,2026-07-22,visit,
cust_0703,2026-07-22,ticket,
cust_0719,2026-07-22,visit,
cust_0720,2026-07-22,visit,
cust_0722,2026-07-22,purchase,36.94
cust_0723,2026-07-22,visit,
cust_0729,2026-07-22,purchase,24.67
cust_0783,2026-07-22,visit,
cust_0789,2026-07-22,visit,
cust_0793,2026-07-22,visit,
cust_0003,2026-07-23,ticket,
cust_0019,2026-07-23,visit,
cust_0060,2026-07-23,visit,
cust_0067,2026-07-23,visit,
cust_0071,2026-07-23,visit,
cust_0073,2026-07-23,visit,
cust_0092,2026-07-23,visit,
cust_0108,2026-07-23,visit,
cust_0117,2026-07-23,visit,
cust_0138,2026-07-23,purchase,61.82
cust_0150,2026-07-23,purchase,32.16
cust_0150,2026-07-23,refund,32.16
cust_0156,2026-07-23,visit,
cust_0171,2026-07-23,purchase,28.66
cust_0181,2026-07-23,visit,
cust_0226,2026-07-23,visit,
cust_0227,2026-07-23,visit,
cust_0247,2026-07-23,visit,
cust_0256,2026-07-23,visit,
cust_0259,2026-07-23,ticket,
cust_0261,2026-07-23,visit,
cust_0271,2026-07-23,purchase,32.31
cust_0274,2026-07-23,visit,
cust_0279,2026-07-23,visit,
cust_0282,2026-07-23,visit,
cust_0283,2026-07-23,purchase,71.61
cust_0284,2026-07-23,visit,
cust_0288,2026-07-23,purchase,72.35
cust_0289,2026-07-23,visit,
cust_0298,2026-07-23,visit,
cust_0303,2026-07-23,visit,
cust_0326,2026-07-23,purchase,27.16
cust_0345,2026-07-23,visit,
cust_0373,2026-07-23,visit,
cust_0378,2026-07-23,purchase,47.83
cust_0394,2026-07-23,purchase,59.98
cust_0401,2026-07-23,visit,
cust_0414,2026-07-23,purchase,64.27
cust_0418,2026-07-23,visit,
cust_0424,2026-07-23,purchase,46.34
cust_0430,2026-07-23,visit,
cust_0453,2026-07-23,visit,
cust_0490,2026-07-23,visit,
cust_0497,2026-07-23,visit,
cust_0498,2026-07-23,visit,
cust_0506,2026-07-23,visit,
cust_0560,2026-07-23,visit,
cust_0563,2026-07-23,visit,
cust_0565,2026-07-23,purchase,42.14
cust_0570,2026-07-23,purchase,47.53
cust_0594,2026-07-23,visit,
cust_0597,2026-07-23,purchase,26.11
cust_0602,2026-07-23,visit,
cust_0608,2026-07-23,purchase,99.24
cust_0613,2026-07-23,visit,
cust_0614,2026-07-23,purchase,33.93
cust_0636,2026-07-23,visit,
cust_0642,2026-07-23,visit,
cust_0643,2026-07-23,purchase,43.06
cust_0652,2026-07-23,visit,
cust_0666,2026-07-23,purchase,48.7
cust_0679,2026-07-23,purchase,23.08
cust_0702,2026-07-23,visit,
cust_0722,2026-07-23,purchase,35.84
cust_0735,2026-07-23,purchase,22.42
cust_0742,2026-07-23,purchase,63.0
cust_0754,2026-07-23,visit,
cust_0763,2026-07-23,visit,
cust_0772,2026-07-23,visit,
cust_0788,2026-07-23,purchase,18.45
cust_0795,2026-07-23,purchase,53.59
cust_0799,2026-07-23,purchase,33.08
cust_0005,2026-07-24,purchase,32.65
cust_0019,2026-07-24,visit,
cust_0027,2026-07-24,visit,
cust_0036,2026-07-24,purchase,34.56
cust_0059,2026-07-24,ticket,
cust_0100,2026-07-24,visit,
cust_0105,2026-07-24,purchase,26.74
cust_0115,2026-07-24,visit,
cust_0131,2026-07-24,visit,
cust_0174,2026-07-24,purchase,25.11
cust_0179,2026-07-24,visit,
cust_0182,2026-07-24,visit,
cust_0192,2026-07-24,visit,
cust_0198,2026-07-24,purchase,18.76
cust_0211,2026-07-24,visit,
cust_0234,2026-07-24,purchase,28.41
cust_0238,2026-07-24,purchase,95.9
cust_0273,2026-07-24,visit,
cust_0289,2026-07-24,visit,
cust_0329,2026-07-24,visit,
cust_0341,2026-07-24,visit,
cust_0351,2026-07-24,visit,
cust_0389,2026-07-24,visit,
cust_0415,2026-07-24,visit,
cust_0420,2026-07-24,visit,
cust_0430,2026-07-24,visit,
cust_0460,2026-07-24,visit,
cust_0465,2026-07-24,purchase,32.59
cust_0466,2026-07-24,purchase,59.61
cust_0468,2026-07-24,visit,
cust_0479,2026-07-24,visit,
cust_0489,2026-07-24,visit,
cust_0495,2026-07-24,purchase,58.9
cust_0517,2026-07-24,purchase,31.91
cust_0535,2026-07-24,visit,
cust_0559,2026-07-24,visit,
cust_0562,2026-07-24,visit,
cust_0566,2026-07-24,purchase,17.03
cust_0606,2026-07-24,purchase,34.99
cust_0611,2026-07-24,purchase,38.54
cust_0615,2026-07-24,visit,
cust_0618,2026-07-24,visit,
cust_0625,2026-07-24,purchase,16.5
cust_0641,2026-07-24,purchase,41.82
cust_0642,2026-07-24,visit,
cust_0719,2026-07-24,visit,
cust_0720,2026-07-24,purchase,26.66
cust_0736,2026-07-24,visit,
cust_0756,2026-07-24,purchase,66.56
cust_0762,2026-07-24,purchase,14.22
cust_0766,2026-07-24,purchase,78.95
cust_0768,2026-07-24,purchase,53.86
cust_0778,2026-07-24,visit,
cust_0794,2026-07-24,visit,
cust_0019,2026-07-25,visit,
cust_0023,2026-07-25,visit,
cust_0032,2026-07-25,visit,
cust_0033,2026-07-25,visit,
cust_0046,2026-07-25,visit,
cust_0054,2026-07-25,visit,
cust_0073,2026-07-25,purchase,36.79
cust_0087,2026-07-25,visit,
cust_0094,2026-07-25,visit,
cust_0113,2026-07-25,visit,
cust_0115,2026-07-25,visit,
cust_0129,2026-07-25,visit,
cust_0138,2026-07-25,purchase,28.63
cust_0146,2026-07-25,visit,
cust_0156,2026-07-25,visit,
cust_0192,2026-07-25,visit,
cust_0211,2026-07-25,purchase,30.25
cust_0215,2026-07-25,purchase,33.94
cust_0218,2026-07-25,purchase,19.04
cust_0241,2026-07-25,purchase,43.67
cust_0247,2026-07-25,visit,
cust_0255,2026-07-25,visit,
cust_0264,2026-07-25,visit,
cust_0268,2026-07-25,visit,
cust_0301,2026-07-25,visit,
cust_0303,2026-07-25,purchase,16.61
cust_0327,2026-07-25,visit,
cust_0350,2026-07-25,visit,
cust_0360,2026-07-25,visit,
cust_0372,2026-07-25,visit,
cust_0378,2026-07-25,visit,
cust_0389,2026-07-25,visit,
cust_0401,2026-07-25,visit,
cust_0402,2026-07-25,ticket,
cust_0415,2026-07-25,visit,
cust_0416,2026-07-25,purchase,39.98
cust_0458,2026-07-25,visit,
cust_0489,2026-07-25,visit,
cust_0509,2026-07-25,visit,
cust_0517,2026-07-25,visit,
cust_0532,2026-07-25,purchase,32.89
cust_0541,2026-07-25,purchase,68.09
cust_0566,2026-07-25,ticket,
cust_0612,2026-07-25,visit,
cust_0632,2026-07-25,purchase,23.81
cust_0653,2026-07-25,visit,
cust_0680,2026-07-25,visit,
cust_0681,2026-07-25,visit,
cust_0685,2026-07-25,purchase,30.03
cust_0687,2026-07-25,purchase,12.93
cust_0689,2026-07-25,visit,
cust_0697,2026-07-25,visit,
cust_0703,2026-07-25,purchase,31.05
cust_0704,2026-07-25,visit,
cust_0778,2026-07-25,visit,
cust_0780,2026-07-25,purchase,62.4
cust_0013,2026-07-26,visit,
cust_0020,2026-07-26,purchase,23.73
cust_0020,2026-07-26,refund,23.73
cust_0032,2026-07-26,visit,
cust_0036,2026-07-26,purchase,69.07
cust_0037,2026-07-26,purchase,53.77
cust_0050,2026-07-26,visit,
cust_0054,2026-07-26,visit,
cust_0067,2026-07-26,visit,
cust_0075,2026-07-26,ticket,
cust_0077,2026-07-26,visit,
cust_0099,2026-07-26,visit,
cust_0115,2026-07-26,visit,
cust_0126,2026-07-26,visit,
cust_0133,2026-07-26,visit,
cust_0158,2026-07-26,visit,
cust_0170,2026-07-26,visit,
cust_0171,2026-07-26,visit,
cust_0201,2026-07-26,visit,
cust_0215,2026-07-26,purchase,18.37
cust_0227,2026-07-26,purchase,28.6
cust_0251,2026-07-26,ticket,
cust_0253,2026-07-26,visit,
cust_0258,2026-07-26,visit,
cust_0259,2026-07-26,visit,
cust_0271,2026-07-26,visit,
cust_0286,2026-07-26,visit,
cust_0287,2026-07-26,visit,
cust_0291,2026-07-26,visit,
cust_0309,2026-07-26,visit,
cust_0319,2026-07-26,visit,
cust_0363,2026-07-26,purchase,28.2
cust_0378,2026-07-26,purchase,37.81
cust_0391,2026-07-26,purchase,106.91
cust_0394,2026-07-26,visit,
cust_0404,2026-07-26,visit,
cust_0407,2026-07-26,purchase,52.11
cust_0427,2026-07-26,purchase,20.9
cust_0429,2026-07-26,visit,
cust_0434,2026-07-26,purchase,29.96
cust_0441,2026-07-26,visit,
cust_0449,2026-07-26,purchase,78.76
cust_0458,2026-07-26,purchase,24.11
cust_0460,2026-07-26,purchase,34.94
cust_0460,2026-07-26,refund,34.94
cust_0513,2026-07-26,purchase,35.31
cust_0539,2026-07-26,visit,
cust_0541,2026-07-26,visit,
cust_0565,2026-07-26,visit,
cust_0574,2026-07-26,visit,
cust_0579,2026-07-26,visit,
cust_0588,2026-07-26,visit,
cust_0597,2026-07-26,purchase,30.86
cust_0600,2026-07-26,purchase,32.43
cust_0606,2026-07-26,visit,
cust_0615,2026-07-26,visit,
cust_0633,2026-07-26,visit,
cust_0635,2026-07-26,purchase,36.81
cust_0643,2026-07-26,visit,
cust_0647,2026-07-26,visit,
cust_0677,2026-07-26,purchase,36.7
cust_0680,2026-07-26,visit,
cust_0681,2026-07-26,visit,
cust_0684,2026-07-26,visit,
cust_0687,2026-07-26,visit,
cust_0692,2026-07-26,purchase,25.62
cust_0736,2026-07-26,visit,
cust_0745,2026-07-26,visit,
cust_0766,2026-07-26,visit,
cust_0019,2026-07-27,purchase,38.4
cust_0021,2026-07-27,purchase,14.2
cust_0059,2026-07-27,visit,
cust_0071,2026-07-27,purchase,41.01
cust_0081,2026-07-27,purchase,62.41
cust_0084,2026-07-27,visit,
cust_0100,2026-07-27,visit,
cust_0113,2026-07-27,visit,
cust_0114,2026-07-27,purchase,48.08
cust_0139,2026-07-27,visit,
cust_0168,2026-07-27,visit,
cust_0174,2026-07-27,visit,
cust_0201,2026-07-27,visit,
cust_0211,2026-07-27,purchase,30.38
cust_0224,2026-07-27,purchase,14.25
cust_0228,2026-07-27,purchase,27.88
cust_0244,2026-07-27,visit,
cust_0268,2026-07-27,ticket,
cust_0273,2026-07-27,visit,
cust_0275,2026-07-27,visit,
cust_0286,2026-07-27,purchase,40.48
cust_0294,2026-07-27,visit,
cust_0324,2026-07-27,ticket,
cust_0400,2026-07-27,purchase,31.15
cust_0404,2026-07-27,visit,
cust_0416,2026-07-27,visit,
cust_0424,2026-07-27,purchase,33.46
cust_0429,2026-07-27,purchase,28.55
cust_0454,2026-07-27,visit,
cust_0468,2026-07-27,visit,
cust_0506,2026-07-27,purchase,51.16
cust_0510,2026-07-27,visit,
cust_0515,2026-07-27,purchase,12.59
cust_0520,2026-07-27,purchase,17.29
cust_0548,2026-07-27,visit,
cust_0555,2026-07-27,purchase,28.2
cust_0558,2026-07-27,visit,
cust_0560,2026-07-27,purchase,10.67
cust_0562,2026-07-27,visit,
cust_0563,2026-07-27,visit,
cust_0565,2026-07-27,visit,
cust_0611,2026-07-27,visit,
cust_0614,2026-07-27,purchase,29.78
cust_0651,2026-07-27,visit,
cust_0661,2026-07-27,purchase,92.25
cust_0688,2026-07-27,visit,
cust_0706,2026-07-27,visit,
cust_0711,2026-07-27,purchase,40.77
cust_0715,2026-07-27,visit,
cust_0730,2026-07-27,visit,
cust_0735,2026-07-27,visit,
cust_0770,2026-07-27,visit,
cust_0780,2026-07-27,purchase,18.34
cust_0788,2026-07-27,visit,
cust_0794,2026-07-27,purchase,38.04
cust_0029,2026-07-28,purchase,15.64
cust_0032,2026-07-28,visit,
cust_0039,2026-07-28,visit,
cust_0049,2026-07-28,visit,
cust_0051,2026-07-28,visit,
cust_0075,2026-07-28,purchase,62.99
cust_0077,2026-07-28,purchase,26.29
cust_0085,2026-07-28,visit,
cust_0091,2026-07-28,visit,
cust_0098,2026-07-28,purchase,29.72
cust_0104,2026-07-28,visit,
cust_0125,2026-07-28,visit,
cust_0143,2026-07-28,visit,
cust_0155,2026-07-28,purchase,43.88
cust_0191,2026-07-28,visit,
cust_0195,2026-07-28,visit,
cust_0225,2026-07-28,visit,
cust_0253,2026-07-28,visit,
cust_0267,2026-07-28,ticket,
cust_0317,2026-07-28,visit,
cust_0325,2026-07-28,visit,
cust_0350,2026-07-28,visit,
cust_0360,2026-07-28,visit,
cust_0363,2026-07-28,visit,
cust_0400,2026-07-28,purchase,10.43
cust_0400,2026-07-28,refund,10.43
cust_0420,2026-07-28,purchase,36.05
cust_0423,2026-07-28,visit,
cust_0429,2026-07-28,visit,
cust_0431,2026-07-28,purchase,18.85
cust_0466,2026-07-28,visit,
cust_0480,2026-07-28,ticket,
cust_0481,2026-07-28,visit,
cust_0489,2026-07-28,visit,
cust_0494,2026-07-28,visit,
cust_0502,2026-07-28,visit,
cust_0515,2026-07-28,visit,
cust_0531,2026-07-28,visit,
cust_0539,2026-07-28,purchase,38.46
cust_0539,2026-07-28,refund,38.46
cust_0561,2026-07-28,visit,
cust_0580,2026-07-28,ticket,
cust_0592,2026-07-28,purchase,71.63
cust_0595,2026-07-28,visit,
cust_0604,2026-07-28,purchase,30.09
cust_0608,2026-07-28,visit,
cust_0631,2026-07-28,purchase,26.05
cust_0634,2026-07-28,visit,
cust_0636,2026-07-28,visit,
cust_0652,2026-07-28,visit,
cust_0653,2026-07-28,ticket,
cust_0658,2026-07-28,purchase,21.7
cust_0669,2026-07-28,visit,
cust_0670,2026-07-28,visit,
cust_0674,2026-07-28,visit,
cust_0688,2026-07-28,visit,
cust_0692,2026-07-28,visit,
cust_0695,2026-07-28,purchase,43.12
cust_0696,2026-07-28,visit,
cust_0703,2026-07-28,purchase,23.84
cust_0717,2026-07-28,purchase,25.55
cust_0719,2026-07-28,purchase,41.76
cust_0729,2026-07-28,visit,
cust_0740,2026-07-28,visit,
cust_0751,2026-07-28,visit,
cust_0754,2026-07-28,purchase,33.47
cust_0754,2026-07-28,refund,33.47
cust_0776,2026-07-28,purchase,72.73
cust_0789,2026-07-28,visit,
cust_0792,2026-07-28,ticket,
cust_0799,2026-07-28,visit,
cust_0007,2026-07-29,visit,
cust_0016,2026-07-29,purchase,27.83
cust_0017,2026-07-29,visit,
cust_0019,2026-07-29,purchase,56.32
cust_0051,2026-07-29,visit,
cust_0063,2026-07-29,visit,
cust_0074,2026-07-29,visit,
cust_0087,2026-07-29,purchase,29.79
cust_0094,2026-07-29,visit,
cust_0098,2026-07-29,purchase,15.7
cust_0104,2026-07-29,visit,
cust_0116,2026-07-29,visit,
cust_0125,2026-07-29,purchase,59.47
cust_0140,2026-07-29,visit,
cust_0143,2026-07-29,purchase,30.04
cust_0147,2026-07-29,visit,
cust_0150,2026-07-29,visit,
cust_0165,2026-07-29,purchase,35.02
cust_0168,2026-07-29,visit,
cust_0212,2026-07-29,visit,
cust_0257,2026-07-29,visit,
cust_0261,2026-07-29,visit,
cust_0264,2026-07-29,visit,
cust_0275,2026-07-29,visit,
cust_0288,2026-07-29,visit,
cust_0294,2026-07-29,purchase,41.15
cust_0301,2026-07-29,purchase,21.09
cust_0336,2026-07-29,purchase,31.66
cust_0341,2026-07-29,visit,
cust_0347,2026-07-29,purchase,30.87
cust_0352,2026-07-29,visit,
cust_0379,2026-07-29,visit,
cust_0387,2026-07-29,purchase,51.85
cust_0402,2026-07-29,visit,
cust_0407,2026-07-29,visit,
cust_0415,2026-07-29,visit,
cust_0419,2026-07-29,purchase,15.69
cust_0419,2026-07-29,refund,15.69
cust_0423,2026-07-29,purchase,43.6
cust_0441,2026-07-29,visit,
cust_0453,2026-07-29,visit,
cust_0456,2026-07-29,purchase,38.62
cust_0479,2026-07-29,visit,
cust_0497,2026-07-29,visit,
cust_0509,2026-07-29,purchase,41.75
cust_0513,2026-07-29,purchase,36.72
cust_0516,2026-07-29,purchase,89.34
cust_0524,2026-07-29,visit,
cust_0530,2026-07-29,visit,
cust_0553,2026-07-29,visit,
cust_0560,2026-07-29,purchase,13.93
cust_0567,2026-07-29,purchase,47.88
cust_0570,2026-07-29,visit,
cust_0604,2026-07-29,visit,
cust_0615,2026-07-29,purchase,19.45
cust_0618,2026-07-29,visit,
cust_0623,2026-07-29,ticket,
cust_0652,2026-07-29,purchase,21.18
cust_0659,2026-07-29,purchase,34.74
cust_0670,2026-07-29,visit,
cust_0679,2026-07-29,visit,
cust_0703,2026-07-29,purchase,38.98
cust_0705,2026-07-29,purchase,36.99
cust_0739,2026-07-29,visit,
cust_0747,2026-07-29,purchase,31.35
cust_0010,2026-07-30,visit,
cust_0032,2026-07-30,purchase,30.83
cust_0037,2026-07-30,visit,
cust_0040,2026-07-30,visit,
cust_0058,2026-07-30,visit,
cust_0067,2026-07-30,visit,
cust_0075,2026-07-30,purchase,61.33
cust_0086,2026-07-30,ticket,
cust_0098,2026-07-30,visit,
cust_0108,2026-07-30,visit,
cust_0113,2026-07-30,purchase,59.23
cust_0124,2026-07-30,visit,
cust_0192,2026-07-30,purchase,40.59
cust_0197,2026-07-30,purchase,33.77
cust_0221,2026-07-30,purchase,31.76
cust_0231,2026-07-30,purchase,60.06
cust_0333,2026-07-30,visit,
cust_0347,2026-07-30,purchase,29.26
cust_0351,2026-07-30,purchase,70.27
cust_0360,2026-07-30,visit,
cust_0365,2026-07-30,visit,
cust_0372,2026-07-30,purchase,12.24
cust_0373,2026-07-30,visit,
cust_0378,2026-07-30,visit,
cust_0384,2026-07-30,visit,
cust_0404,2026-07-30,purchase,40.04
cust_0423,2026-07-30,visit,
cust_0430,2026-07-30,purchase,21.32
cust_0432,2026-07-30,visit,
cust_0448,2026-07-30,visit,
cust_0465,2026-07-30,visit,
cust_0480,2026-07-30,purchase,33.17
cust_0483,2026-07-30,purchase,46.23
cust_0490,2026-07-30,visit,
cust_0507,2026-07-30,purchase,26.64
cust_0514,2026-07-30,visit,
cust_0531,2026-07-30,visit,
cust_0541,2026-07-30,visit,
cust_0543,2026-07-30,purchase,30.39
cust_0561,2026-07-30,visit,
cust_0588,2026-07-30,visit,
cust_0590,2026-07-30,visit,
cust_0595,2026-07-30,visit,
cust_0614,2026-07-30,visit,
cust_0615,2026-07-30,visit,
cust_0621,2026-07-30,purchase,33.99
cust_0668,2026-07-30,visit,
cust_0672,2026-07-30,purchase,27.23
cust_0673,2026-07-30,visit,
cust_0679,2026-07-30,visit,
cust_0703,2026-07-30,visit,
cust_0720,2026-07-30,visit,
cust_0738,2026-07-30,purchase,20.8
cust_0746,2026-07-30,purchase,19.67
cust_0749,2026-07-30,visit,
cust_0785,2026-07-30,purchase,51.44
cust_0788,2026-07-30,visit,
cust_0794,2026-07-30,visit,
cust_0795,2026-07-30,purchase,21.05
cust_0796,2026-07-30,purchase,29.94
cust_0799,2026-07-30,visit,
cust_0002,2026-07-31,visit,
cust_0013,2026-07-31,visit,
cust_0018,2026-07-31,visit,
cust_0022,2026-07-31,visit,
cust_0036,2026-07-31,purchase,27.45
cust_0052,2026-07-31,visit,
cust_0056,2026-07-31,visit,
cust_0069,2026-07-31,visit,
cust_0072,2026-07-31,visit,
cust_0073,2026-07-31,visit,
cust_0100,2026-07-31,visit,
cust_0101,2026-07-31,visit,
cust_0104,2026-07-31,visit,
cust_0105,2026-07-31,visit,
cust_0108,2026-07-31,visit,
cust_0143,2026-07-31,purchase,65.52
cust_0150,2026-07-31,visit,
cust_0173,2026-07-31,purchase,72.72
cust_0180,2026-07-31,visit,
cust_0225,2026-07-31,ticket,
cust_0261,2026-07-31,visit,
cust_0279,2026-07-31,purchase,70.31
cust_0285,2026-07-31,purchase,14.84
cust_0295,2026-07-31,purchase,26.51
cust_0299,2026-07-31,visit,
cust_0301,2026-07-31,visit,
cust_0312,2026-07-31,purchase,73.71
cust_0319,2026-07-31,purchase,35.83
cust_0323,2026-07-31,visit,
cust_0378,2026-07-31,visit,
cust_0386,2026-07-31,purchase,33.8
cust_0402,2026-07-31,visit,
cust_0412,2026-07-31,visit,
cust_0414,2026-07-31,visit,
cust_0418,2026-07-31,visit,
cust_0433,2026-07-31,visit,
cust_0446,2026-07-31,purchase,36.35
cust_0457,2026-07-31,visit,
cust_0458,2026-07-31,visit,
cust_0459,2026-07-31,purchase,24.74
cust_0470,2026-07-31,visit,
cust_0475,2026-07-31,ticket,
cust_0490,2026-07-31,visit,
cust_0513,2026-07-31,purchase,29.57
cust_0513,2026-07-31,refund,29.57
cust_0524,2026-07-31,visit,
cust_0531,2026-07-31,purchase,41.2
cust_0541,2026-07-31,purchase,101.06
cust_0542,2026-07-31,visit,
cust_0601,2026-07-31,visit,
cust_0631,2026-07-31,visit,
cust_0634,2026-07-31,purchase,21.84
cust_0642,2026-07-31,visit,
cust_0644,2026-07-31,visit,
cust_0647,2026-07-31,visit,
cust_0657,2026-07-31,visit,
cust_0669,2026-07-31,ticket,
cust_0701,2026-07-31,ticket,
cust_0708,2026-07-31,visit,
cust_0726,2026-07-31,purchase,18.26
cust_0734,2026-07-31,purchase,46.03
cust_0776,2026-07-31,visit,
cust_0778,2026-07-31,visit,
cust_0789,2026-07-31,visit,
cust_0002,2026-08-01,purchase,55.56
cust_0028,2026-08-01,purchase,28.54
cust_0059,2026-08-01,visit,
cust_0069,2026-08-01,purchase,42.3
cust_0091,2026-08-01,visit,
cust_0092,2026-08-01,visit,
cust_0109,2026-08-01,purchase,21.91
cust_0148,2026-08-01,visit,
cust_0167,2026-08-01,visit,
cust_0178,2026-08-01,visit,
cust_0182,2026-08-01,visit,
cust_0194,2026-08-01,purchase,32.52
cust_0211,2026-08-01,purchase,43.76
cust_0320,2026-08-01,visit,
cust_0347,2026-08-01,visit,
cust_0373,2026-08-01,visit,
cust_0402,2026-08-01,purchase,14.4
cust_0424,2026-08-01,visit,
cust_0446,2026-08-01,visit,
cust_0448,2026-08-01,visit,
cust_0462,2026-08-01,visit,
cust_0473,2026-08-01,visit,
cust_0486,2026-08-01,visit,
cust_0497,2026-08-01,visit,
cust_0498,2026-08-01,ticket,
cust_0530,2026-08-01,visit,
cust_0543,2026-08-01,purchase,13.05
cust_0546,2026-08-01,visit,
cust_0553,2026-08-01,visit,
cust_0560,2026-08-01,ticket,
cust_0567,2026-08-01,visit,
cust_0597,2026-08-01,visit,
cust_0614,2026-08-01,purchase,82.72
cust_0617,2026-08-01,purchase,18.64
cust_0620,2026-08-01,visit,
cust_0638,2026-08-01,purchase,49.49
cust_0644,2026-08-01,visit,
cust_0661,2026-08-01,visit,
cust_0680,2026-08-01,purchase,28.93
cust_0715,2026-08-01,visit,
cust_0717,2026-08-01,visit,
cust_0734,2026-08-01,purchase,32.52
cust_0740,2026-08-01,visit,
cust_0748,2026-08-01,purchase,46.75
cust_0758,2026-08-01,purchase,47.35
cust_0005,2026-08-02,purchase,71.24
cust_0011,2026-08-02,visit,
cust_0018,2026-08-02,visit,
cust_0019,2026-08-02,purchase,78.02
cust_0036,2026-08-02,ticket,
cust_0054,2026-08-02,visit,
cust_0055,2026-08-02,purchase,31.91
cust_0058,2026-08-02,visit,
cust_0074,2026-08-02,purchase,68.32
cust_0086,2026-08-02,purchase,51.69
cust_0087,2026-08-02,purchase,62.24
cust_0092,2026-08-02,visit,
cust_0096,2026-08-02,visit,
cust_0137,2026-08-02,purchase,18.31
cust_0139,2026-08-02,purchase,41.12
cust_0139,2026-08-02,refund,41.12
cust_0150,2026-08-02,purchase,58.15
cust_0166,2026-08-02,visit,
cust_0167,2026-08-02,purchase,27.22
cust_0193,2026-08-02,visit,
cust_0195,2026-08-02,purchase,48.3
cust_0204,2026-08-02,purchase,38.08
cust_0228,2026-08-02,ticket,
cust_0231,2026-08-02,purchase,33.88
cust_0232,2026-08-02,purchase,27.3
cust_0256,2026-08-02,purchase,36.68
cust_0259,2026-08-02,purchase,67.69
cust_0261,2026-08-02,visit,
cust_0267,2026-08-02,purchase,55.36
cust_0283,2026-08-02,visit,
cust_0288,2026-08-02,visit,
cust_0290,2026-08-02,visit,
cust_0294,2026-08-02,visit,
cust_0297,2026-08-02,visit,
cust_0315,2026-08-02,purchase,28.25
cust_0318,2026-08-02,visit,
cust_0322,2026-08-02,purchase,73.49
cust_0323,2026-08-02,visit,
cust_0345,2026-08-02,purchase,38.55
cust_0360,2026-08-02,purchase,53.46
cust_0368,2026-08-02,visit,
cust_0381,2026-08-02,visit,
cust_0395,2026-08-02,visit,
cust_0433,2026-08-02,visit,
cust_0441,2026-08-02,purchase,30.1
cust_0465,2026-08-02,visit,
cust_0477,2026-08-02,visit,
cust_0483,2026-08-02,visit,
cust_0511,2026-08-02,visit,
cust_0514,2026-08-02,visit,
cust_0562,2026-08-02,visit,
cust_0580,2026-08-02,visit,
cust_0606,2026-08-02,visit,
cust_0631,2026-08-02,visit,
cust_0661,2026-08-02,visit,
cust_0680,2026-08-02,visit,
cust_0685,2026-08-02,ticket,
cust_0687,2026-08-02,purchase,81.02
cust_0692,2026-08-02,purchase,22.06
cust_0696,2026-08-02,visit,
cust_0703,2026-08-02,visit,
cust_0724,2026-08-02,purchase,55.22
cust_0733,2026-08-02,purchase,57.8
cust_0735,2026-08-02,purchase,40.98
cust_0748,2026-08-02,visit,
cust_0775,2026-08-02,visit,
cust_0017,2026-08-03,purchase,15.66
cust_0018,2026-08-03,purchase,49.6
cust_0025,2026-08-03,visit,
cust_0033,2026-08-03,visit,
cust_0058,2026-08-03,visit,
cust_0059,2026-08-03,purchase,30.65
cust_0084,2026-08-03,purchase,23.69
cust_0092,2026-08-03,purchase,71.7
cust_0094,2026-08-03,visit,
cust_0109,2026-08-03,purchase,29.02
cust_0113,2026-08-03,visit,
cust_0118,2026-08-03,visit,
cust_0140,2026-08-03,visit,
cust_0156,2026-08-03,visit,
cust_0167,2026-08-03,visit,
cust_0174,2026-08-03,purchase,57.3
cust_0182,2026-08-03,visit,
cust_0185,2026-08-03,visit,
cust_0197,2026-08-03,visit,
cust_0201,2026-08-03,visit,
cust_0221,2026-08-03,purchase,60.12
cust_0224,2026-08-03,purchase,112.92
cust_0234,2026-08-03,purchase,33.5
cust_0238,2026-08-03,visit,
cust_0240,2026-08-03,purchase,65.31
cust_0256,2026-08-03,purchase,27.69
cust_0258,2026-08-03,purchase,29.3
cust_0273,2026-08-03,purchase,17.35
cust_0325,2026-08-03,visit,
cust_0330,2026-08-03,visit,
cust_0345,2026-08-03,visit,
cust_0378,2026-08-03,purchase,65.83
cust_0382,2026-08-03,visit,
cust_0387,2026-08-03,purchase,48.67
cust_0389,2026-08-03,purchase,66.95
cust_0394,2026-08-03,purchase,30.99
cust_0396,2026-08-03,visit,
cust_0423,2026-08-03,visit,
cust_0432,2026-08-03,visit,
cust_0433,2026-08-03,visit,
cust_0436,2026-08-03,visit,
cust_0439,2026-08-03,purchase,31.33
cust_0448,2026-08-03,visit,
cust_0462,2026-08-03,purchase,51.95
cust_0467,2026-08-03,visit,
cust_0469,2026-08-03,visit,
cust_0475,2026-08-03,purchase,55.09
cust_0485,2026-08-03,visit,
cust_0506,2026-08-03,purchase,18.82
cust_0524,2026-08-03,visit,
cust_0532,2026-08-03,visit,
cust_0535,2026-08-03,visit,
cust_0540,2026-08-03,purchase,53.19
cust_0542,2026-08-03,purchase,246.47
cust_0543,2026-08-03,visit,
cust_0570,2026-08-03,visit,
cust_0588,2026-08-03,purchase,62.04
cust_0591,2026-08-03,purchase,26.4
cust_0597,2026-08-03,visit,
cust_0600,2026-08-03,visit,
cust_0612,2026-08-03,purchase,54.8
cust_0625,2026-08-03,visit,
cust_0643,2026-08-03,visit,
cust_0653,2026-08-03,visit,
cust_0657,2026-08-03,visit,
cust_0669,2026-08-03,ticket,
cust_0679,2026-08-03,visit,
cust_0685,2026-08-03,visit,
cust_0709,2026-08-03,visit,
cust_0721,2026-08-03,ticket,
cust_0724,2026-08-03,visit,
cust_0726,2026-08-03,purchase,26.22
cust_0736,2026-08-03,purchase,49.57
cust_0786,2026-08-03,visit,
cust_0793,2026-08-03,purchase,11.39
cust_0021,2026-08-04,visit,
cust_0022,2026-08-04,visit,
cust_0032,2026-08-04,purchase,31.04
cust_0040,2026-08-04,purchase,23.36
cust_0087,2026-08-04,visit,
cust_0106,2026-08-04,visit,
cust_0107,2026-08-04,visit,
cust_0142,2026-08-04,purchase,19.92
cust_0148,2026-08-04,purchase,38.13
cust_0166,2026-08-04,visit,
cust_0170,2026-08-04,visit,
cust_0174,2026-08-04,purchase,69.62
cust_0193,2026-08-04,visit,
cust_0201,2026-08-04,visit,
cust_0251,2026-08-04,purchase,39.51
cust_0256,2026-08-04,visit,
cust_0261,2026-08-04,visit,
cust_0271,2026-08-04,purchase,41.73
cust_0274,2026-08-04,visit,
cust_0282,2026-08-04,visit,
cust_0297,2026-08-04,visit,
cust_0299,2026-08-04,purchase,75.07
cust_0311,2026-08-04,purchase,54.94
cust_0314,2026-08-04,visit,
cust_0320,2026-08-04,visit,
cust_0325,2026-08-04,visit,
cust_0327,2026-08-04,purchase,34.43
cust_0342,2026-08-04,visit,
cust_0347,2026-08-04,visit,
cust_0383,2026-08-04,visit,
cust_0386,2026-08-04,visit,
cust_0391,2026-08-04,visit,
cust_0419,2026-08-04,purchase,17.47
cust_0447,2026-08-04,visit,
cust_0449,2026-08-04,purchase,53.9
cust_0454,2026-08-04,visit,
cust_0462,2026-08-04,visit,
cust_0468,2026-08-04,visit,
cust_0481,2026-08-04,visit,
cust_0524,2026-08-04,visit,
cust_0558,2026-08-04,visit,
cust_0560,2026-08-04,visit,
cust_0562,2026-08-04,purchase,21.86
cust_0563,2026-08-04,visit,
cust_0580,2026-08-04,purchase,61.23
cust_0611,2026-08-04,visit,
cust_0613,2026-08-04,purchase,29.66
cust_0625,2026-08-04,purchase,45.55
cust_0632,2026-08-04,purchase,42.96
cust_0651,2026-08-04,visit,
cust_0673,2026-08-04,purchase,41.15
cust_0689,2026-08-04,purchase,48.87
cust_0701,2026-08-04,visit,
cust_0711,2026-08-04,visit,
cust_0713,2026-08-04,visit,
cust_0729,2026-08-04,purchase,13.46
cust_0735,2026-08-04,purchase,88.21
cust_0747,2026-08-04,purchase,21.07
cust_0762,2026-08-04,purchase,32.96
cust_0782,2026-08-04,visit,
cust_0788,2026-08-04,purchase,18.43
cust_0799,2026-08-04,purchase,52.71
cust_0004,2026-08-05,purchase,17.51
cust_0007,2026-08-05,visit,
cust_0014,2026-08-05,purchase,38.61
cust_0016,2026-08-05,visit,
cust_0028,2026-08-05,visit,
cust_0029,2026-08-05,purchase,38.84
cust_0049,2026-08-05,visit,
cust_0054,2026-08-05,visit,
cust_0075,2026-08-05,visit,
cust_0115,2026-08-05,visit,
cust_0116,2026-08-05,visit,
cust_0123,2026-08-05,purchase,26.96
cust_0131,2026-08-05,visit,
cust_0137,2026-08-05,visit,
cust_0138,2026-08-05,purchase,18.53
cust_0146,2026-08-05,visit,
cust_0163,2026-08-05,visit,
cust_0174,2026-08-05,purchase,36.41
cust_0187,2026-08-05,purchase,43.01
cust_0191,2026-08-05,purchase,9.46
cust_0218,2026-08-05,visit,
cust_0221,2026-08-05,visit,
cust_0222,2026-08-05,visit,
cust_0231,2026-08-05,visit,
cust_0284,2026-08-05,purchase,80.21
cust_0289,2026-08-05,visit,
cust_0295,2026-08-05,purchase,28.46
cust_0311,2026-08-05,visit,
cust_0320,2026-08-05,visit,
cust_0324,2026-08-05,visit,
cust_0327,2026-08-05,visit,
cust_0333,2026-08-05,purchase,29.51
cust_0358,2026-08-05,visit,
cust_0425,2026-08-05,visit,
cust_0465,2026-08-05,purchase,24.63
cust_0467,2026-08-05,visit,
cust_0484,2026-08-05,purchase,48.3
cust_0489,2026-08-05,purchase,94.58
cust_0490,2026-08-05,purchase,25.16
cust_0496,2026-08-05,visit,
cust_0497,2026-08-05,purchase,81.26
cust_0513,2026-08-05,purchase,68.69
cust_0522,2026-08-05,purchase,33.83
cust_0532,2026-08-05,purchase,106.86
cust_0543,2026-08-05,visit,
cust_0548,2026-08-05,visit,
cust_0565,2026-08-05,visit,
cust_0568,2026-08-05,visit,
cust_0592,2026-08-05,visit,
cust_0594,2026-08-05,visit,
cust_0608,2026-08-05,visit,
cust_0617,2026-08-05,visit,
cust_0620,2026-08-05,visit,
cust_0635,2026-08-05,visit,
cust_0644,2026-08-05,purchase,50.56
cust_0648,2026-08-05,visit,
cust_0651,2026-08-05,visit,
cust_0669,2026-08-05,visit,
cust_0672,2026-08-05,visit,
cust_0680,2026-08-05,visit,
cust_0697,2026-08-05,purchase,35.84
cust_0697,2026-08-05,refund,35.84
cust_0710,2026-08-05,purchase,23.44
cust_0719,2026-08-05,purchase,62.02
cust_0730,2026-08-05,visit,
cust_0736,2026-08-05,visit,
cust_0754,2026-08-05,purchase,42.37
cust_0770,2026-08-05,visit,
cust_0000,2026-08-06,ticket,
cust_0002,2026-08-06,purchase,90.08
cust_0006,2026-08-06,visit,
cust_0029,2026-08-06,visit,
cust_0055,2026-08-06,visit,
cust_0056,2026-08-06,visit,
cust_0063,2026-08-06,visit,
cust_0073,2026-08-06,purchase,25.83
cust_0073,2026-08-06,refund,25.83
cust_0078,2026-08-06,visit,
cust_0083,2026-08-06,visit,
cust_0084,2026-08-06,visit,
cust_0091,2026-08-06,visit,
cust_0100,2026-08-06,visit,
cust_0105,2026-08-06,visit,
cust_0123,2026-08-06,purchase,38.12
cust_0162,2026-08-06,purchase,27.32
cust_0164,2026-08-06,purchase,14.6
cust_0191,2026-08-06,purchase,37.5
cust_0195,2026-08-06,visit,
cust_0228,2026-08-06,purchase,29.59
cust_0231,2026-08-06,purchase,31.65
cust_0241,2026-08-06,purchase,26.37
cust_0268,2026-08-06,visit,
cust_0271,2026-08-06,visit,
cust_0276,2026-08-06,purchase,21.27
cust_0284,2026-08-06,purchase,11.7
cust_0284,2026-08-06,refund,11.7
cust_0294,2026-08-06,visit,
cust_0314,2026-08-06,purchase,114.14
cust_0317,2026-08-06,purchase,40.21
cust_0333,2026-08-06,visit,
cust_0334,2026-08-06,visit,
cust_0341,2026-08-06,visit,
cust_0345,2026-08-06,visit,
cust_0362,2026-08-06,visit,
cust_0373,2026-08-06,purchase,40.88
cust_0378,2026-08-06,purchase,50.27
cust_0379,2026-08-06,visit,
cust_0380,2026-08-06,visit,
cust_0384,2026-08-06,visit,
cust_0396,2026-08-06,purchase,46.18
cust_0406,2026-08-06,visit,
cust_0433,2026-08-06,purchase,22.62
cust_0441,2026-08-06,visit,
cust_0447,2026-08-06,visit,
cust_0468,2026-08-06,visit,
cust_0522,2026-08-06,visit,
cust_0543,2026-08-06,visit,
cust_0548,2026-08-06,visit,
cust_0560,2026-08-06,visit,
cust_0603,2026-08-06,purchase,35.88
cust_0635,2026-08-06,visit,
cust_0670,2026-08-06,visit,
cust_0680,2026-08-06,purchase,53.27
cust_0685,2026-08-06,visit,
cust_0705,2026-08-06,visit,
cust_0708,2026-08-06,purchase,77.01
cust_0709,2026-08-06,visit,
cust_0713,2026-08-06,visit,
cust_0719,2026-08-06,visit,
cust_0721,2026-08-06,purchase,42.05
cust_0759,2026-08-06,visit,
cust_0771,2026-08-06,visit,
cust_0773,2026-08-06,visit,
cust_0778,2026-08-06,visit,
cust_0786,2026-08-06,visit,
cust_0788,2026-08-06,visit,
cust_0789,2026-08-06,visit,
cust_0795,2026-08-06,visit,
cust_0799,2026-08-06,visit,
cust_0005,2026-08-07,purchase,25.27
cust_0005,2026-08-07,refund,25.27
cust_0026,2026-08-07,visit,
cust_0036,2026-08-07,visit,
cust_0073,2026-08-07,visit,
cust_0078,2026-08-07,purchase,30.13
cust_0086,2026-08-07,visit,
cust_0092,2026-08-07,visit,
cust_0113,2026-08-07,visit,
cust_0137,2026-08-07,visit,
cust_0139,2026-08-07,visit,
cust_0140,2026-08-07,visit,
cust_0142,2026-08-07,visit,
cust_0161,2026-08-07,visit,
cust_0178,2026-08-07,purchase,41.96
cust_0201,2026-08-07,visit,
cust_0216,2026-08-07,visit,
cust_0227,2026-08-07,visit,
cust_0234,2026-08-07,visit,
cust_0237,2026-08-07,visit,
cust_0247,2026-08-07,purchase,46.05
cust_0275,2026-08-07,ticket,
cust_0280,2026-08-07,visit,
cust_0294,2026-08-07,visit,
cust_0295,2026-08-07,visit,
cust_0301,2026-08-07,visit,
cust_0314,2026-08-07,visit,
cust_0316,2026-08-07,visit,
cust_0329,2026-08-07,visit,
cust_0362,2026-08-07,purchase,29.28
cust_0365,2026-08-07,visit,
cust_0383,2026-08-07,visit,
cust_0384,2026-08-07,purchase,20.23
cust_0399,2026-08-07,visit,
cust_0402,2026-08-07,visit,
cust_0419,2026-08-07,visit,
cust_0434,2026-08-07,visit,
cust_0440,2026-08-07,visit,
cust_0446,2026-08-07,visit,
cust_0448,2026-08-07,visit,
cust_0462,2026-08-07,visit,
cust_0464,2026-08-07,visit,
cust_0468,2026-08-07,visit,
cust_0475,2026-08-07,purchase,42.67
cust_0481,2026-08-07,visit,
cust_0492,2026-08-07,visit,
cust_0498,2026-08-07,visit,
cust_0541,2026-08-07,purchase,63.22
cust_0600,2026-08-07,purchase,35.49
cust_0612,2026-08-07,purchase,25.81
cust_0620,2026-08-07,visit,
cust_0631,2026-08-07,visit,
cust_0641,2026-08-07,purchase,65.09
cust_0644,2026-08-07,purchase,38.35
cust_0644,2026-08-07,refund,38.35
cust_0647,2026-08-07,visit,
cust_0668,2026-08-07,visit,
cust_0674,2026-08-07,visit,
cust_0681,2026-08-07,purchase,32.01
cust_0684,2026-08-07,purchase,18.13
cust_0686,2026-08-07,purchase,37.21
cust_0695,2026-08-07,purchase,50.15
cust_0696,2026-08-07,purchase,24.33
cust_0710,2026-08-07,visit,
cust_0723,2026-08-07,purchase,19.07
cust_0726,2026-08-07,visit,
cust_0730,2026-08-07,visit,
cust_0733,2026-08-07,visit,
cust_0736,2026-08-07,visit,
cust_0747,2026-08-07,visit,
cust_0753,2026-08-07,purchase,32.48
cust_0788,2026-08-07,visit,
cust_0799,2026-08-07,purchase,39.02
cust_0002,2026-08-08,visit,
cust_0032,2026-08-08,purchase,25.82
cust_0033,2026-08-08,visit,
cust_0046,2026-08-08,visit,
cust_0052,2026-08-08,purchase,78.94
cust_0068,2026-08-08,visit,
cust_0071,2026-08-08,visit,
cust_0105,2026-08-08,visit,
cust_0112,2026-08-08,visit,
cust_0113,2026-08-08,ticket,
cust_0138,2026-08-08,visit,
cust_0142,2026-08-08,visit,
cust_0148,2026-08-08,purchase,33.16
cust_0179,2026-08-08,visit,
cust_0182,2026-08-08,visit,
cust_0191,2026-08-08,purchase,14.16
cust_0192,2026-08-08,ticket,
cust_0210,2026-08-08,visit,
cust_0216,2026-08-08,visit,
cust_0218,2026-08-08,visit,
cust_0225,2026-08-08,visit,
cust_0266,2026-08-08,visit,
cust_0283,2026-08-08,ticket,
cust_0284,2026-08-08,purchase,93.29
cust_0286,2026-08-08,purchase,41.77
cust_0288,2026-08-08,visit,
cust_0299,2026-08-08,visit,
cust_0348,2026-08-08,purchase,36.55
cust_0384,2026-08-08,visit,
cust_0392,2026-08-08,visit,
cust_0402,2026-08-08,visit,
cust_0430,2026-08-08,purchase,22.88
cust_0431,2026-08-08,visit,
cust_0435,2026-08-08,purchase,38.18
cust_0445,2026-08-08,visit,
cust_0458,2026-08-08,visit,
cust_0465,2026-08-08,visit,
cust_0483,2026-08-08,purchase,42.39
cust_0501,2026-08-08,purchase,34.34
cust_0501,2026-08-08,refund,34.34
cust_0504,2026-08-08,purchase,119.55
cust_0509,2026-08-08,visit,
cust_0517,2026-08-08,purchase,62.26
cust_0543,2026-08-08,purchase,78.69
cust_0546,2026-08-08,purchase,50.59
cust_0559,2026-08-08,visit,
cust_0563,2026-08-08,purchase,20.95
cust_0570,2026-08-08,purchase,48.42
cust_0578,2026-08-08,visit,
cust_0611,2026-08-08,purchase,36.61
cust_0615,2026-08-08,purchase,23.5
cust_0623,2026-08-08,purchase,32.12
cust_0657,2026-08-08,visit,
cust_0702,2026-08-08,purchase,18.86
cust_0703,2026-08-08,visit,
cust_0720,2026-08-08,ticket,
cust_0725,2026-08-08,visit,
cust_0730,2026-08-08,purchase,32.83
cust_0751,2026-08-08,visit,
cust_0756,2026-08-08,purchase,30.97
cust_0762,2026-08-08,visit,
cust_0786,2026-08-08,purchase,38.08
cust_0000,2026-08-09,visit,
cust_0004,2026-08-09,visit,
cust_0016,2026-08-09,purchase,29.15
cust_0026,2026-08-09,visit,
cust_0036,2026-08-09,visit,
cust_0042,2026-08-09,visit,
cust_0055,2026-08-09,visit,
cust_0068,2026-08-09,visit,
cust_0070,2026-08-09,visit,
cust_0077,2026-08-09,purchase,26.96
cust_0078,2026-08-09,purchase,46.77
cust_0092,2026-08-09,visit,
cust_0102,2026-08-09,visit,
cust_0114,2026-08-09,visit,
cust_0158,2026-08-09,visit,
cust_0164,2026-08-09,visit,
cust_0192,2026-08-09,purchase,33.63
cust_0194,2026-08-09,visit,
cust_0226,2026-08-09,visit,
cust_0244,2026-08-09,purchase,50.91
cust_0249,2026-08-09,purchase,28.21
cust_0290,2026-08-09,visit,
cust_0316,2026-08-09,visit,
cust_0317,2026-08-09,purchase,50.66
cust_0370,2026-08-09,visit,
cust_0376,2026-08-09,purchase,48.85
cust_0380,2026-08-09,purchase,43.58
cust_0390,2026-08-09,purchase,41.83
cust_0400,2026-08-09,visit,
cust_0402,2026-08-09,visit,
cust_0407,2026-08-09,visit,
cust_0461,2026-08-09,visit,
cust_0462,2026-08-09,visit,
cust_0480,2026-08-09,visit,
cust_0517,2026-08-09,visit,
cust_0546,2026-08-09,purchase,38.38
cust_0580,2026-08-09,visit,
cust_0595,2026-08-09,visit,
cust_0601,2026-08-09,purchase,38.06
cust_0635,2026-08-09,visit,
cust_0636,2026-08-09,purchase,23.57
cust_0659,2026-08-09,purchase,25.47
cust_0661,2026-08-09,purchase,66.6
cust_0666,2026-08-09,purchase,99.14
cust_0668,2026-08-09,visit,
cust_0730,2026-08-09,purchase,27.01
cust_0730,2026-08-09,refund,27.01
cust_0746,2026-08-09,visit,
cust_0762,2026-08-09,visit,
cust_0767,2026-08-09,visit,
cust_0770,2026-08-09,purchase,30.01
cust_0789,2026-08-09,visit,
cust_0792,2026-08-09,visit,
cust_0007,2026-08-10,visit,
cust_0025,2026-08-10,purchase,53.21
cust_0054,2026-08-10,purchase,41.05
cust_0072,2026-08-10,purchase,53.58
cust_0091,2026-08-10,visit,
cust_0102,2026-08-10,visit,
cust_0105,2026-08-10,purchase,40.82
cust_0126,2026-08-10,visit,
cust_0143,2026-08-10,visit,
cust_0146,2026-08-10,visit,
cust_0169,2026-08-10,visit,
cust_0173,2026-08-10,visit,
cust_0181,2026-08-10,visit,
cust_0204,2026-08-10,purchase,23.91
cust_0207,2026-08-10,purchase,15.86
cust_0212,2026-08-10,visit,
cust_0215,2026-08-10,purchase,60.39
cust_0253,2026-08-10,visit,
cust_0255,2026-08-10,purchase,25.42
cust_0284,2026-08-10,visit,
cust_0287,2026-08-10,visit,
cust_0290,2026-08-10,purchase,43.62
cust_0315,2026-08-10,visit,
cust_0317,2026-08-10,purchase,22.56
cust_0319,2026-08-10,visit,
cust_0329,2026-08-10,visit,
cust_0334,2026-08-10,purchase,46.27
cust_0334,2026-08-10,refund,46.27
cust_0376,2026-08-10,purchase,27.04
cust_0387,2026-08-10,visit,
cust_0391,2026-08-10,visit,
cust_0407,2026-08-10,visit,
cust_0430,2026-08-10,purchase,17.17
cust_0436,2026-08-10,visit,
cust_0439,2026-08-10,visit,
cust_0457,2026-08-10,purchase,13.34
cust_0459,2026-08-10,purchase,22.74
cust_0465,2026-08-10,ticket,
cust_0485,2026-08-10,visit,
cust_0497,2026-08-10,visit,
cust_0540,2026-08-10,visit,
cust_0541,2026-08-10,visit,
cust_0596,2026-08-10,visit,
cust_0611,2026-08-10,visit,
cust_0614,2026-08-10,visit,
cust_0615,2026-08-10,visit,
cust_0648,2026-08-10,purchase,36.7
cust_0652,2026-08-10,visit,
cust_0692,2026-08-10,purchase,28.83
cust_0697,2026-08-10,visit,
cust_0702,2026-08-10,purchase,54.64
cust_0733,2026-08-10,visit,
cust_0758,2026-08-10,visit,
cust_0789,2026-08-10,purchase,35.23
cust_0004,2026-08-11,purchase,36.02
cust_0010,2026-08-11,purchase,30.02
cust_0025,2026-08-11,visit,
cust_0028,2026-08-11,purchase,20.7
cust_0055,2026-08-11,visit,
cust_0058,2026-08-11,visit,
cust_0072,2026-08-11,visit,
cust_0081,2026-08-11,visit,
cust_0096,2026-08-11,visit,
cust_0103,2026-08-11,visit,
cust_0137,2026-08-11,visit,
cust_0143,2026-08-11,visit,
cust_0171,2026-08-11,visit,
cust_0174,2026-08-11,visit,
cust_0185,2026-08-11,visit,
cust_0215,2026-08-11,visit,
cust_0231,2026-08-11,purchase,40.21
cust_0234,2026-08-11,purchase,41.16
cust_0245,2026-08-11,visit,
cust_0249,2026-08-11,purchase,55.6
cust_0255,2026-08-11,visit,
cust_0273,2026-08-11,purchase,28.84
cust_0288,2026-08-11,visit,
cust_0300,2026-08-11,visit,
cust_0301,2026-08-11,visit,
cust_0312,2026-08-11,purchase,26.51
cust_0328,2026-08-11,visit,
cust_0347,2026-08-11,visit,
cust_0352,2026-08-11,visit,
cust_0359,2026-08-11,visit,
cust_0383,2026-08-11,visit,
cust_0387,2026-08-11,visit,
cust_0432,2026-08-11,ticket,
cust_0448,2026-08-11,visit,
cust_0465,2026-08-11,visit,
cust_0466,2026-08-11,visit,
cust_0475,2026-08-11,visit,
cust_0476,2026-08-11,purchase,42.54
cust_0494,2026-08-11,visit,
cust_0497,2026-08-11,purchase,28.58
cust_0498,2026-08-11,visit,
cust_0509,2026-08-11,visit,
cust_0514,2026-08-11,visit,
cust_0524,2026-08-11,visit,
cust_0536,2026-08-11,purchase,65.03
cust_0540,2026-08-11,purchase,46.03
cust_0560,2026-08-11,purchase,60.88
cust_0562,2026-08-11,purchase,43.51
cust_0600,2026-08-11,visit,
cust_0602,2026-08-11,purchase,23.99
cust_0603,2026-08-11,visit,
cust_0615,2026-08-11,purchase,20.38
cust_0641,2026-08-11,visit,
cust_0653,2026-08-11,visit,
cust_0730,2026-08-11,purchase,21.98
cust_0734,2026-08-11,visit,
cust_0747,2026-08-11,visit,
cust_0748,2026-08-11,visit,
cust_0753,2026-08-11,purchase,50.5
cust_0767,2026-08-11,visit,
cust_0775,2026-08-11,purchase,51.54
cust_0799,2026-08-11,visit,
cust_0003,2026-08-12,visit,
cust_0010,2026-08-12,visit,
cust_0013,2026-08-12,visit,
cust_0017,2026-08-12,visit,
cust_0022,2026-08-12,visit,
cust_0027,2026-08-12,visit,
cust_0029,2026-08-12,purchase,34.16
cust_0047,2026-08-12,visit,
cust_0065,2026-08-12,purchase,53.22
cust_0077,2026-08-12,visit,
cust_0081,2026-08-12,visit,
cust_0083,2026-08-12,purchase,22.8
cust_0094,2026-08-12,purchase,28.89
cust_0094,2026-08-12,refund,28.89
cust_0101,2026-08-12,visit,
cust_0166,2026-08-12,purchase,48.89
cust_0170,2026-08-12,visit,
cust_0174,2026-08-12,purchase,31.73
cust_0178,2026-08-12,ticket,
cust_0180,2026-08-12,visit,
cust_0193,2026-08-12,purchase,18.83
cust_0201,2026-08-12,visit,
cust_0211,2026-08-12,visit,
cust_0220,2026-08-12,purchase,72.85
cust_0221,2026-08-12,visit,
cust_0238,2026-08-12,visit,
cust_0239,2026-08-12,visit,
cust_0240,2026-08-12,purchase,22.1
cust_0267,2026-08-12,purchase,34.91
cust_0279,2026-08-12,visit,
cust_0282,2026-08-12,visit,
cust_0288,2026-08-12,visit,
cust_0296,2026-08-12,visit,
cust_0297,2026-08-12,visit,
cust_0301,2026-08-12,visit,
cust_0372,2026-08-12,visit,
cust_0381,2026-08-12,visit,
cust_0384,2026-08-12,purchase,89.86
cust_0388,2026-08-12,visit,
cust_0404,2026-08-12,visit,
cust_0424,2026-08-12,purchase,31.48
cust_0433,2026-08-12,ticket,
cust_0468,2026-08-12,purchase,10.74
cust_0477,2026-08-12,ticket,
cust_0501,2026-08-12,visit,
cust_0504,2026-08-12,visit,
cust_0525,2026-08-12,visit,
cust_0540,2026-08-12,purchase,36.86
cust_0546,2026-08-12,purchase,50.25
cust_0555,2026-08-12,visit,
cust_0564,2026-08-12,visit,
cust_0574,2026-08-12,visit,
cust_0600,2026-08-12,purchase,38.82
cust_0612,2026-08-12,visit,
cust_0613,2026-08-12,purchase,69.0
cust_0633,2026-08-12,purchase,18.04
cust_0636,2026-08-12,visit,
cust_0638,2026-08-12,visit,
cust_0643,2026-08-12,purchase,16.77
cust_0679,2026-08-12,visit,
cust_0685,2026-08-12,purchase,54.19
cust_0701,2026-08-12,visit,
cust_0719,2026-08-12,purchase,54.35
cust_0725,2026-08-12,purchase,23.28
cust_0739,2026-08-12,visit,
cust_0748,2026-08-12,visit,
cust_0754,2026-08-12,visit,
cust_0786,2026-08-12,purchase,23.06
cust_0788,2026-08-12,visit,
cust_0005,2026-08-13,visit,
cust_0019,2026-08-13,visit,
cust_0027,2026-08-13,visit,
cust_0051,2026-08-13,purchase,17.31
cust_0054,2026-08-13,purchase,31.36
cust_0055,2026-08-13,purchase,17.69
cust_0075,2026-08-13,purchase,24.6
cust_0092,2026-08-13,visit,
cust_0099,2026-08-13,visit,
cust_0105,2026-08-13,purchase,27.38
cust_0109,2026-08-13,visit,
cust_0112,2026-08-13,visit,
cust_0113,2026-08-13,purchase,32.72
cust_0129,2026-08-13,visit,
cust_0137,2026-08-13,visit,
cust_0167,2026-08-13,visit,
cust_0173,2026-08-13,purchase,39.02
cust_0211,2026-08-13,visit,
cust_0231,2026-08-13,visit,
cust_0241,2026-08-13,visit,
cust_0294,2026-08-13,purchase,50.83
cust_0294,2026-08-13,refund,50.83
cust_0295,2026-08-13,ticket,
cust_0296,2026-08-13,purchase,36.99
cust_0300,2026-08-13,purchase,40.39
cust_0363,2026-08-13,visit,
cust_0384,2026-08-13,purchase,48.1
cust_0384,2026-08-13,refund,48.1
cust_0387,2026-08-13,visit,
cust_0404,2026-08-13,visit,
cust_0420,2026-08-13,purchase,17.81
cust_0430,2026-08-13,visit,
cust_0433,2026-08-13,visit,
cust_0446,2026-08-13,visit,
cust_0448,2026-08-13,visit,
cust_0458,2026-08-13,visit,
cust_0459,2026-08-13,purchase,28.15
cust_0464,2026-08-13,visit,
cust_0467,2026-08-13,purchase,47.16
cust_0490,2026-08-13,purchase,28.61
cust_0497,2026-08-13,purchase,21.87
cust_0497,2026-08-13,refund,21.87
cust_0504,2026-08-13,visit,
cust_0508,2026-08-13,visit,
cust_0515,2026-08-13,purchase,25.47
cust_0531,2026-08-13,visit,
cust_0540,2026-08-13,visit,
cust_0580,2026-08-13,visit,
cust_0619,2026-08-13,visit,
cust_0620,2026-08-13,purchase,34.48
cust_0685,2026-08-13,visit,
cust_0687,2026-08-13,visit,
cust_0692,2026-08-13,visit,
cust_0709,2026-08-13,visit,
cust_0711,2026-08-13,purchase,27.88
cust_0711,2026-08-13,refund,27.88
cust_0720,2026-08-13,visit,
cust_0726,2026-08-13,purchase,50.44
cust_0729,2026-08-13,purchase,22.75
cust_0733,2026-08-13,visit,
cust_0743,2026-08-13,visit,
cust_0745,2026-08-13,visit,
cust_0747,2026-08-13,ticket,
cust_0776,2026-08-13,purchase,52.64
cust_0782,2026-08-13,visit,
cust_0002,2026-08-14,visit,
cust_0016,2026-08-14,visit,
cust_0026,2026-08-14,visit,
cust_0035,2026-08-14,visit,
cust_0046,2026-08-14,visit,
cust_0047,2026-08-14,visit,
cust_0049,2026-08-14,purchase,88.25
cust_0070,2026-08-14,purchase,12.24
cust_0071,2026-08-14,visit,
cust_0081,2026-08-14,visit,
cust_0102,2026-08-14,visit,
cust_0134,2026-08-14,visit,
cust_0191,2026-08-14,purchase,40.87
cust_0225,2026-08-14,visit,
cust_0228,2026-08-14,visit,
cust_0231,2026-08-14,purchase,17.78
cust_0241,2026-08-14,visit,
cust_0263,2026-08-14,visit,
cust_0266,2026-08-14,visit,
cust_0273,2026-08-14,purchase,57.87
cust_0274,2026-08-14,visit,
cust_0286,2026-08-14,purchase,29.28
cust_0286,2026-08-14,refund,29.28
cust_0292,2026-08-14,visit,
cust_0316,2026-08-14,visit,
cust_0325,2026-08-14,purchase,70.31
cust_0327,2026-08-14,purchase,14.09
cust_0380,2026-08-14,visit,
cust_0389,2026-08-14,visit,
cust_0392,2026-08-14,visit,
cust_0427,2026-08-14,visit,
cust_0430,2026-08-14,purchase,69.5
cust_0435,2026-08-14,purchase,35.84
cust_0460,2026-08-14,visit,
cust_0496,2026-08-14,visit,
cust_0504,2026-08-14,visit,
cust_0513,2026-08-14,purchase,45.72
cust_0523,2026-08-14,visit,
cust_0560,2026-08-14,purchase,38.95
cust_0565,2026-08-14,ticket,
cust_0566,2026-08-14,purchase,45.88
cust_0591,2026-08-14,visit,
cust_0601,2026-08-14,visit,
cust_0606,2026-08-14,visit,
cust_0608,2026-08-14,visit,
cust_0658,2026-08-14,purchase,51.29
cust_0679,2026-08-14,visit,
cust_0688,2026-08-14,visit,
cust_0699,2026-08-14,purchase,20.5
cust_0717,2026-08-14,visit,
cust_0746,2026-08-14,purchase,76.58
cust_0762,2026-08-14,visit,
cust_0772,2026-08-14,purchase,64.74
cust_0782,2026-08-14,visit,
cust_0004,2026-08-15,visit,
cust_0017,2026-08-15,visit,
cust_0026,2026-08-15,visit,
cust_0034,2026-08-15,visit,
cust_0043,2026-08-15,visit,
cust_0097,2026-08-15,purchase,48.03
cust_0098,2026-08-15,visit,
cust_0103,2026-08-15,purchase,26.41
cust_0115,2026-08-15,purchase,19.29
cust_0116,2026-08-15,visit,
cust_0124,2026-08-15,purchase,17.46
cust_0137,2026-08-15,purchase,43.29
cust_0142,2026-08-15,purchase,70.57
cust_0162,2026-08-15,visit,
cust_0167,2026-08-15,purchase,33.36
cust_0171,2026-08-15,ticket,
cust_0172,2026-08-15,visit,
cust_0216,2026-08-15,visit,
cust_0232,2026-08-15,purchase,27.63
cust_0252,2026-08-15,visit,
cust_0290,2026-08-15,visit,
cust_0291,2026-08-15,purchase,54.38
cust_0329,2026-08-15,visit,
cust_0342,2026-08-15,purchase,52.86
cust_0347,2026-08-15,visit,
cust_0348,2026-08-15,ticket,
cust_0362,2026-08-15,visit,
cust_0372,2026-08-15,visit,
cust_0392,2026-08-15,purchase,46.11
cust_0400,2026-08-15,purchase,42.43
cust_0415,2026-08-15,purchase,51.83
cust_0424,2026-08-15,purchase,44.5
cust_0431,2026-08-15,visit,
cust_0433,2026-08-15,purchase,45.22
cust_0446,2026-08-15,purchase,46.72
cust_0461,2026-08-15,purchase,24.78
cust_0480,2026-08-15,visit,
cust_0484,2026-08-15,purchase,29.87
cust_0492,2026-08-15,purchase,16.77
cust_0494,2026-08-15,visit,
cust_0497,2026-08-15,purchase,38.35
cust_0511,2026-08-15,purchase,63.34
cust_0527,2026-08-15,visit,
cust_0532,2026-08-15,purchase,48.1
cust_0546,2026-08-15,ticket,
cust_0558,2026-08-15,visit,
cust_0625,2026-08-15,purchase,43.39
cust_0711,2026-08-15,visit,
cust_0747,2026-08-15,purchase,19.36
cust_0748,2026-08-15,visit,
cust_0756,2026-08-15,visit,
cust_0758,2026-08-15,visit,
cust_0762,2026-08-15,purchase,37.54
cust_0783,2026-08-15,purchase,13.65
cust_0784,2026-08-15,purchase,54.29
cust_0784,2026-08-15,refund,54.29
cust_0793,2026-08-15,visit,
cust_0050,2026-08-16,visit,
cust_0051,2026-08-16,purchase,19.89
cust_0072,2026-08-16,purchase,15.43
cust_0105,2026-08-16,visit,
cust_0123,2026-08-16,visit,
cust_0124,2026-08-16,visit,
cust_0133,2026-08-16,visit,
cust_0156,2026-08-16,visit,
cust_0165,2026-08-16,purchase,19.3
cust_0247,2026-08-16,purchase,21.92
cust_0261,2026-08-16,visit,
cust_0274,2026-08-16,visit,
cust_0303,2026-08-16,visit,
cust_0311,2026-08-16,purchase,17.64
cust_0316,2026-08-16,visit,
cust_0374,2026-08-16,visit,
cust_0401,2026-08-16,visit,
cust_0434,2026-08-16,visit,
cust_0465,2026-08-16,purchase,30.78
cust_0465,2026-08-16,refund,30.78
cust_0468,2026-08-16,visit,
cust_0494,2026-08-16,visit,
cust_0521,2026-08-16,visit,
cust_0522,2026-08-16,purchase,22.19
cust_0548,2026-08-16,visit,
cust_0580,2026-08-16,purchase,89.46
cust_0597,2026-08-16,visit,
cust_0618,2026-08-16,visit,
cust_0668,2026-08-16,visit,
cust_0685,2026-08-16,visit,
cust_0687,2026-08-16,purchase,40.43
cust_0692,2026-08-16,visit,
cust_0706,2026-08-16,visit,
cust_0715,2026-08-16,visit,
cust_0733,2026-08-16,visit,
cust_0739,2026-08-16,visit,
cust_0740,2026-08-16,purchase,73.45
cust_0743,2026-08-16,visit,
cust_0749,2026-08-16,purchase,34.68
cust_0776,2026-08-16,visit,
cust_0779,2026-08-16,visit,
cust_0004,2026-08-17,visit,
cust_0005,2026-08-17,visit,
cust_0028,2026-08-17,visit,
cust_0034,2026-08-17,visit,
cust_0047,2026-08-17,visit,
cust_0061,2026-08-17,visit,
cust_0071,2026-08-17,visit,
cust_0073,2026-08-17,purchase,42.54
cust_0088,2026-08-17,purchase,21.3
cust_0123,2026-08-17,purchase,37.97
cust_0126,2026-08-17,visit,
cust_0134,2026-08-17,visit,
cust_0141,2026-08-17,visit,
cust_0143,2026-08-17,purchase,24.34
cust_0163,2026-08-17,visit,
cust_0172,2026-08-17,visit,
cust_0181,2026-08-17,visit,
cust_0191,2026-08-17,visit,
cust_0195,2026-08-17,purchase,28.49
cust_0225,2026-08-17,purchase,40.8
cust_0229,2026-08-17,visit,
cust_0251,2026-08-17,visit,
cust_0258,2026-08-17,visit,
cust_0259,2026-08-17,purchase,25.29
cust_0273,2026-08-17,visit,
cust_0276,2026-08-17,visit,
cust_0283,2026-08-17,visit,
cust_0316,2026-08-17,visit,
cust_0324,2026-08-17,visit,
cust_0373,2026-08-17,visit,
cust_0378,2026-08-17,visit,
cust_0401,2026-08-17,purchase,23.35
cust_0403,2026-08-17,visit,
cust_0424,2026-08-17,purchase,56.42
cust_0425,2026-08-17,visit,
cust_0435,2026-08-17,purchase,107.26
cust_0436,2026-08-17,purchase,27.46
cust_0448,2026-08-17,purchase,36.07
cust_0449,2026-08-17,purchase,49.35
cust_0457,2026-08-17,purchase,54.23
cust_0510,2026-08-17,purchase,51.05
cust_0531,2026-08-17,ticket,
cust_0546,2026-08-17,visit,
cust_0548,2026-08-17,visit,
cust_0556,2026-08-17,visit,
cust_0562,2026-08-17,purchase,57.26
cust_0578,2026-08-17,visit,
cust_0579,2026-08-17,purchase,36.92
cust_0597,2026-08-17,visit,
cust_0616,2026-08-17,visit,
cust_0630,2026-08-17,visit,
cust_0632,2026-08-17,visit,
cust_0644,2026-08-17,visit,
cust_0651,2026-08-17,purchase,59.85
cust_0684,2026-08-17,visit,
cust_0701,2026-08-17,visit,
cust_0722,2026-08-17,visit,
cust_0733,2026-08-17,visit,
cust_0745,2026-08-17,visit,
cust_0746,2026-08-17,visit,
cust_0780,2026-08-17,purchase,35.11
cust_0782,2026-08-17,visit,
cust_0788,2026-08-17,visit,
cust_0789,2026-08-17,visit,
cust_0796,2026-08-17,purchase,23.54
cust_0005,2026-08-18,visit,
cust_0026,2026-08-18,visit,
cust_0029,2026-08-18,visit,
cust_0040,2026-08-18,purchase,46.82
cust_0050,2026-08-18,visit,
cust_0059,2026-08-18,purchase,31.79
cust_0088,2026-08-18,purchase,50.83
cust_0116,2026-08-18,purchase,39.74
cust_0193,2026-08-18,visit,
cust_0202,2026-08-18,visit,
cust_0211,2026-08-18,visit,
cust_0216,2026-08-18,purchase,38.73
cust_0231,2026-08-18,visit,
cust_0232,2026-08-18,visit,
cust_0257,2026-08-18,visit,
cust_0264,2026-08-18,visit,
cust_0296,2026-08-18,visit,
cust_0334,2026-08-18,visit,
cust_0345,2026-08-18,purchase,69.09
cust_0405,2026-08-18,visit,
cust_0412,2026-08-18,visit,
cust_0415,2026-08-18,purchase,46.16
cust_0418,2026-08-18,visit,
cust_0420,2026-08-18,purchase,28.76
cust_0423,2026-08-18,purchase,29.43
cust_0436,2026-08-18,visit,
cust_0440,2026-08-18,visit,
cust_0446,2026-08-18,visit,
cust_0449,2026-08-18,purchase,55.05
cust_0456,2026-08-18,visit,
cust_0462,2026-08-18,visit,
cust_0480,2026-08-18,purchase,24.54
cust_0490,2026-08-18,visit,
cust_0502,2026-08-18,visit,
cust_0506,2026-08-18,visit,
cust_0513,2026-08-18,purchase,38.96
cust_0513,2026-08-18,refund,38.96
cust_0516,2026-08-18,visit,
cust_0531,2026-08-18,visit,
cust_0535,2026-08-18,visit,
cust_0536,2026-08-18,purchase,35.2
cust_0537,2026-08-18,purchase,41.16
cust_0540,2026-08-18,visit,
cust_0552,2026-08-18,visit,
cust_0566,2026-08-18,purchase,28.95
cust_0582,2026-08-18,purchase,48.24
cust_0602,2026-08-18,visit,
cust_0617,2026-08-18,visit,
cust_0618,2026-08-18,visit,
cust_0635,2026-08-18,visit,
cust_0652,2026-08-18,visit,
cust_0653,2026-08-18,purchase,48.86
cust_0658,2026-08-18,visit,
cust_0673,2026-08-18,visit,
cust_0685,2026-08-18,visit,
cust_0695,2026-08-18,purchase,46.12
cust_0705,2026-08-18,visit,
cust_0753,2026-08-18,visit,
cust_0763,2026-08-18,purchase,24.25
cust_0775,2026-08-18,purchase,16.27
cust_0776,2026-08-18,purchase,29.46
cust_0788,2026-08-18,visit,
cust_0795,2026-08-18,visit,
cust_0043,2026-08-19,visit,
cust_0065,2026-08-19,purchase,33.77
cust_0070,2026-08-19,visit,
cust_0080,2026-08-19,purchase,66.34
cust_0082,2026-08-19,visit,
cust_0087,2026-08-19,visit,
cust_0091,2026-08-19,visit,
cust_0092,2026-08-19,visit,
cust_0096,2026-08-19,visit,
cust_0112,2026-08-19,visit,
cust_0126,2026-08-19,visit,
cust_0143,2026-08-19,visit,
cust_0150,2026-08-19,visit,
cust_0162,2026-08-19,purchase,33.39
cust_0163,2026-08-19,visit,
cust_0173,2026-08-19,visit,
cust_0175,2026-08-19,visit,
cust_0179,2026-08-19,visit,
cust_0181,2026-08-19,purchase,40.94
cust_0182,2026-08-19,visit,
cust_0193,2026-08-19,purchase,47.05
cust_0216,2026-08-19,visit,
cust_0221,2026-08-19,visit,
cust_0231,2026-08-19,visit,
cust_0247,2026-08-19,purchase,37.65
cust_0256,2026-08-19,purchase,19.14
cust_0263,2026-08-19,purchase,17.9
cust_0286,2026-08-19,purchase,37.48
cust_0295,2026-08-19,visit,
cust_0305,2026-08-19,visit,
cust_0311,2026-08-19,ticket,
cust_0316,2026-08-19,purchase,24.54
cust_0323,2026-08-19,purchase,32.88
cust_0350,2026-08-19,visit,
cust_0365,2026-08-19,visit,
cust_0374,2026-08-19,visit,
cust_0412,2026-08-19,visit,
cust_0420,2026-08-19,visit,
cust_0424,2026-08-19,visit,
cust_0429,2026-08-19,purchase,51.08
cust_0436,2026-08-19,ticket,
cust_0440,2026-08-19,purchase,41.86
cust_0462,2026-08-19,purchase,47.98
cust_0466,2026-08-19,visit,
cust_0490,2026-08-19,visit,
cust_0495,2026-08-19,visit,
cust_0496,2026-08-19,purchase,31.77
cust_0521,2026-08-19,visit,
cust_0539,2026-08-19,visit,
cust_0546,2026-08-19,visit,
cust_0567,2026-08-19,purchase,22.25
cust_0582,2026-08-19,purchase,27.57
cust_0584,2026-08-19,purchase,63.19
cust_0592,2026-08-19,visit,
cust_0668,2026-08-19,visit,
cust_0686,2026-08-19,purchase,22.42
cust_0717,2026-08-19,purchase,31.06
cust_0720,2026-08-19,purchase,38.92
cust_0733,2026-08-19,visit,
cust_0745,2026-08-19,visit,
cust_0762,2026-08-19,purchase,42.71
cust_0770,2026-08-19,visit,
cust_0775,2026-08-19,visit,
cust_0776,2026-08-19,visit,
cust_0778,2026-08-19,visit,
cust_0780,2026-08-19,purchase,65.69
cust_0004,2026-08-20,visit,
cust_0016,2026-08-20,purchase,42.57
cust_0017,2026-08-20,ticket,
cust_0022,2026-08-20,visit,
cust_0026,2026-08-20,visit,
cust_0039,2026-08-20,visit,
cust_0042,2026-08-20,ticket,
cust_0046,2026-08-20,visit,
cust_0051,2026-08-20,visit,
cust_0057,2026-08-20,ticket,
cust_0058,2026-08-20,purchase,23.9
cust_0075,2026-08-20,visit,
cust_0083,2026-08-20,visit,
cust_0094,2026-08-20,visit,
cust_0097,2026-08-20,visit,
cust_0107,2026-08-20,purchase,32.5
cust_0108,2026-08-20,visit,
cust_0124,2026-08-20,visit,
cust_0136,2026-08-20,purchase,33.81
cust_0139,2026-08-20,visit,
cust_0140,2026-08-20,purchase,14.63
cust_0163,2026-08-20,purchase,75.35
cust_0167,2026-08-20,visit,
cust_0185,2026-08-20,visit,
cust_0211,2026-08-20,visit,
cust_0226,2026-08-20,visit,
cust_0238,2026-08-20,visit,
cust_0259,2026-08-20,purchase,65.85
cust_0312,2026-08-20,visit,
cust_0365,2026-08-20,ticket,
cust_0385,2026-08-20,purchase,39.97
cust_0404,2026-08-20,visit,
cust_0406,2026-08-20,visit,
cust_0412,2026-08-20,visit,
cust_0416,2026-08-20,visit,
cust_0427,2026-08-20,ticket,
cust_0431,2026-08-20,visit,
cust_0458,2026-08-20,purchase,42.01
cust_0464,2026-08-20,visit,
cust_0507,2026-08-20,ticket,
cust_0535,2026-08-20,visit,
cust_0548,2026-08-20,visit,
cust_0558,2026-08-20,visit,
cust_0565,2026-08-20,visit,
cust_0597,2026-08-20,purchase,21.59
cust_0601,2026-08-20,visit,
cust_0617,2026-08-20,purchase,50.68
cust_0620,2026-08-20,visit,
cust_0643,2026-08-20,purchase,17.07
cust_0651,2026-08-20,visit,
cust_0668,2026-08-20,visit,
cust_0669,2026-08-20,purchase,42.25
cust_0685,2026-08-20,visit,
cust_0687,2026-08-20,purchase,73.5
cust_0689,2026-08-20,visit,
cust_0701,2026-08-20,visit,
cust_0705,2026-08-20,ticket,
cust_0709,2026-08-20,purchase,52.66
cust_0740,2026-08-20,visit,
cust_0745,2026-08-20,purchase,28.89
cust_0763,2026-08-20,purchase,31.05
cust_0776,2026-08-20,visit,
cust_0782,2026-08-20,visit,
cust_0788,2026-08-20,visit,
cust_0002,2026-08-21,purchase,32.48
cust_0003,2026-08-21,visit,
cust_0016,2026-08-21,visit,
cust_0022,2026-08-21,visit,
cust_0035,2026-08-21,purchase,36.38
cust_0042,2026-08-21,purchase,57.11
cust_0060,2026-08-21,visit,
cust_0068,2026-08-21,visit,
cust_0096,2026-08-21,purchase,26.98
cust_0098,2026-08-21,purchase,29.85
cust_0104,2026-08-21,visit,
cust_0126,2026-08-21,visit,
cust_0134,2026-08-21,visit,
cust_0143,2026-08-21,visit,
cust_0150,2026-08-21,visit,
cust_0161,2026-08-21,purchase,35.7
cust_0173,2026-08-21,purchase,62.06
cust_0185,2026-08-21,purchase,63.6
cust_0195,2026-08-21,purchase,42.64
cust_0195,2026-08-21,refund,42.64
cust_0196,2026-08-21,visit,
cust_0221,2026-08-21,purchase,24.79
cust_0232,2026-08-21,visit,
cust_0251,2026-08-21,visit,
cust_0253,2026-08-21,purchase,51.99
cust_0258,2026-08-21,purchase,58.35
cust_0271,2026-08-21,visit,
cust_0279,2026-08-21,visit,
cust_0296,2026-08-21,visit,
cust_0305,2026-08-21,purchase,15.76
cust_0316,2026-08-21,visit,
cust_0324,2026-08-21,visit,
cust_0386,2026-08-21,visit,
cust_0390,2026-08-21,purchase,28.37
cust_0400,2026-08-21,visit,
cust_0431,2026-08-21,visit,
cust_0453,2026-08-21,visit,
cust_0508,2026-08-21,visit,
cust_0525,2026-08-21,visit,
cust_0542,2026-08-21,visit,
cust_0562,2026-08-21,purchase,17.73
cust_0573,2026-08-21,visit,
cust_0598,2026-08-21,purchase,14.69
cust_0631,2026-08-21,visit,
cust_0657,2026-08-21,visit,
cust_0661,2026-08-21,visit,
cust_0668,2026-08-21,visit,
cust_0674,2026-08-21,purchase,36.95
cust_0685,2026-08-21,visit,
cust_0699,2026-08-21,visit,
cust_0703,2026-08-21,purchase,42.3
cust_0722,2026-08-21,visit,
cust_0725,2026-08-21,purchase,33.96
cust_0728,2026-08-21,purchase,37.33
cust_0753,2026-08-21,visit,
cust_0759,2026-08-21,purchase,37.15
cust_0763,2026-08-21,visit,
cust_0764,2026-08-21,visit,
cust_0783,2026-08-21,visit,
cust_0785,2026-08-21,visit,
cust_0005,2026-08-22,visit,
cust_0013,2026-08-22,purchase,57.22
cust_0019,2026-08-22,ticket,
cust_0085,2026-08-22,visit,
cust_0124,2026-08-22,visit,
cust_0131,2026-08-22,purchase,51.57
cust_0138,2026-08-22,visit,
cust_0146,2026-08-22,visit,
cust_0147,2026-08-22,visit,
cust_0193,2026-08-22,visit,
cust_0211,2026-08-22,purchase,60.15
cust_0252,2026-08-22,visit,
cust_0263,2026-08-22,visit,
cust_0271,2026-08-22,visit,
cust_0283,2026-08-22,visit,
cust_0287,2026-08-22,visit,
cust_0300,2026-08-22,visit,
cust_0311,2026-08-22,visit,
cust_0342,2026-08-22,visit,
cust_0345,2026-08-22,purchase,54.1
cust_0347,2026-08-22,visit,
cust_0370,2026-08-22,purchase,48.33
cust_0373,2026-08-22,purchase,166.03
cust_0382,2026-08-22,visit,
cust_0387,2026-08-22,purchase,20.51
cust_0387,2026-08-22,refund,20.51
cust_0392,2026-08-22,visit,
cust_0401,2026-08-22,visit,
cust_0403,2026-08-22,visit,
cust_0423,2026-08-22,purchase,28.74
cust_0424,2026-08-22,visit,
cust_0435,2026-08-22,visit,
cust_0468,2026-08-22,visit,
cust_0470,2026-08-22,visit,
cust_0486,2026-08-22,visit,
cust_0494,2026-08-22,purchase,54.13
cust_0502,2026-08-22,visit,
cust_0504,2026-08-22,visit,
cust_0516,2026-08-22,visit,
cust_0518,2026-08-22,visit,
cust_0521,2026-08-22,visit,
cust_0532,2026-08-22,purchase,50.68
cust_0535,2026-08-22,visit,
cust_0540,2026-08-22,purchase,51.85
cust_0564,2026-08-22,visit,
cust_0584,2026-08-22,visit,
cust_0593,2026-08-22,visit,
cust_0595,2026-08-22,visit,
cust_0606,2026-08-22,purchase,74.6
cust_0621,2026-08-22,visit,
cust_0628,2026-08-22,visit,
cust_0642,2026-08-22,purchase,34.64
cust_0644,2026-08-22,visit,
cust_0651,2026-08-22,ticket,
cust_0662,2026-08-22,visit,
cust_0680,2026-08-22,visit,
cust_0692,2026-08-22,visit,
cust_0715,2026-08-22,purchase,14.03
cust_0783,2026-08-22,visit,
cust_0012,2026-08-23,visit,
cust_0022,2026-08-23,visit,
cust_0029,2026-08-23,purchase,82.32
cust_0036,2026-08-23,visit,
cust_0047,2026-08-23,visit,
cust_0049,2026-08-23,visit,
cust_0051,2026-08-23,purchase,58.21
cust_0071,2026-08-23,visit,
cust_0082,2026-08-23,visit,
cust_0116,2026-08-23,purchase,31.28
cust_0125,2026-08-23,visit,
cust_0136,2026-08-23,purchase,54.93
cust_0169,2026-08-23,purchase,59.53
cust_0169,2026-08-23,refund,59.53
cust_0172,2026-08-23,visit,
cust_0193,2026-08-23,visit,
cust_0198,2026-08-23,ticket,
cust_0211,2026-08-23,visit,
cust_0259,2026-08-23,visit,
cust_0275,2026-08-23,purchase,16.48
cust_0284,2026-08-23,visit,
cust_0351,2026-08-23,visit,
cust_0387,2026-08-23,visit,
cust_0409,2026-08-23,purchase,59.57
cust_0462,2026-08-23,visit,
cust_0467,2026-08-23,visit,
cust_0468,2026-08-23,visit,
cust_0470,2026-08-23,visit,
cust_0479,2026-08-23,visit,
cust_0494,2026-08-23,purchase,26.86
cust_0510,2026-08-23,visit,
cust_0521,2026-08-23,purchase,35.19
cust_0526,2026-08-23,visit,
cust_0532,2026-08-23,purchase,77.69
cust_0537,2026-08-23,visit,
cust_0560,2026-08-23,purchase,62.03
cust_0560,2026-08-23,refund,62.03
cust_0571,2026-08-23,visit,
cust_0574,2026-08-23,purchase,39.22
cust_0594,2026-08-23,ticket,
cust_0603,2026-08-23,visit,
cust_0611,2026-08-23,visit,
cust_0614,2026-08-23,purchase,42.84
cust_0620,2026-08-23,visit,
cust_0627,2026-08-23,visit,
cust_0641,2026-08-23,purchase,65.93
cust_0648,2026-08-23,visit,
cust_0686,2026-08-23,visit,
cust_0688,2026-08-23,visit,
cust_0705,2026-08-23,visit,
cust_0710,2026-08-23,purchase,56.25
cust_0711,2026-08-23,purchase,52.3
cust_0717,2026-08-23,visit,
cust_0736,2026-08-23,visit,
cust_0767,2026-08-23,visit,
cust_0795,2026-08-23,purchase,23.22
cust_0799,2026-08-23,visit,
cust_0003,2026-08-24,purchase,24.62
cust_0046,2026-08-24,visit,
cust_0049,2026-08-24,purchase,52.44
cust_0051,2026-08-24,purchase,34.11
cust_0054,2026-08-24,visit,
cust_0059,2026-08-24,purchase,34.18
cust_0071,2026-08-24,visit,
cust_0094,2026-08-24,purchase,72.09
cust_0108,2026-08-24,visit,
cust_0136,2026-08-24,visit,
cust_0137,2026-08-24,purchase,44.36
cust_0150,2026-08-24,purchase,33.06
cust_0166,2026-08-24,purchase,57.27
cust_0170,2026-08-24,purchase,68.75
cust_0172,2026-08-24,visit,
cust_0226,2026-08-24,visit,
cust_0240,2026-08-24,visit,
cust_0251,2026-08-24,ticket,
cust_0253,2026-08-24,visit,
cust_0271,2026-08-24,purchase,31.08
cust_0284,2026-08-24,purchase,41.2
cust_0311,2026-08-24,visit,
cust_0342,2026-08-24,purchase,27.17
cust_0376,2026-08-24,purchase,59.3
cust_0383,2026-08-24,purchase,47.47
cust_0388,2026-08-24,visit,
cust_0390,2026-08-24,visit,
cust_0407,2026-08-24,visit,
cust_0412,2026-08-24,purchase,21.44
cust_0429,2026-08-24,ticket,
cust_0441,2026-08-24,visit,
cust_0449,2026-08-24,purchase,71.85
cust_0464,2026-08-24,ticket,
cust_0483,2026-08-24,visit,
cust_0506,2026-08-24,purchase,44.23
cust_0508,2026-08-24,visit,
cust_0521,2026-08-24,visit,
cust_0542,2026-08-24,visit,
cust_0562,2026-08-24,visit,
cust_0563,2026-08-24,visit,
cust_0597,2026-08-24,visit,
cust_0602,2026-08-24,purchase,53.77
cust_0606,2026-08-24,visit,
cust_0633,2026-08-24,visit,
cust_0636,2026-08-24,purchase,26.78
cust_0642,2026-08-24,purchase,15.04
cust_0644,2026-08-24,visit,
cust_0679,2026-08-24,purchase,37.24
cust_0733,2026-08-24,purchase,28.08
cust_0736,2026-08-24,purchase,21.56
cust_0745,2026-08-24,visit,
cust_0768,2026-08-24,purchase,121.87
cust_0788,2026-08-24,visit,
cust_0794,2026-08-24,visit,
cust_0018,2026-08-25,purchase,52.54
cust_0027,2026-08-25,visit,
cust_0034,2026-08-25,purchase,89.57
cust_0034,2026-08-25,refund,89.57
cust_0049,2026-08-25,purchase,55.7
cust_0058,2026-08-25,visit,
cust_0065,2026-08-25,visit,
cust_0071,2026-08-25,visit,
cust_0078,2026-08-25,visit,
cust_0083,2026-08-25,visit,
cust_0116,2026-08-25,purchase,26.76
cust_0147,2026-08-25,purchase,17.98
cust_0150,2026-08-25,visit,
cust_0163,2026-08-25,purchase,23.43
cust_0164,2026-08-25,visit,
cust_0169,2026-08-25,visit,
cust_0180,2026-08-25,visit,
cust_0186,2026-08-25,visit,
cust_0216,2026-08-25,purchase,46.11
cust_0220,2026-08-25,visit,
cust_0228,2026-08-25,visit,
cust_0238,2026-08-25,purchase,55.24
cust_0257,2026-08-25,visit,
cust_0271,2026-08-25,visit,
cust_0273,2026-08-25,purchase,37.99
cust_0301,2026-08-25,visit,
cust_0305,2026-08-25,visit,
cust_0317,2026-08-25,visit,
cust_0345,2026-08-25,visit,
cust_0378,2026-08-25,visit,
cust_0380,2026-08-25,visit,
cust_0387,2026-08-25,visit,
cust_0388,2026-08-25,purchase,46.83
cust_0391,2026-08-25,purchase,24.44
cust_0394,2026-08-25,visit,
cust_0401,2026-08-25,visit,
cust_0403,2026-08-25,visit,
cust_0415,2026-08-25,visit,
cust_0431,2026-08-25,visit,
cust_0433,2026-08-25,visit,
cust_0449,2026-08-25,visit,
cust_0454,2026-08-25,visit,
cust_0460,2026-08-25,purchase,23.08
cust_0479,2026-08-25,visit,
cust_0484,2026-08-25,visit,
cust_0501,2026-08-25,visit,
cust_0504,2026-08-25,visit,
cust_0511,2026-08-25,visit,
cust_0515,2026-08-25,visit,
cust_0531,2026-08-25,visit,
cust_0532,2026-08-25,visit,
cust_0539,2026-08-25,purchase,54.12
cust_0543,2026-08-25,visit,
cust_0555,2026-08-25,visit,
cust_0556,2026-08-25,purchase,25.06
cust_0559,2026-08-25,purchase,85.05
cust_0560,2026-08-25,visit,
cust_0579,2026-08-25,visit,
cust_0588,2026-08-25,visit,
cust_0677,2026-08-25,purchase,59.03
cust_0685,2026-08-25,ticket,
cust_0692,2026-08-25,purchase,41.45
cust_0714,2026-08-25,visit,
cust_0730,2026-08-25,purchase,65.3
cust_0748,2026-08-25,visit,
cust_0795,2026-08-25,visit,
cust_0796,2026-08-25,visit,
cust_0007,2026-08-26,visit,
cust_0016,2026-08-26,visit,
cust_0027,2026-08-26,visit,
cust_0028,2026-08-26,purchase,8.72
cust_0028,2026-08-26,refund,8.72
cust_0037,2026-08-26,visit,
cust_0051,2026-08-26,visit,
cust_0075,2026-08-26,purchase,16.76
cust_0075,2026-08-26,refund,16.76
cust_0084,2026-08-26,visit,
cust_0087,2026-08-26,visit,
cust_0088,2026-08-26,purchase,19.51
cust_0097,2026-08-26,visit,
cust_0101,2026-08-26,ticket,
cust_0107,2026-08-26,purchase,19.13
cust_0129,2026-08-26,visit,
cust_0136,2026-08-26,purchase,32.56
cust_0139,2026-08-26,purchase,26.92
cust_0173,2026-08-26,visit,
cust_0179,2026-08-26,purchase,71.92
cust_0180,2026-08-26,visit,
cust_0227,2026-08-26,visit,
cust_0249,2026-08-26,purchase,83.05
cust_0250,2026-08-26,visit,
cust_0263,2026-08-26,visit,
cust_0288,2026-08-26,purchase,15.41
cust_0303,2026-08-26,visit,
cust_0316,2026-08-26,visit,
cust_0333,2026-08-26,visit,
cust_0342,2026-08-26,visit,
cust_0365,2026-08-26,visit,
cust_0370,2026-08-26,visit,
cust_0376,2026-08-26,purchase,93.17
cust_0423,2026-08-26,visit,
cust_0457,2026-08-26,purchase,88.7
cust_0461,2026-08-26,visit,
cust_0477,2026-08-26,purchase,109.06
cust_0494,2026-08-26,visit,
cust_0509,2026-08-26,visit,
cust_0522,2026-08-26,purchase,11.6
cust_0584,2026-08-26,visit,
cust_0597,2026-08-26,purchase,43.19
cust_0608,2026-08-26,purchase,38.18
cust_0608,2026-08-26,refund,38.18
cust_0617,2026-08-26,visit,
cust_0656,2026-08-26,purchase,34.3
cust_0695,2026-08-26,purchase,38.82
cust_0711,2026-08-26,visit,
cust_0733,2026-08-26,visit,
cust_0747,2026-08-26,visit,
cust_0748,2026-08-26,purchase,27.06
cust_0762,2026-08-26,visit,
cust_0768,2026-08-26,visit,
cust_0788,2026-08-26,purchase,88.68
cust_0005,2026-08-27,visit,
cust_0020,2026-08-27,visit,
cust_0032,2026-08-27,visit,
cust_0035,2026-08-27,visit,
cust_0059,2026-08-27,purchase,27.85
cust_0068,2026-08-27,purchase,21.66
cust_0071,2026-08-27,visit,
cust_0073,2026-08-27,purchase,26.55
cust_0080,2026-08-27,visit,
cust_0083,2026-08-27,visit,
cust_0088,2026-08-27,purchase,49.1
cust_0113,2026-08-27,visit,
cust_0115,2026-08-27,purchase,74.62
cust_0143,2026-08-27,visit,
cust_0159,2026-08-27,visit,
cust_0167,2026-08-27,visit,
cust_0172,2026-08-27,visit,
cust_0174,2026-08-27,ticket,
cust_0175,2026-08-27,visit,
cust_0181,2026-08-27,visit,
cust_0221,2026-08-27,purchase,63.47
cust_0284,2026-08-27,visit,
cust_0298,2026-08-27,purchase,36.06
cust_0305,2026-08-27,visit,
cust_0314,2026-08-27,visit,
cust_0329,2026-08-27,purchase,55.77
cust_0391,2026-08-27,purchase,38.66
cust_0394,2026-08-27,visit,
cust_0400,2026-08-27,visit,
cust_0407,2026-08-27,visit,
cust_0423,2026-08-27,purchase,29.08
cust_0442,2026-08-27,visit,
cust_0445,2026-08-27,visit,
cust_0458,2026-08-27,purchase,44.35
cust_0485,2026-08-27,visit,
cust_0497,2026-08-27,visit,
cust_0509,2026-08-27,visit,
cust_0525,2026-08-27,visit,
cust_0526,2026-08-27,visit,
cust_0555,2026-08-27,visit,
cust_0561,2026-08-27,purchase,24.37
cust_0582,2026-08-27,visit,
cust_0612,2026-08-27,visit,
cust_0630,2026-08-27,visit,
cust_0636,2026-08-27,purchase,45.47
cust_0666,2026-08-27,visit,
cust_0668,2026-08-27,visit,
cust_0677,2026-08-27,purchase,20.75
cust_0681,2026-08-27,visit,
cust_0702,2026-08-27,purchase,16.59
cust_0709,2026-08-27,purchase,18.08
cust_0733,2026-08-27,visit,
cust_0736,2026-08-27,visit,
cust_0737,2026-08-27,purchase,45.48
cust_0739,2026-08-27,visit,
cust_0742,2026-08-27,visit,
cust_0743,2026-08-27,visit,
cust_0759,2026-08-27,visit,
cust_0782,2026-08-27,visit,
cust_0787,2026-08-27,purchase,24.13
cust_0005,2026-08-28,visit,
cust_0054,2026-08-28,visit,
cust_0068,2026-08-28,purchase,19.99
cust_0069,2026-08-28,visit,
cust_0084,2026-08-28,purchase,32.82
cust_0107,2026-08-28,visit,
cust_0113,2026-08-28,ticket,
cust_0116,2026-08-28,purchase,90.39
cust_0125,2026-08-28,visit,
cust_0170,2026-08-28,visit,
cust_0181,2026-08-28,visit,
cust_0201,2026-08-28,visit,
cust_0258,2026-08-28,visit,
cust_0284,2026-08-28,purchase,12.94
cust_0294,2026-08-28,visit,
cust_0305,2026-08-28,purchase,29.12
cust_0326,2026-08-28,ticket,
cust_0334,2026-08-28,visit,
cust_0382,2026-08-28,visit,
cust_0416,2026-08-28,purchase,88.42
cust_0436,2026-08-28,visit,
cust_0446,2026-08-28,purchase,12.23
cust_0449,2026-08-28,visit,
cust_0457,2026-08-28,purchase,28.9
cust_0462,2026-08-28,ticket,
cust_0475,2026-08-28,visit,
cust_0480,2026-08-28,visit,
cust_0503,2026-08-28,purchase,12.78
cust_0507,2026-08-28,visit,
cust_0517,2026-08-28,visit,
cust_0522,2026-08-28,purchase,24.44
cust_0526,2026-08-28,visit,
cust_0539,2026-08-28,purchase,44.69
cust_0541,2026-08-28,visit,
cust_0578,2026-08-28,visit,
cust_0601,2026-08-28,purchase,29.64
cust_0614,2026-08-28,visit,
cust_0618,2026-08-28,visit,
cust_0669,2026-08-28,purchase,69.42
cust_0670,2026-08-28,visit,
cust_0703,2026-08-28,visit,
cust_0709,2026-08-28,visit,
cust_0728,2026-08-28,ticket,
cust_0742,2026-08-28,visit,
cust_0747,2026-08-28,purchase,58.67
cust_0767,2026-08-28,visit,
cust_0770,2026-08-28,purchase,87.79
cust_0783,2026-08-28,purchase,108.61
cust_0795,2026-08-28,visit,
cust_0002,2026-08-29,purchase,26.38
cust_0029,2026-08-29,visit,
cust_0033,2026-08-29,visit,
cust_0034,2026-08-29,purchase,19.75
cust_0036,2026-08-29,visit,
cust_0047,2026-08-29,purchase,36.11
cust_0051,2026-08-29,ticket,
cust_0068,2026-08-29,purchase,31.95
cust_0069,2026-08-29,visit,
cust_0070,2026-08-29,purchase,20.79
cust_0082,2026-08-29,visit,
cust_0102,2026-08-29,visit,
cust_0103,2026-08-29,purchase,62.1
cust_0112,2026-08-29,purchase,18.52
cust_0139,2026-08-29,purchase,48.44
cust_0143,2026-08-29,visit,
cust_0147,2026-08-29,visit,
cust_0148,2026-08-29,visit,
cust_0160,2026-08-29,visit,
cust_0162,2026-08-29,purchase,23.73
cust_0181,2026-08-29,visit,
cust_0225,2026-08-29,visit,
cust_0247,2026-08-29,visit,
cust_0279,2026-08-29,purchase,16.64
cust_0285,2026-08-29,purchase,38.78
cust_0285,2026-08-29,refund,38.78
cust_0317,2026-08-29,purchase,19.9
cust_0338,2026-08-29,visit,
cust_0372,2026-08-29,visit,
cust_0383,2026-08-29,purchase,27.12
cust_0388,2026-08-29,visit,
cust_0400,2026-08-29,visit,
cust_0402,2026-08-29,purchase,67.78
cust_0402,2026-08-29,refund,67.78
cust_0404,2026-08-29,visit,
cust_0406,2026-08-29,visit,
cust_0409,2026-08-29,visit,
cust_0420,2026-08-29,purchase,69.07
cust_0433,2026-08-29,visit,
cust_0436,2026-08-29,purchase,23.57
cust_0477,2026-08-29,visit,
cust_0485,2026-08-29,visit,
cust_0489,2026-08-29,purchase,39.73
cust_0508,2026-08-29,visit,
cust_0512,2026-08-29,visit,
cust_0517,2026-08-29,purchase,30.23
cust_0553,2026-08-29,visit,
cust_0580,2026-08-29,purchase,62.83
cust_0580,2026-08-29,refund,62.83
cust_0606,2026-08-29,visit,
cust_0633,2026-08-29,purchase,20.89
cust_0673,2026-08-29,visit,
cust_0680,2026-08-29,purchase,53.6
cust_0684,2026-08-29,visit,
cust_0688,2026-08-29,visit,
cust_0692,2026-08-29,visit,
cust_0695,2026-08-29,visit,
cust_0723,2026-08-29,visit,
cust_0730,2026-08-29,visit,
cust_0733,2026-08-29,visit,
cust_0740,2026-08-29,purchase,46.62
cust_0763,2026-08-29,purchase,44.24
cust_0795,2026-08-29,visit,
cust_0000,2026-08-30,visit,
cust_0016,2026-08-30,visit,
cust_0019,2026-08-30,visit,
cust_0033,2026-08-30,visit,
cust_0035,2026-08-30,visit,
cust_0039,2026-08-30,purchase,64.37
cust_0045,2026-08-30,visit,
cust_0073,2026-08-30,purchase,75.49
cust_0075,2026-08-30,visit,
cust_0077,2026-08-30,purchase,57.46
cust_0096,2026-08-30,visit,
cust_0118,2026-08-30,visit,
cust_0163,2026-08-30,purchase,78.53
cust_0194,2026-08-30,ticket,
cust_0221,2026-08-30,purchase,61.83
cust_0232,2026-08-30,visit,
cust_0253,2026-08-30,purchase,74.73
cust_0261,2026-08-30,purchase,34.97
cust_0267,2026-08-30,visit,
cust_0291,2026-08-30,purchase,33.94
cust_0292,2026-08-30,visit,
cust_0294,2026-08-30,purchase,30.7
cust_0301,2026-08-30,visit,
cust_0303,2026-08-30,visit,
cust_0321,2026-08-30,visit,
cust_0348,2026-08-30,purchase,57.05
cust_0359,2026-08-30,purchase,34.88
cust_0374,2026-08-30,visit,
cust_0388,2026-08-30,purchase,34.18
cust_0388,2026-08-30,refund,34.18
cust_0389,2026-08-30,visit,
cust_0420,2026-08-30,purchase,39.13
cust_0423,2026-08-30,visit,
cust_0433,2026-08-30,visit,
cust_0440,2026-08-30,purchase,13.06
cust_0446,2026-08-30,purchase,33.33
cust_0456,2026-08-30,purchase,24.63
cust_0460,2026-08-30,purchase,14.67
cust_0461,2026-08-30,visit,
cust_0464,2026-08-30,purchase,59.68
cust_0467,2026-08-30,visit,
cust_0475,2026-08-30,visit,
cust_0484,2026-08-30,visit,
cust_0489,2026-08-30,purchase,53.51
cust_0506,2026-08-30,visit,
cust_0511,2026-08-30,purchase,29.57
cust_0517,2026-08-30,visit,
cust_0522,2026-08-30,visit,
cust_0523,2026-08-30,purchase,37.87
cust_0531,2026-08-30,purchase,38.14
cust_0532,2026-08-30,visit,
cust_0539,2026-08-30,visit,
cust_0540,2026-08-30,ticket,
cust_0566,2026-08-30,purchase,60.76
cust_0570,2026-08-30,visit,
cust_0594,2026-08-30,visit,
cust_0627,2026-08-30,purchase,16.64
cust_0637,2026-08-30,visit,
cust_0653,2026-08-30,visit,
cust_0668,2026-08-30,visit,
cust_0670,2026-08-30,visit,
cust_0692,2026-08-30,visit,
cust_0699,2026-08-30,visit,
cust_0756,2026-08-30,purchase,88.86
cust_0773,2026-08-30,visit,
cust_0784,2026-08-30,visit,
cust_0798,2026-08-30,visit,
cust_0799,2026-08-30,purchase,31.92
cust_0018,2026-08-31,purchase,33.06
cust_0033,2026-08-31,visit,
cust_0043,2026-08-31,visit,
cust_0052,2026-08-31,ticket,
cust_0068,2026-08-31,visit,
cust_0101,2026-08-31,purchase,64.48
cust_0106,2026-08-31,visit,
cust_0113,2026-08-31,visit,
cust_0115,2026-08-31,visit,
cust_0125,2026-08-31,visit,
cust_0139,2026-08-31,purchase,34.43
cust_0142,2026-08-31,visit,
cust_0167,2026-08-31,visit,
cust_0171,2026-08-31,purchase,29.87
cust_0181,2026-08-31,purchase,30.0
cust_0192,2026-08-31,purchase,42.94
cust_0193,2026-08-31,visit,
cust_0211,2026-08-31,visit,
cust_0219,2026-08-31,purchase,61.38
cust_0224,2026-08-31,purchase,68.47
cust_0231,2026-08-31,visit,
cust_0257,2026-08-31,visit,
cust_0263,2026-08-31,visit,
cust_0264,2026-08-31,visit,
cust_0296,2026-08-31,visit,
cust_0305,2026-08-31,visit,
cust_0317,2026-08-31,visit,
cust_0325,2026-08-31,purchase,28.13
cust_0342,2026-08-31,ticket,
cust_0350,2026-08-31,purchase,64.57
cust_0376,2026-08-31,purchase,28.76
cust_0389,2026-08-31,visit,
cust_0391,2026-08-31,visit,
cust_0392,2026-08-31,purchase,22.46
cust_0410,2026-08-31,visit,
cust_0440,2026-08-31,visit,
cust_0476,2026-08-31,purchase,21.78
cust_0490,2026-08-31,purchase,7.61
cust_0496,2026-08-31,visit,
cust_0524,2026-08-31,visit,
cust_0525,2026-08-31,visit,
cust_0573,2026-08-31,purchase,32.68
cust_0580,2026-08-31,visit,
cust_0618,2026-08-31,visit,
cust_0635,2026-08-31,visit,
cust_0637,2026-08-31,visit,
cust_0643,2026-08-31,visit,
cust_0647,2026-08-31,visit,
cust_0657,2026-08-31,visit,
cust_0730,2026-08-31,visit,
cust_0772,2026-08-31,visit,
cust_0005,2026-09-01,visit,
cust_0017,2026-09-01,visit,
cust_0027,2026-09-01,visit,
cust_0028,2026-09-01,purchase,39.47
cust_0028,2026-09-01,refund,39.47
cust_0032,2026-09-01,purchase,34.29
cust_0046,2026-09-01,visit,
cust_0047,2026-09-01,purchase,61.43
cust_0047,2026-09-01,refund,61.43
cust_0056,2026-09-01,visit,
cust_0071,2026-09-01,purchase,40.71
cust_0077,2026-09-01,visit,
cust_0087,2026-09-01,visit,
cust_0114,2026-09-01,visit,
cust_0116,2026-09-01,visit,
cust_0136,2026-09-01,visit,
cust_0142,2026-09-01,purchase,33.68
cust_0142,2026-09-01,refund,33.68
cust_0146,2026-09-01,purchase,25.38
cust_0147,2026-09-01,visit,
cust_0173,2026-09-01,visit,
cust_0182,2026-09-01,visit,
cust_0185,2026-09-01,purchase,35.16
cust_0191,2026-09-01,purchase,40.69
cust_0194,2026-09-01,purchase,20.34
cust_0208,2026-09-01,purchase,34.88
cust_0216,2026-09-01,purchase,30.4
cust_0220,2026-09-01,purchase,35.04
cust_0242,2026-09-01,purchase,69.43
cust_0245,2026-09-01,purchase,37.45
cust_0251,2026-09-01,visit,
cust_0263,2026-09-01,visit,
cust_0264,2026-09-01,visit,
cust_0325,2026-09-01,visit,
cust_0373,2026-09-01,visit,
cust_0388,2026-09-01,purchase,54.8
cust_0401,2026-09-01,visit,
cust_0414,2026-09-01,purchase,24.42
cust_0427,2026-09-01,purchase,25.1
cust_0427,2026-09-01,refund,25.1
cust_0432,2026-09-01,purchase,125.62
cust_0436,2026-09-01,visit,
cust_0457,2026-09-01,purchase,41.81
cust_0490,2026-09-01,visit,
cust_0494,2026-09-01,purchase,92.12
cust_0496,2026-09-01,visit,
cust_0502,2026-09-01,visit,
cust_0508,2026-09-01,purchase,24.39
cust_0525,2026-09-01,visit,
cust_0540,2026-09-01,visit,
cust_0542,2026-09-01,visit,
cust_0568,2026-09-01,visit,
cust_0585,2026-09-01,purchase,10.51
cust_0592,2026-09-01,purchase,33.9
cust_0593,2026-09-01,purchase,28.88
cust_0603,2026-09-01,visit,
cust_0614,2026-09-01,visit,
cust_0620,2026-09-01,purchase,36.41
cust_0632,2026-09-01,visit,
cust_0633,2026-09-01,purchase,14.73
cust_0670,2026-09-01,visit,
cust_0674,2026-09-01,purchase,44.26
cust_0695,2026-09-01,visit,
cust_0715,2026-09-01,purchase,43.6
cust_0734,2026-09-01,visit,
cust_0747,2026-09-01,visit,
cust_0759,2026-09-01,purchase,37.43
cust_0770,2026-09-01,visit,
cust_0776,2026-09-01,purchase,46.85
cust_0002,2026-09-02,purchase,39.19
cust_0012,2026-09-02,visit,
cust_0017,2026-09-02,visit,
cust_0046,2026-09-02,visit,
cust_0065,2026-09-02,purchase,64.89
cust_0067,2026-09-02,visit,
cust_0074,2026-09-02,purchase,37.71
cust_0081,2026-09-02,visit,
cust_0086,2026-09-02,purchase,63.43
cust_0105,2026-09-02,visit,
cust_0114,2026-09-02,visit,
cust_0116,2026-09-02,visit,
cust_0173,2026-09-02,visit,
cust_0194,2026-09-02,visit,
cust_0207,2026-09-02,visit,
cust_0212,2026-09-02,visit,
cust_0215,2026-09-02,purchase,49.24
cust_0218,2026-09-02,visit,
cust_0224,2026-09-02,ticket,
cust_0226,2026-09-02,purchase,57.9
cust_0267,2026-09-02,purchase,38.79
cust_0276,2026-09-02,visit,
cust_0287,2026-09-02,visit,
cust_0288,2026-09-02,purchase,19.5
cust_0290,2026-09-02,purchase,28.45
cust_0294,2026-09-02,visit,
cust_0316,2026-09-02,visit,
cust_0333,2026-09-02,purchase,22.42
cust_0351,2026-09-02,purchase,63.02
cust_0352,2026-09-02,visit,
cust_0365,2026-09-02,visit,
cust_0378,2026-09-02,purchase,55.73
cust_0379,2026-09-02,purchase,30.6
cust_0386,2026-09-02,purchase,29.22
cust_0396,2026-09-02,purchase,18.74
cust_0399,2026-09-02,visit,
cust_0407,2026-09-02,visit,
cust_0420,2026-09-02,visit,
cust_0424,2026-09-02,visit,
cust_0430,2026-09-02,visit,
cust_0441,2026-09-02,visit,
cust_0459,2026-09-02,visit,
cust_0461,2026-09-02,visit,
cust_0506,2026-09-02,visit,
cust_0531,2026-09-02,visit,
cust_0532,2026-09-02,visit,
cust_0562,2026-09-02,visit,
cust_0578,2026-09-02,visit,
cust_0579,2026-09-02,purchase,28.49
cust_0592,2026-09-02,purchase,38.88
cust_0594,2026-09-02,visit,
cust_0606,2026-09-02,purchase,40.2
cust_0625,2026-09-02,ticket,
cust_0635,2026-09-02,visit,
cust_0642,2026-09-02,visit,
cust_0651,2026-09-02,visit,
cust_0662,2026-09-02,visit,
cust_0677,2026-09-02,purchase,66.21
cust_0687,2026-09-02,visit,
cust_0696,2026-09-02,visit,
cust_0706,2026-09-02,visit,
cust_0717,2026-09-02,visit,
cust_0734,2026-09-02,visit,
cust_0743,2026-09-02,purchase,51.13
cust_0783,2026-09-02,purchase,53.05
cust_0002,2026-09-03,purchase,40.96
cust_0005,2026-09-03,visit,
cust_0017,2026-09-03,visit,
cust_0034,2026-09-03,visit,
cust_0043,2026-09-03,visit,
cust_0055,2026-09-03,visit,
cust_0059,2026-09-03,visit,
cust_0105,2026-09-03,visit,
cust_0107,2026-09-03,visit,
cust_0124,2026-09-03,purchase,50.25
cust_0136,2026-09-03,purchase,22.88
cust_0143,2026-09-03,purchase,28.43
cust_0155,2026-09-03,visit,
cust_0164,2026-09-03,purchase,19.63
cust_0220,2026-09-03,purchase,38.9
cust_0221,2026-09-03,visit,
cust_0231,2026-09-03,visit,
cust_0251,2026-09-03,visit,
cust_0273,2026-09-03,visit,
cust_0282,2026-09-03,visit,
cust_0315,2026-09-03,visit,
cust_0321,2026-09-03,purchase,29.06
cust_0325,2026-09-03,visit,
cust_0327,2026-09-03,visit,
cust_0380,2026-09-03,visit,
cust_0391,2026-09-03,visit,
cust_0460,2026-09-03,visit,
cust_0483,2026-09-03,visit,
cust_0492,2026-09-03,visit,
cust_0522,2026-09-03,visit,
cust_0558,2026-09-03,visit,
cust_0560,2026-09-03,purchase,17.78
cust_0574,2026-09-03,purchase,45.34
cust_0594,2026-09-03,visit,
cust_0598,2026-09-03,purchase,26.97
cust_0603,2026-09-03,ticket,
cust_0622,2026-09-03,ticket,
cust_0633,2026-09-03,purchase,24.81
cust_0643,2026-09-03,visit,
cust_0669,2026-09-03,visit,
cust_0679,2026-09-03,purchase,16.84
cust_0706,2026-09-03,visit,
cust_0715,2026-09-03,visit,
cust_0728,2026-09-03,visit,
cust_0746,2026-09-03,purchase,30.67
cust_0770,2026-09-03,visit,
cust_0796,2026-09-03,visit,
cust_0005,2026-09-04,visit,
cust_0010,2026-09-04,visit,
cust_0033,2026-09-04,visit,
cust_0035,2026-09-04,visit,
cust_0043,2026-09-04,purchase,34.58
cust_0047,2026-09-04,purchase,28.71
cust_0057,2026-09-04,visit,
cust_0058,2026-09-04,purchase,33.13
cust_0074,2026-09-04,purchase,121.81
cust_0074,2026-09-04,refund,121.81
cust_0104,2026-09-04,visit,
cust_0105,2026-09-04,visit,
cust_0112,2026-09-04,visit,
cust_0129,2026-09-04,visit,
cust_0143,2026-09-04,purchase,22.14
cust_0173,2026-09-04,visit,
cust_0185,2026-09-04,visit,
cust_0216,2026-09-04,purchase,38.53
cust_0259,2026-09-04,visit,
cust_0273,2026-09-04,visit,
cust_0342,2026-09-04,visit,
cust_0350,2026-09-04,purchase,36.31
cust_0380,2026-09-04,visit,
cust_0385,2026-09-04,purchase,16.13
cust_0385,2026-09-04,refund,16.13
cust_0387,2026-09-04,visit,
cust_0399,2026-09-04,purchase,29.93
cust_0399,2026-09-04,refund,29.93
cust_0436,2026-09-04,visit,
cust_0462,2026-09-04,purchase,39.69
cust_0464,2026-09-04,visit,
cust_0477,2026-09-04,visit,
cust_0479,2026-09-04,visit,
cust_0535,2026-09-04,visit,
cust_0540,2026-09-04,visit,
cust_0541,2026-09-04,visit,
cust_0560,2026-09-04,visit,
cust_0597,2026-09-04,purchase,19.16
cust_0598,2026-09-04,purchase,98.75
cust_0605,2026-09-04,visit,
cust_0618,2026-09-04,visit,
cust_0630,2026-09-04,purchase,127.34
cust_0643,2026-09-04,purchase,21.89
cust_0647,2026-09-04,visit,
cust_0659,2026-09-04,purchase,15.78
cust_0669,2026-09-04,visit,
cust_0670,2026-09-04,visit,
cust_0673,2026-09-04,visit,
cust_0695,2026-09-04,visit,
cust_0701,2026-09-04,visit,
cust_0707,2026-09-04,purchase,18.03
cust_0720,2026-09-04,visit,
cust_0725,2026-09-04,visit,
cust_0726,2026-09-04,visit,
cust_0740,2026-09-04,visit,
cust_0762,2026-09-04,visit,
cust_0785,2026-09-04,visit,
cust_0796,2026-09-04,visit,
cust_0007,2026-09-05,visit,
cust_0017,2026-09-05,purchase,55.42
cust_0018,2026-09-05,visit,
cust_0050,2026-09-05,visit,
cust_0059,2026-09-05,visit,
cust_0067,2026-09-05,visit,
cust_0085,2026-09-05,visit,
cust_0097,2026-09-05,purchase,40.08
cust_0114,2026-09-05,visit,
cust_0116,2026-09-05,visit,
cust_0137,2026-09-05,purchase,13.9
cust_0148,2026-09-05,purchase,67.76
cust_0158,2026-09-05,visit,
cust_0169,2026-09-05,visit,
cust_0182,2026-09-05,visit,
cust_0193,2026-09-05,purchase,51.69
cust_0195,2026-09-05,purchase,25.29
cust_0221,2026-09-05,purchase,41.37
cust_0247,2026-09-05,visit,
cust_0264,2026-09-05,visit,
cust_0279,2026-09-05,visit,
cust_0283,2026-09-05,visit,
cust_0294,2026-09-05,visit,
cust_0301,2026-09-05,purchase,9.79
cust_0319,2026-09-05,visit,
cust_0321,2026-09-05,purchase,15.53
cust_0352,2026-09-05,purchase,26.52
cust_0359,2026-09-05,visit,
cust_0365,2026-09-05,purchase,38.13
cust_0370,2026-09-05,visit,
cust_0400,2026-09-05,visit,
cust_0459,2026-09-05,purchase,47.74
cust_0466,2026-09-05,visit,
cust_0495,2026-09-05,visit,
cust_0501,2026-09-05,visit,
cust_0535,2026-09-05,visit,
cust_0543,2026-09-05,visit,
cust_0564,2026-09-05,visit,
cust_0567,2026-09-05,visit,
cust_0592,2026-09-05,visit,
cust_0594,2026-09-05,visit,
cust_0608,2026-09-05,purchase,93.02
cust_0614,2026-09-05,ticket,
cust_0625,2026-09-05,visit,
cust_0648,2026-09-05,visit,
cust_0651,2026-09-05,visit,
cust_0695,2026-09-05,visit,
cust_0708,2026-09-05,visit,
cust_0711,2026-09-05,purchase,28.05
cust_0714,2026-09-05,purchase,90.7
cust_0714,2026-09-05,refund,90.7
cust_0715,2026-09-05,visit,
cust_0725,2026-09-05,visit,
cust_0729,2026-09-05,visit,
cust_0736,2026-09-05,visit,
cust_0737,2026-09-05,visit,
cust_0756,2026-09-05,visit,
cust_0778,2026-09-05,visit,
cust_0785,2026-09-05,purchase,74.66
cust_0785,2026-09-05,refund,74.66
cust_0792,2026-09-05,visit,
cust_0793,2026-09-05,visit,
cust_0011,2026-09-06,purchase,16.18
cust_0016,2026-09-06,visit,
cust_0037,2026-09-06,visit,
cust_0056,2026-09-06,visit,
cust_0058,2026-09-06,visit,
cust_0067,2026-09-06,visit,
cust_0071,2026-09-06,visit,
cust_0077,2026-09-06,purchase,60.11
cust_0101,2026-09-06,visit,
cust_0108,2026-09-06,purchase,30.64
cust_0125,2026-09-06,visit,
cust_0139,2026-09-06,visit,
cust_0150,2026-09-06,visit,
cust_0161,2026-09-06,visit,
cust_0165,2026-09-06,visit,
cust_0192,2026-09-06,visit,
cust_0193,2026-09-06,visit,
cust_0215,2026-09-06,visit,
cust_0218,2026-09-06,visit,
cust_0220,2026-09-06,purchase,71.08
cust_0244,2026-09-06,visit,
cust_0259,2026-09-06,purchase,14.43
cust_0261,2026-09-06,visit,
cust_0282,2026-09-06,visit,
cust_0285,2026-09-06,purchase,50.05
cust_0297,2026-09-06,visit,
cust_0301,2026-09-06,visit,
cust_0320,2026-09-06,visit,
cust_0334,2026-09-06,purchase,17.23
cust_0352,2026-09-06,visit,
cust_0360,2026-09-06,purchase,82.13
cust_0372,2026-09-06,visit,
cust_0420,2026-09-06,visit,
cust_0423,2026-09-06,purchase,14.35
cust_0440,2026-09-06,purchase,48.29
cust_0470,2026-09-06,purchase,30.31
cust_0489,2026-09-06,visit,
cust_0497,2026-09-06,purchase,35.96
cust_0504,2026-09-06,purchase,29.6
cust_0509,2026-09-06,visit,
cust_0510,2026-09-06,purchase,73.72
cust_0513,2026-09-06,visit,
cust_0526,2026-09-06,visit,
cust_0532,2026-09-06,ticket,
cust_0536,2026-09-06,visit,
cust_0558,2026-09-06,visit,
cust_0560,2026-09-06,visit,
cust_0574,2026-09-06,visit,
cust_0613,2026-09-06,purchase,14.8
cust_0681,2026-09-06,purchase,38.08
cust_0688,2026-09-06,visit,
cust_0697,2026-09-06,visit,
cust_0701,2026-09-06,visit,
cust_0713,2026-09-06,visit,
cust_0719,2026-09-06,visit,
cust_0722,2026-09-06,visit,
cust_0734,2026-09-06,visit,
cust_0738,2026-09-06,visit,
cust_0766,2026-09-06,visit,
cust_0792,2026-09-06,visit,
cust_0796,2026-09-06,visit,
cust_0011,2026-09-07,visit,
cust_0014,2026-09-07,visit,
cust_0021,2026-09-07,visit,
cust_0050,2026-09-07,visit,
cust_0051,2026-09-07,visit,
cust_0052,2026-09-07,visit,
cust_0075,2026-09-07,ticket,
cust_0080,2026-09-07,purchase,34.27
cust_0083,2026-09-07,visit,
cust_0129,2026-09-07,visit,
cust_0134,2026-09-07,purchase,23.09
cust_0141,2026-09-07,purchase,24.67
cust_0168,2026-09-07,purchase,19.34
cust_0174,2026-09-07,purchase,115.43
cust_0185,2026-09-07,visit,
cust_0191,2026-09-07,visit,
cust_0192,2026-09-07,visit,
cust_0204,2026-09-07,visit,
cust_0210,2026-09-07,visit,
cust_0241,2026-09-07,purchase,46.52
cust_0247,2026-09-07,visit,
cust_0256,2026-09-07,visit,
cust_0279,2026-09-07,visit,
cust_0285,2026-09-07,visit,
cust_0301,2026-09-07,visit,
cust_0319,2026-09-07,purchase,75.18
cust_0320,2026-09-07,visit,
cust_0333,2026-09-07,purchase,37.48
cust_0350,2026-09-07,purchase,26.15
cust_0419,2026-09-07,visit,
cust_0449,2026-09-07,purchase,25.67
cust_0462,2026-09-07,visit,
cust_0466,2026-09-07,purchase,20.73
cust_0496,2026-09-07,visit,
cust_0517,2026-09-07,visit,
cust_0553,2026-09-07,purchase,116.53
cust_0570,2026-09-07,purchase,28.33
cust_0588,2026-09-07,purchase,111.62
cust_0592,2026-09-07,visit,
cust_0604,2026-09-07,visit,
cust_0612,2026-09-07,purchase,62.87
cust_0635,2026-09-07,visit,
cust_0644,2026-09-07,visit,
cust_0652,2026-09-07,visit,
cust_0653,2026-09-07,purchase,27.46
cust_0656,2026-09-07,purchase,33.38
cust_0672,2026-09-07,purchase,26.09
cust_0708,2026-09-07,purchase,28.27
cust_0734,2026-09-07,visit,
cust_0743,2026-09-07,visit,
cust_0747,2026-09-07,visit,
cust_0763,2026-09-07,purchase,43.11
cust_0766,2026-09-07,purchase,15.15
cust_0768,2026-09-07,purchase,12.09
cust_0776,2026-09-07,visit,
cust_0002,2026-09-08,purchase,68.59
cust_0055,2026-09-08,visit,
cust_0067,2026-09-08,purchase,30.73
cust_0067,2026-09-08,refund,30.73
cust_0068,2026-09-08,visit,
cust_0070,2026-09-08,purchase,20.89
cust_0073,2026-09-08,visit,
cust_0078,2026-09-08,purchase,26.69
cust_0083,2026-09-08,purchase,22.19
cust_0086,2026-09-08,visit,
cust_0101,2026-09-08,purchase,50.77
cust_0113,2026-09-08,visit,
cust_0124,2026-09-08,purchase,49.89
cust_0125,2026-09-08,purchase,31.99
cust_0148,2026-09-08,visit,
cust_0167,2026-09-08,purchase,26.95
cust_0175,2026-09-08,visit,
cust_0191,2026-09-08,visit,
cust_0192,2026-09-08,purchase,20.2
cust_0194,2026-09-08,visit,
cust_0197,2026-09-08,purchase,14.56
cust_0245,2026-09-08,visit,
cust_0250,2026-09-08,visit,
cust_0251,2026-09-08,visit,
cust_0258,2026-09-08,purchase,41.85
cust_0259,2026-09-08,visit,
cust_0266,2026-09-08,purchase,27.54
cust_0273,2026-09-08,purchase,31.45
cust_0305,2026-09-08,visit,
cust_0328,2026-09-08,purchase,52.99
cust_0341,2026-09-08,visit,
cust_0352,2026-09-08,purchase,25.65
cust_0359,2026-09-08,purchase,46.29
cust_0390,2026-09-08,visit,
cust_0394,2026-09-08,purchase,64.86
cust_0395,2026-09-08,purchase,39.51
cust_0399,2026-09-08,visit,
cust_0423,2026-09-08,visit,
cust_0435,2026-09-08,visit,
cust_0445,2026-09-08,purchase,48.57
cust_0445,2026-09-08,refund,48.57
cust_0457,2026-09-08,visit,
cust_0458,2026-09-08,visit,
cust_0524,2026-09-08,visit,
cust_0526,2026-09-08,visit,
cust_0539,2026-09-08,visit,
cust_0548,2026-09-08,visit,
cust_0553,2026-09-08,purchase,28.52
cust_0581,2026-09-08,purchase,30.28
cust_0600,2026-09-08,ticket,
cust_0620,2026-09-08,visit,
cust_0641,2026-09-08,purchase,20.0
cust_0647,2026-09-08,visit,
cust_0652,2026-09-08,purchase,34.22
cust_0670,2026-09-08,visit,
cust_0705,2026-09-08,visit,
cust_0711,2026-09-08,visit,
cust_0736,2026-09-08,purchase,26.09
cust_0740,2026-09-08,purchase,54.45
cust_0743,2026-09-08,visit,
cust_0756,2026-09-08,purchase,27.4
cust_0016,2026-09-09,purchase,61.21
cust_0016,2026-09-09,refund,61.21
cust_0027,2026-09-09,visit,
cust_0033,2026-09-09,visit,
cust_0040,2026-09-09,visit,
cust_0045,2026-09-09,purchase,19.08
cust_0049,2026-09-09,visit,
cust_0056,2026-09-09,visit,
cust_0060,2026-09-09,visit,
cust_0065,2026-09-09,visit,
cust_0072,2026-09-09,visit,
cust_0083,2026-09-09,purchase,33.71
cust_0085,2026-09-09,purchase,15.0
cust_0094,2026-09-09,purchase,33.45
cust_0095,2026-09-09,visit,
cust_0100,2026-09-09,purchase,37.2
cust_0102,2026-09-09,purchase,49.19
cust_0103,2026-09-09,visit,
cust_0105,2026-09-09,visit,
cust_0106,2026-09-09,visit,
cust_0131,2026-09-09,visit,
cust_0137,2026-09-09,visit,
cust_0142,2026-09-09,visit,
cust_0155,2026-09-09,purchase,14.82
cust_0171,2026-09-09,visit,
cust_0174,2026-09-09,ticket,
cust_0178,2026-09-09,visit,
cust_0208,2026-09-09,purchase,20.64
cust_0210,2026-09-09,purchase,27.76
cust_0212,2026-09-09,visit,
cust_0228,2026-09-09,purchase,17.61
cust_0258,2026-09-09,purchase,53.48
cust_0264,2026-09-09,purchase,33.17
cust_0284,2026-09-09,purchase,25.15
cust_0384,2026-09-09,purchase,34.59
cust_0399,2026-09-09,purchase,23.21
cust_0399,2026-09-09,refund,23.21
cust_0406,2026-09-09,visit,
cust_0412,2026-09-09,visit,
cust_0432,2026-09-09,purchase,26.48
cust_0458,2026-09-09,visit,
cust_0479,2026-09-09,visit,
cust_0480,2026-09-09,purchase,56.32
cust_0483,2026-09-09,purchase,28.32
cust_0485,2026-09-09,visit,
cust_0486,2026-09-09,purchase,35.89
cust_0492,2026-09-09,visit,
cust_0497,2026-09-09,visit,
cust_0526,2026-09-09,visit,
cust_0535,2026-09-09,ticket,
cust_0542,2026-09-09,visit,
cust_0543,2026-09-09,visit,
cust_0555,2026-09-09,visit,
cust_0559,2026-09-09,purchase,36.77
cust_0577,2026-09-09,visit,
cust_0578,2026-09-09,purchase,33.52
cust_0597,2026-09-09,visit,
cust_0606,2026-09-09,purchase,29.24
cust_0611,2026-09-09,purchase,39.86
cust_0611,2026-09-09,refund,39.86
cust_0613,2026-09-09,purchase,20.32
cust_0617,2026-09-09,purchase,32.96
cust_0625,2026-09-09,purchase,35.96
cust_0633,2026-09-09,ticket,
cust_0636,2026-09-09,purchase,38.4
cust_0659,2026-09-09,visit,
cust_0677,2026-09-09,visit,
cust_0684,2026-09-09,purchase,40.64
cust_0697,2026-09-09,purchase,24.76
cust_0703,2026-09-09,purchase,21.56
cust_0719,2026-09-09,purchase,39.78
cust_0720,2026-09-09,purchase,22.81
cust_0722,2026-09-09,visit,
cust_0728,2026-09-09,visit,
cust_0740,2026-09-09,visit,
cust_0768,2026-09-09,ticket,
cust_0786,2026-09-09,visit,
cust_0000,2026-09-10,visit,
cust_0002,2026-09-10,purchase,35.99
cust_0010,2026-09-10,visit,
cust_0017,2026-09-10,visit,
cust_0026,2026-09-10,ticket,
cust_0068,2026-09-10,visit,
cust_0083,2026-09-10,visit,
cust_0084,2026-09-10,purchase,52.34
cust_0092,2026-09-10,purchase,49.9
cust_0094,2026-09-10,visit,
cust_0095,2026-09-10,purchase,22.67
cust_0096,2026-09-10,purchase,62.72
cust_0113,2026-09-10,visit,
cust_0123,2026-09-10,purchase,75.43
cust_0124,2026-09-10,visit,
cust_0125,2026-09-10,ticket,
cust_0143,2026-09-10,purchase,21.31
cust_0163,2026-09-10,ticket,
cust_0166,2026-09-10,visit,
cust_0170,2026-09-10,visit,
cust_0173,2026-09-10,visit,
cust_0193,2026-09-10,visit,
cust_0195,2026-09-10,purchase,30.57
cust_0211,2026-09-10,visit,
cust_0219,2026-09-10,purchase,51.57
cust_0240,2026-09-10,purchase,26.84
cust_0242,2026-09-10,visit,
cust_0255,2026-09-10,visit,
cust_0266,2026-09-10,visit,
cust_0279,2026-09-10,purchase,27.99
cust_0283,2026-09-10,visit,
cust_0287,2026-09-10,visit,
cust_0342,2026-09-10,ticket,
cust_0347,2026-09-10,visit,
cust_0365,2026-09-10,visit,
cust_0387,2026-09-10,visit,
cust_0395,2026-09-10,purchase,27.61
cust_0400,2026-09-10,visit,
cust_0429,2026-09-10,visit,
cust_0457,2026-09-10,visit,
cust_0460,2026-09-10,visit,
cust_0464,2026-09-10,purchase,16.61
cust_0507,2026-09-10,purchase,20.62
cust_0517,2026-09-10,purchase,27.12
cust_0523,2026-09-10,visit,
cust_0524,2026-09-10,visit,
cust_0531,2026-09-10,purchase,63.68
cust_0539,2026-09-10,purchase,41.16
cust_0541,2026-09-10,purchase,15.92
cust_0548,2026-09-10,visit,
cust_0555,2026-09-10,visit,
cust_0565,2026-09-10,visit,
cust_0620,2026-09-10,visit,
cust_0633,2026-09-10,purchase,73.52
cust_0633,2026-09-10,refund,73.52
cust_0648,2026-09-10,visit,
cust_0657,2026-09-10,visit,
cust_0659,2026-09-10,purchase,38.89
cust_0672,2026-09-10,visit,
cust_0714,2026-09-10,visit,
cust_0724,2026-09-10,visit,
cust_0734,2026-09-10,visit,
cust_0739,2026-09-10,visit,
cust_0766,2026-09-10,visit,
cust_0767,2026-09-10,purchase,48.41
cust_0787,2026-09-10,visit,
cust_0002,2026-09-11,visit,
cust_0005,2026-09-11,purchase,52.29
cust_0013,2026-09-11,visit,
cust_0026,2026-09-11,visit,
cust_0042,2026-09-11,visit,
cust_0059,2026-09-11,visit,
cust_0075,2026-09-11,visit,
cust_0082,2026-09-11,visit,
cust_0086,2026-09-11,visit,
cust_0094,2026-09-11,visit,
cust_0103,2026-09-11,purchase,66.39
cust_0116,2026-09-11,visit,
cust_0131,2026-09-11,visit,
cust_0147,2026-09-11,purchase,16.29
cust_0150,2026-09-11,visit,
cust_0172,2026-09-11,visit,
cust_0173,2026-09-11,purchase,49.45
cust_0174,2026-09-11,visit,
cust_0185,2026-09-11,ticket,
cust_0215,2026-09-11,purchase,38.19
cust_0218,2026-09-11,ticket,
cust_0231,2026-09-11,ticket,
cust_0272,2026-09-11,visit,
cust_0273,2026-09-11,purchase,64.45
cust_0274,2026-09-11,visit,
cust_0276,2026-09-11,visit,
cust_0286,2026-09-11,purchase,23.48
cust_0294,2026-09-11,visit,
cust_0299,2026-09-11,purchase,54.92
cust_0303,2026-09-11,visit,
cust_0324,2026-09-11,purchase,45.57
cust_0359,2026-09-11,visit,
cust_0360,2026-09-11,purchase,58.85
cust_0373,2026-09-11,visit,
cust_0390,2026-09-11,visit,
cust_0401,2026-09-11,visit,
cust_0406,2026-09-11,purchase,40.38
cust_0416,2026-09-11,ticket,
cust_0445,2026-09-11,purchase,21.56
cust_0446,2026-09-11,purchase,32.04
cust_0456,2026-09-11,purchase,50.02
cust_0459,2026-09-11,visit,
cust_0462,2026-09-11,visit,
cust_0466,2026-09-11,visit,
cust_0476,2026-09-11,visit,
cust_0484,2026-09-11,visit,
cust_0494,2026-09-11,purchase,37.78
cust_0503,2026-09-11,purchase,32.0
cust_0504,2026-09-11,purchase,30.1
cust_0518,2026-09-11,visit,
cust_0524,2026-09-11,purchase,45.79
cust_0530,2026-09-11,visit,
cust_0539,2026-09-11,visit,
cust_0578,2026-09-11,purchase,31.84
cust_0600,2026-09-11,visit,
cust_0605,2026-09-11,visit,
cust_0625,2026-09-11,visit,
cust_0636,2026-09-11,visit,
cust_0637,2026-09-11,purchase,103.09
cust_0653,2026-09-11,purchase,34.9
cust_0653,2026-09-11,refund,34.9
cust_0661,2026-09-11,ticket,
cust_0692,2026-09-11,purchase,47.33
cust_0711,2026-09-11,visit,
cust_0713,2026-09-11,visit,
cust_0725,2026-09-11,purchase,31.57
cust_0739,2026-09-11,visit,
cust_0740,2026-09-11,visit,
cust_0747,2026-09-11,purchase,47.25
cust_0775,2026-09-11,purchase,36.94
cust_0005,2026-09-12,purchase,64.03
cust_0018,2026-09-12,visit,
cust_0037,2026-09-12,visit,
cust_0049,2026-09-12,visit,
cust_0072,2026-09-12,visit,
cust_0101,2026-09-12,visit,
cust_0104,2026-09-12,purchase,29.37
cust_0115,2026-09-12,visit,
cust_0129,2026-09-12,visit,
cust_0141,2026-09-12,visit,
cust_0148,2026-09-12,visit,
cust_0150,2026-09-12,purchase,25.51
cust_0158,2026-09-12,purchase,34.78
cust_0162,2026-09-12,purchase,39.39
cust_0167,2026-09-12,visit,
cust_0174,2026-09-12,visit,
cust_0204,2026-09-12,purchase,19.83
cust_0204,2026-09-12,refund,19.83
cust_0215,2026-09-12,visit,
cust_0219,2026-09-12,visit,
cust_0229,2026-09-12,ticket,
cust_0241,2026-09-12,visit,
cust_0249,2026-09-12,visit,
cust_0275,2026-09-12,purchase,37.86
cust_0297,2026-09-12,visit,
cust_0317,2026-09-12,visit,
cust_0351,2026-09-12,visit,
cust_0360,2026-09-12,visit,
cust_0389,2026-09-12,visit,
cust_0392,2026-09-12,ticket,
cust_0394,2026-09-12,visit,
cust_0395,2026-09-12,visit,
cust_0402,2026-09-12,purchase,84.78
cust_0424,2026-09-12,visit,
cust_0445,2026-09-12,visit,
cust_0447,2026-09-12,visit,
cust_0448,2026-09-12,purchase,30.95
cust_0456,2026-09-12,visit,
cust_0470,2026-09-12,visit,
cust_0495,2026-09-12,visit,
cust_0502,2026-09-12,purchase,38.79
cust_0506,2026-09-12,purchase,19.17
cust_0537,2026-09-12,purchase,28.02
cust_0546,2026-09-12,purchase,33.16
cust_0548,2026-09-12,visit,
cust_0560,2026-09-12,purchase,38.94
cust_0563,2026-09-12,purchase,30.63
cust_0568,2026-09-12,visit,
cust_0579,2026-09-12,purchase,28.23
cust_0592,2026-09-12,purchase,42.32
cust_0615,2026-09-12,visit,
cust_0651,2026-09-12,visit,
cust_0662,2026-09-12,visit,
cust_0672,2026-09-12,visit,
cust_0677,2026-09-12,ticket,
cust_0678,2026-09-12,visit,
cust_0720,2026-09-12,purchase,22.73
cust_0726,2026-09-12,visit,
cust_0737,2026-09-12,visit,
cust_0747,2026-09-12,purchase,73.29
cust_0784,2026-09-12,purchase,20.83
cust_0788,2026-09-12,visit,
cust_0795,2026-09-12,purchase,40.05
cust_0002,2026-09-13,visit,
cust_0007,2026-09-13,purchase,23.15
cust_0013,2026-09-13,visit,
cust_0026,2026-09-13,ticket,
cust_0052,2026-09-13,purchase,30.58
cust_0054,2026-09-13,visit,
cust_0060,2026-09-13,visit,
cust_0099,2026-09-13,visit,
cust_0164,2026-09-13,visit,
cust_0170,2026-09-13,visit,
cust_0173,2026-09-13,visit,
cust_0174,2026-09-13,visit,
cust_0178,2026-09-13,purchase,34.13
cust_0204,2026-09-13,purchase,25.59
cust_0215,2026-09-13,purchase,41.75
cust_0216,2026-09-13,visit,
cust_0221,2026-09-13,purchase,23.64
cust_0221,2026-09-13,refund,23.64
cust_0231,2026-09-13,visit,
cust_0245,2026-09-13,purchase,37.66
cust_0251,2026-09-13,visit,
cust_0273,2026-09-13,ticket,
cust_0275,2026-09-13,purchase,41.74
cust_0299,2026-09-13,visit,
cust_0311,2026-09-13,purchase,42.5
cust_0338,2026-09-13,visit,
cust_0352,2026-09-13,purchase,56.97
cust_0372,2026-09-13,visit,
cust_0420,2026-09-13,visit,
cust_0458,2026-09-13,ticket,
cust_0497,2026-09-13,visit,
cust_0506,2026-09-13,purchase,40.81
cust_0561,2026-09-13,visit,
cust_0567,2026-09-13,ticket,
cust_0598,2026-09-13,visit,
cust_0623,2026-09-13,purchase,51.78
cust_0630,2026-09-13,visit,
cust_0692,2026-09-13,visit,
cust_0701,2026-09-13,purchase,10.67
cust_0719,2026-09-13,visit,
cust_0734,2026-09-13,visit,
cust_0753,2026-09-13,purchase,16.78
cust_0795,2026-09-13,visit,
cust_0023,2026-09-14,visit,
cust_0045,2026-09-14,purchase,38.39
cust_0046,2026-09-14,visit,
cust_0067,2026-09-14,visit,
cust_0092,2026-09-14,visit,
cust_0102,2026-09-14,visit,
cust_0105,2026-09-14,visit,
cust_0139,2026-09-14,visit,
cust_0150,2026-09-14,visit,
cust_0179,2026-09-14,visit,
cust_0181,2026-09-14,visit,
cust_0185,2026-09-14,visit,
cust_0208,2026-09-14,visit,
cust_0211,2026-09-14,visit,
cust_0218,2026-09-14,visit,
cust_0261,2026-09-14,visit,
cust_0264,2026-09-14,visit,
cust_0289,2026-09-14,visit,
cust_0291,2026-09-14,visit,
cust_0296,2026-09-14,purchase,30.83
cust_0301,2026-09-14,purchase,110.65
cust_0311,2026-09-14,visit,
cust_0314,2026-09-14,visit,
cust_0364,2026-09-14,visit,
cust_0378,2026-09-14,purchase,29.27
cust_0384,2026-09-14,visit,
cust_0404,2026-09-14,visit,
cust_0410,2026-09-14,purchase,17.81
cust_0427,2026-09-14,visit,
cust_0429,2026-09-14,visit,
cust_0434,2026-09-14,visit,
cust_0454,2026-09-14,visit,
cust_0483,2026-09-14,visit,
cust_0490,2026-09-14,purchase,32.37
cust_0495,2026-09-14,purchase,28.33
cust_0497,2026-09-14,visit,
cust_0509,2026-09-14,visit,
cust_0522,2026-09-14,visit,
cust_0567,2026-09-14,visit,
cust_0597,2026-09-14,visit,
cust_0600,2026-09-14,visit,
cust_0697,2026-09-14,visit,
cust_0713,2026-09-14,visit,
cust_0717,2026-09-14,purchase,27.18
cust_0766,2026-09-14,purchase,16.3
cust_0767,2026-09-14,purchase,35.18
cust_0773,2026-09-14,visit,
cust_0787,2026-09-14,visit,
cust_0000,2026-09-15,purchase,33.57
cust_0011,2026-09-15,visit,
cust_0021,2026-09-15,visit,
cust_0037,2026-09-15,visit,
cust_0039,2026-09-15,visit,
cust_0051,2026-09-15,visit,
cust_0059,2026-09-15,visit,
cust_0078,2026-09-15,visit,
cust_0084,2026-09-15,purchase,55.61
cust_0086,2026-09-15,visit,
cust_0113,2026-09-15,visit,
cust_0118,2026-09-15,purchase,30.17
cust_0133,2026-09-15,purchase,22.01
cust_0143,2026-09-15,purchase,19.38
cust_0166,2026-09-15,visit,
cust_0174,2026-09-15,visit,
cust_0179,2026-09-15,purchase,27.73
cust_0181,2026-09-15,visit,
cust_0215,2026-09-15,purchase,29.48
cust_0216,2026-09-15,purchase,41.5
cust_0221,2026-09-15,visit,
cust_0258,2026-09-15,visit,
cust_0276,2026-09-15,purchase,54.94
cust_0280,2026-09-15,visit,
cust_0284,2026-09-15,visit,
cust_0288,2026-09-15,purchase,68.95
cust_0290,2026-09-15,visit,
cust_0298,2026-09-15,visit,
cust_0315,2026-09-15,visit,
cust_0317,2026-09-15,purchase,41.86
cust_0325,2026-09-15,purchase,29.95
cust_0345,2026-09-15,visit,
cust_0360,2026-09-15,visit,
cust_0364,2026-09-15,visit,
cust_0365,2026-09-15,visit,
cust_0378,2026-09-15,visit,
cust_0379,2026-09-15,purchase,23.98
cust_0379,2026-09-15,refund,23.98
cust_0396,2026-09-15,visit,
cust_0400,2026-09-15,visit,
cust_0430,2026-09-15,purchase,34.23
cust_0446,2026-09-15,visit,
cust_0456,2026-09-15,visit,
cust_0465,2026-09-15,visit,
cust_0466,2026-09-15,visit,
cust_0467,2026-09-15,purchase,21.97
cust_0490,2026-09-15,visit,
cust_0507,2026-09-15,visit,
cust_0508,2026-09-15,visit,
cust_0511,2026-09-15,visit,
cust_0561,2026-09-15,visit,
cust_0594,2026-09-15,visit,
cust_0621,2026-09-15,visit,
cust_0622,2026-09-15,visit,
cust_0636,2026-09-15,visit,
cust_0679,2026-09-15,visit,
cust_0684,2026-09-15,visit,
cust_0714,2026-09-15,purchase,21.79
cust_0719,2026-09-15,purchase,49.45
cust_0724,2026-09-15,visit,
cust_0734,2026-09-15,visit,
cust_0749,2026-09-15,visit,
cust_0770,2026-09-15,visit,
cust_0778,2026-09-15,visit,
cust_0787,2026-09-15,visit,
cust_0002,2026-09-16,ticket,
cust_0016,2026-09-16,visit,
cust_0017,2026-09-16,visit,
cust_0046,2026-09-16,visit,
cust_0051,2026-09-16,purchase,45.46
cust_0081,2026-09-16,visit,
cust_0099,2026-09-16,visit,
cust_0100,2026-09-16,purchase,11.19
cust_0137,2026-09-16,visit,
cust_0139,2026-09-16,visit,
cust_0147,2026-09-16,visit,
cust_0173,2026-09-16,visit,
cust_0174,2026-09-16,purchase,18.48
cust_0182,2026-09-16,visit,
cust_0218,2026-09-16,purchase,47.92
cust_0218,2026-09-16,refund,47.92
cust_0238,2026-09-16,purchase,44.13
cust_0241,2026-09-16,purchase,72.74
cust_0257,2026-09-16,visit,
cust_0314,2026-09-16,visit,
cust_0321,2026-09-16,purchase,14.34
cust_0324,2026-09-16,visit,
cust_0349,2026-09-16,visit,
cust_0378,2026-09-16,visit,
cust_0383,2026-09-16,purchase,63.95
cust_0387,2026-09-16,purchase,51.31
cust_0392,2026-09-16,purchase,48.65
cust_0404,2026-09-16,visit,
cust_0415,2026-09-16,purchase,13.49
cust_0424,2026-09-16,visit,
cust_0444,2026-09-16,visit,
cust_0470,2026-09-16,visit,
cust_0475,2026-09-16,visit,
cust_0489,2026-09-16,visit,
cust_0497,2026-09-16,visit,
cust_0515,2026-09-16,visit,
cust_0523,2026-09-16,visit,
cust_0524,2026-09-16,visit,
cust_0564,2026-09-16,purchase,23.76
cust_0568,2026-09-16,purchase,62.47
cust_0579,2026-09-16,purchase,12.83
cust_0591,2026-09-16,visit,
cust_0601,2026-09-16,visit,
cust_0602,2026-09-16,visit,
cust_0618,2026-09-16,visit,
cust_0642,2026-09-16,visit,
cust_0653,2026-09-16,visit,
cust_0659,2026-09-16,visit,
cust_0717,2026-09-16,visit,
cust_0722,2026-09-16,purchase,18.13
cust_0740,2026-09-16,visit,
cust_0742,2026-09-16,visit,
cust_0743,2026-09-16,purchase,27.48
cust_0758,2026-09-16,visit,
cust_0786,2026-09-16,purchase,74.46
cust_0787,2026-09-16,visit,
cust_0788,2026-09-16,purchase,36.27
cust_0003,2026-09-17,visit,
cust_0012,2026-09-17,visit,
cust_0020,2026-09-17,visit,
cust_0028,2026-09-17,purchase,22.05
cust_0039,2026-09-17,purchase,23.02
cust_0050,2026-09-17,purchase,47.34
cust_0056,2026-09-17,visit,
cust_0073,2026-09-17,purchase,52.31
cust_0096,2026-09-17,visit,
cust_0098,2026-09-17,visit,
cust_0101,2026-09-17,visit,
cust_0116,2026-09-17,visit,
cust_0123,2026-09-17,purchase,23.24
cust_0124,2026-09-17,purchase,14.5
cust_0142,2026-09-17,visit,
cust_0143,2026-09-17,purchase,21.74
cust_0169,2026-09-17,purchase,39.79
cust_0211,2026-09-17,visit,
cust_0212,2026-09-17,purchase,59.96
cust_0215,2026-09-17,visit,
cust_0216,2026-09-17,visit,
cust_0223,2026-09-17,visit,
cust_0228,2026-09-17,visit,
cust_0240,2026-09-17,purchase,46.99
cust_0244,2026-09-17,visit,
cust_0263,2026-09-17,visit,
cust_0283,2026-09-17,purchase,12.98
cust_0299,2026-09-17,visit,
cust_0305,2026-09-17,purchase,37.66
cust_0309,2026-09-17,visit,
cust_0323,2026-09-17,visit,
cust_0342,2026-09-17,visit,
cust_0352,2026-09-17,visit,
cust_0359,2026-09-17,visit,
cust_0373,2026-09-17,visit,
cust_0378,2026-09-17,purchase,37.54
cust_0386,2026-09-17,visit,
cust_0390,2026-09-17,purchase,32.78
cust_0394,2026-09-17,visit,
cust_0406,2026-09-17,visit,
cust_0429,2026-09-17,visit,
cust_0446,2026-09-17,purchase,13.71
cust_0466,2026-09-17,purchase,38.78
cust_0467,2026-09-17,visit,
cust_0490,2026-09-17,visit,
cust_0504,2026-09-17,visit,
cust_0521,2026-09-17,visit,
cust_0523,2026-09-17,purchase,27.31
cust_0532,2026-09-17,visit,
cust_0542,2026-09-17,purchase,21.43
cust_0546,2026-09-17,visit,
cust_0559,2026-09-17,purchase,27.03
cust_0565,2026-09-17,visit,
cust_0568,2026-09-17,ticket,
cust_0580,2026-09-17,purchase,36.77
cust_0634,2026-09-17,visit,
cust_0636,2026-09-17,visit,
cust_0652,2026-09-17,visit,
cust_0668,2026-09-17,visit,
cust_0684,2026-09-17,purchase,53.8
cust_0685,2026-09-17,visit,
cust_0720,2026-09-17,visit,
cust_0730,2026-09-17,purchase,12.94
cust_0746,2026-09-17,purchase,30.81
cust_0776,2026-09-17,purchase,17.37
cust_0776,2026-09-17,refund,17.37
cust_0788,2026-09-17,visit,
cust_0005,2026-09-18,visit,
cust_0014,2026-09-18,visit,
cust_0019,2026-09-18,purchase,55.06
cust_0022,2026-09-18,purchase,62.43
cust_0027,2026-09-18,visit,
cust_0029,2026-09-18,visit,
cust_0046,2026-09-18,visit,
cust_0049,2026-09-18,ticket,
cust_0052,2026-09-18,visit,
cust_0056,2026-09-18,visit,
cust_0068,2026-09-18,visit,
cust_0069,2026-09-18,purchase,28.82
cust_0069,2026-09-18,refund,28.82
cust_0077,2026-09-18,visit,
cust_0078,2026-09-18,purchase,40.24
cust_0078,2026-09-18,refund,40.24
cust_0091,2026-09-18,visit,
cust_0094,2026-09-18,visit,
cust_0101,2026-09-18,purchase,31.21
cust_0101,2026-09-18,refund,31.21
cust_0104,2026-09-18,purchase,49.12
cust_0109,2026-09-18,visit,
cust_0117,2026-09-18,purchase,37.23
cust_0139,2026-09-18,purchase,28.88
cust_0141,2026-09-18,visit,
cust_0143,2026-09-18,purchase,39.11
cust_0146,2026-09-18,purchase,50.59
cust_0179,2026-09-18,visit,
cust_0192,2026-09-18,purchase,44.98
cust_0194,2026-09-18,purchase,82.43
cust_0195,2026-09-18,purchase,78.92
cust_0218,2026-09-18,visit,
cust_0244,2026-09-18,visit,
cust_0245,2026-09-18,visit,
cust_0252,2026-09-18,purchase,52.54
cust_0263,2026-09-18,purchase,10.59
cust_0267,2026-09-18,visit,
cust_0271,2026-09-18,visit,
cust_0285,2026-09-18,visit,
cust_0286,2026-09-18,purchase,23.03
cust_0325,2026-09-18,purchase,51.17
cust_0359,2026-09-18,purchase,23.7
cust_0376,2026-09-18,purchase,45.96
cust_0380,2026-09-18,visit,
cust_0399,2026-09-18,purchase,23.31
cust_0401,2026-09-18,visit,
cust_0416,2026-09-18,visit,
cust_0430,2026-09-18,visit,
cust_0434,2026-09-18,visit,
cust_0440,2026-09-18,visit,
cust_0447,2026-09-18,purchase,70.78
cust_0479,2026-09-18,visit,
cust_0483,2026-09-18,visit,
cust_0503,2026-09-18,purchase,50.63
cust_0509,2026-09-18,purchase,51.06
cust_0513,2026-09-18,visit,
cust_0536,2026-09-18,purchase,15.5
cust_0552,2026-09-18,purchase,22.94
cust_0553,2026-09-18,purchase,15.32
cust_0564,2026-09-18,visit,
cust_0582,2026-09-18,visit,
cust_0584,2026-09-18,visit,
cust_0594,2026-09-18,ticket,
cust_0595,2026-09-18,visit,
cust_0608,2026-09-18,purchase,35.08
cust_0612,2026-09-18,visit,
cust_0623,2026-09-18,purchase,35.39
cust_0688,2026-09-18,purchase,29.25
cust_0703,2026-09-18,purchase,39.79
cust_0713,2026-09-18,purchase,30.9
cust_0723,2026-09-18,visit,
cust_0735,2026-09-18,purchase,31.48
cust_0762,2026-09-18,visit,
cust_0782,2026-09-18,visit,
cust_0786,2026-09-18,visit,
cust_0787,2026-09-18,purchase,50.56
cust_0795,2026-09-18,visit,
cust_0003,2026-09-19,visit,
cust_0027,2026-09-19,visit,
cust_0034,2026-09-19,ticket,
cust_0043,2026-09-19,purchase,55.67
cust_0047,2026-09-19,visit,
cust_0052,2026-09-19,purchase,25.27
cust_0054,2026-09-19,purchase,37.75
cust_0068,2026-09-19,ticket,
cust_0082,2026-09-19,visit,
cust_0085,2026-09-19,visit,
cust_0095,2026-09-19,visit,
cust_0096,2026-09-19,visit,
cust_0100,2026-09-19,visit,
cust_0104,2026-09-19,purchase,43.68
cust_0173,2026-09-19,ticket,
cust_0174,2026-09-19,visit,
cust_0178,2026-09-19,visit,
cust_0185,2026-09-19,visit,
cust_0221,2026-09-19,purchase,95.75
cust_0226,2026-09-19,visit,
cust_0273,2026-09-19,visit,
cust_0289,2026-09-19,visit,
cust_0296,2026-09-19,visit,
cust_0298,2026-09-19,visit,
cust_0303,2026-09-19,purchase,48.37
cust_0303,2026-09-19,refund,48.37
cust_0322,2026-09-19,visit,
cust_0345,2026-09-19,visit,
cust_0348,2026-09-19,purchase,31.28
cust_0368,2026-09-19,purchase,38.75
cust_0404,2026-09-19,purchase,20.07
cust_0435,2026-09-19,purchase,23.29
cust_0448,2026-09-19,visit,
cust_0454,2026-09-19,visit,
cust_0457,2026-09-19,visit,
cust_0469,2026-09-19,purchase,57.54
cust_0475,2026-09-19,visit,
cust_0476,2026-09-19,visit,
cust_0479,2026-09-19,visit,
cust_0480,2026-09-19,purchase,32.64
cust_0483,2026-09-19,purchase,47.84
cust_0492,2026-09-19,visit,
cust_0494,2026-09-19,purchase,51.24
cust_0508,2026-09-19,visit,
cust_0510,2026-09-19,purchase,22.45
cust_0539,2026-09-19,purchase,44.95
cust_0559,2026-09-19,visit,
cust_0573,2026-09-19,purchase,34.39
cust_0580,2026-09-19,purchase,28.84
cust_0600,2026-09-19,purchase,12.1
cust_0636,2026-09-19,visit,
cust_0642,2026-09-19,visit,
cust_0657,2026-09-19,visit,
cust_0669,2026-09-19,purchase,49.45
cust_0672,2026-09-19,visit,
cust_0679,2026-09-19,visit,
cust_0707,2026-09-19,purchase,48.78
cust_0714,2026-09-19,purchase,42.87
cust_0719,2026-09-19,visit,
cust_0720,2026-09-19,visit,
cust_0722,2026-09-19,purchase,31.33
cust_0725,2026-09-19,purchase,31.34
cust_0747,2026-09-19,purchase,23.8
cust_0753,2026-09-19,visit,
cust_0763,2026-09-19,purchase,24.14
cust_0787,2026-09-19,purchase,34.53
cust_0792,2026-09-19,visit,
cust_0019,2026-09-20,visit,
cust_0055,2026-09-20,visit,
cust_0060,2026-09-20,purchase,12.31
cust_0072,2026-09-20,purchase,37.97
cust_0101,2026-09-20,visit,
cust_0124,2026-09-20,visit,
cust_0148,2026-09-20,visit,
cust_0150,2026-09-20,visit,
cust_0175,2026-09-20,purchase,112.04
cust_0191,2026-09-20,visit,
cust_0215,2026-09-20,visit,
cust_0221,2026-09-20,purchase,44.04
cust_0225,2026-09-20,visit,
cust_0240,2026-09-20,visit,
cust_0242,2026-09-20,purchase,31.89
cust_0274,2026-09-20,purchase,22.6
cust_0283,2026-09-20,visit,
cust_0286,2026-09-20,visit,
cust_0295,2026-09-20,visit,
cust_0311,2026-09-20,purchase,27.58
cust_0329,2026-09-20,purchase,35.89
cust_0341,2026-09-20,visit,
cust_0351,2026-09-20,visit,
cust_0378,2026-09-20,purchase,30.52
cust_0391,2026-09-20,purchase,50.68
cust_0400,2026-09-20,visit,
cust_0407,2026-09-20,visit,
cust_0420,2026-09-20,visit,
cust_0433,2026-09-20,visit,
cust_0453,2026-09-20,visit,
cust_0479,2026-09-20,purchase,38.9
cust_0479,2026-09-20,refund,38.9
cust_0496,2026-09-20,purchase,22.09
cust_0514,2026-09-20,visit,
cust_0516,2026-09-20,visit,
cust_0536,2026-09-20,visit,
cust_0540,2026-09-20,visit,
cust_0560,2026-09-20,purchase,42.84
cust_0562,2026-09-20,visit,
cust_0563,2026-09-20,visit,
cust_0582,2026-09-20,purchase,16.79
cust_0643,2026-09-20,purchase,35.02
cust_0643,2026-09-20,refund,35.02
cust_0672,2026-09-20,visit,
cust_0705,2026-09-20,purchase,49.37
cust_0709,2026-09-20,visit,
cust_0722,2026-09-20,purchase,11.73
cust_0723,2026-09-20,purchase,32.39
cust_0740,2026-09-20,visit,
cust_0749,2026-09-20,purchase,34.65
cust_0759,2026-09-20,visit,
cust_0788,2026-09-20,purchase,32.29
cust_0793,2026-09-20,purchase,22.23
cust_0033,2026-09-21,purchase,71.33
cust_0035,2026-09-21,purchase,60.12
cust_0035,2026-09-21,refund,60.12
cust_0051,2026-09-21,purchase,24.81
cust_0051,2026-09-21,refund,24.81
cust_0052,2026-09-21,purchase,30.83
cust_0081,2026-09-21,ticket,
cust_0087,2026-09-21,purchase,28.57
cust_0105,2026-09-21,visit,
cust_0111,2026-09-21,visit,
cust_0112,2026-09-21,purchase,31.35
cust_0118,2026-09-21,purchase,18.15
cust_0129,2026-09-21,visit,
cust_0143,2026-09-21,visit,
cust_0166,2026-09-21,purchase,20.68
cust_0225,2026-09-21,visit,
cust_0261,2026-09-21,purchase,48.52
cust_0297,2026-09-21,visit,
cust_0315,2026-09-21,purchase,55.15
cust_0316,2026-09-21,purchase,77.59
cust_0317,2026-09-21,visit,
cust_0378,2026-09-21,visit,
cust_0384,2026-09-21,purchase,58.42
cust_0406,2026-09-21,visit,
cust_0418,2026-09-21,purchase,51.1
cust_0439,2026-09-21,ticket,
cust_0485,2026-09-21,purchase,50.97
cust_0497,2026-09-21,purchase,43.14
cust_0540,2026-09-21,purchase,39.63
cust_0543,2026-09-21,visit,
cust_0553,2026-09-21,purchase,41.41
cust_0567,2026-09-21,ticket,
cust_0568,2026-09-21,visit,
cust_0570,2026-09-21,visit,
cust_0580,2026-09-21,visit,
cust_0581,2026-09-21,visit,
cust_0584,2026-09-21,visit,
cust_0585,2026-09-21,visit,
cust_0608,2026-09-21,visit,
cust_0630,2026-09-21,visit,
cust_0648,2026-09-21,purchase,78.43
cust_0653,2026-09-21,visit,
cust_0743,2026-09-21,visit,
cust_0747,2026-09-21,visit,
cust_0762,2026-09-21,visit,
cust_0787,2026-09-21,visit,
cust_0793,2026-09-21,visit,
cust_0003,2026-09-22,purchase,51.23
cust_0016,2026-09-22,purchase,57.77
cust_0026,2026-09-22,visit,
cust_0046,2026-09-22,purchase,16.48
cust_0049,2026-09-22,purchase,52.1
cust_0051,2026-09-22,visit,
cust_0055,2026-09-22,visit,
cust_0065,2026-09-22,visit,
cust_0071,2026-09-22,visit,
cust_0080,2026-09-22,visit,
cust_0087,2026-09-22,purchase,38.94
cust_0091,2026-09-22,visit,
cust_0104,2026-09-22,purchase,30.77
cust_0109,2026-09-22,purchase,25.94
cust_0109,2026-09-22,refund,25.94
cust_0113,2026-09-22,purchase,37.66
cust_0150,2026-09-22,visit,
cust_0161,2026-09-22,visit,
cust_0165,2026-09-22,purchase,61.38
cust_0178,2026-09-22,purchase,49.9
cust_0180,2026-09-22,purchase,13.47
cust_0185,2026-09-22,visit,
cust_0194,2026-09-22,visit,
cust_0198,2026-09-22,visit,
cust_0208,2026-09-22,purchase,76.77
cust_0216,2026-09-22,visit,
cust_0242,2026-09-22,visit,
cust_0279,2026-09-22,visit,
cust_0282,2026-09-22,visit,
cust_0291,2026-09-22,visit,
cust_0325,2026-09-22,visit,
cust_0378,2026-09-22,visit,
cust_0381,2026-09-22,visit,
cust_0389,2026-09-22,visit,
cust_0392,2026-09-22,visit,
cust_0406,2026-09-22,visit,
cust_0410,2026-09-22,visit,
cust_0415,2026-09-22,visit,
cust_0423,2026-09-22,purchase,38.95
cust_0431,2026-09-22,visit,
cust_0435,2026-09-22,purchase,30.08
cust_0448,2026-09-22,visit,
cust_0449,2026-09-22,visit,
cust_0459,2026-09-22,visit,
cust_0465,2026-09-22,purchase,77.96
cust_0494,2026-09-22,purchase,41.6
cust_0504,2026-09-22,visit,
cust_0506,2026-09-22,visit,
cust_0536,2026-09-22,purchase,62.44
cust_0541,2026-09-22,visit,
cust_0574,2026-09-22,purchase,65.47
cust_0594,2026-09-22,visit,
cust_0625,2026-09-22,visit,
cust_0631,2026-09-22,visit,
cust_0632,2026-09-22,visit,
cust_0636,2026-09-22,visit,
cust_0638,2026-09-22,visit,
cust_0657,2026-09-22,purchase,13.29
cust_0668,2026-09-22,visit,
cust_0672,2026-09-22,visit,
cust_0674,2026-09-22,visit,
cust_0715,2026-09-22,visit,
cust_0719,2026-09-22,visit,
cust_0722,2026-09-22,purchase,20.87
cust_0729,2026-09-22,purchase,18.87
cust_0734,2026-09-22,purchase,37.02
cust_0742,2026-09-22,purchase,29.62
cust_0756,2026-09-22,visit,
cust_0783,2026-09-22,purchase,30.74
cust_0002,2026-09-23,visit,
cust_0025,2026-09-23,visit,
cust_0049,2026-09-23,visit,
cust_0059,2026-09-23,visit,
cust_0067,2026-09-23,purchase,59.79
cust_0067,2026-09-23,refund,59.79
cust_0082,2026-09-23,purchase,65.54
cust_0084,2026-09-23,visit,
cust_0103,2026-09-23,visit,
cust_0168,2026-09-23,visit,
cust_0173,2026-09-23,visit,
cust_0175,2026-09-23,visit,
cust_0180,2026-09-23,purchase,21.88
cust_0193,2026-09-23,visit,
cust_0215,2026-09-23,visit,
cust_0216,2026-09-23,visit,
cust_0232,2026-09-23,visit,
cust_0242,2026-09-23,visit,
cust_0251,2026-09-23,purchase,39.87
cust_0279,2026-09-23,visit,
cust_0292,2026-09-23,purchase,49.25
cust_0303,2026-09-23,purchase,67.48
cust_0342,2026-09-23,visit,
cust_0400,2026-09-23,visit,
cust_0403,2026-09-23,purchase,36.18
cust_0412,2026-09-23,purchase,25.33
cust_0414,2026-09-23,purchase,53.29
cust_0414,2026-09-23,refund,53.29
cust_0415,2026-09-23,ticket,
cust_0424,2026-09-23,visit,
cust_0427,2026-09-23,visit,
cust_0432,2026-09-23,purchase,21.9
cust_0449,2026-09-23,visit,
cust_0465,2026-09-23,visit,
cust_0497,2026-09-23,purchase,27.07
cust_0540,2026-09-23,purchase,86.89
cust_0552,2026-09-23,visit,
cust_0578,2026-09-23,visit,
cust_0579,2026-09-23,visit,
cust_0581,2026-09-23,visit,
cust_0590,2026-09-23,visit,
cust_0592,2026-09-23,purchase,29.35
cust_0593,2026-09-23,visit,
cust_0600,2026-09-23,visit,
cust_0643,2026-09-23,visit,
cust_0651,2026-09-23,visit,
cust_0674,2026-09-23,visit,
cust_0678,2026-09-23,purchase,46.39
cust_0679,2026-09-23,visit,
cust_0685,2026-09-23,visit,
cust_0695,2026-09-23,visit,
cust_0703,2026-09-23,visit,
cust_0720,2026-09-23,visit,
cust_0724,2026-09-23,visit,
cust_0728,2026-09-23,visit,
cust_0729,2026-09-23,purchase,45.63
cust_0739,2026-09-23,purchase,46.05
cust_0772,2026-09-23,visit,
cust_0788,2026-09-23,purchase,43.03
cust_0793,2026-09-23,visit,
cust_0015,2026-09-24,visit,
cust_0059,2026-09-24,visit,
cust_0068,2026-09-24,visit,
cust_0077,2026-09-24,visit,
cust_0087,2026-09-24,visit,
cust_0096,2026-09-24,visit,
cust_0101,2026-09-24,purchase,86.24
cust_0113,2026-09-24,visit,
cust_0117,2026-09-24,visit,
cust_0124,2026-09-24,purchase,47.2
cust_0125,2026-09-24,visit,
cust_0161,2026-09-24,purchase,45.46
cust_0194,2026-09-24,visit,
cust_0195,2026-09-24,visit,
cust_0201,2026-09-24,visit,
cust_0232,2026-09-24,visit,
cust_0275,2026-09-24,visit,
cust_0276,2026-09-24,visit,
cust_0298,2026-09-24,visit,
cust_0301,2026-09-24,visit,
cust_0327,2026-09-24,visit,
cust_0381,2026-09-24,visit,
cust_0383,2026-09-24,visit,
cust_0391,2026-09-24,purchase,51.91
cust_0400,2026-09-24,visit,
cust_0418,2026-09-24,visit,
cust_0445,2026-09-24,visit,
cust_0458,2026-09-24,visit,
cust_0483,2026-09-24,purchase,86.76
cust_0522,2026-09-24,purchase,39.18
cust_0548,2026-09-24,purchase,25.87
cust_0559,2026-09-24,ticket,
cust_0561,2026-09-24,visit,
cust_0573,2026-09-24,visit,
cust_0587,2026-09-24,visit,
cust_0591,2026-09-24,purchase,45.21
cust_0591,2026-09-24,refund,45.21
cust_0598,2026-09-24,purchase,22.34
cust_0601,2026-09-24,visit,
cust_0605,2026-09-24,purchase,147.54
cust_0606,2026-09-24,visit,
cust_0620,2026-09-24,purchase,28.41
cust_0628,2026-09-24,purchase,32.68
cust_0632,2026-09-24,visit,
cust_0641,2026-09-24,visit,
cust_0643,2026-09-24,visit,
cust_0657,2026-09-24,visit,
cust_0659,2026-09-24,visit,
cust_0666,2026-09-24,visit,
cust_0673,2026-09-24,visit,
cust_0681,2026-09-24,visit,
cust_0705,2026-09-24,purchase,18.06
cust_0719,2026-09-24,purchase,55.09
cust_0720,2026-09-24,visit,
cust_0723,2026-09-24,purchase,35.0
cust_0742,2026-09-24,purchase,40.06
cust_0753,2026-09-24,visit,
cust_0783,2026-09-24,visit,
cust_0033,2026-09-25,purchase,26.94
cust_0108,2026-09-25,visit,
cust_0114,2026-09-25,visit,
cust_0124,2026-09-25,purchase,68.28
cust_0136,2026-09-25,visit,
cust_0137,2026-09-25,purchase,22.92
cust_0161,2026-09-25,purchase,35.61
cust_0166,2026-09-25,purchase,22.87
cust_0172,2026-09-25,visit,
cust_0181,2026-09-25,purchase,37.5
cust_0212,2026-09-25,purchase,27.4
cust_0226,2026-09-25,visit,
cust_0229,2026-09-25,visit,
cust_0242,2026-09-25,purchase,23.19
cust_0251,2026-09-25,visit,
cust_0266,2026-09-25,visit,
cust_0284,2026-09-25,purchase,23.08
cust_0287,2026-09-25,visit,
cust_0292,2026-09-25,visit,
cust_0312,2026-09-25,visit,
cust_0328,2026-09-25,visit,
cust_0352,2026-09-25,purchase,57.98
cust_0359,2026-09-25,visit,
cust_0365,2026-09-25,visit,
cust_0376,2026-09-25,visit,
cust_0401,2026-09-25,visit,
cust_0430,2026-09-25,purchase,12.74
cust_0436,2026-09-25,visit,
cust_0445,2026-09-25,visit,
cust_0480,2026-09-25,visit,
cust_0506,2026-09-25,visit,
cust_0508,2026-09-25,visit,
cust_0517,2026-09-25,purchase,35.2
cust_0535,2026-09-25,ticket,
cust_0541,2026-09-25,visit,
cust_0543,2026-09-25,purchase,44.83
cust_0565,2026-09-25,visit,
cust_0578,2026-09-25,visit,
cust_0591,2026-09-25,visit,
cust_0601,2026-09-25,purchase,35.83
cust_0603,2026-09-25,purchase,59.01
cust_0605,2026-09-25,visit,
cust_0614,2026-09-25,visit,
cust_0642,2026-09-25,visit,
cust_0659,2026-09-25,visit,
cust_0688,2026-09-25,purchase,54.15
cust_0713,2026-09-25,visit,
cust_0726,2026-09-25,visit,
cust_0748,2026-09-25,visit,
cust_0756,2026-09-25,visit,
cust_0768,2026-09-25,purchase,69.5
cust_0784,2026-09-25,visit,
cust_0002,2026-09-26,visit,
cust_0019,2026-09-26,visit,
cust_0049,2026-09-26,purchase,20.87
cust_0065,2026-09-26,visit,
cust_0070,2026-09-26,visit,
cust_0083,2026-09-26,ticket,
cust_0087,2026-09-26,visit,
cust_0092,2026-09-26,visit,
cust_0114,2026-09-26,visit,
cust_0124,2026-09-26,visit,
cust_0129,2026-09-26,visit,
cust_0137,2026-09-26,purchase,37.65
cust_0138,2026-09-26,visit,
cust_0140,2026-09-26,visit,
cust_0164,2026-09-26,ticket,
cust_0171,2026-09-26,visit,
cust_0186,2026-09-26,visit,
cust_0187,2026-09-26,visit,
cust_0193,2026-09-26,purchase,38.66
cust_0199,2026-09-26,visit,
cust_0204,2026-09-26,purchase,38.01
cust_0216,2026-09-26,purchase,31.53
cust_0219,2026-09-26,visit,
cust_0231,2026-09-26,visit,
cust_0232,2026-09-26,visit,
cust_0239,2026-09-26,visit,
cust_0253,2026-09-26,visit,
cust_0284,2026-09-26,purchase,33.58
cust_0287,2026-09-26,purchase,22.14
cust_0287,2026-09-26,refund,22.14
cust_0291,2026-09-26,visit,
cust_0301,2026-09-26,visit,
cust_0305,2026-09-26,visit,
cust_0319,2026-09-26,visit,
cust_0336,2026-09-26,visit,
cust_0338,2026-09-26,purchase,35.28
cust_0341,2026-09-26,visit,
cust_0342,2026-09-26,visit,
cust_0358,2026-09-26,visit,
cust_0359,2026-09-26,purchase,47.53
cust_0372,2026-09-26,purchase,90.76
cust_0378,2026-09-26,visit,
cust_0390,2026-09-26,visit,
cust_0429,2026-09-26,purchase,34.08
cust_0440,2026-09-26,visit,
cust_0446,2026-09-26,purchase,17.09
cust_0448,2026-09-26,purchase,31.3
cust_0456,2026-09-26,visit,
cust_0461,2026-09-26,visit,
cust_0477,2026-09-26,visit,
cust_0484,2026-09-26,visit,
cust_0492,2026-09-26,visit,
cust_0516,2026-09-26,visit,
cust_0520,2026-09-26,purchase,28.33
cust_0523,2026-09-26,visit,
cust_0532,2026-09-26,purchase,37.21
cust_0542,2026-09-26,visit,
cust_0553,2026-09-26,visit,
cust_0560,2026-09-26,purchase,21.8
cust_0562,2026-09-26,purchase,46.27
cust_0566,2026-09-26,purchase,25.66
cust_0568,2026-09-26,purchase,47.9
cust_0622,2026-09-26,purchase,41.22
cust_0628,2026-09-26,ticket,
cust_0630,2026-09-26,purchase,18.52
cust_0643,2026-09-26,visit,
cust_0651,2026-09-26,visit,
cust_0656,2026-09-26,purchase,51.41
cust_0678,2026-09-26,visit,
cust_0681,2026-09-26,purchase,14.36
cust_0687,2026-09-26,visit,
cust_0711,2026-09-26,visit,
cust_0726,2026-09-26,visit,
cust_0736,2026-09-26,visit,
cust_0749,2026-09-26,ticket,
cust_0799,2026-09-26,visit,
cust_0027,2026-09-27,visit,
cust_0063,2026-09-27,purchase,45.5
cust_0067,2026-09-27,visit,
cust_0071,2026-09-27,purchase,16.5
cust_0087,2026-09-27,visit,
cust_0091,2026-09-27,purchase,57.43
cust_0104,2026-09-27,visit,
cust_0139,2026-09-27,visit,
cust_0140,2026-09-27,purchase,17.06
cust_0141,2026-09-27,visit,
cust_0198,2026-09-27,purchase,19.17
cust_0201,2026-09-27,purchase,58.71
cust_0242,2026-09-27,visit,
cust_0258,2026-09-27,visit,
cust_0273,2026-09-27,purchase,45.74
cust_0283,2026-09-27,ticket,
cust_0288,2026-09-27,visit,
cust_0294,2026-09-27,visit,
cust_0323,2026-09-27,visit,
cust_0336,2026-09-27,purchase,62.55
cust_0352,2026-09-27,visit,
cust_0364,2026-09-27,purchase,15.06
cust_0376,2026-09-27,purchase,12.77
cust_0383,2026-09-27,purchase,43.43
cust_0391,2026-09-27,visit,
cust_0394,2026-09-27,visit,
cust_0395,2026-09-27,visit,
cust_0401,2026-09-27,visit,
cust_0415,2026-09-27,visit,
cust_0430,2026-09-27,visit,
cust_0440,2026-09-27,visit,
cust_0448,2026-09-27,ticket,
cust_0461,2026-09-27,visit,
cust_0480,2026-09-27,purchase,112.44
cust_0486,2026-09-27,purchase,71.3
cust_0490,2026-09-27,purchase,33.94
cust_0497,2026-09-27,visit,
cust_0516,2026-09-27,visit,
cust_0532,2026-09-27,visit,
cust_0562,2026-09-27,visit,
cust_0566,2026-09-27,visit,
cust_0568,2026-09-27,visit,
cust_0570,2026-09-27,visit,
cust_0574,2026-09-27,visit,
cust_0578,2026-09-27,purchase,26.88
cust_0581,2026-09-27,purchase,21.88
cust_0594,2026-09-27,visit,
cust_0597,2026-09-27,visit,
cust_0602,2026-09-27,visit,
cust_0605,2026-09-27,visit,
cust_0613,2026-09-27,visit,
cust_0620,2026-09-27,purchase,22.87
cust_0644,2026-09-27,purchase,33.39
cust_0651,2026-09-27,purchase,20.33
cust_0679,2026-09-27,visit,
cust_0685,2026-09-27,purchase,28.93
cust_0692,2026-09-27,visit,
cust_0708,2026-09-27,visit,
cust_0711,2026-09-27,purchase,35.85
cust_0721,2026-09-27,visit,
cust_0722,2026-09-27,purchase,59.96
cust_0737,2026-09-27,visit,
cust_0748,2026-09-27,visit,
cust_0749,2026-09-27,visit,
cust_0762,2026-09-27,visit,
cust_0763,2026-09-27,visit,
cust_0768,2026-09-27,visit,
cust_0786,2026-09-27,purchase,58.62
cust_0792,2026-09-27,purchase,12.91
cust_0799,2026-09-27,purchase,15.18
cust_0018,2026-09-28,purchase,22.38
cust_0046,2026-09-28,purchase,81.58
cust_0047,2026-09-28,purchase,60.81
cust_0083,2026-09-28,purchase,42.75
cust_0113,2026-09-28,purchase,22.13
cust_0116,2026-09-28,purchase,24.54
cust_0125,2026-09-28,visit,
cust_0150,2026-09-28,visit,
cust_0167,2026-09-28,purchase,31.04
cust_0180,2026-09-28,purchase,54.83
cust_0247,2026-09-28,purchase,36.79
cust_0253,2026-09-28,visit,
cust_0255,2026-09-28,visit,
cust_0292,2026-09-28,purchase,26.0
cust_0295,2026-09-28,visit,
cust_0296,2026-09-28,purchase,40.28
cust_0326,2026-09-28,visit,
cust_0328,2026-09-28,visit,
cust_0348,2026-09-28,visit,
cust_0365,2026-09-28,purchase,15.78
cust_0369,2026-09-28,visit,
cust_0388,2026-09-28,visit,
cust_0402,2026-09-28,purchase,48.76
cust_0412,2026-09-28,purchase,41.49
cust_0425,2026-09-28,purchase,21.23
cust_0433,2026-09-28,visit,
cust_0440,2026-09-28,visit,
cust_0448,2026-09-28,visit,
cust_0457,2026-09-28,visit,
cust_0470,2026-09-28,visit,
cust_0490,2026-09-28,purchase,53.77
cust_0494,2026-09-28,visit,
cust_0506,2026-09-28,visit,
cust_0510,2026-09-28,visit,
cust_0526,2026-09-28,visit,
cust_0540,2026-09-28,visit,
cust_0566,2026-09-28,visit,
cust_0595,2026-09-28,visit,
cust_0621,2026-09-28,purchase,59.05
cust_0622,2026-09-28,visit,
cust_0638,2026-09-28,visit,
cust_0643,2026-09-28,purchase,49.86
cust_0668,2026-09-28,ticket,
cust_0687,2026-09-28,purchase,29.64
cust_0695,2026-09-28,purchase,33.42
cust_0711,2026-09-28,visit,
cust_0715,2026-09-28,purchase,41.02
cust_0735,2026-09-28,visit,
cust_0758,2026-09-28,visit,
cust_0759,2026-09-28,visit,
cust_0766,2026-09-28,visit,
cust_0022,2026-09-29,purchase,40.88
cust_0035,2026-09-29,visit,
cust_0058,2026-09-29,visit,
cust_0091,2026-09-29,visit,
cust_0101,2026-09-29,visit,
cust_0124,2026-09-29,visit,
cust_0146,2026-09-29,visit,
cust_0164,2026-09-29,purchase,60.7
cust_0195,2026-09-29,visit,
cust_0212,2026-09-29,visit,
cust_0225,2026-09-29,visit,
cust_0231,2026-09-29,purchase,39.9
cust_0261,2026-09-29,visit,
cust_0263,2026-09-29,purchase,20.75
cust_0276,2026-09-29,visit,
cust_0285,2026-09-29,purchase,41.78
cust_0286,2026-09-29,visit,
cust_0289,2026-09-29,visit,
cust_0295,2026-09-29,visit,
cust_0299,2026-09-29,purchase,35.42
cust_0317,2026-09-29,visit,
cust_0342,2026-09-29,ticket,
cust_0358,2026-09-29,visit,
cust_0372,2026-09-29,purchase,17.0
cust_0373,2026-09-29,visit,
cust_0401,2026-09-29,visit,
cust_0402,2026-09-29,visit,
cust_0415,2026-09-29,purchase,71.37
cust_0435,2026-09-29,visit,
cust_0441,2026-09-29,purchase,60.75
cust_0461,2026-09-29,purchase,28.46
cust_0489,2026-09-29,visit,
cust_0522,2026-09-29,purchase,34.39
cust_0522,2026-09-29,refund,34.39
cust_0570,2026-09-29,visit,
cust_0585,2026-09-29,visit,
cust_0594,2026-09-29,purchase,59.84
cust_0595,2026-09-29,purchase,37.8
cust_0598,2026-09-29,visit,
cust_0600,2026-09-29,visit,
cust_0603,2026-09-29,visit,
cust_0611,2026-09-29,purchase,32.58
cust_0622,2026-09-29,purchase,17.42
cust_0643,2026-09-29,purchase,43.61
cust_0651,2026-09-29,purchase,65.09
cust_0651,2026-09-29,refund,65.09
cust_0657,2026-09-29,visit,
cust_0659,2026-09-29,purchase,35.18
cust_0679,2026-09-29,visit,
cust_0695,2026-09-29,visit,
cust_0719,2026-09-29,purchase,18.46
cust_0725,2026-09-29,visit,
cust_0730,2026-09-29,visit,
cust_0736,2026-09-29,visit,
cust_0799,2026-09-29,purchase,25.71
cust_0022,2026-09-30,ticket,
cust_0028,2026-09-30,visit,
cust_0032,2026-09-30,visit,
cust_0049,2026-09-30,visit,
cust_0054,2026-09-30,visit,
cust_0055,2026-09-30,purchase,56.48
cust_0069,2026-09-30,purchase,31.32
cust_0100,2026-09-30,visit,
cust_0102,2026-09-30,visit,
cust_0103,2026-09-30,visit,
cust_0104,2026-09-30,visit,
cust_0115,2026-09-30,purchase,21.5
cust_0124,2026-09-30,purchase,34.37
cust_0134,2026-09-30,visit,
cust_0141,2026-09-30,visit,
cust_0142,2026-09-30,purchase,24.41
cust_0142,2026-09-30,refund,24.41
cust_0156,2026-09-30,visit,
cust_0161,2026-09-30,visit,
cust_0168,2026-09-30,purchase,28.35
cust_0179,2026-09-30,visit,
cust_0191,2026-09-30,visit,
cust_0192,2026-09-30,visit,
cust_0212,2026-09-30,purchase,29.66
cust_0221,2026-09-30,purchase,70.86
cust_0229,2026-09-30,visit,
cust_0251,2026-09-30,visit,
cust_0255,2026-09-30,purchase,42.26
cust_0273,2026-09-30,ticket,
cust_0276,2026-09-30,purchase,52.16
cust_0287,2026-09-30,visit,
cust_0291,2026-09-30,visit,
cust_0295,2026-09-30,visit,
cust_0305,2026-09-30,visit,
cust_0317,2026-09-30,visit,
cust_0321,2026-09-30,visit,
cust_0336,2026-09-30,purchase,44.1
cust_0351,2026-09-30,visit,
cust_0370,2026-09-30,purchase,44.89
cust_0382,2026-09-30,purchase,26.71
cust_0383,2026-09-30,visit,
cust_0387,2026-09-30,visit,
cust_0394,2026-09-30,purchase,121.46
cust_0423,2026-09-30,visit,
cust_0424,2026-09-30,visit,
cust_0434,2026-09-30,visit,
cust_0440,2026-09-30,visit,
cust_0453,2026-09-30,purchase,36.58
cust_0480,2026-09-30,purchase,21.45
cust_0485,2026-09-30,visit,
cust_0496,2026-09-30,ticket,
cust_0530,2026-09-30,visit,
cust_0595,2026-09-30,visit,
cust_0600,2026-09-30,visit,
cust_0601,2026-09-30,purchase,34.13
cust_0615,2026-09-30,visit,
cust_0643,2026-09-30,ticket,
cust_0647,2026-09-30,purchase,13.16
cust_0652,2026-09-30,purchase,24.23
cust_0695,2026-09-30,visit,
cust_0696,2026-09-30,purchase,47.38
cust_0710,2026-09-30,visit,
cust_0733,2026-09-30,purchase,24.95
cust_0734,2026-09-30,purchase,57.28
cust_0739,2026-09-30,visit,
cust_0740,2026-09-30,purchase,39.62
cust_0747,2026-09-30,visit,
cust_0770,2026-09-30,purchase,26.74
cust_0773,2026-09-30,visit,
cust_0784,2026-09-30,visit,
cust_0787,2026-09-30,purchase,27.44
