snapshot_id,deal_id,stage,entered_at,amount,closed_at,won
deal_0000@qualified,deal_0000,qualified,2025-07-20T11:00,24000,2025-09-24T21:00,0
deal_0000@demo,deal_0000,demo,2025-08-05T07:00,24000,2025-09-24T21:00,0
deal_0000@proposal,deal_0000,proposal,2025-08-24T21:00,24000,2025-09-24T21:00,0
deal_0001@qualified,deal_0001,qualified,2025-01-26T05:00,12000,2025-02-15T22:00,1
deal_0001@demo,deal_0001,demo,2025-02-07T19:00,12000,2025-02-15T22:00,1
deal_0001@proposal,deal_0001,proposal,2025-02-10T22:00,12000,2025-02-15T22:00,1
deal_0002@qualified,deal_0002,qualified,2025-06-30T04:00,18000,2025-08-16T07:00,0
deal_0002@demo,deal_0002,demo,2025-07-05T18:00,18000,2025-08-16T07:00,0
deal_0002@proposal,deal_0002,proposal,2025-07-16T07:00,18000,2025-08-16T07:00,0
deal_0003@qualified,deal_0003,qualified,2025-03-23T20:00,120000,2025-06-11T18:00,0
deal_0003@demo,deal_0003,demo,2025-04-14T08:00,120000,2025-06-11T18:00,0
deal_0003@proposal,deal_0003,proposal,2025-05-04T18:00,120000,2025-06-11T18:00,0
deal_0004@qualified,deal_0004,qualified,2025-06-02T05:00,120000,2025-07-10T00:00,0
deal_0004@demo,deal_0004,demo,2025-06-07T07:00,120000,2025-07-10T00:00,0
deal_0004@proposal,deal_0004,proposal,2025-06-11T00:00,120000,2025-07-10T00:00,0
deal_0005@qualified,deal_0005,qualified,2025-06-02T16:00,24000,2025-08-20T04:00,0
deal_0005@demo,deal_0005,demo,2025-06-25T12:00,24000,2025-08-20T04:00,0
deal_0005@proposal,deal_0005,proposal,2025-07-12T04:00,24000,2025-08-20T04:00,0
deal_0006@qualified,deal_0006,qualified,2025-06-06T10:00,120000,2025-07-22T10:00,0
deal_0006@demo,deal_0006,demo,2025-06-15T12:00,120000,2025-07-22T10:00,0
deal_0006@proposal,deal_0006,proposal,2025-07-09T10:00,120000,2025-07-22T10:00,0
deal_0007@qualified,deal_0007,qualified,2025-02-07T19:00,12000,2025-04-03T04:00,0
deal_0007@demo,deal_0007,demo,2025-02-22T13:00,12000,2025-04-03T04:00,0
deal_0007@proposal,deal_0007,proposal,2025-03-18T04:00,12000,2025-04-03T04:00,0
deal_0008@qualified,deal_0008,qualified,2025-05-02T08:00,24000,2025-06-18T13:00,0
deal_0008@demo,deal_0008,demo,2025-05-18T07:00,24000,2025-06-18T13:00,0
deal_0008@proposal,deal_0008,proposal,2025-06-05T13:00,24000,2025-06-18T13:00,0
deal_0009@qualified,deal_0009,qualified,2025-10-26T11:00,36000,2025-12-18T07:00,1
deal_0009@demo,deal_0009,demo,2025-11-08T00:00,36000,2025-12-18T07:00,1
deal_0009@proposal,deal_0009,proposal,2025-11-28T07:00,36000,2025-12-18T07:00,1
deal_0010@qualified,deal_0010,qualified,2025-10-03T16:00,24000,2025-11-20T15:00,1
deal_0010@demo,deal_0010,demo,2025-10-28T02:00,24000,2025-11-20T15:00,1
deal_0010@proposal,deal_0010,proposal,2025-11-12T15:00,24000,2025-11-20T15:00,1
deal_0011@qualified,deal_0011,qualified,2025-05-07T12:00,24000,2025-06-11T23:00,0
deal_0011@demo,deal_0011,demo,2025-05-15T04:00,24000,2025-06-11T23:00,0
deal_0011@proposal,deal_0011,proposal,2025-05-31T23:00,24000,2025-06-11T23:00,0
deal_0012@qualified,deal_0012,qualified,2025-10-19T11:00,60000,2025-12-23T07:00,0
deal_0012@demo,deal_0012,demo,2025-11-05T10:00,60000,2025-12-23T07:00,0
deal_0012@proposal,deal_0012,proposal,2025-11-13T07:00,60000,2025-12-23T07:00,0
deal_0013@qualified,deal_0013,qualified,2025-08-04T17:00,12000,2025-10-12T18:00,0
deal_0013@demo,deal_0013,demo,2025-08-29T00:00,12000,2025-10-12T18:00,0
deal_0013@proposal,deal_0013,proposal,2025-09-11T18:00,12000,2025-10-12T18:00,0
deal_0014@qualified,deal_0014,qualified,2025-11-16T17:00,36000,2025-12-19T12:00,1
deal_0014@demo,deal_0014,demo,2025-11-23T09:00,36000,2025-12-19T12:00,1
deal_0014@proposal,deal_0014,proposal,2025-12-07T12:00,36000,2025-12-19T12:00,1
deal_0015@qualified,deal_0015,qualified,2025-11-11T22:00,120000,2026-01-04T01:00,0
deal_0015@demo,deal_0015,demo,2025-11-23T20:00,120000,2026-01-04T01:00,0
deal_0015@proposal,deal_0015,proposal,2025-12-15T01:00,120000,2026-01-04T01:00,0
deal_0016@qualified,deal_0016,qualified,2025-03-26T04:00,120000,2025-05-12T16:00,1
deal_0016@demo,deal_0016,demo,2025-04-06T05:00,120000,2025-05-12T16:00,1
deal_0016@proposal,deal_0016,proposal,2025-04-19T16:00,120000,2025-05-12T16:00,1
deal_0017@qualified,deal_0017,qualified,2025-06-15T02:00,36000,2025-07-07T02:00,0
deal_0017@demo,deal_0017,demo,2025-06-17T10:00,36000,2025-07-07T02:00,0
deal_0017@proposal,deal_0017,proposal,2025-06-27T02:00,36000,2025-07-07T02:00,0
deal_0018@qualified,deal_0018,qualified,2025-03-29T00:00,96000,2025-05-14T00:00,0
deal_0018@demo,deal_0018,demo,2025-03-31T11:00,96000,2025-05-14T00:00,0
deal_0018@proposal,deal_0018,proposal,2025-04-07T00:00,96000,2025-05-14T00:00,0
deal_0019@qualified,deal_0019,qualified,2025-02-26T17:00,12000,2025-04-25T08:00,0
deal_0019@demo,deal_0019,demo,2025-03-08T01:00,12000,2025-04-25T08:00,0
deal_0019@proposal,deal_0019,proposal,2025-03-21T08:00,12000,2025-04-25T08:00,0
deal_0020@qualified,deal_0020,qualified,2025-08-16T01:00,120000,2025-09-20T12:00,0
deal_0020@demo,deal_0020,demo,2025-08-23T18:00,120000,2025-09-20T12:00,0
deal_0020@proposal,deal_0020,proposal,2025-08-27T12:00,120000,2025-09-20T12:00,0
deal_0021@qualified,deal_0021,qualified,2025-09-13T20:00,120000,2025-11-09T14:00,0
deal_0021@demo,deal_0021,demo,2025-10-01T07:00,120000,2025-11-09T14:00,0
deal_0021@proposal,deal_0021,proposal,2025-10-22T14:00,120000,2025-11-09T14:00,0
deal_0022@qualified,deal_0022,qualified,2025-09-03T22:00,36000,2025-11-08T09:00,0
deal_0022@demo,deal_0022,demo,2025-09-13T16:00,36000,2025-11-08T09:00,0
deal_0022@proposal,deal_0022,proposal,2025-10-04T09:00,36000,2025-11-08T09:00,0
deal_0023@qualified,deal_0023,qualified,2025-11-17T03:00,48000,2025-12-22T09:00,0
deal_0023@demo,deal_0023,demo,2025-11-23T07:00,48000,2025-12-22T09:00,0
deal_0023@proposal,deal_0023,proposal,2025-12-05T09:00,48000,2025-12-22T09:00,0
deal_0024@qualified,deal_0024,qualified,2025-11-23T16:00,60000,2025-12-30T12:00,0
deal_0024@demo,deal_0024,demo,2025-12-02T01:00,60000,2025-12-30T12:00,0
deal_0024@proposal,deal_0024,proposal,2025-12-15T12:00,60000,2025-12-30T12:00,0
deal_0025@qualified,deal_0025,qualified,2025-11-17T07:00,24000,2026-01-27T00:00,0
deal_0025@demo,deal_0025,demo,2025-12-03T03:00,24000,2026-01-27T00:00,0
deal_0025@proposal,deal_0025,proposal,2025-12-23T00:00,24000,2026-01-27T00:00,0
deal_0026@qualified,deal_0026,qualified,2025-05-06T10:00,12000,2025-06-11T21:00,1
deal_0026@demo,deal_0026,demo,2025-05-12T21:00,12000,2025-06-11T21:00,1
deal_0026@proposal,deal_0026,proposal,2025-06-04T21:00,12000,2025-06-11T21:00,1
deal_0027@qualified,deal_0027,qualified,2025-04-15T02:00,48000,2025-06-14T22:00,0
deal_0027@demo,deal_0027,demo,2025-05-05T15:00,48000,2025-06-14T22:00,0
deal_0027@proposal,deal_0027,proposal,2025-05-14T22:00,48000,2025-06-14T22:00,0
deal_0028@qualified,deal_0028,qualified,2025-07-25T07:00,12000,2025-09-01T07:00,0
deal_0028@demo,deal_0028,demo,2025-07-31T05:00,12000,2025-09-01T07:00,0
deal_0028@proposal,deal_0028,proposal,2025-08-04T07:00,12000,2025-09-01T07:00,0
deal_0029@qualified,deal_0029,qualified,2025-10-27T23:00,96000,2025-12-02T06:00,0
deal_0029@demo,deal_0029,demo,2025-11-07T23:00,96000,2025-12-02T06:00,0
deal_0029@proposal,deal_0029,proposal,2025-11-14T06:00,96000,2025-12-02T06:00,0
deal_0030@qualified,deal_0030,qualified,2025-02-03T08:00,120000,2025-04-12T03:00,0
deal_0030@demo,deal_0030,demo,2025-02-23T15:00,120000,2025-04-12T03:00,0
deal_0030@proposal,deal_0030,proposal,2025-03-12T03:00,120000,2025-04-12T03:00,0
deal_0031@qualified,deal_0031,qualified,2025-12-03T12:00,96000,2026-01-12T23:00,0
deal_0031@demo,deal_0031,demo,2025-12-13T10:00,96000,2026-01-12T23:00,0
deal_0031@proposal,deal_0031,proposal,2025-12-23T23:00,96000,2026-01-12T23:00,0
deal_0032@qualified,deal_0032,qualified,2025-10-29T03:00,60000,2026-01-06T12:00,0
deal_0032@demo,deal_0032,demo,2025-11-20T17:00,60000,2026-01-06T12:00,0
deal_0032@proposal,deal_0032,proposal,2025-12-15T12:00,60000,2026-01-06T12:00,0
deal_0033@qualified,deal_0033,qualified,2025-07-01T18:00,36000,2025-09-07T16:00,0
deal_0033@demo,deal_0033,demo,2025-07-26T07:00,36000,2025-09-07T16:00,0
deal_0033@proposal,deal_0033,proposal,2025-08-16T16:00,36000,2025-09-07T16:00,0
deal_0034@qualified,deal_0034,qualified,2025-03-14T16:00,36000,2025-04-25T17:00,0
deal_0034@demo,deal_0034,demo,2025-03-19T19:00,36000,2025-04-25T17:00,0
deal_0034@proposal,deal_0034,proposal,2025-03-26T17:00,36000,2025-04-25T17:00,0
deal_0035@qualified,deal_0035,qualified,2025-11-11T22:00,96000,2025-12-30T13:00,0
deal_0035@demo,deal_0035,demo,2025-11-27T03:00,96000,2025-12-30T13:00,0
deal_0035@proposal,deal_0035,proposal,2025-12-13T13:00,96000,2025-12-30T13:00,0
deal_0036@qualified,deal_0036,qualified,2025-08-30T23:00,24000,2025-11-08T07:00,0
deal_0036@demo,deal_0036,demo,2025-09-20T15:00,24000,2025-11-08T07:00,0
deal_0036@proposal,deal_0036,proposal,2025-10-01T07:00,24000,2025-11-08T07:00,0
deal_0037@qualified,deal_0037,qualified,2025-05-16T18:00,12000,2025-06-17T04:00,1
deal_0037@demo,deal_0037,demo,2025-05-25T01:00,12000,2025-06-17T04:00,1
deal_0037@proposal,deal_0037,proposal,2025-06-04T04:00,12000,2025-06-17T04:00,1
deal_0038@qualified,deal_0038,qualified,2025-09-08T03:00,120000,2025-10-21T19:00,1
deal_0038@demo,deal_0038,demo,2025-09-17T00:00,120000,2025-10-21T19:00,1
deal_0038@proposal,deal_0038,proposal,2025-10-05T19:00,120000,2025-10-21T19:00,1
deal_0039@qualified,deal_0039,qualified,2025-04-14T09:00,18000,2025-06-11T18:00,1
deal_0039@demo,deal_0039,demo,2025-05-02T20:00,18000,2025-06-11T18:00,1
deal_0039@proposal,deal_0039,proposal,2025-05-12T18:00,18000,2025-06-11T18:00,1
deal_0040@qualified,deal_0040,qualified,2025-08-28T08:00,96000,2025-09-30T00:00,0
deal_0040@demo,deal_0040,demo,2025-09-07T15:00,96000,2025-09-30T00:00,0
deal_0040@proposal,deal_0040,proposal,2025-09-24T00:00,96000,2025-09-30T00:00,0
deal_0041@qualified,deal_0041,qualified,2025-05-06T15:00,24000,2025-07-01T03:00,0
deal_0041@demo,deal_0041,demo,2025-05-11T00:00,24000,2025-07-01T03:00,0
deal_0041@proposal,deal_0041,proposal,2025-06-01T03:00,24000,2025-07-01T03:00,0
deal_0042@qualified,deal_0042,qualified,2025-05-12T02:00,36000,2025-07-01T01:00,0
deal_0042@demo,deal_0042,demo,2025-05-21T23:00,36000,2025-07-01T01:00,0
deal_0042@proposal,deal_0042,proposal,2025-05-29T01:00,36000,2025-07-01T01:00,0
deal_0043@qualified,deal_0043,qualified,2025-05-18T08:00,120000,2025-07-03T15:00,0
deal_0043@demo,deal_0043,demo,2025-05-22T20:00,120000,2025-07-03T15:00,0
deal_0043@proposal,deal_0043,proposal,2025-06-11T15:00,120000,2025-07-03T15:00,0
deal_0044@qualified,deal_0044,qualified,2025-03-12T11:00,96000,2025-05-20T14:00,0
deal_0044@demo,deal_0044,demo,2025-04-02T01:00,96000,2025-05-20T14:00,0
deal_0044@proposal,deal_0044,proposal,2025-04-26T14:00,96000,2025-05-20T14:00,0
deal_0045@qualified,deal_0045,qualified,2025-11-17T06:00,60000,2025-12-21T14:00,0
deal_0045@demo,deal_0045,demo,2025-11-30T15:00,60000,2025-12-21T14:00,0
deal_0045@proposal,deal_0045,proposal,2025-12-11T14:00,60000,2025-12-21T14:00,0
deal_0046@qualified,deal_0046,qualified,2025-09-06T18:00,48000,2025-11-14T03:00,0
deal_0046@demo,deal_0046,demo,2025-10-01T10:00,48000,2025-11-14T03:00,0
deal_0046@proposal,deal_0046,proposal,2025-10-09T03:00,48000,2025-11-14T03:00,0
deal_0047@qualified,deal_0047,qualified,2025-05-25T22:00,120000,2025-07-30T00:00,0
deal_0047@demo,deal_0047,demo,2025-06-10T04:00,120000,2025-07-30T00:00,0
deal_0047@proposal,deal_0047,proposal,2025-07-03T00:00,120000,2025-07-30T00:00,0
deal_0048@qualified,deal_0048,qualified,2025-07-30T06:00,120000,2025-10-17T13:00,0
deal_0048@demo,deal_0048,demo,2025-08-22T14:00,120000,2025-10-17T13:00,0
deal_0048@proposal,deal_0048,proposal,2025-09-14T13:00,120000,2025-10-17T13:00,0
deal_0049@qualified,deal_0049,qualified,2025-05-30T00:00,18000,2025-06-30T22:00,0
deal_0049@demo,deal_0049,demo,2025-06-04T18:00,18000,2025-06-30T22:00,0
deal_0049@proposal,deal_0049,proposal,2025-06-19T22:00,18000,2025-06-30T22:00,0
deal_0050@qualified,deal_0050,qualified,2025-02-26T14:00,18000,2025-04-03T05:00,0
deal_0050@demo,deal_0050,demo,2025-03-18T16:00,18000,2025-04-03T05:00,0
deal_0050@proposal,deal_0050,proposal,2025-03-24T05:00,18000,2025-04-03T05:00,0
deal_0051@qualified,deal_0051,qualified,2025-07-06T06:00,48000,2025-09-13T15:00,0
deal_0051@demo,deal_0051,demo,2025-07-30T15:00,48000,2025-09-13T15:00,0
deal_0051@proposal,deal_0051,proposal,2025-08-18T15:00,48000,2025-09-13T15:00,0
deal_0052@qualified,deal_0052,qualified,2025-08-03T18:00,96000,2025-08-24T03:00,0
deal_0052@demo,deal_0052,demo,2025-08-10T22:00,96000,2025-08-24T03:00,0
deal_0052@proposal,deal_0052,proposal,2025-08-15T03:00,96000,2025-08-24T03:00,0
deal_0053@qualified,deal_0053,qualified,2025-04-26T21:00,120000,2025-06-03T12:00,0
deal_0053@demo,deal_0053,demo,2025-05-07T14:00,120000,2025-06-03T12:00,0
deal_0053@proposal,deal_0053,proposal,2025-05-10T12:00,120000,2025-06-03T12:00,0
deal_0054@qualified,deal_0054,qualified,2025-06-02T17:00,18000,2025-08-07T05:00,0
deal_0054@demo,deal_0054,demo,2025-06-16T07:00,18000,2025-08-07T05:00,0
deal_0054@proposal,deal_0054,proposal,2025-07-08T05:00,18000,2025-08-07T05:00,0
deal_0055@qualified,deal_0055,qualified,2025-07-30T09:00,48000,2025-09-16T19:00,0
deal_0055@demo,deal_0055,demo,2025-08-12T16:00,48000,2025-09-16T19:00,0
deal_0055@proposal,deal_0055,proposal,2025-08-15T19:00,48000,2025-09-16T19:00,0
deal_0056@qualified,deal_0056,qualified,2025-01-25T05:00,24000,2025-03-09T01:00,1
deal_0056@demo,deal_0056,demo,2025-02-10T23:00,24000,2025-03-09T01:00,1
deal_0056@proposal,deal_0056,proposal,2025-03-04T01:00,24000,2025-03-09T01:00,1
deal_0057@qualified,deal_0057,qualified,2025-02-28T06:00,60000,2025-04-25T15:00,0
deal_0057@demo,deal_0057,demo,2025-03-16T11:00,60000,2025-04-25T15:00,0
deal_0057@proposal,deal_0057,proposal,2025-03-19T15:00,60000,2025-04-25T15:00,0
deal_0058@qualified,deal_0058,qualified,2025-11-11T05:00,48000,2026-01-11T22:00,0
deal_0058@demo,deal_0058,demo,2025-11-27T09:00,48000,2026-01-11T22:00,0
deal_0058@proposal,deal_0058,proposal,2025-12-07T22:00,48000,2026-01-11T22:00,0
deal_0059@qualified,deal_0059,qualified,2025-02-11T01:00,48000,2025-03-22T09:00,1
deal_0059@demo,deal_0059,demo,2025-02-25T02:00,48000,2025-03-22T09:00,1
deal_0059@proposal,deal_0059,proposal,2025-03-08T09:00,48000,2025-03-22T09:00,1
deal_0060@qualified,deal_0060,qualified,2025-03-22T11:00,18000,2025-05-04T13:00,0
deal_0060@demo,deal_0060,demo,2025-04-02T06:00,18000,2025-05-04T13:00,0
deal_0060@proposal,deal_0060,proposal,2025-04-26T13:00,18000,2025-05-04T13:00,0
deal_0061@qualified,deal_0061,qualified,2025-04-13T04:00,48000,2025-05-31T01:00,0
deal_0061@demo,deal_0061,demo,2025-05-05T05:00,48000,2025-05-31T01:00,0
deal_0061@proposal,deal_0061,proposal,2025-05-14T01:00,48000,2025-05-31T01:00,0
deal_0062@qualified,deal_0062,qualified,2025-06-02T00:00,36000,2025-07-12T16:00,0
deal_0062@demo,deal_0062,demo,2025-06-07T19:00,36000,2025-07-12T16:00,0
deal_0062@proposal,deal_0062,proposal,2025-06-10T16:00,36000,2025-07-12T16:00,0
deal_0063@qualified,deal_0063,qualified,2025-10-27T04:00,36000,2025-12-23T11:00,0
deal_0063@demo,deal_0063,demo,2025-11-15T03:00,36000,2025-12-23T11:00,0
deal_0063@proposal,deal_0063,proposal,2025-11-17T11:00,36000,2025-12-23T11:00,0
deal_0064@qualified,deal_0064,qualified,2025-07-08T08:00,24000,2025-09-07T03:00,0
deal_0064@demo,deal_0064,demo,2025-07-23T21:00,24000,2025-09-07T03:00,0
deal_0064@proposal,deal_0064,proposal,2025-08-06T03:00,24000,2025-09-07T03:00,0
deal_0065@qualified,deal_0065,qualified,2025-03-26T13:00,48000,2025-05-18T08:00,1
deal_0065@demo,deal_0065,demo,2025-04-04T06:00,48000,2025-05-18T08:00,1
deal_0065@proposal,deal_0065,proposal,2025-04-12T08:00,48000,2025-05-18T08:00,1
deal_0066@qualified,deal_0066,qualified,2025-02-18T00:00,48000,2025-04-01T07:00,0
deal_0066@demo,deal_0066,demo,2025-03-04T19:00,48000,2025-04-01T07:00,0
deal_0066@proposal,deal_0066,proposal,2025-03-21T07:00,48000,2025-04-01T07:00,0
deal_0067@qualified,deal_0067,qualified,2025-04-28T19:00,96000,2025-06-02T20:00,0
deal_0067@demo,deal_0067,demo,2025-05-07T13:00,96000,2025-06-02T20:00,0
deal_0067@proposal,deal_0067,proposal,2025-05-17T20:00,96000,2025-06-02T20:00,0
deal_0068@qualified,deal_0068,qualified,2025-12-15T15:00,36000,2026-02-20T07:00,0
deal_0068@demo,deal_0068,demo,2025-12-22T12:00,36000,2026-02-20T07:00,0
deal_0068@proposal,deal_0068,proposal,2026-01-14T07:00,36000,2026-02-20T07:00,0
deal_0069@qualified,deal_0069,qualified,2025-02-15T20:00,24000,2025-04-07T04:00,0
deal_0069@demo,deal_0069,demo,2025-03-01T04:00,24000,2025-04-07T04:00,0
deal_0069@proposal,deal_0069,proposal,2025-03-11T04:00,24000,2025-04-07T04:00,0
deal_0070@qualified,deal_0070,qualified,2025-08-17T10:00,96000,2025-10-07T06:00,0
deal_0070@demo,deal_0070,demo,2025-09-05T13:00,96000,2025-10-07T06:00,0
deal_0070@proposal,deal_0070,proposal,2025-09-21T06:00,96000,2025-10-07T06:00,0
deal_0071@qualified,deal_0071,qualified,2025-07-08T12:00,120000,2025-08-22T23:00,0
deal_0071@demo,deal_0071,demo,2025-07-25T12:00,120000,2025-08-22T23:00,0
deal_0071@proposal,deal_0071,proposal,2025-08-09T23:00,120000,2025-08-22T23:00,0
deal_0072@qualified,deal_0072,qualified,2025-05-26T13:00,48000,2025-08-04T15:00,0
deal_0072@demo,deal_0072,demo,2025-06-17T18:00,48000,2025-08-04T15:00,0
deal_0072@proposal,deal_0072,proposal,2025-07-01T15:00,48000,2025-08-04T15:00,0
deal_0073@qualified,deal_0073,qualified,2025-05-07T22:00,24000,2025-06-20T12:00,0
deal_0073@demo,deal_0073,demo,2025-05-26T11:00,24000,2025-06-20T12:00,0
deal_0073@proposal,deal_0073,proposal,2025-06-04T12:00,24000,2025-06-20T12:00,0
deal_0074@qualified,deal_0074,qualified,2025-05-08T18:00,24000,2025-06-30T14:00,0
deal_0074@demo,deal_0074,demo,2025-05-22T06:00,24000,2025-06-30T14:00,0
deal_0074@proposal,deal_0074,proposal,2025-06-12T14:00,24000,2025-06-30T14:00,0
deal_0075@qualified,deal_0075,qualified,2025-05-13T12:00,120000,2025-06-24T11:00,1
deal_0075@demo,deal_0075,demo,2025-05-20T03:00,120000,2025-06-24T11:00,1
deal_0075@proposal,deal_0075,proposal,2025-06-05T11:00,120000,2025-06-24T11:00,1
deal_0076@qualified,deal_0076,qualified,2025-06-01T04:00,48000,2025-08-06T08:00,0
deal_0076@demo,deal_0076,demo,2025-06-14T14:00,48000,2025-08-06T08:00,0
deal_0076@proposal,deal_0076,proposal,2025-06-27T08:00,48000,2025-08-06T08:00,0
deal_0077@qualified,deal_0077,qualified,2025-03-14T11:00,12000,2025-06-08T23:00,0
deal_0077@demo,deal_0077,demo,2025-04-08T07:00,12000,2025-06-08T23:00,0
deal_0077@proposal,deal_0077,proposal,2025-04-29T23:00,12000,2025-06-08T23:00,0
deal_0078@qualified,deal_0078,qualified,2025-01-26T05:00,120000,2025-03-20T18:00,1
deal_0078@demo,deal_0078,demo,2025-02-16T00:00,120000,2025-03-20T18:00,1
deal_0078@proposal,deal_0078,proposal,2025-02-27T18:00,120000,2025-03-20T18:00,1
deal_0079@qualified,deal_0079,qualified,2025-10-11T21:00,120000,2025-12-13T10:00,0
deal_0079@demo,deal_0079,demo,2025-10-19T22:00,120000,2025-12-13T10:00,0
deal_0079@proposal,deal_0079,proposal,2025-11-12T10:00,120000,2025-12-13T10:00,0
deal_0080@qualified,deal_0080,qualified,2025-02-21T09:00,12000,2025-03-21T17:00,0
deal_0080@demo,deal_0080,demo,2025-02-23T21:00,12000,2025-03-21T17:00,0
deal_0080@proposal,deal_0080,proposal,2025-03-05T17:00,12000,2025-03-21T17:00,0
deal_0081@qualified,deal_0081,qualified,2025-04-13T03:00,120000,2025-06-22T20:00,0
deal_0081@demo,deal_0081,demo,2025-04-30T03:00,120000,2025-06-22T20:00,0
deal_0081@proposal,deal_0081,proposal,2025-05-15T20:00,120000,2025-06-22T20:00,0
deal_0082@qualified,deal_0082,qualified,2025-09-12T04:00,36000,2025-11-10T19:00,1
deal_0082@demo,deal_0082,demo,2025-10-04T12:00,36000,2025-11-10T19:00,1
deal_0082@proposal,deal_0082,proposal,2025-10-14T19:00,36000,2025-11-10T19:00,1
deal_0083@qualified,deal_0083,qualified,2025-05-26T01:00,24000,2025-06-30T19:00,0
deal_0083@demo,deal_0083,demo,2025-06-13T22:00,24000,2025-06-30T19:00,0
deal_0083@proposal,deal_0083,proposal,2025-06-19T19:00,24000,2025-06-30T19:00,0
deal_0084@qualified,deal_0084,qualified,2025-09-28T02:00,12000,2025-11-26T13:00,0
deal_0084@demo,deal_0084,demo,2025-10-18T18:00,12000,2025-11-26T13:00,0
deal_0084@proposal,deal_0084,proposal,2025-11-06T13:00,12000,2025-11-26T13:00,0
deal_0085@qualified,deal_0085,qualified,2025-08-05T17:00,18000,2025-09-24T04:00,0
deal_0085@demo,deal_0085,demo,2025-08-09T00:00,18000,2025-09-24T04:00,0
deal_0085@proposal,deal_0085,proposal,2025-08-15T04:00,18000,2025-09-24T04:00,0
deal_0086@qualified,deal_0086,qualified,2025-03-05T04:00,96000,2025-05-09T23:00,0
deal_0086@demo,deal_0086,demo,2025-03-21T18:00,96000,2025-05-09T23:00,0
deal_0086@proposal,deal_0086,proposal,2025-04-02T23:00,96000,2025-05-09T23:00,0
deal_0087@qualified,deal_0087,qualified,2025-08-10T14:00,36000,2025-10-19T05:00,0
deal_0087@demo,deal_0087,demo,2025-08-18T14:00,36000,2025-10-19T05:00,0
deal_0087@proposal,deal_0087,proposal,2025-09-10T05:00,36000,2025-10-19T05:00,0
deal_0088@qualified,deal_0088,qualified,2025-11-15T05:00,48000,2026-01-11T04:00,0
deal_0088@demo,deal_0088,demo,2025-12-05T09:00,48000,2026-01-11T04:00,0
deal_0088@proposal,deal_0088,proposal,2025-12-12T04:00,48000,2026-01-11T04:00,0
deal_0089@qualified,deal_0089,qualified,2025-03-04T19:00,24000,2025-04-18T10:00,1
deal_0089@demo,deal_0089,demo,2025-03-13T21:00,24000,2025-04-18T10:00,1
deal_0089@proposal,deal_0089,proposal,2025-03-23T10:00,24000,2025-04-18T10:00,1
deal_0090@qualified,deal_0090,qualified,2025-02-14T15:00,18000,2025-03-21T20:00,1
deal_0090@demo,deal_0090,demo,2025-03-03T19:00,18000,2025-03-21T20:00,1
deal_0090@proposal,deal_0090,proposal,2025-03-10T20:00,18000,2025-03-21T20:00,1
deal_0091@qualified,deal_0091,qualified,2025-12-07T04:00,96000,2026-01-04T17:00,0
deal_0091@demo,deal_0091,demo,2025-12-11T01:00,96000,2026-01-04T17:00,0
deal_0091@proposal,deal_0091,proposal,2025-12-30T17:00,96000,2026-01-04T17:00,0
deal_0092@qualified,deal_0092,qualified,2025-07-10T05:00,36000,2025-09-06T09:00,0
deal_0092@demo,deal_0092,demo,2025-07-20T10:00,36000,2025-09-06T09:00,0
deal_0092@proposal,deal_0092,proposal,2025-08-05T09:00,36000,2025-09-06T09:00,0
deal_0093@qualified,deal_0093,qualified,2025-09-08T04:00,48000,2025-11-05T05:00,0
deal_0093@demo,deal_0093,demo,2025-09-23T02:00,48000,2025-11-05T05:00,0
deal_0093@proposal,deal_0093,proposal,2025-09-27T05:00,48000,2025-11-05T05:00,0
deal_0094@qualified,deal_0094,qualified,2025-03-12T15:00,60000,2025-05-16T08:00,0
deal_0094@demo,deal_0094,demo,2025-03-19T12:00,60000,2025-05-16T08:00,0
deal_0094@proposal,deal_0094,proposal,2025-04-06T08:00,60000,2025-05-16T08:00,0
deal_0095@qualified,deal_0095,qualified,2025-08-29T21:00,120000,2025-09-29T01:00,1
deal_0095@demo,deal_0095,demo,2025-09-18T18:00,120000,2025-09-29T01:00,1
deal_0095@proposal,deal_0095,proposal,2025-09-22T01:00,120000,2025-09-29T01:00,1
deal_0096@qualified,deal_0096,qualified,2025-08-27T12:00,120000,2025-10-07T17:00,0
deal_0096@demo,deal_0096,demo,2025-09-06T05:00,120000,2025-10-07T17:00,0
deal_0096@proposal,deal_0096,proposal,2025-09-08T17:00,120000,2025-10-07T17:00,0
deal_0097@qualified,deal_0097,qualified,2025-04-13T22:00,96000,2025-06-06T03:00,0
deal_0097@demo,deal_0097,demo,2025-04-21T16:00,96000,2025-06-06T03:00,0
deal_0097@proposal,deal_0097,proposal,2025-04-27T03:00,96000,2025-06-06T03:00,0
deal_0098@qualified,deal_0098,qualified,2025-05-31T15:00,18000,2025-07-02T02:00,0
deal_0098@demo,deal_0098,demo,2025-06-03T13:00,18000,2025-07-02T02:00,0
deal_0098@proposal,deal_0098,proposal,2025-06-08T02:00,18000,2025-07-02T02:00,0
deal_0099@qualified,deal_0099,qualified,2025-03-08T02:00,96000,2025-04-20T21:00,0
deal_0099@demo,deal_0099,demo,2025-03-31T05:00,96000,2025-04-20T21:00,0
deal_0099@proposal,deal_0099,proposal,2025-04-12T21:00,96000,2025-04-20T21:00,0
deal_0100@qualified,deal_0100,qualified,2025-06-15T01:00,48000,2025-07-16T21:00,0
deal_0100@demo,deal_0100,demo,2025-06-19T13:00,48000,2025-07-16T21:00,0
deal_0100@proposal,deal_0100,proposal,2025-07-01T21:00,48000,2025-07-16T21:00,0
deal_0101@qualified,deal_0101,qualified,2025-07-02T08:00,96000,2025-08-31T05:00,0
deal_0101@demo,deal_0101,demo,2025-07-17T05:00,96000,2025-08-31T05:00,0
deal_0101@proposal,deal_0101,proposal,2025-08-01T05:00,96000,2025-08-31T05:00,0
deal_0102@qualified,deal_0102,qualified,2025-02-22T22:00,12000,2025-04-30T11:00,0
deal_0102@demo,deal_0102,demo,2025-03-18T13:00,12000,2025-04-30T11:00,0
deal_0102@proposal,deal_0102,proposal,2025-04-08T11:00,12000,2025-04-30T11:00,0
deal_0103@qualified,deal_0103,qualified,2025-10-08T05:00,24000,2025-12-12T01:00,0
deal_0103@demo,deal_0103,demo,2025-10-25T14:00,24000,2025-12-12T01:00,0
deal_0103@proposal,deal_0103,proposal,2025-11-14T01:00,24000,2025-12-12T01:00,0
deal_0104@qualified,deal_0104,qualified,2025-08-31T06:00,24000,2025-10-23T17:00,0
deal_0104@demo,deal_0104,demo,2025-09-22T10:00,24000,2025-10-23T17:00,0
deal_0104@proposal,deal_0104,proposal,2025-10-11T17:00,24000,2025-10-23T17:00,0
deal_0105@qualified,deal_0105,qualified,2025-01-31T06:00,96000,2025-03-22T09:00,0
deal_0105@demo,deal_0105,demo,2025-02-18T03:00,96000,2025-03-22T09:00,0
deal_0105@proposal,deal_0105,proposal,2025-03-14T09:00,96000,2025-03-22T09:00,0
deal_0106@qualified,deal_0106,qualified,2025-06-10T20:00,18000,2025-07-02T22:00,1
deal_0106@demo,deal_0106,demo,2025-06-16T05:00,18000,2025-07-02T22:00,1
deal_0106@proposal,deal_0106,proposal,2025-06-25T22:00,18000,2025-07-02T22:00,1
deal_0107@qualified,deal_0107,qualified,2025-10-03T10:00,18000,2025-11-25T17:00,0
deal_0107@demo,deal_0107,demo,2025-10-11T00:00,18000,2025-11-25T17:00,0
deal_0107@proposal,deal_0107,proposal,2025-10-31T17:00,18000,2025-11-25T17:00,0
deal_0108@qualified,deal_0108,qualified,2025-03-06T00:00,18000,2025-04-09T00:00,1
deal_0108@demo,deal_0108,demo,2025-03-09T14:00,18000,2025-04-09T00:00,1
deal_0108@proposal,deal_0108,proposal,2025-03-12T00:00,18000,2025-04-09T00:00,1
deal_0109@qualified,deal_0109,qualified,2025-11-13T05:00,48000,2025-12-20T17:00,1
deal_0109@demo,deal_0109,demo,2025-12-05T21:00,48000,2025-12-20T17:00,1
deal_0109@proposal,deal_0109,proposal,2025-12-13T17:00,48000,2025-12-20T17:00,1
deal_0110@qualified,deal_0110,qualified,2025-03-21T15:00,36000,2025-04-30T17:00,0
deal_0110@demo,deal_0110,demo,2025-04-10T04:00,36000,2025-04-30T17:00,0
deal_0110@proposal,deal_0110,proposal,2025-04-23T17:00,36000,2025-04-30T17:00,0
deal_0111@qualified,deal_0111,qualified,2025-02-21T23:00,120000,2025-04-19T00:00,0
deal_0111@demo,deal_0111,demo,2025-03-10T21:00,120000,2025-04-19T00:00,0
deal_0111@proposal,deal_0111,proposal,2025-03-24T00:00,120000,2025-04-19T00:00,0
deal_0112@qualified,deal_0112,qualified,2025-06-08T06:00,18000,2025-08-11T21:00,1
deal_0112@demo,deal_0112,demo,2025-07-01T05:00,18000,2025-08-11T21:00,1
deal_0112@proposal,deal_0112,proposal,2025-07-14T21:00,18000,2025-08-11T21:00,1
deal_0113@qualified,deal_0113,qualified,2025-09-05T13:00,96000,2025-10-06T12:00,0
deal_0113@demo,deal_0113,demo,2025-09-23T10:00,96000,2025-10-06T12:00,0
deal_0113@proposal,deal_0113,proposal,2025-09-30T12:00,96000,2025-10-06T12:00,0
deal_0114@qualified,deal_0114,qualified,2025-12-15T18:00,24000,2026-01-28T20:00,0
deal_0114@demo,deal_0114,demo,2025-12-31T12:00,24000,2026-01-28T20:00,0
deal_0114@proposal,deal_0114,proposal,2026-01-03T20:00,24000,2026-01-28T20:00,0
deal_0115@qualified,deal_0115,qualified,2025-05-27T18:00,120000,2025-08-03T14:00,0
deal_0115@demo,deal_0115,demo,2025-06-19T15:00,120000,2025-08-03T14:00,0
deal_0115@proposal,deal_0115,proposal,2025-06-24T14:00,120000,2025-08-03T14:00,0
deal_0116@qualified,deal_0116,qualified,2025-09-07T18:00,24000,2025-10-17T19:00,1
deal_0116@demo,deal_0116,demo,2025-09-10T01:00,24000,2025-10-17T19:00,1
deal_0116@proposal,deal_0116,proposal,2025-09-19T19:00,24000,2025-10-17T19:00,1
deal_0117@qualified,deal_0117,qualified,2025-05-25T01:00,36000,2025-07-09T10:00,0
deal_0117@demo,deal_0117,demo,2025-06-03T16:00,36000,2025-07-09T10:00,0
deal_0117@proposal,deal_0117,proposal,2025-06-26T10:00,36000,2025-07-09T10:00,0
deal_0118@qualified,deal_0118,qualified,2025-07-07T13:00,12000,2025-09-11T16:00,0
deal_0118@demo,deal_0118,demo,2025-07-18T05:00,12000,2025-09-11T16:00,0
deal_0118@proposal,deal_0118,proposal,2025-08-08T16:00,12000,2025-09-11T16:00,0
deal_0119@qualified,deal_0119,qualified,2025-11-15T23:00,60000,2025-12-29T04:00,0
deal_0119@demo,deal_0119,demo,2025-11-20T01:00,60000,2025-12-29T04:00,0
deal_0119@proposal,deal_0119,proposal,2025-12-13T04:00,60000,2025-12-29T04:00,0
deal_0120@qualified,deal_0120,qualified,2025-08-04T01:00,96000,2025-10-12T22:00,0
deal_0120@demo,deal_0120,demo,2025-08-13T06:00,96000,2025-10-12T22:00,0
deal_0120@proposal,deal_0120,proposal,2025-09-04T22:00,96000,2025-10-12T22:00,0
deal_0121@qualified,deal_0121,qualified,2025-09-11T03:00,36000,2025-11-22T07:00,0
deal_0121@demo,deal_0121,demo,2025-10-01T02:00,36000,2025-11-22T07:00,0
deal_0121@proposal,deal_0121,proposal,2025-10-14T07:00,36000,2025-11-22T07:00,0
deal_0122@qualified,deal_0122,qualified,2025-06-27T15:00,96000,2025-09-15T11:00,0
deal_0122@demo,deal_0122,demo,2025-07-15T22:00,96000,2025-09-15T11:00,0
deal_0122@proposal,deal_0122,proposal,2025-08-07T11:00,96000,2025-09-15T11:00,0
deal_0123@qualified,deal_0123,qualified,2025-07-11T09:00,60000,2025-09-01T07:00,0
deal_0123@demo,deal_0123,demo,2025-07-23T01:00,60000,2025-09-01T07:00,0
deal_0123@proposal,deal_0123,proposal,2025-08-15T07:00,60000,2025-09-01T07:00,0
deal_0124@qualified,deal_0124,qualified,2025-07-13T06:00,60000,2025-08-31T11:00,0
deal_0124@demo,deal_0124,demo,2025-08-02T02:00,60000,2025-08-31T11:00,0
deal_0124@proposal,deal_0124,proposal,2025-08-21T11:00,60000,2025-08-31T11:00,0
deal_0125@qualified,deal_0125,qualified,2025-04-13T15:00,60000,2025-05-21T09:00,0
deal_0125@demo,deal_0125,demo,2025-04-24T07:00,60000,2025-05-21T09:00,0
deal_0125@proposal,deal_0125,proposal,2025-05-15T09:00,60000,2025-05-21T09:00,0
deal_0126@qualified,deal_0126,qualified,2025-10-07T20:00,48000,2025-12-04T05:00,0
deal_0126@demo,deal_0126,demo,2025-10-31T04:00,48000,2025-12-04T05:00,0
deal_0126@proposal,deal_0126,proposal,2025-11-16T05:00,48000,2025-12-04T05:00,0
deal_0127@qualified,deal_0127,qualified,2025-08-23T22:00,48000,2025-10-25T19:00,1
deal_0127@demo,deal_0127,demo,2025-09-17T17:00,48000,2025-10-25T19:00,1
deal_0127@proposal,deal_0127,proposal,2025-10-06T19:00,48000,2025-10-25T19:00,1
deal_0128@qualified,deal_0128,qualified,2025-07-05T00:00,36000,2025-09-03T16:00,0
deal_0128@demo,deal_0128,demo,2025-07-11T12:00,36000,2025-09-03T16:00,0
deal_0128@proposal,deal_0128,proposal,2025-08-03T16:00,36000,2025-09-03T16:00,0
deal_0129@qualified,deal_0129,qualified,2025-09-07T19:00,36000,2025-10-31T18:00,0
deal_0129@demo,deal_0129,demo,2025-09-28T20:00,36000,2025-10-31T18:00,0
deal_0129@proposal,deal_0129,proposal,2025-10-08T18:00,36000,2025-10-31T18:00,0
deal_0130@qualified,deal_0130,qualified,2025-05-10T05:00,60000,2025-06-08T01:00,1
deal_0130@demo,deal_0130,demo,2025-05-19T10:00,60000,2025-06-08T01:00,1
deal_0130@proposal,deal_0130,proposal,2025-05-26T01:00,60000,2025-06-08T01:00,1
deal_0131@qualified,deal_0131,qualified,2025-08-26T04:00,120000,2025-11-02T22:00,0
deal_0131@demo,deal_0131,demo,2025-09-16T04:00,120000,2025-11-02T22:00,0
deal_0131@proposal,deal_0131,proposal,2025-09-24T22:00,120000,2025-11-02T22:00,0
deal_0132@qualified,deal_0132,qualified,2025-04-15T04:00,96000,2025-05-20T19:00,0
deal_0132@demo,deal_0132,demo,2025-04-17T09:00,96000,2025-05-20T19:00,0
deal_0132@proposal,deal_0132,proposal,2025-04-28T19:00,96000,2025-05-20T19:00,0
deal_0133@qualified,deal_0133,qualified,2025-08-16T10:00,18000,2025-09-19T13:00,0
deal_0133@demo,deal_0133,demo,2025-08-21T01:00,18000,2025-09-19T13:00,0
deal_0133@proposal,deal_0133,proposal,2025-09-09T13:00,18000,2025-09-19T13:00,0
deal_0134@qualified,deal_0134,qualified,2025-10-22T20:00,12000,2025-12-20T10:00,0
deal_0134@demo,deal_0134,demo,2025-11-07T09:00,12000,2025-12-20T10:00,0
deal_0134@proposal,deal_0134,proposal,2025-11-10T10:00,12000,2025-12-20T10:00,0
deal_0135@qualified,deal_0135,qualified,2025-07-19T15:00,12000,2025-08-25T15:00,0
deal_0135@demo,deal_0135,demo,2025-07-27T10:00,12000,2025-08-25T15:00,0
deal_0135@proposal,deal_0135,proposal,2025-07-31T15:00,12000,2025-08-25T15:00,0
deal_0136@qualified,deal_0136,qualified,2025-12-07T21:00,24000,2026-01-16T21:00,0
deal_0136@demo,deal_0136,demo,2026-01-01T14:00,24000,2026-01-16T21:00,0
deal_0136@proposal,deal_0136,proposal,2026-01-05T21:00,24000,2026-01-16T21:00,0
deal_0137@qualified,deal_0137,qualified,2025-07-10T05:00,24000,2025-08-30T18:00,0
deal_0137@demo,deal_0137,demo,2025-08-03T01:00,24000,2025-08-30T18:00,0
deal_0137@proposal,deal_0137,proposal,2025-08-16T18:00,24000,2025-08-30T18:00,0
deal_0138@qualified,deal_0138,qualified,2025-03-26T08:00,12000,2025-04-29T01:00,0
deal_0138@demo,deal_0138,demo,2025-04-02T21:00,12000,2025-04-29T01:00,0
deal_0138@proposal,deal_0138,proposal,2025-04-21T01:00,12000,2025-04-29T01:00,0
deal_0139@qualified,deal_0139,qualified,2025-02-21T01:00,36000,2025-04-11T22:00,0
deal_0139@demo,deal_0139,demo,2025-02-25T07:00,36000,2025-04-11T22:00,0
deal_0139@proposal,deal_0139,proposal,2025-03-08T22:00,36000,2025-04-11T22:00,0
deal_0140@qualified,deal_0140,qualified,2025-05-30T20:00,96000,2025-07-29T05:00,0
deal_0140@demo,deal_0140,demo,2025-06-13T08:00,96000,2025-07-29T05:00,0
deal_0140@proposal,deal_0140,proposal,2025-06-22T05:00,96000,2025-07-29T05:00,0
deal_0141@qualified,deal_0141,qualified,2025-02-04T07:00,36000,2025-03-28T22:00,1
deal_0141@demo,deal_0141,demo,2025-02-11T04:00,36000,2025-03-28T22:00,1
deal_0141@proposal,deal_0141,proposal,2025-02-17T22:00,36000,2025-03-28T22:00,1
deal_0142@qualified,deal_0142,qualified,2025-02-09T13:00,36000,2025-03-16T17:00,1
deal_0142@demo,deal_0142,demo,2025-02-20T06:00,36000,2025-03-16T17:00,1
deal_0142@proposal,deal_0142,proposal,2025-02-24T17:00,36000,2025-03-16T17:00,1
deal_0143@qualified,deal_0143,qualified,2025-03-23T13:00,18000,2025-04-29T08:00,0
deal_0143@demo,deal_0143,demo,2025-04-02T00:00,18000,2025-04-29T08:00,0
deal_0143@proposal,deal_0143,proposal,2025-04-14T08:00,18000,2025-04-29T08:00,0
deal_0144@qualified,deal_0144,qualified,2025-02-22T01:00,48000,2025-03-26T10:00,0
deal_0144@demo,deal_0144,demo,2025-03-03T15:00,48000,2025-03-26T10:00,0
deal_0144@proposal,deal_0144,proposal,2025-03-09T10:00,48000,2025-03-26T10:00,0
deal_0145@qualified,deal_0145,qualified,2025-08-14T15:00,48000,2025-10-15T08:00,1
deal_0145@demo,deal_0145,demo,2025-09-08T07:00,48000,2025-10-15T08:00,1
deal_0145@proposal,deal_0145,proposal,2025-09-12T08:00,48000,2025-10-15T08:00,1
deal_0146@qualified,deal_0146,qualified,2025-09-10T14:00,96000,2025-11-06T11:00,0
deal_0146@demo,deal_0146,demo,2025-10-03T21:00,96000,2025-11-06T11:00,0
deal_0146@proposal,deal_0146,proposal,2025-10-22T11:00,96000,2025-11-06T11:00,0
deal_0147@qualified,deal_0147,qualified,2025-03-19T06:00,18000,2025-04-17T00:00,0
deal_0147@demo,deal_0147,demo,2025-03-26T23:00,18000,2025-04-17T00:00,0
deal_0147@proposal,deal_0147,proposal,2025-04-02T00:00,18000,2025-04-17T00:00,0
deal_0148@qualified,deal_0148,qualified,2025-12-07T11:00,96000,2026-02-06T19:00,0
deal_0148@demo,deal_0148,demo,2025-12-29T16:00,96000,2026-02-06T19:00,0
deal_0148@proposal,deal_0148,proposal,2026-01-09T19:00,96000,2026-02-06T19:00,0
deal_0149@qualified,deal_0149,qualified,2025-04-25T07:00,36000,2025-05-23T22:00,0
deal_0149@demo,deal_0149,demo,2025-05-01T04:00,36000,2025-05-23T22:00,0
deal_0149@proposal,deal_0149,proposal,2025-05-17T22:00,36000,2025-05-23T22:00,0
deal_0150@qualified,deal_0150,qualified,2025-08-21T11:00,12000,2025-10-29T19:00,0
deal_0150@demo,deal_0150,demo,2025-09-09T01:00,12000,2025-10-29T19:00,0
deal_0150@proposal,deal_0150,proposal,2025-09-23T19:00,12000,2025-10-29T19:00,0
deal_0151@qualified,deal_0151,qualified,2025-03-11T01:00,12000,2025-04-24T12:00,0
deal_0151@demo,deal_0151,demo,2025-04-01T22:00,12000,2025-04-24T12:00,0
deal_0151@proposal,deal_0151,proposal,2025-04-05T12:00,12000,2025-04-24T12:00,0
deal_0152@qualified,deal_0152,qualified,2025-07-22T14:00,96000,2025-09-13T02:00,1
deal_0152@demo,deal_0152,demo,2025-08-03T06:00,96000,2025-09-13T02:00,1
deal_0152@proposal,deal_0152,proposal,2025-08-11T02:00,96000,2025-09-13T02:00,1
deal_0153@qualified,deal_0153,qualified,2025-11-18T00:00,96000,2026-02-05T19:00,0
deal_0153@demo,deal_0153,demo,2025-12-12T23:00,96000,2026-02-05T19:00,0
deal_0153@proposal,deal_0153,proposal,2026-01-02T19:00,96000,2026-02-05T19:00,0
deal_0154@qualified,deal_0154,qualified,2025-07-17T23:00,60000,2025-09-05T19:00,0
deal_0154@demo,deal_0154,demo,2025-07-19T23:00,60000,2025-09-05T19:00,0
deal_0154@proposal,deal_0154,proposal,2025-08-01T19:00,60000,2025-09-05T19:00,0
deal_0155@qualified,deal_0155,qualified,2025-09-16T09:00,36000,2025-11-30T19:00,0
deal_0155@demo,deal_0155,demo,2025-10-04T17:00,36000,2025-11-30T19:00,0
deal_0155@proposal,deal_0155,proposal,2025-10-24T19:00,36000,2025-11-30T19:00,0
deal_0156@qualified,deal_0156,qualified,2025-04-03T08:00,120000,2025-06-05T09:00,0
deal_0156@demo,deal_0156,demo,2025-04-17T16:00,120000,2025-06-05T09:00,0
deal_0156@proposal,deal_0156,proposal,2025-04-28T09:00,120000,2025-06-05T09:00,0
deal_0157@qualified,deal_0157,qualified,2025-07-29T09:00,60000,2025-09-11T17:00,0
deal_0157@demo,deal_0157,demo,2025-08-18T08:00,60000,2025-09-11T17:00,0
deal_0157@proposal,deal_0157,proposal,2025-09-02T17:00,60000,2025-09-11T17:00,0
deal_0158@qualified,deal_0158,qualified,2025-10-02T22:00,36000,2025-11-19T15:00,0
deal_0158@demo,deal_0158,demo,2025-10-12T12:00,36000,2025-11-19T15:00,0
deal_0158@proposal,deal_0158,proposal,2025-10-25T15:00,36000,2025-11-19T15:00,0
deal_0159@qualified,deal_0159,qualified,2025-05-11T15:00,18000,2025-06-08T14:00,0
deal_0159@demo,deal_0159,demo,2025-05-28T14:00,18000,2025-06-08T14:00,0
deal_0159@proposal,deal_0159,proposal,2025-05-30T14:00,18000,2025-06-08T14:00,0
deal_0160@qualified,deal_0160,qualified,2025-08-29T07:00,24000,2025-11-09T15:00,0
deal_0160@demo,deal_0160,demo,2025-09-17T13:00,24000,2025-11-09T15:00,0
deal_0160@proposal,deal_0160,proposal,2025-10-03T15:00,24000,2025-11-09T15:00,0
deal_0161@qualified,deal_0161,qualified,2025-03-24T17:00,24000,2025-05-17T08:00,0
deal_0161@demo,deal_0161,demo,2025-04-13T07:00,24000,2025-05-17T08:00,0
deal_0161@proposal,deal_0161,proposal,2025-04-19T08:00,24000,2025-05-17T08:00,0
deal_0162@qualified,deal_0162,qualified,2025-05-10T04:00,12000,2025-06-03T01:00,0
deal_0162@demo,deal_0162,demo,2025-05-17T20:00,12000,2025-06-03T01:00,0
deal_0162@proposal,deal_0162,proposal,2025-05-26T01:00,12000,2025-06-03T01:00,0
deal_0163@qualified,deal_0163,qualified,2025-11-25T20:00,36000,2026-01-17T01:00,0
deal_0163@demo,deal_0163,demo,2025-12-09T18:00,36000,2026-01-17T01:00,0
deal_0163@proposal,deal_0163,proposal,2025-12-22T01:00,36000,2026-01-17T01:00,0
deal_0164@qualified,deal_0164,qualified,2025-05-01T10:00,120000,2025-06-05T05:00,0
deal_0164@demo,deal_0164,demo,2025-05-14T00:00,120000,2025-06-05T05:00,0
deal_0164@proposal,deal_0164,proposal,2025-05-17T05:00,120000,2025-06-05T05:00,0
deal_0165@qualified,deal_0165,qualified,2025-10-10T03:00,24000,2025-12-01T09:00,0
deal_0165@demo,deal_0165,demo,2025-10-26T12:00,24000,2025-12-01T09:00,0
deal_0165@proposal,deal_0165,proposal,2025-11-19T09:00,24000,2025-12-01T09:00,0
deal_0166@qualified,deal_0166,qualified,2025-08-06T09:00,18000,2025-09-24T21:00,0
deal_0166@demo,deal_0166,demo,2025-08-21T23:00,18000,2025-09-24T21:00,0
deal_0166@proposal,deal_0166,proposal,2025-09-03T21:00,18000,2025-09-24T21:00,0
deal_0167@qualified,deal_0167,qualified,2025-03-23T16:00,24000,2025-05-21T03:00,0
deal_0167@demo,deal_0167,demo,2025-04-11T04:00,24000,2025-05-21T03:00,0
deal_0167@proposal,deal_0167,proposal,2025-04-14T03:00,24000,2025-05-21T03:00,0
deal_0168@qualified,deal_0168,qualified,2025-03-31T08:00,36000,2025-05-01T20:00,0
deal_0168@demo,deal_0168,demo,2025-04-05T03:00,36000,2025-05-01T20:00,0
deal_0168@proposal,deal_0168,proposal,2025-04-23T20:00,36000,2025-05-01T20:00,0
deal_0169@qualified,deal_0169,qualified,2025-02-23T10:00,12000,2025-05-05T18:00,0
deal_0169@demo,deal_0169,demo,2025-03-17T13:00,12000,2025-05-05T18:00,0
deal_0169@proposal,deal_0169,proposal,2025-04-08T18:00,12000,2025-05-05T18:00,0
deal_0170@qualified,deal_0170,qualified,2025-01-23T00:00,36000,2025-02-27T13:00,1
deal_0170@demo,deal_0170,demo,2025-02-13T03:00,36000,2025-02-27T13:00,1
deal_0170@proposal,deal_0170,proposal,2025-02-16T13:00,36000,2025-02-27T13:00,1
deal_0171@qualified,deal_0171,qualified,2025-11-09T05:00,36000,2025-12-12T09:00,0
deal_0171@demo,deal_0171,demo,2025-11-14T08:00,36000,2025-12-12T09:00,0
deal_0171@proposal,deal_0171,proposal,2025-12-01T09:00,36000,2025-12-12T09:00,0
deal_0172@qualified,deal_0172,qualified,2025-02-20T08:00,12000,2025-03-23T21:00,0
deal_0172@demo,deal_0172,demo,2025-03-01T10:00,12000,2025-03-23T21:00,0
deal_0172@proposal,deal_0172,proposal,2025-03-05T21:00,12000,2025-03-23T21:00,0
deal_0173@qualified,deal_0173,qualified,2025-10-06T00:00,60000,2025-11-26T09:00,1
deal_0173@demo,deal_0173,demo,2025-10-10T20:00,60000,2025-11-26T09:00,1
deal_0173@proposal,deal_0173,proposal,2025-10-29T09:00,60000,2025-11-26T09:00,1
deal_0174@qualified,deal_0174,qualified,2025-06-13T09:00,18000,2025-08-01T05:00,0
deal_0174@demo,deal_0174,demo,2025-06-23T16:00,18000,2025-08-01T05:00,0
deal_0174@proposal,deal_0174,proposal,2025-06-30T05:00,18000,2025-08-01T05:00,0
deal_0175@qualified,deal_0175,qualified,2025-11-05T21:00,18000,2026-01-19T11:00,0
deal_0175@demo,deal_0175,demo,2025-11-21T09:00,18000,2026-01-19T11:00,0
deal_0175@proposal,deal_0175,proposal,2025-12-10T11:00,18000,2026-01-19T11:00,0
deal_0176@qualified,deal_0176,qualified,2025-09-17T12:00,60000,2025-11-04T08:00,0
deal_0176@demo,deal_0176,demo,2025-09-25T01:00,60000,2025-11-04T08:00,0
deal_0176@proposal,deal_0176,proposal,2025-09-29T08:00,60000,2025-11-04T08:00,0
deal_0177@qualified,deal_0177,qualified,2025-03-12T00:00,120000,2025-05-13T02:00,0
deal_0177@demo,deal_0177,demo,2025-03-30T14:00,120000,2025-05-13T02:00,0
deal_0177@proposal,deal_0177,proposal,2025-04-22T02:00,120000,2025-05-13T02:00,0
deal_0178@qualified,deal_0178,qualified,2025-06-08T23:00,12000,2025-07-16T19:00,0
deal_0178@demo,deal_0178,demo,2025-06-20T03:00,12000,2025-07-16T19:00,0
deal_0178@proposal,deal_0178,proposal,2025-06-24T19:00,12000,2025-07-16T19:00,0
deal_0179@qualified,deal_0179,qualified,2025-04-09T13:00,120000,2025-06-08T03:00,0
deal_0179@demo,deal_0179,demo,2025-05-03T18:00,120000,2025-06-08T03:00,0
deal_0179@proposal,deal_0179,proposal,2025-05-19T03:00,120000,2025-06-08T03:00,0
deal_0180@qualified,deal_0180,qualified,2025-03-18T17:00,96000,2025-04-27T23:00,0
deal_0180@demo,deal_0180,demo,2025-04-06T01:00,96000,2025-04-27T23:00,0
deal_0180@proposal,deal_0180,proposal,2025-04-22T23:00,96000,2025-04-27T23:00,0
deal_0181@qualified,deal_0181,qualified,2025-04-29T18:00,120000,2025-06-13T04:00,0
deal_0181@demo,deal_0181,demo,2025-05-12T14:00,120000,2025-06-13T04:00,0
deal_0181@proposal,deal_0181,proposal,2025-05-15T04:00,120000,2025-06-13T04:00,0
deal_0182@qualified,deal_0182,qualified,2025-11-14T21:00,18000,2025-12-23T07:00,1
deal_0182@demo,deal_0182,demo,2025-12-07T00:00,18000,2025-12-23T07:00,1
deal_0182@proposal,deal_0182,proposal,2025-12-17T07:00,18000,2025-12-23T07:00,1
deal_0183@qualified,deal_0183,qualified,2025-08-27T10:00,96000,2025-10-25T01:00,0
deal_0183@demo,deal_0183,demo,2025-09-10T00:00,96000,2025-10-25T01:00,0
deal_0183@proposal,deal_0183,proposal,2025-10-02T01:00,96000,2025-10-25T01:00,0
deal_0184@qualified,deal_0184,qualified,2025-05-01T02:00,24000,2025-06-15T22:00,0
deal_0184@demo,deal_0184,demo,2025-05-12T12:00,24000,2025-06-15T22:00,0
deal_0184@proposal,deal_0184,proposal,2025-05-19T22:00,24000,2025-06-15T22:00,0
deal_0185@qualified,deal_0185,qualified,2025-09-22T12:00,36000,2025-10-22T17:00,0
deal_0185@demo,deal_0185,demo,2025-10-03T07:00,36000,2025-10-22T17:00,0
deal_0185@proposal,deal_0185,proposal,2025-10-11T17:00,36000,2025-10-22T17:00,0
deal_0186@qualified,deal_0186,qualified,2025-07-25T07:00,96000,2025-09-06T12:00,0
deal_0186@demo,deal_0186,demo,2025-07-29T00:00,96000,2025-09-06T12:00,0
deal_0186@proposal,deal_0186,proposal,2025-08-19T12:00,96000,2025-09-06T12:00,0
deal_0187@qualified,deal_0187,qualified,2025-05-29T03:00,120000,2025-07-01T09:00,1
deal_0187@demo,deal_0187,demo,2025-06-01T12:00,120000,2025-07-01T09:00,1
deal_0187@proposal,deal_0187,proposal,2025-06-19T09:00,120000,2025-07-01T09:00,1
deal_0188@qualified,deal_0188,qualified,2025-06-30T15:00,60000,2025-08-17T17:00,0
deal_0188@demo,deal_0188,demo,2025-07-11T10:00,60000,2025-08-17T17:00,0
deal_0188@proposal,deal_0188,proposal,2025-07-25T17:00,60000,2025-08-17T17:00,0
deal_0189@qualified,deal_0189,qualified,2025-12-01T15:00,60000,2026-02-08T07:00,0
deal_0189@demo,deal_0189,demo,2025-12-12T10:00,60000,2026-02-08T07:00,0
deal_0189@proposal,deal_0189,proposal,2025-12-31T07:00,60000,2026-02-08T07:00,0
deal_0190@qualified,deal_0190,qualified,2025-03-17T11:00,12000,2025-05-05T18:00,0
deal_0190@demo,deal_0190,demo,2025-03-25T11:00,12000,2025-05-05T18:00,0
deal_0190@proposal,deal_0190,proposal,2025-03-28T18:00,12000,2025-05-05T18:00,0
deal_0191@qualified,deal_0191,qualified,2025-05-10T23:00,120000,2025-06-18T07:00,0
deal_0191@demo,deal_0191,demo,2025-05-14T01:00,120000,2025-06-18T07:00,0
deal_0191@proposal,deal_0191,proposal,2025-06-02T07:00,120000,2025-06-18T07:00,0
deal_0192@qualified,deal_0192,qualified,2025-11-02T22:00,12000,2026-01-07T04:00,0
deal_0192@demo,deal_0192,demo,2025-11-24T00:00,12000,2026-01-07T04:00,0
deal_0192@proposal,deal_0192,proposal,2025-12-11T04:00,12000,2026-01-07T04:00,0
deal_0193@qualified,deal_0193,qualified,2025-05-28T21:00,36000,2025-07-06T11:00,0
deal_0193@demo,deal_0193,demo,2025-06-05T13:00,36000,2025-07-06T11:00,0
deal_0193@proposal,deal_0193,proposal,2025-06-18T11:00,36000,2025-07-06T11:00,0
deal_0194@qualified,deal_0194,qualified,2025-06-23T15:00,24000,2025-09-05T13:00,0
deal_0194@demo,deal_0194,demo,2025-07-09T13:00,24000,2025-09-05T13:00,0
deal_0194@proposal,deal_0194,proposal,2025-07-31T13:00,24000,2025-09-05T13:00,0
deal_0195@qualified,deal_0195,qualified,2025-12-21T09:00,36000,2026-02-20T04:00,0
deal_0195@demo,deal_0195,demo,2026-01-15T00:00,36000,2026-02-20T04:00,0
deal_0195@proposal,deal_0195,proposal,2026-01-20T04:00,36000,2026-02-20T04:00,0
deal_0196@qualified,deal_0196,qualified,2025-10-01T13:00,96000,2025-11-14T16:00,0
deal_0196@demo,deal_0196,demo,2025-10-12T16:00,96000,2025-11-14T16:00,0
deal_0196@proposal,deal_0196,proposal,2025-11-01T16:00,96000,2025-11-14T16:00,0
deal_0197@qualified,deal_0197,qualified,2025-03-03T20:00,48000,2025-04-14T15:00,0
deal_0197@demo,deal_0197,demo,2025-03-14T15:00,48000,2025-04-14T15:00,0
deal_0197@proposal,deal_0197,proposal,2025-03-27T15:00,48000,2025-04-14T15:00,0
deal_0198@qualified,deal_0198,qualified,2025-06-18T20:00,24000,2025-09-05T14:00,0
deal_0198@demo,deal_0198,demo,2025-07-09T16:00,24000,2025-09-05T14:00,0
deal_0198@proposal,deal_0198,proposal,2025-07-29T14:00,24000,2025-09-05T14:00,0
deal_0199@qualified,deal_0199,qualified,2025-05-09T15:00,60000,2025-06-08T20:00,0
deal_0199@demo,deal_0199,demo,2025-05-21T13:00,60000,2025-06-08T20:00,0
deal_0199@proposal,deal_0199,proposal,2025-05-25T20:00,60000,2025-06-08T20:00,0
deal_0200@qualified,deal_0200,qualified,2025-09-15T02:00,96000,2025-11-12T03:00,0
deal_0200@demo,deal_0200,demo,2025-09-30T14:00,96000,2025-11-12T03:00,0
deal_0200@proposal,deal_0200,proposal,2025-10-16T03:00,96000,2025-11-12T03:00,0
deal_0201@qualified,deal_0201,qualified,2025-03-12T11:00,12000,2025-05-08T23:00,0
deal_0201@demo,deal_0201,demo,2025-03-26T14:00,12000,2025-05-08T23:00,0
deal_0201@proposal,deal_0201,proposal,2025-04-14T23:00,12000,2025-05-08T23:00,0
deal_0202@qualified,deal_0202,qualified,2025-01-18T06:00,12000,2025-02-28T22:00,1
deal_0202@demo,deal_0202,demo,2025-01-31T04:00,12000,2025-02-28T22:00,1
deal_0202@proposal,deal_0202,proposal,2025-02-10T22:00,12000,2025-02-28T22:00,1
deal_0203@qualified,deal_0203,qualified,2025-01-20T21:00,36000,2025-03-14T00:00,1
deal_0203@demo,deal_0203,demo,2025-02-10T13:00,36000,2025-03-14T00:00,1
deal_0203@proposal,deal_0203,proposal,2025-03-05T00:00,36000,2025-03-14T00:00,1
deal_0204@qualified,deal_0204,qualified,2025-12-19T06:00,60000,2026-02-28T01:00,0
deal_0204@demo,deal_0204,demo,2026-01-12T19:00,60000,2026-02-28T01:00,0
deal_0204@proposal,deal_0204,proposal,2026-01-23T01:00,60000,2026-02-28T01:00,0
deal_0205@qualified,deal_0205,qualified,2025-02-10T14:00,24000,2025-04-08T04:00,0
deal_0205@demo,deal_0205,demo,2025-02-26T02:00,24000,2025-04-08T04:00,0
deal_0205@proposal,deal_0205,proposal,2025-03-08T04:00,24000,2025-04-08T04:00,0
deal_0206@qualified,deal_0206,qualified,2025-12-08T15:00,120000,2026-02-01T11:00,1
deal_0206@demo,deal_0206,demo,2026-01-01T12:00,120000,2026-02-01T11:00,1
deal_0206@proposal,deal_0206,proposal,2026-01-20T11:00,120000,2026-02-01T11:00,1
deal_0207@qualified,deal_0207,qualified,2025-04-01T14:00,120000,2025-05-30T03:00,0
deal_0207@demo,deal_0207,demo,2025-04-24T03:00,120000,2025-05-30T03:00,0
deal_0207@proposal,deal_0207,proposal,2025-05-10T03:00,120000,2025-05-30T03:00,0
deal_0208@qualified,deal_0208,qualified,2025-04-01T13:00,12000,2025-05-12T13:00,0
deal_0208@demo,deal_0208,demo,2025-04-26T09:00,12000,2025-05-12T13:00,0
deal_0208@proposal,deal_0208,proposal,2025-05-06T13:00,12000,2025-05-12T13:00,0
deal_0209@qualified,deal_0209,qualified,2025-02-28T01:00,24000,2025-04-17T07:00,0
deal_0209@demo,deal_0209,demo,2025-03-02T19:00,24000,2025-04-17T07:00,0
deal_0209@proposal,deal_0209,proposal,2025-03-18T07:00,24000,2025-04-17T07:00,0
deal_0210@qualified,deal_0210,qualified,2025-11-17T01:00,18000,2025-12-29T04:00,0
deal_0210@demo,deal_0210,demo,2025-12-11T13:00,18000,2025-12-29T04:00,0
deal_0210@proposal,deal_0210,proposal,2025-12-18T04:00,18000,2025-12-29T04:00,0
deal_0211@qualified,deal_0211,qualified,2025-06-22T17:00,24000,2025-08-14T13:00,0
deal_0211@demo,deal_0211,demo,2025-07-16T13:00,24000,2025-08-14T13:00,0
deal_0211@proposal,deal_0211,proposal,2025-07-27T13:00,24000,2025-08-14T13:00,0
deal_0212@qualified,deal_0212,qualified,2025-02-12T10:00,12000,2025-04-05T04:00,1
deal_0212@demo,deal_0212,demo,2025-02-22T18:00,12000,2025-04-05T04:00,1
deal_0212@proposal,deal_0212,proposal,2025-03-07T04:00,12000,2025-04-05T04:00,1
deal_0213@qualified,deal_0213,qualified,2025-05-23T19:00,12000,2025-06-16T10:00,1
deal_0213@demo,deal_0213,demo,2025-06-04T05:00,12000,2025-06-16T10:00,1
deal_0213@proposal,deal_0213,proposal,2025-06-07T10:00,12000,2025-06-16T10:00,1
deal_0214@qualified,deal_0214,qualified,2025-07-01T02:00,120000,2025-08-01T06:00,0
deal_0214@demo,deal_0214,demo,2025-07-06T13:00,120000,2025-08-01T06:00,0
deal_0214@proposal,deal_0214,proposal,2025-07-15T06:00,120000,2025-08-01T06:00,0
deal_0215@qualified,deal_0215,qualified,2025-05-24T05:00,18000,2025-07-17T20:00,1
deal_0215@demo,deal_0215,demo,2025-06-13T11:00,18000,2025-07-17T20:00,1
deal_0215@proposal,deal_0215,proposal,2025-06-22T20:00,18000,2025-07-17T20:00,1
deal_0216@qualified,deal_0216,qualified,2025-05-27T02:00,60000,2025-07-25T03:00,0
deal_0216@demo,deal_0216,demo,2025-06-16T17:00,60000,2025-07-25T03:00,0
deal_0216@proposal,deal_0216,proposal,2025-06-24T03:00,60000,2025-07-25T03:00,0
deal_0217@qualified,deal_0217,qualified,2025-12-02T16:00,60000,2026-01-03T22:00,0
deal_0217@demo,deal_0217,demo,2025-12-13T19:00,60000,2026-01-03T22:00,0
deal_0217@proposal,deal_0217,proposal,2025-12-22T22:00,60000,2026-01-03T22:00,0
deal_0218@qualified,deal_0218,qualified,2025-03-18T02:00,96000,2025-05-05T16:00,0
deal_0218@demo,deal_0218,demo,2025-04-06T23:00,96000,2025-05-05T16:00,0
deal_0218@proposal,deal_0218,proposal,2025-04-26T16:00,96000,2025-05-05T16:00,0
deal_0219@qualified,deal_0219,qualified,2025-08-12T11:00,18000,2025-10-04T14:00,1
deal_0219@demo,deal_0219,demo,2025-08-31T00:00,18000,2025-10-04T14:00,1
deal_0219@proposal,deal_0219,proposal,2025-09-21T14:00,18000,2025-10-04T14:00,1
deal_0220@qualified,deal_0220,qualified,2025-10-29T16:00,24000,2025-12-23T20:00,0
deal_0220@demo,deal_0220,demo,2025-11-22T11:00,24000,2025-12-23T20:00,0
deal_0220@proposal,deal_0220,proposal,2025-12-14T20:00,24000,2025-12-23T20:00,0
deal_0221@qualified,deal_0221,qualified,2025-08-16T15:00,36000,2025-10-02T09:00,0
deal_0221@demo,deal_0221,demo,2025-08-20T21:00,36000,2025-10-02T09:00,0
deal_0221@proposal,deal_0221,proposal,2025-08-27T09:00,36000,2025-10-02T09:00,0
deal_0222@qualified,deal_0222,qualified,2025-07-08T07:00,24000,2025-09-14T07:00,0
deal_0222@demo,deal_0222,demo,2025-07-28T09:00,24000,2025-09-14T07:00,0
deal_0222@proposal,deal_0222,proposal,2025-08-08T07:00,24000,2025-09-14T07:00,0
deal_0223@qualified,deal_0223,qualified,2025-12-01T06:00,12000,2026-02-13T08:00,0
deal_0223@demo,deal_0223,demo,2025-12-18T17:00,12000,2026-02-13T08:00,0
deal_0223@proposal,deal_0223,proposal,2026-01-11T08:00,12000,2026-02-13T08:00,0
deal_0224@qualified,deal_0224,qualified,2025-02-13T16:00,48000,2025-03-20T11:00,0
deal_0224@demo,deal_0224,demo,2025-02-26T07:00,48000,2025-03-20T11:00,0
deal_0224@proposal,deal_0224,proposal,2025-03-13T11:00,48000,2025-03-20T11:00,0
deal_0225@qualified,deal_0225,qualified,2025-02-28T15:00,48000,2025-05-18T06:00,0
deal_0225@demo,deal_0225,demo,2025-03-25T08:00,48000,2025-05-18T06:00,0
deal_0225@proposal,deal_0225,proposal,2025-04-19T06:00,48000,2025-05-18T06:00,0
deal_0226@qualified,deal_0226,qualified,2025-07-11T11:00,36000,2025-08-17T08:00,0
deal_0226@demo,deal_0226,demo,2025-07-18T21:00,36000,2025-08-17T08:00,0
deal_0226@proposal,deal_0226,proposal,2025-08-05T08:00,36000,2025-08-17T08:00,0
deal_0227@qualified,deal_0227,qualified,2025-07-09T14:00,48000,2025-08-22T07:00,0
deal_0227@demo,deal_0227,demo,2025-07-25T01:00,48000,2025-08-22T07:00,0
deal_0227@proposal,deal_0227,proposal,2025-08-09T07:00,48000,2025-08-22T07:00,0
deal_0228@qualified,deal_0228,qualified,2025-04-27T13:00,120000,2025-06-06T20:00,0
deal_0228@demo,deal_0228,demo,2025-05-14T18:00,120000,2025-06-06T20:00,0
deal_0228@proposal,deal_0228,proposal,2025-05-31T20:00,120000,2025-06-06T20:00,0
deal_0229@qualified,deal_0229,qualified,2025-05-06T00:00,18000,2025-07-04T02:00,0
deal_0229@demo,deal_0229,demo,2025-05-18T12:00,18000,2025-07-04T02:00,0
deal_0229@proposal,deal_0229,proposal,2025-06-06T02:00,18000,2025-07-04T02:00,0
deal_0230@qualified,deal_0230,qualified,2025-08-05T06:00,18000,2025-10-06T22:00,0
deal_0230@demo,deal_0230,demo,2025-08-23T14:00,18000,2025-10-06T22:00,0
deal_0230@proposal,deal_0230,proposal,2025-08-30T22:00,18000,2025-10-06T22:00,0
deal_0231@qualified,deal_0231,qualified,2025-07-17T05:00,24000,2025-09-19T14:00,0
deal_0231@demo,deal_0231,demo,2025-07-23T00:00,24000,2025-09-19T14:00,0
deal_0231@proposal,deal_0231,proposal,2025-08-13T14:00,24000,2025-09-19T14:00,0
deal_0232@qualified,deal_0232,qualified,2025-04-14T19:00,12000,2025-05-24T15:00,1
deal_0232@demo,deal_0232,demo,2025-04-19T17:00,12000,2025-05-24T15:00,1
deal_0232@proposal,deal_0232,proposal,2025-04-22T15:00,12000,2025-05-24T15:00,1
deal_0233@qualified,deal_0233,qualified,2025-10-28T23:00,24000,2025-12-01T10:00,1
deal_0233@demo,deal_0233,demo,2025-11-09T12:00,24000,2025-12-01T10:00,1
deal_0233@proposal,deal_0233,proposal,2025-11-13T10:00,24000,2025-12-01T10:00,1
deal_0234@qualified,deal_0234,qualified,2025-08-13T11:00,24000,2025-10-30T16:00,0
deal_0234@demo,deal_0234,demo,2025-09-05T09:00,24000,2025-10-30T16:00,0
deal_0234@proposal,deal_0234,proposal,2025-09-22T16:00,24000,2025-10-30T16:00,0
deal_0235@qualified,deal_0235,qualified,2025-02-25T21:00,120000,2025-03-28T11:00,1
deal_0235@demo,deal_0235,demo,2025-02-28T19:00,120000,2025-03-28T11:00,1
deal_0235@proposal,deal_0235,proposal,2025-03-18T11:00,120000,2025-03-28T11:00,1
deal_0236@qualified,deal_0236,qualified,2025-01-29T00:00,24000,2025-02-26T12:00,0
deal_0236@demo,deal_0236,demo,2025-02-06T10:00,24000,2025-02-26T12:00,0
deal_0236@proposal,deal_0236,proposal,2025-02-11T12:00,24000,2025-02-26T12:00,0
deal_0237@qualified,deal_0237,qualified,2025-02-16T00:00,60000,2025-04-06T03:00,0
deal_0237@demo,deal_0237,demo,2025-02-22T07:00,60000,2025-04-06T03:00,0
deal_0237@proposal,deal_0237,proposal,2025-03-10T03:00,60000,2025-04-06T03:00,0
deal_0238@qualified,deal_0238,qualified,2025-04-11T14:00,48000,2025-05-21T04:00,0
deal_0238@demo,deal_0238,demo,2025-05-01T17:00,48000,2025-05-21T04:00,0
deal_0238@proposal,deal_0238,proposal,2025-05-09T04:00,48000,2025-05-21T04:00,0
deal_0239@qualified,deal_0239,qualified,2025-07-04T16:00,36000,2025-08-20T18:00,1
deal_0239@demo,deal_0239,demo,2025-07-28T06:00,36000,2025-08-20T18:00,1
deal_0239@proposal,deal_0239,proposal,2025-08-08T18:00,36000,2025-08-20T18:00,1
deal_0240@qualified,deal_0240,qualified,2025-04-12T22:00,18000,2025-06-04T06:00,0
deal_0240@demo,deal_0240,demo,2025-04-15T23:00,18000,2025-06-04T06:00,0
deal_0240@proposal,deal_0240,proposal,2025-04-25T06:00,18000,2025-06-04T06:00,0
deal_0241@qualified,deal_0241,qualified,2025-05-22T15:00,36000,2025-06-28T08:00,0
deal_0241@demo,deal_0241,demo,2025-06-02T14:00,36000,2025-06-28T08:00,0
deal_0241@proposal,deal_0241,proposal,2025-06-14T08:00,36000,2025-06-28T08:00,0
deal_0242@qualified,deal_0242,qualified,2025-07-08T11:00,36000,2025-08-27T13:00,1
deal_0242@demo,deal_0242,demo,2025-07-28T22:00,36000,2025-08-27T13:00,1
deal_0242@proposal,deal_0242,proposal,2025-08-19T13:00,36000,2025-08-27T13:00,1
deal_0243@qualified,deal_0243,qualified,2025-11-14T03:00,12000,2025-12-25T16:00,0
deal_0243@demo,deal_0243,demo,2025-11-21T21:00,12000,2025-12-25T16:00,0
deal_0243@proposal,deal_0243,proposal,2025-12-12T16:00,12000,2025-12-25T16:00,0
deal_0244@qualified,deal_0244,qualified,2025-02-14T12:00,48000,2025-04-10T22:00,0
deal_0244@demo,deal_0244,demo,2025-02-24T13:00,48000,2025-04-10T22:00,0
deal_0244@proposal,deal_0244,proposal,2025-03-18T22:00,48000,2025-04-10T22:00,0
deal_0245@qualified,deal_0245,qualified,2025-03-07T18:00,18000,2025-04-23T20:00,0
deal_0245@demo,deal_0245,demo,2025-03-14T06:00,18000,2025-04-23T20:00,0
deal_0245@proposal,deal_0245,proposal,2025-03-21T20:00,18000,2025-04-23T20:00,0
deal_0246@qualified,deal_0246,qualified,2025-08-25T09:00,18000,2025-09-21T06:00,1
deal_0246@demo,deal_0246,demo,2025-09-09T08:00,18000,2025-09-21T06:00,1
deal_0246@proposal,deal_0246,proposal,2025-09-12T06:00,18000,2025-09-21T06:00,1
deal_0247@qualified,deal_0247,qualified,2025-09-02T16:00,36000,2025-11-08T03:00,0
deal_0247@demo,deal_0247,demo,2025-09-22T00:00,36000,2025-11-08T03:00,0
deal_0247@proposal,deal_0247,proposal,2025-10-03T03:00,36000,2025-11-08T03:00,0
deal_0248@qualified,deal_0248,qualified,2025-06-08T19:00,48000,2025-08-01T00:00,0
deal_0248@demo,deal_0248,demo,2025-06-27T14:00,48000,2025-08-01T00:00,0
deal_0248@proposal,deal_0248,proposal,2025-07-21T00:00,48000,2025-08-01T00:00,0
deal_0249@qualified,deal_0249,qualified,2025-04-18T06:00,36000,2025-05-28T09:00,0
deal_0249@demo,deal_0249,demo,2025-04-29T13:00,36000,2025-05-28T09:00,0
deal_0249@proposal,deal_0249,proposal,2025-05-18T09:00,36000,2025-05-28T09:00,0
deal_0250@qualified,deal_0250,qualified,2025-11-18T13:00,120000,2026-01-04T09:00,1
deal_0250@demo,deal_0250,demo,2025-12-08T12:00,120000,2026-01-04T09:00,1
deal_0250@proposal,deal_0250,proposal,2025-12-11T09:00,120000,2026-01-04T09:00,1
deal_0251@qualified,deal_0251,qualified,2025-06-20T17:00,24000,2025-07-31T01:00,0
deal_0251@demo,deal_0251,demo,2025-07-12T16:00,24000,2025-07-31T01:00,0
deal_0251@proposal,deal_0251,proposal,2025-07-18T01:00,24000,2025-07-31T01:00,0
deal_0252@qualified,deal_0252,qualified,2025-08-31T10:00,96000,2025-11-02T23:00,0
deal_0252@demo,deal_0252,demo,2025-09-17T03:00,96000,2025-11-02T23:00,0
deal_0252@proposal,deal_0252,proposal,2025-10-01T23:00,96000,2025-11-02T23:00,0
deal_0253@qualified,deal_0253,qualified,2025-12-08T06:00,12000,2026-01-08T01:00,1
deal_0253@demo,deal_0253,demo,2025-12-20T17:00,12000,2026-01-08T01:00,1
deal_0253@proposal,deal_0253,proposal,2025-12-24T01:00,12000,2026-01-08T01:00,1
deal_0254@qualified,deal_0254,qualified,2025-05-09T13:00,24000,2025-06-30T03:00,0
deal_0254@demo,deal_0254,demo,2025-06-01T20:00,24000,2025-06-30T03:00,0
deal_0254@proposal,deal_0254,proposal,2025-06-25T03:00,24000,2025-06-30T03:00,0
deal_0255@qualified,deal_0255,qualified,2025-04-24T05:00,12000,2025-06-29T03:00,0
deal_0255@demo,deal_0255,demo,2025-05-17T22:00,12000,2025-06-29T03:00,0
deal_0255@proposal,deal_0255,proposal,2025-06-11T03:00,12000,2025-06-29T03:00,0
deal_0256@qualified,deal_0256,qualified,2025-12-06T22:00,36000,2026-02-06T13:00,1
deal_0256@demo,deal_0256,demo,2025-12-11T00:00,36000,2026-02-06T13:00,1
deal_0256@proposal,deal_0256,proposal,2025-12-31T13:00,36000,2026-02-06T13:00,1
deal_0257@qualified,deal_0257,qualified,2025-08-29T09:00,36000,2025-11-01T22:00,0
deal_0257@demo,deal_0257,demo,2025-09-20T04:00,36000,2025-11-01T22:00,0
deal_0257@proposal,deal_0257,proposal,2025-09-26T22:00,36000,2025-11-01T22:00,0
deal_0258@qualified,deal_0258,qualified,2025-12-13T09:00,96000,2026-01-29T21:00,0
deal_0258@demo,deal_0258,demo,2026-01-03T06:00,96000,2026-01-29T21:00,0
deal_0258@proposal,deal_0258,proposal,2026-01-06T21:00,96000,2026-01-29T21:00,0
deal_0259@qualified,deal_0259,qualified,2025-09-19T15:00,12000,2025-10-19T02:00,1
deal_0259@demo,deal_0259,demo,2025-10-03T05:00,12000,2025-10-19T02:00,1
deal_0259@proposal,deal_0259,proposal,2025-10-09T02:00,12000,2025-10-19T02:00,1
deal_0260@qualified,deal_0260,qualified,2025-07-25T23:00,24000,2025-09-18T10:00,0
deal_0260@demo,deal_0260,demo,2025-08-09T04:00,24000,2025-09-18T10:00,0
deal_0260@proposal,deal_0260,proposal,2025-08-26T10:00,24000,2025-09-18T10:00,0
deal_0261@qualified,deal_0261,qualified,2025-12-07T02:00,60000,2026-01-16T15:00,0
deal_0261@demo,deal_0261,demo,2025-12-31T01:00,60000,2026-01-16T15:00,0
deal_0261@proposal,deal_0261,proposal,2026-01-11T15:00,60000,2026-01-16T15:00,0
deal_0262@qualified,deal_0262,qualified,2025-04-05T16:00,24000,2025-05-05T19:00,0
deal_0262@demo,deal_0262,demo,2025-04-23T21:00,24000,2025-05-05T19:00,0
deal_0262@proposal,deal_0262,proposal,2025-04-28T19:00,24000,2025-05-05T19:00,0
deal_0263@qualified,deal_0263,qualified,2025-10-26T06:00,12000,2025-12-27T17:00,0
deal_0263@demo,deal_0263,demo,2025-11-18T09:00,12000,2025-12-27T17:00,0
deal_0263@proposal,deal_0263,proposal,2025-11-30T17:00,12000,2025-12-27T17:00,0
deal_0264@qualified,deal_0264,qualified,2025-07-28T22:00,18000,2025-10-08T18:00,0
deal_0264@demo,deal_0264,demo,2025-08-07T23:00,18000,2025-10-08T18:00,0
deal_0264@proposal,deal_0264,proposal,2025-08-30T18:00,18000,2025-10-08T18:00,0
deal_0265@qualified,deal_0265,qualified,2025-05-05T18:00,36000,2025-05-26T21:00,1
deal_0265@demo,deal_0265,demo,2025-05-10T21:00,36000,2025-05-26T21:00,1
deal_0265@proposal,deal_0265,proposal,2025-05-14T21:00,36000,2025-05-26T21:00,1
deal_0266@qualified,deal_0266,qualified,2025-06-18T07:00,36000,2025-07-12T06:00,1
deal_0266@demo,deal_0266,demo,2025-06-20T13:00,36000,2025-07-12T06:00,1
deal_0266@proposal,deal_0266,proposal,2025-07-07T06:00,36000,2025-07-12T06:00,1
deal_0267@qualified,deal_0267,qualified,2025-12-08T16:00,120000,2026-01-05T16:00,0
deal_0267@demo,deal_0267,demo,2025-12-29T09:00,120000,2026-01-05T16:00,0
deal_0267@proposal,deal_0267,proposal,2025-12-31T16:00,120000,2026-01-05T16:00,0
deal_0268@qualified,deal_0268,qualified,2025-09-26T15:00,36000,2025-11-15T09:00,0
deal_0268@demo,deal_0268,demo,2025-10-19T01:00,36000,2025-11-15T09:00,0
deal_0268@proposal,deal_0268,proposal,2025-10-24T09:00,36000,2025-11-15T09:00,0
deal_0269@qualified,deal_0269,qualified,2025-04-08T14:00,96000,2025-06-07T06:00,0
deal_0269@demo,deal_0269,demo,2025-04-17T09:00,96000,2025-06-07T06:00,0
deal_0269@proposal,deal_0269,proposal,2025-05-02T06:00,96000,2025-06-07T06:00,0
deal_0270@qualified,deal_0270,qualified,2025-07-13T01:00,24000,2025-08-26T19:00,1
deal_0270@demo,deal_0270,demo,2025-07-24T22:00,24000,2025-08-26T19:00,1
deal_0270@proposal,deal_0270,proposal,2025-08-01T19:00,24000,2025-08-26T19:00,1
deal_0271@qualified,deal_0271,qualified,2025-04-22T06:00,48000,2025-06-22T21:00,0
deal_0271@demo,deal_0271,demo,2025-04-25T09:00,48000,2025-06-22T21:00,0
deal_0271@proposal,deal_0271,proposal,2025-05-15T21:00,48000,2025-06-22T21:00,0
deal_0272@qualified,deal_0272,qualified,2025-08-06T02:00,96000,2025-10-10T20:00,1
deal_0272@demo,deal_0272,demo,2025-08-30T08:00,96000,2025-10-10T20:00,1
deal_0272@proposal,deal_0272,proposal,2025-09-23T20:00,96000,2025-10-10T20:00,1
deal_0273@qualified,deal_0273,qualified,2025-07-24T19:00,120000,2025-08-27T20:00,0
deal_0273@demo,deal_0273,demo,2025-08-04T03:00,120000,2025-08-27T20:00,0
deal_0273@proposal,deal_0273,proposal,2025-08-10T20:00,120000,2025-08-27T20:00,0
deal_0274@qualified,deal_0274,qualified,2025-08-11T08:00,96000,2025-09-11T00:00,1
deal_0274@demo,deal_0274,demo,2025-08-17T00:00,96000,2025-09-11T00:00,1
deal_0274@proposal,deal_0274,proposal,2025-08-31T00:00,96000,2025-09-11T00:00,1
deal_0275@qualified,deal_0275,qualified,2025-03-07T11:00,24000,2025-05-04T18:00,0
deal_0275@demo,deal_0275,demo,2025-04-01T03:00,24000,2025-05-04T18:00,0
deal_0275@proposal,deal_0275,proposal,2025-04-07T18:00,24000,2025-05-04T18:00,0
deal_0276@qualified,deal_0276,qualified,2025-06-01T03:00,120000,2025-08-07T14:00,0
deal_0276@demo,deal_0276,demo,2025-06-16T02:00,120000,2025-08-07T14:00,0
deal_0276@proposal,deal_0276,proposal,2025-07-08T14:00,120000,2025-08-07T14:00,0
deal_0277@qualified,deal_0277,qualified,2025-04-10T22:00,60000,2025-05-13T10:00,0
deal_0277@demo,deal_0277,demo,2025-04-17T00:00,60000,2025-05-13T10:00,0
deal_0277@proposal,deal_0277,proposal,2025-05-07T10:00,60000,2025-05-13T10:00,0
deal_0278@qualified,deal_0278,qualified,2025-02-10T12:00,18000,2025-04-21T02:00,0
deal_0278@demo,deal_0278,demo,2025-03-02T23:00,18000,2025-04-21T02:00,0
deal_0278@proposal,deal_0278,proposal,2025-03-24T02:00,18000,2025-04-21T02:00,0
deal_0279@qualified,deal_0279,qualified,2025-10-31T05:00,48000,2025-12-05T16:00,0
deal_0279@demo,deal_0279,demo,2025-11-04T18:00,48000,2025-12-05T16:00,0
deal_0279@proposal,deal_0279,proposal,2025-11-22T16:00,48000,2025-12-05T16:00,0
deal_0280@qualified,deal_0280,qualified,2025-08-19T05:00,48000,2025-10-01T07:00,0
deal_0280@demo,deal_0280,demo,2025-09-05T08:00,48000,2025-10-01T07:00,0
deal_0280@proposal,deal_0280,proposal,2025-09-26T07:00,48000,2025-10-01T07:00,0
deal_0281@qualified,deal_0281,qualified,2025-09-22T13:00,60000,2025-11-10T16:00,0
deal_0281@demo,deal_0281,demo,2025-09-26T00:00,60000,2025-11-10T16:00,0
deal_0281@proposal,deal_0281,proposal,2025-10-17T16:00,60000,2025-11-10T16:00,0
deal_0282@qualified,deal_0282,qualified,2025-02-26T10:00,96000,2025-04-14T20:00,0
deal_0282@demo,deal_0282,demo,2025-03-11T00:00,96000,2025-04-14T20:00,0
deal_0282@proposal,deal_0282,proposal,2025-03-23T20:00,96000,2025-04-14T20:00,0
deal_0283@qualified,deal_0283,qualified,2025-10-22T11:00,48000,2025-12-05T09:00,0
deal_0283@demo,deal_0283,demo,2025-11-10T03:00,48000,2025-12-05T09:00,0
deal_0283@proposal,deal_0283,proposal,2025-11-18T09:00,48000,2025-12-05T09:00,0
deal_0284@qualified,deal_0284,qualified,2025-06-02T12:00,24000,2025-07-05T05:00,0
deal_0284@demo,deal_0284,demo,2025-06-16T21:00,24000,2025-07-05T05:00,0
deal_0284@proposal,deal_0284,proposal,2025-06-29T05:00,24000,2025-07-05T05:00,0
deal_0285@qualified,deal_0285,qualified,2025-05-30T14:00,96000,2025-07-01T13:00,1
deal_0285@demo,deal_0285,demo,2025-06-06T04:00,96000,2025-07-01T13:00,1
deal_0285@proposal,deal_0285,proposal,2025-06-17T13:00,96000,2025-07-01T13:00,1
deal_0286@qualified,deal_0286,qualified,2025-05-19T14:00,18000,2025-07-31T04:00,0
deal_0286@demo,deal_0286,demo,2025-06-11T05:00,18000,2025-07-31T04:00,0
deal_0286@proposal,deal_0286,proposal,2025-06-30T04:00,18000,2025-07-31T04:00,0
deal_0287@qualified,deal_0287,qualified,2025-08-31T16:00,96000,2025-10-08T22:00,0
deal_0287@demo,deal_0287,demo,2025-09-17T05:00,96000,2025-10-08T22:00,0
deal_0287@proposal,deal_0287,proposal,2025-09-19T22:00,96000,2025-10-08T22:00,0
deal_0288@qualified,deal_0288,qualified,2025-01-26T08:00,12000,2025-03-08T19:00,1
deal_0288@demo,deal_0288,demo,2025-02-06T01:00,12000,2025-03-08T19:00,1
deal_0288@proposal,deal_0288,proposal,2025-02-19T19:00,12000,2025-03-08T19:00,1
deal_0289@qualified,deal_0289,qualified,2025-03-28T02:00,24000,2025-05-25T05:00,1
deal_0289@demo,deal_0289,demo,2025-04-22T01:00,24000,2025-05-25T05:00,1
deal_0289@proposal,deal_0289,proposal,2025-05-13T05:00,24000,2025-05-25T05:00,1
deal_0290@qualified,deal_0290,qualified,2025-06-16T13:00,36000,2025-08-10T01:00,0
deal_0290@demo,deal_0290,demo,2025-06-24T11:00,36000,2025-08-10T01:00,0
deal_0290@proposal,deal_0290,proposal,2025-07-10T01:00,36000,2025-08-10T01:00,0
deal_0291@qualified,deal_0291,qualified,2025-09-15T03:00,18000,2025-11-23T18:00,0
deal_0291@demo,deal_0291,demo,2025-09-30T15:00,18000,2025-11-23T18:00,0
deal_0291@proposal,deal_0291,proposal,2025-10-23T18:00,18000,2025-11-23T18:00,0
deal_0292@qualified,deal_0292,qualified,2025-05-21T15:00,18000,2025-07-20T02:00,0
deal_0292@demo,deal_0292,demo,2025-06-08T05:00,18000,2025-07-20T02:00,0
deal_0292@proposal,deal_0292,proposal,2025-06-15T02:00,18000,2025-07-20T02:00,0
deal_0293@qualified,deal_0293,qualified,2025-08-28T06:00,60000,2025-10-14T06:00,1
deal_0293@demo,deal_0293,demo,2025-09-20T19:00,60000,2025-10-14T06:00,1
deal_0293@proposal,deal_0293,proposal,2025-10-01T06:00,60000,2025-10-14T06:00,1
deal_0294@qualified,deal_0294,qualified,2025-04-05T09:00,60000,2025-05-25T08:00,0
deal_0294@demo,deal_0294,demo,2025-04-09T18:00,60000,2025-05-25T08:00,0
deal_0294@proposal,deal_0294,proposal,2025-05-03T08:00,60000,2025-05-25T08:00,0
deal_0295@qualified,deal_0295,qualified,2025-07-09T09:00,24000,2025-09-02T00:00,0
deal_0295@demo,deal_0295,demo,2025-07-14T14:00,24000,2025-09-02T00:00,0
deal_0295@proposal,deal_0295,proposal,2025-07-27T00:00,24000,2025-09-02T00:00,0
deal_0296@qualified,deal_0296,qualified,2025-10-27T20:00,48000,2025-12-04T20:00,0
deal_0296@demo,deal_0296,demo,2025-11-09T06:00,48000,2025-12-04T20:00,0
deal_0296@proposal,deal_0296,proposal,2025-11-26T20:00,48000,2025-12-04T20:00,0
deal_0297@qualified,deal_0297,qualified,2025-09-07T00:00,36000,2025-11-09T04:00,0
deal_0297@demo,deal_0297,demo,2025-09-22T08:00,36000,2025-11-09T04:00,0
deal_0297@proposal,deal_0297,proposal,2025-10-17T04:00,36000,2025-11-09T04:00,0
deal_0298@qualified,deal_0298,qualified,2025-02-27T07:00,18000,2025-04-30T12:00,0
deal_0298@demo,deal_0298,demo,2025-03-10T13:00,18000,2025-04-30T12:00,0
deal_0298@proposal,deal_0298,proposal,2025-03-21T12:00,18000,2025-04-30T12:00,0
deal_0299@qualified,deal_0299,qualified,2025-03-14T19:00,96000,2025-04-17T23:00,1
deal_0299@demo,deal_0299,demo,2025-03-27T07:00,96000,2025-04-17T23:00,1
deal_0299@proposal,deal_0299,proposal,2025-04-01T23:00,96000,2025-04-17T23:00,1
deal_0300@qualified,deal_0300,qualified,2025-05-10T10:00,12000,2025-07-04T08:00,0
deal_0300@demo,deal_0300,demo,2025-05-25T00:00,12000,2025-07-04T08:00,0
deal_0300@proposal,deal_0300,proposal,2025-06-07T08:00,12000,2025-07-04T08:00,0
deal_0301@qualified,deal_0301,qualified,2025-12-02T12:00,120000,2026-01-19T23:00,1
deal_0301@demo,deal_0301,demo,2025-12-22T20:00,120000,2026-01-19T23:00,1
deal_0301@proposal,deal_0301,proposal,2025-12-28T23:00,120000,2026-01-19T23:00,1
deal_0302@qualified,deal_0302,qualified,2025-06-08T15:00,48000,2025-07-15T00:00,0
deal_0302@demo,deal_0302,demo,2025-06-14T03:00,48000,2025-07-15T00:00,0
deal_0302@proposal,deal_0302,proposal,2025-06-21T00:00,48000,2025-07-15T00:00,0
deal_0303@qualified,deal_0303,qualified,2025-06-22T16:00,48000,2025-08-13T23:00,0
deal_0303@demo,deal_0303,demo,2025-07-11T03:00,48000,2025-08-13T23:00,0
deal_0303@proposal,deal_0303,proposal,2025-07-15T23:00,48000,2025-08-13T23:00,0
deal_0304@qualified,deal_0304,qualified,2025-09-06T01:00,12000,2025-10-26T05:00,0
deal_0304@demo,deal_0304,demo,2025-09-13T08:00,12000,2025-10-26T05:00,0
deal_0304@proposal,deal_0304,proposal,2025-09-23T05:00,12000,2025-10-26T05:00,0
deal_0305@qualified,deal_0305,qualified,2025-06-28T08:00,12000,2025-08-19T02:00,0
deal_0305@demo,deal_0305,demo,2025-07-04T13:00,12000,2025-08-19T02:00,0
deal_0305@proposal,deal_0305,proposal,2025-07-28T02:00,12000,2025-08-19T02:00,0
deal_0306@qualified,deal_0306,qualified,2025-05-07T07:00,120000,2025-07-20T08:00,0
deal_0306@demo,deal_0306,demo,2025-05-30T15:00,120000,2025-07-20T08:00,0
deal_0306@proposal,deal_0306,proposal,2025-06-20T08:00,120000,2025-07-20T08:00,0
deal_0307@qualified,deal_0307,qualified,2025-12-13T01:00,96000,2026-01-12T14:00,1
deal_0307@demo,deal_0307,demo,2025-12-23T12:00,96000,2026-01-12T14:00,1
deal_0307@proposal,deal_0307,proposal,2026-01-01T14:00,96000,2026-01-12T14:00,1
deal_0308@qualified,deal_0308,qualified,2025-12-07T11:00,120000,2026-01-24T06:00,0
deal_0308@demo,deal_0308,demo,2025-12-13T17:00,120000,2026-01-24T06:00,0
deal_0308@proposal,deal_0308,proposal,2025-12-22T06:00,120000,2026-01-24T06:00,0
deal_0309@qualified,deal_0309,qualified,2025-05-22T11:00,60000,2025-07-15T15:00,0
deal_0309@demo,deal_0309,demo,2025-06-05T07:00,60000,2025-07-15T15:00,0
deal_0309@proposal,deal_0309,proposal,2025-06-10T15:00,60000,2025-07-15T15:00,0
deal_0310@qualified,deal_0310,qualified,2025-10-27T01:00,60000,2025-12-21T04:00,1
deal_0310@demo,deal_0310,demo,2025-10-30T17:00,60000,2025-12-21T04:00,1
deal_0310@proposal,deal_0310,proposal,2025-11-18T04:00,60000,2025-12-21T04:00,1
deal_0311@qualified,deal_0311,qualified,2025-08-14T04:00,120000,2025-09-28T14:00,1
deal_0311@demo,deal_0311,demo,2025-08-17T04:00,120000,2025-09-28T14:00,1
deal_0311@proposal,deal_0311,proposal,2025-08-22T14:00,120000,2025-09-28T14:00,1
deal_0312@qualified,deal_0312,qualified,2025-07-15T10:00,12000,2025-09-29T18:00,0
deal_0312@demo,deal_0312,demo,2025-08-02T11:00,12000,2025-09-29T18:00,0
deal_0312@proposal,deal_0312,proposal,2025-08-25T18:00,12000,2025-09-29T18:00,0
deal_0313@qualified,deal_0313,qualified,2025-04-30T08:00,48000,2025-06-04T05:00,0
deal_0313@demo,deal_0313,demo,2025-05-16T11:00,48000,2025-06-04T05:00,0
deal_0313@proposal,deal_0313,proposal,2025-05-26T05:00,48000,2025-06-04T05:00,0
deal_0314@qualified,deal_0314,qualified,2025-10-02T21:00,60000,2025-11-08T21:00,0
deal_0314@demo,deal_0314,demo,2025-10-25T18:00,60000,2025-11-08T21:00,0
deal_0314@proposal,deal_0314,proposal,2025-11-02T21:00,60000,2025-11-08T21:00,0
deal_0315@qualified,deal_0315,qualified,2025-07-01T12:00,48000,2025-08-02T14:00,0
deal_0315@demo,deal_0315,demo,2025-07-10T09:00,48000,2025-08-02T14:00,0
deal_0315@proposal,deal_0315,proposal,2025-07-16T14:00,48000,2025-08-02T14:00,0
deal_0316@qualified,deal_0316,qualified,2025-11-07T18:00,36000,2025-12-26T16:00,0
deal_0316@demo,deal_0316,demo,2025-11-10T01:00,36000,2025-12-26T16:00,0
deal_0316@proposal,deal_0316,proposal,2025-11-18T16:00,36000,2025-12-26T16:00,0
deal_0317@qualified,deal_0317,qualified,2025-04-06T16:00,96000,2025-05-30T15:00,0
deal_0317@demo,deal_0317,demo,2025-04-16T07:00,96000,2025-05-30T15:00,0
deal_0317@proposal,deal_0317,proposal,2025-05-04T15:00,96000,2025-05-30T15:00,0
deal_0318@qualified,deal_0318,qualified,2025-11-16T05:00,96000,2026-01-02T21:00,1
deal_0318@demo,deal_0318,demo,2025-12-01T03:00,96000,2026-01-02T21:00,1
deal_0318@proposal,deal_0318,proposal,2025-12-11T21:00,96000,2026-01-02T21:00,1
deal_0319@qualified,deal_0319,qualified,2025-09-06T15:00,60000,2025-10-28T21:00,0
deal_0319@demo,deal_0319,demo,2025-09-15T17:00,60000,2025-10-28T21:00,0
deal_0319@proposal,deal_0319,proposal,2025-09-24T21:00,60000,2025-10-28T21:00,0
deal_0320@qualified,deal_0320,qualified,2025-05-25T03:00,18000,2025-06-26T02:00,0
deal_0320@demo,deal_0320,demo,2025-05-29T20:00,18000,2025-06-26T02:00,0
deal_0320@proposal,deal_0320,proposal,2025-06-18T02:00,18000,2025-06-26T02:00,0
deal_0321@qualified,deal_0321,qualified,2025-09-19T18:00,18000,2025-10-15T11:00,0
deal_0321@demo,deal_0321,demo,2025-09-28T04:00,18000,2025-10-15T11:00,0
deal_0321@proposal,deal_0321,proposal,2025-10-08T11:00,18000,2025-10-15T11:00,0
deal_0322@qualified,deal_0322,qualified,2025-10-08T16:00,120000,2025-12-20T15:00,0
deal_0322@demo,deal_0322,demo,2025-10-27T15:00,120000,2025-12-20T15:00,0
deal_0322@proposal,deal_0322,proposal,2025-11-10T15:00,120000,2025-12-20T15:00,0
deal_0323@qualified,deal_0323,qualified,2025-09-23T01:00,120000,2025-11-09T01:00,0
deal_0323@demo,deal_0323,demo,2025-09-30T17:00,120000,2025-11-09T01:00,0
deal_0323@proposal,deal_0323,proposal,2025-10-13T01:00,120000,2025-11-09T01:00,0
deal_0324@qualified,deal_0324,qualified,2025-06-05T14:00,18000,2025-07-30T18:00,1
deal_0324@demo,deal_0324,demo,2025-06-19T13:00,18000,2025-07-30T18:00,1
deal_0324@proposal,deal_0324,proposal,2025-07-08T18:00,18000,2025-07-30T18:00,1
deal_0325@qualified,deal_0325,qualified,2025-08-22T12:00,18000,2025-10-22T00:00,0
deal_0325@demo,deal_0325,demo,2025-09-14T05:00,18000,2025-10-22T00:00,0
deal_0325@proposal,deal_0325,proposal,2025-09-18T00:00,18000,2025-10-22T00:00,0
deal_0326@qualified,deal_0326,qualified,2025-05-19T18:00,12000,2025-07-25T23:00,1
deal_0326@demo,deal_0326,demo,2025-05-31T09:00,12000,2025-07-25T23:00,1
deal_0326@proposal,deal_0326,proposal,2025-06-23T23:00,12000,2025-07-25T23:00,1
deal_0327@qualified,deal_0327,qualified,2025-06-07T13:00,60000,2025-08-05T05:00,0
deal_0327@demo,deal_0327,demo,2025-06-23T02:00,60000,2025-08-05T05:00,0
deal_0327@proposal,deal_0327,proposal,2025-07-12T05:00,60000,2025-08-05T05:00,0
deal_0328@qualified,deal_0328,qualified,2025-06-17T14:00,18000,2025-08-25T23:00,0
deal_0328@demo,deal_0328,demo,2025-07-10T03:00,18000,2025-08-25T23:00,0
deal_0328@proposal,deal_0328,proposal,2025-07-30T23:00,18000,2025-08-25T23:00,0
deal_0329@qualified,deal_0329,qualified,2025-02-28T14:00,12000,2025-04-28T18:00,1
deal_0329@demo,deal_0329,demo,2025-03-17T08:00,12000,2025-04-28T18:00,1
deal_0329@proposal,deal_0329,proposal,2025-03-23T18:00,12000,2025-04-28T18:00,1
deal_0330@qualified,deal_0330,qualified,2025-08-01T05:00,60000,2025-10-01T02:00,0
deal_0330@demo,deal_0330,demo,2025-08-20T03:00,60000,2025-10-01T02:00,0
deal_0330@proposal,deal_0330,proposal,2025-08-30T02:00,60000,2025-10-01T02:00,0
deal_0331@qualified,deal_0331,qualified,2025-07-13T13:00,18000,2025-08-09T20:00,0
deal_0331@demo,deal_0331,demo,2025-07-19T07:00,18000,2025-08-09T20:00,0
deal_0331@proposal,deal_0331,proposal,2025-07-27T20:00,18000,2025-08-09T20:00,0
deal_0332@qualified,deal_0332,qualified,2025-12-08T05:00,48000,2026-01-13T14:00,0
deal_0332@demo,deal_0332,demo,2025-12-11T09:00,48000,2026-01-13T14:00,0
deal_0332@proposal,deal_0332,proposal,2025-12-27T14:00,48000,2026-01-13T14:00,0
deal_0333@qualified,deal_0333,qualified,2025-07-24T20:00,36000,2025-09-20T23:00,0
deal_0333@demo,deal_0333,demo,2025-08-12T09:00,36000,2025-09-20T23:00,0
deal_0333@proposal,deal_0333,proposal,2025-08-24T23:00,36000,2025-09-20T23:00,0
deal_0334@qualified,deal_0334,qualified,2025-03-30T17:00,12000,2025-05-18T01:00,1
deal_0334@demo,deal_0334,demo,2025-04-17T07:00,12000,2025-05-18T01:00,1
deal_0334@proposal,deal_0334,proposal,2025-05-05T01:00,12000,2025-05-18T01:00,1
deal_0335@qualified,deal_0335,qualified,2025-11-19T11:00,48000,2026-01-13T00:00,1
deal_0335@demo,deal_0335,demo,2025-11-26T15:00,48000,2026-01-13T00:00,1
deal_0335@proposal,deal_0335,proposal,2025-12-12T00:00,48000,2026-01-13T00:00,1
deal_0336@qualified,deal_0336,qualified,2025-04-10T23:00,12000,2025-05-11T21:00,0
deal_0336@demo,deal_0336,demo,2025-04-26T14:00,12000,2025-05-11T21:00,0
deal_0336@proposal,deal_0336,proposal,2025-04-29T21:00,12000,2025-05-11T21:00,0
deal_0337@qualified,deal_0337,qualified,2025-06-26T03:00,120000,2025-07-30T22:00,0
deal_0337@demo,deal_0337,demo,2025-07-09T10:00,120000,2025-07-30T22:00,0
deal_0337@proposal,deal_0337,proposal,2025-07-24T22:00,120000,2025-07-30T22:00,0
deal_0338@qualified,deal_0338,qualified,2025-08-29T01:00,36000,2025-11-06T09:00,0
deal_0338@demo,deal_0338,demo,2025-09-05T08:00,36000,2025-11-06T09:00,0
deal_0338@proposal,deal_0338,proposal,2025-09-29T09:00,36000,2025-11-06T09:00,0
deal_0339@qualified,deal_0339,qualified,2025-03-22T10:00,60000,2025-05-31T23:00,1
deal_0339@demo,deal_0339,demo,2025-04-09T09:00,60000,2025-05-31T23:00,1
deal_0339@proposal,deal_0339,proposal,2025-04-22T23:00,60000,2025-05-31T23:00,1
deal_0340@qualified,deal_0340,qualified,2025-05-03T15:00,18000,2025-07-12T14:00,0
deal_0340@demo,deal_0340,demo,2025-05-24T17:00,18000,2025-07-12T14:00,0
deal_0340@proposal,deal_0340,proposal,2025-06-10T14:00,18000,2025-07-12T14:00,0
deal_0341@qualified,deal_0341,qualified,2025-06-22T02:00,120000,2025-08-14T04:00,0
deal_0341@demo,deal_0341,demo,2025-07-16T01:00,120000,2025-08-14T04:00,0
deal_0341@proposal,deal_0341,proposal,2025-08-03T04:00,120000,2025-08-14T04:00,0
deal_0342@qualified,deal_0342,qualified,2025-12-11T09:00,48000,2026-01-22T21:00,0
deal_0342@demo,deal_0342,demo,2025-12-25T22:00,48000,2026-01-22T21:00,0
deal_0342@proposal,deal_0342,proposal,2026-01-10T21:00,48000,2026-01-22T21:00,0
deal_0343@qualified,deal_0343,qualified,2025-07-10T17:00,24000,2025-08-17T15:00,0
deal_0343@demo,deal_0343,demo,2025-07-24T15:00,24000,2025-08-17T15:00,0
deal_0343@proposal,deal_0343,proposal,2025-08-07T15:00,24000,2025-08-17T15:00,0
deal_0344@qualified,deal_0344,qualified,2025-02-19T22:00,48000,2025-04-23T23:00,1
deal_0344@demo,deal_0344,demo,2025-03-02T05:00,48000,2025-04-23T23:00,1
deal_0344@proposal,deal_0344,proposal,2025-03-14T23:00,48000,2025-04-23T23:00,1
deal_0345@qualified,deal_0345,qualified,2025-05-06T01:00,24000,2025-06-26T02:00,0
deal_0345@demo,deal_0345,demo,2025-05-21T12:00,24000,2025-06-26T02:00,0
deal_0345@proposal,deal_0345,proposal,2025-06-02T02:00,24000,2025-06-26T02:00,0
deal_0346@qualified,deal_0346,qualified,2025-08-28T10:00,36000,2025-10-06T15:00,0
deal_0346@demo,deal_0346,demo,2025-09-17T15:00,36000,2025-10-06T15:00,0
deal_0346@proposal,deal_0346,proposal,2025-09-30T15:00,36000,2025-10-06T15:00,0
deal_0347@qualified,deal_0347,qualified,2025-12-11T12:00,120000,2026-01-31T15:00,0
deal_0347@demo,deal_0347,demo,2025-12-23T18:00,120000,2026-01-31T15:00,0
deal_0347@proposal,deal_0347,proposal,2025-12-31T15:00,120000,2026-01-31T15:00,0
deal_0348@qualified,deal_0348,qualified,2025-07-16T11:00,60000,2025-09-19T04:00,0
deal_0348@demo,deal_0348,demo,2025-08-01T06:00,60000,2025-09-19T04:00,0
deal_0348@proposal,deal_0348,proposal,2025-08-22T04:00,60000,2025-09-19T04:00,0
deal_0349@qualified,deal_0349,qualified,2025-11-16T00:00,96000,2026-01-08T04:00,0
deal_0349@demo,deal_0349,demo,2025-12-03T09:00,96000,2026-01-08T04:00,0
deal_0349@proposal,deal_0349,proposal,2025-12-20T04:00,96000,2026-01-08T04:00,0
deal_0350@qualified,deal_0350,qualified,2025-02-17T12:00,24000,2025-04-11T17:00,0
deal_0350@demo,deal_0350,demo,2025-02-28T10:00,24000,2025-04-11T17:00,0
deal_0350@proposal,deal_0350,proposal,2025-03-24T17:00,24000,2025-04-11T17:00,0
deal_0351@qualified,deal_0351,qualified,2025-09-04T14:00,96000,2025-10-10T04:00,0
deal_0351@demo,deal_0351,demo,2025-09-18T06:00,96000,2025-10-10T04:00,0
deal_0351@proposal,deal_0351,proposal,2025-09-29T04:00,96000,2025-10-10T04:00,0
deal_0352@qualified,deal_0352,qualified,2025-09-03T17:00,36000,2025-10-11T18:00,0
deal_0352@demo,deal_0352,demo,2025-09-07T10:00,36000,2025-10-11T18:00,0
deal_0352@proposal,deal_0352,proposal,2025-09-10T18:00,36000,2025-10-11T18:00,0
deal_0353@qualified,deal_0353,qualified,2025-09-27T05:00,60000,2025-11-22T01:00,1
deal_0353@demo,deal_0353,demo,2025-10-02T20:00,60000,2025-11-22T01:00,1
deal_0353@proposal,deal_0353,proposal,2025-10-24T01:00,60000,2025-11-22T01:00,1
deal_0354@qualified,deal_0354,qualified,2025-04-03T15:00,24000,2025-05-20T02:00,0
deal_0354@demo,deal_0354,demo,2025-04-20T06:00,24000,2025-05-20T02:00,0
deal_0354@proposal,deal_0354,proposal,2025-05-05T02:00,24000,2025-05-20T02:00,0
deal_0355@qualified,deal_0355,qualified,2025-04-23T08:00,24000,2025-05-25T15:00,1
deal_0355@demo,deal_0355,demo,2025-05-11T22:00,24000,2025-05-25T15:00,1
deal_0355@proposal,deal_0355,proposal,2025-05-18T15:00,24000,2025-05-25T15:00,1
deal_0356@qualified,deal_0356,qualified,2025-08-06T17:00,120000,2025-10-12T21:00,0
deal_0356@demo,deal_0356,demo,2025-08-20T03:00,120000,2025-10-12T21:00,0
deal_0356@proposal,deal_0356,proposal,2025-09-03T21:00,120000,2025-10-12T21:00,0
deal_0357@qualified,deal_0357,qualified,2025-09-04T03:00,60000,2025-10-28T06:00,0
deal_0357@demo,deal_0357,demo,2025-09-17T10:00,60000,2025-10-28T06:00,0
deal_0357@proposal,deal_0357,proposal,2025-09-25T06:00,60000,2025-10-28T06:00,0
deal_0358@qualified,deal_0358,qualified,2025-05-15T13:00,12000,2025-06-26T00:00,1
deal_0358@demo,deal_0358,demo,2025-05-19T12:00,12000,2025-06-26T00:00,1
deal_0358@proposal,deal_0358,proposal,2025-05-22T00:00,12000,2025-06-26T00:00,1
deal_0359@qualified,deal_0359,qualified,2025-08-05T20:00,48000,2025-09-19T01:00,1
deal_0359@demo,deal_0359,demo,2025-08-12T12:00,48000,2025-09-19T01:00,1
deal_0359@proposal,deal_0359,proposal,2025-08-26T01:00,48000,2025-09-19T01:00,1
deal_0360@qualified,deal_0360,qualified,2025-11-24T22:00,18000,2026-01-20T14:00,0
deal_0360@demo,deal_0360,demo,2025-12-08T19:00,18000,2026-01-20T14:00,0
deal_0360@proposal,deal_0360,proposal,2025-12-14T14:00,18000,2026-01-20T14:00,0
deal_0361@qualified,deal_0361,qualified,2025-10-03T04:00,60000,2025-12-15T08:00,0
deal_0361@demo,deal_0361,demo,2025-10-19T00:00,60000,2025-12-15T08:00,0
deal_0361@proposal,deal_0361,proposal,2025-11-06T08:00,60000,2025-12-15T08:00,0
deal_0362@qualified,deal_0362,qualified,2025-11-03T05:00,60000,2025-12-05T08:00,0
deal_0362@demo,deal_0362,demo,2025-11-05T14:00,60000,2025-12-05T08:00,0
deal_0362@proposal,deal_0362,proposal,2025-11-23T08:00,60000,2025-12-05T08:00,0
deal_0363@qualified,deal_0363,qualified,2025-03-19T00:00,120000,2025-05-20T22:00,1
deal_0363@demo,deal_0363,demo,2025-03-27T22:00,120000,2025-05-20T22:00,1
deal_0363@proposal,deal_0363,proposal,2025-04-20T22:00,120000,2025-05-20T22:00,1
deal_0364@qualified,deal_0364,qualified,2025-09-11T05:00,120000,2025-11-19T17:00,0
deal_0364@demo,deal_0364,demo,2025-09-28T20:00,120000,2025-11-19T17:00,0
deal_0364@proposal,deal_0364,proposal,2025-10-21T17:00,120000,2025-11-19T17:00,0
deal_0365@qualified,deal_0365,qualified,2025-06-05T23:00,120000,2025-07-22T16:00,0
deal_0365@demo,deal_0365,demo,2025-06-30T04:00,120000,2025-07-22T16:00,0
deal_0365@proposal,deal_0365,proposal,2025-07-16T16:00,120000,2025-07-22T16:00,0
deal_0366@qualified,deal_0366,qualified,2025-06-11T02:00,24000,2025-07-26T09:00,1
deal_0366@demo,deal_0366,demo,2025-06-23T06:00,24000,2025-07-26T09:00,1
deal_0366@proposal,deal_0366,proposal,2025-06-28T09:00,24000,2025-07-26T09:00,1
deal_0367@qualified,deal_0367,qualified,2025-10-11T08:00,12000,2025-12-05T14:00,0
deal_0367@demo,deal_0367,demo,2025-11-03T10:00,12000,2025-12-05T14:00,0
deal_0367@proposal,deal_0367,proposal,2025-11-23T14:00,12000,2025-12-05T14:00,0
deal_0368@qualified,deal_0368,qualified,2025-12-03T20:00,24000,2026-01-29T22:00,0
deal_0368@demo,deal_0368,demo,2025-12-08T01:00,24000,2026-01-29T22:00,0
deal_0368@proposal,deal_0368,proposal,2025-12-22T22:00,24000,2026-01-29T22:00,0
deal_0369@qualified,deal_0369,qualified,2025-05-22T00:00,96000,2025-06-28T22:00,0
deal_0369@demo,deal_0369,demo,2025-05-27T10:00,96000,2025-06-28T22:00,0
deal_0369@proposal,deal_0369,proposal,2025-06-15T22:00,96000,2025-06-28T22:00,0
deal_0370@qualified,deal_0370,qualified,2025-07-03T18:00,18000,2025-08-31T13:00,1
deal_0370@demo,deal_0370,demo,2025-07-24T17:00,18000,2025-08-31T13:00,1
deal_0370@proposal,deal_0370,proposal,2025-08-03T13:00,18000,2025-08-31T13:00,1
deal_0371@qualified,deal_0371,qualified,2025-07-10T02:00,48000,2025-09-09T08:00,0
deal_0371@demo,deal_0371,demo,2025-07-26T23:00,48000,2025-09-09T08:00,0
deal_0371@proposal,deal_0371,proposal,2025-08-16T08:00,48000,2025-09-09T08:00,0
deal_0372@qualified,deal_0372,qualified,2025-09-07T19:00,96000,2025-11-13T07:00,0
deal_0372@demo,deal_0372,demo,2025-09-19T16:00,96000,2025-11-13T07:00,0
deal_0372@proposal,deal_0372,proposal,2025-10-05T07:00,96000,2025-11-13T07:00,0
deal_0373@qualified,deal_0373,qualified,2025-10-25T19:00,120000,2025-11-27T01:00,0
deal_0373@demo,deal_0373,demo,2025-10-30T05:00,120000,2025-11-27T01:00,0
deal_0373@proposal,deal_0373,proposal,2025-11-09T01:00,120000,2025-11-27T01:00,0
deal_0374@qualified,deal_0374,qualified,2025-05-18T01:00,18000,2025-07-01T01:00,1
deal_0374@demo,deal_0374,demo,2025-06-04T11:00,18000,2025-07-01T01:00,1
deal_0374@proposal,deal_0374,proposal,2025-06-16T01:00,18000,2025-07-01T01:00,1
deal_0375@qualified,deal_0375,qualified,2025-07-12T09:00,18000,2025-09-05T16:00,0
deal_0375@demo,deal_0375,demo,2025-07-20T00:00,18000,2025-09-05T16:00,0
deal_0375@proposal,deal_0375,proposal,2025-07-27T16:00,18000,2025-09-05T16:00,0
deal_0376@qualified,deal_0376,qualified,2025-05-13T01:00,24000,2025-07-18T07:00,0
deal_0376@demo,deal_0376,demo,2025-05-16T14:00,24000,2025-07-18T07:00,0
deal_0376@proposal,deal_0376,proposal,2025-06-09T07:00,24000,2025-07-18T07:00,0
deal_0377@qualified,deal_0377,qualified,2025-02-20T14:00,12000,2025-04-17T04:00,1
deal_0377@demo,deal_0377,demo,2025-03-11T05:00,12000,2025-04-17T04:00,1
deal_0377@proposal,deal_0377,proposal,2025-03-27T04:00,12000,2025-04-17T04:00,1
deal_0378@qualified,deal_0378,qualified,2025-09-25T07:00,120000,2025-10-25T10:00,0
deal_0378@demo,deal_0378,demo,2025-10-09T18:00,120000,2025-10-25T10:00,0
deal_0378@proposal,deal_0378,proposal,2025-10-20T10:00,120000,2025-10-25T10:00,0
deal_0379@qualified,deal_0379,qualified,2025-04-24T06:00,60000,2025-07-15T11:00,0
deal_0379@demo,deal_0379,demo,2025-05-19T04:00,60000,2025-07-15T11:00,0
deal_0379@proposal,deal_0379,proposal,2025-06-11T11:00,60000,2025-07-15T11:00,0
deal_0380@qualified,deal_0380,qualified,2025-04-16T19:00,120000,2025-05-28T05:00,0
deal_0380@demo,deal_0380,demo,2025-04-21T13:00,120000,2025-05-28T05:00,0
deal_0380@proposal,deal_0380,proposal,2025-04-29T05:00,120000,2025-05-28T05:00,0
deal_0381@qualified,deal_0381,qualified,2025-10-02T08:00,18000,2025-11-24T21:00,0
deal_0381@demo,deal_0381,demo,2025-10-12T15:00,18000,2025-11-24T21:00,0
deal_0381@proposal,deal_0381,proposal,2025-11-02T21:00,18000,2025-11-24T21:00,0
deal_0382@qualified,deal_0382,qualified,2025-07-17T16:00,120000,2025-08-31T22:00,0
deal_0382@demo,deal_0382,demo,2025-08-04T09:00,120000,2025-08-31T22:00,0
deal_0382@proposal,deal_0382,proposal,2025-08-11T22:00,120000,2025-08-31T22:00,0
deal_0383@qualified,deal_0383,qualified,2025-08-23T15:00,12000,2025-10-07T13:00,0
deal_0383@demo,deal_0383,demo,2025-09-11T03:00,12000,2025-10-07T13:00,0
deal_0383@proposal,deal_0383,proposal,2025-09-18T13:00,12000,2025-10-07T13:00,0
deal_0384@qualified,deal_0384,qualified,2025-09-01T21:00,120000,2025-09-20T10:00,0
deal_0384@demo,deal_0384,demo,2025-09-11T01:00,120000,2025-09-20T10:00,0
deal_0384@proposal,deal_0384,proposal,2025-09-13T10:00,120000,2025-09-20T10:00,0
deal_0385@qualified,deal_0385,qualified,2025-01-12T21:00,60000,2025-02-13T10:00,0
deal_0385@demo,deal_0385,demo,2025-01-19T07:00,60000,2025-02-13T10:00,0
deal_0385@proposal,deal_0385,proposal,2025-01-29T10:00,60000,2025-02-13T10:00,0
deal_0386@qualified,deal_0386,qualified,2025-02-08T16:00,24000,2025-04-07T03:00,0
deal_0386@demo,deal_0386,demo,2025-03-05T02:00,24000,2025-04-07T03:00,0
deal_0386@proposal,deal_0386,proposal,2025-03-10T03:00,24000,2025-04-07T03:00,0
deal_0387@qualified,deal_0387,qualified,2025-09-19T00:00,18000,2025-11-24T13:00,1
deal_0387@demo,deal_0387,demo,2025-10-11T09:00,18000,2025-11-24T13:00,1
deal_0387@proposal,deal_0387,proposal,2025-10-19T13:00,18000,2025-11-24T13:00,1
deal_0388@qualified,deal_0388,qualified,2025-01-24T13:00,48000,2025-04-07T10:00,0
deal_0388@demo,deal_0388,demo,2025-02-15T23:00,48000,2025-04-07T10:00,0
deal_0388@proposal,deal_0388,proposal,2025-03-08T10:00,48000,2025-04-07T10:00,0
deal_0389@qualified,deal_0389,qualified,2025-01-26T07:00,12000,2025-02-22T21:00,1
deal_0389@demo,deal_0389,demo,2025-02-10T19:00,12000,2025-02-22T21:00,1
deal_0389@proposal,deal_0389,proposal,2025-02-17T21:00,12000,2025-02-22T21:00,1
deal_0390@qualified,deal_0390,qualified,2025-04-06T10:00,96000,2025-05-21T04:00,0
deal_0390@demo,deal_0390,demo,2025-04-20T01:00,96000,2025-05-21T04:00,0
deal_0390@proposal,deal_0390,proposal,2025-05-08T04:00,96000,2025-05-21T04:00,0
deal_0391@qualified,deal_0391,qualified,2025-03-25T07:00,96000,2025-05-26T03:00,0
deal_0391@demo,deal_0391,demo,2025-04-18T22:00,96000,2025-05-26T03:00,0
deal_0391@proposal,deal_0391,proposal,2025-05-07T03:00,96000,2025-05-26T03:00,0
deal_0392@qualified,deal_0392,qualified,2025-04-28T01:00,96000,2025-06-19T21:00,0
deal_0392@demo,deal_0392,demo,2025-05-20T11:00,96000,2025-06-19T21:00,0
deal_0392@proposal,deal_0392,proposal,2025-06-08T21:00,96000,2025-06-19T21:00,0
deal_0393@qualified,deal_0393,qualified,2025-12-09T04:00,24000,2026-01-16T10:00,0
deal_0393@demo,deal_0393,demo,2025-12-16T15:00,24000,2026-01-16T10:00,0
deal_0393@proposal,deal_0393,proposal,2025-12-25T10:00,24000,2026-01-16T10:00,0
deal_0394@qualified,deal_0394,qualified,2025-03-14T04:00,36000,2025-04-29T01:00,1
deal_0394@demo,deal_0394,demo,2025-04-01T07:00,36000,2025-04-29T01:00,1
deal_0394@proposal,deal_0394,proposal,2025-04-12T01:00,36000,2025-04-29T01:00,1
deal_0395@qualified,deal_0395,qualified,2025-10-04T17:00,12000,2025-11-29T11:00,0
deal_0395@demo,deal_0395,demo,2025-10-19T11:00,12000,2025-11-29T11:00,0
deal_0395@proposal,deal_0395,proposal,2025-10-21T11:00,12000,2025-11-29T11:00,0
deal_0396@qualified,deal_0396,qualified,2025-05-30T19:00,48000,2025-08-19T12:00,0
deal_0396@demo,deal_0396,demo,2025-06-24T14:00,48000,2025-08-19T12:00,0
deal_0396@proposal,deal_0396,proposal,2025-07-18T12:00,48000,2025-08-19T12:00,0
deal_0397@qualified,deal_0397,qualified,2025-08-05T17:00,18000,2025-10-22T23:00,0
deal_0397@demo,deal_0397,demo,2025-08-28T22:00,18000,2025-10-22T23:00,0
deal_0397@proposal,deal_0397,proposal,2025-09-20T23:00,18000,2025-10-22T23:00,0
deal_0398@qualified,deal_0398,qualified,2025-10-25T01:00,48000,2025-12-08T15:00,1
deal_0398@demo,deal_0398,demo,2025-11-05T02:00,48000,2025-12-08T15:00,1
deal_0398@proposal,deal_0398,proposal,2025-11-27T15:00,48000,2025-12-08T15:00,1
deal_0399@qualified,deal_0399,qualified,2025-10-18T13:00,18000,2025-11-19T11:00,0
deal_0399@demo,deal_0399,demo,2025-11-11T23:00,18000,2025-11-19T11:00,0
deal_0399@proposal,deal_0399,proposal,2025-11-14T11:00,18000,2025-11-19T11:00,0
deal_0400@qualified,deal_0400,qualified,2025-10-27T07:00,18000,2025-12-31T18:00,0
deal_0400@demo,deal_0400,demo,2025-11-15T13:00,18000,2025-12-31T18:00,0
deal_0400@proposal,deal_0400,proposal,2025-11-26T18:00,18000,2025-12-31T18:00,0
deal_0401@qualified,deal_0401,qualified,2025-10-13T04:00,48000,2025-12-04T22:00,0
deal_0401@demo,deal_0401,demo,2025-10-31T05:00,48000,2025-12-04T22:00,0
deal_0401@proposal,deal_0401,proposal,2025-11-02T22:00,48000,2025-12-04T22:00,0
deal_0402@qualified,deal_0402,qualified,2025-02-15T19:00,24000,2025-03-24T04:00,0
deal_0402@demo,deal_0402,demo,2025-02-23T06:00,24000,2025-03-24T04:00,0
deal_0402@proposal,deal_0402,proposal,2025-03-14T04:00,24000,2025-03-24T04:00,0
deal_0403@qualified,deal_0403,qualified,2025-04-16T13:00,60000,2025-05-26T13:00,0
deal_0403@demo,deal_0403,demo,2025-05-03T04:00,60000,2025-05-26T13:00,0
deal_0403@proposal,deal_0403,proposal,2025-05-20T13:00,60000,2025-05-26T13:00,0
deal_0404@qualified,deal_0404,qualified,2025-04-21T06:00,12000,2025-06-01T23:00,1
deal_0404@demo,deal_0404,demo,2025-04-24T09:00,12000,2025-06-01T23:00,1
deal_0404@proposal,deal_0404,proposal,2025-04-29T23:00,12000,2025-06-01T23:00,1
deal_0405@qualified,deal_0405,qualified,2025-05-03T22:00,48000,2025-07-08T05:00,1
deal_0405@demo,deal_0405,demo,2025-05-20T16:00,48000,2025-07-08T05:00,1
deal_0405@proposal,deal_0405,proposal,2025-05-30T05:00,48000,2025-07-08T05:00,1
deal_0406@qualified,deal_0406,qualified,2025-08-31T21:00,48000,2025-10-11T11:00,0
deal_0406@demo,deal_0406,demo,2025-09-21T05:00,48000,2025-10-11T11:00,0
deal_0406@proposal,deal_0406,proposal,2025-09-23T11:00,48000,2025-10-11T11:00,0
deal_0407@qualified,deal_0407,qualified,2025-09-06T02:00,48000,2025-09-27T08:00,0
deal_0407@demo,deal_0407,demo,2025-09-18T06:00,48000,2025-09-27T08:00,0
deal_0407@proposal,deal_0407,proposal,2025-09-21T08:00,48000,2025-09-27T08:00,0
deal_0408@qualified,deal_0408,qualified,2025-02-12T17:00,12000,2025-03-27T22:00,1
deal_0408@demo,deal_0408,demo,2025-02-22T20:00,12000,2025-03-27T22:00,1
deal_0408@proposal,deal_0408,proposal,2025-03-18T22:00,12000,2025-03-27T22:00,1
deal_0409@qualified,deal_0409,qualified,2025-09-25T02:00,60000,2025-11-12T22:00,1
deal_0409@demo,deal_0409,demo,2025-10-18T18:00,60000,2025-11-12T22:00,1
deal_0409@proposal,deal_0409,proposal,2025-11-03T22:00,60000,2025-11-12T22:00,1
deal_0410@qualified,deal_0410,qualified,2025-04-20T10:00,24000,2025-06-03T18:00,1
deal_0410@demo,deal_0410,demo,2025-04-30T18:00,24000,2025-06-03T18:00,1
deal_0410@proposal,deal_0410,proposal,2025-05-06T18:00,24000,2025-06-03T18:00,1
deal_0411@qualified,deal_0411,qualified,2025-02-01T05:00,60000,2025-03-28T19:00,0
deal_0411@demo,deal_0411,demo,2025-02-12T11:00,60000,2025-03-28T19:00,0
deal_0411@proposal,deal_0411,proposal,2025-02-20T19:00,60000,2025-03-28T19:00,0
deal_0412@qualified,deal_0412,qualified,2025-05-14T23:00,120000,2025-06-29T23:00,1
deal_0412@demo,deal_0412,demo,2025-05-29T01:00,120000,2025-06-29T23:00,1
deal_0412@proposal,deal_0412,proposal,2025-06-01T23:00,120000,2025-06-29T23:00,1
deal_0413@qualified,deal_0413,qualified,2025-03-18T10:00,48000,2025-05-04T20:00,0
deal_0413@demo,deal_0413,demo,2025-04-06T17:00,48000,2025-05-04T20:00,0
deal_0413@proposal,deal_0413,proposal,2025-04-24T20:00,48000,2025-05-04T20:00,0
deal_0414@qualified,deal_0414,qualified,2025-06-03T12:00,24000,2025-08-02T05:00,0
deal_0414@demo,deal_0414,demo,2025-06-21T19:00,24000,2025-08-02T05:00,0
deal_0414@proposal,deal_0414,proposal,2025-06-28T05:00,24000,2025-08-02T05:00,0
deal_0415@qualified,deal_0415,qualified,2025-05-16T18:00,60000,2025-06-20T10:00,0
deal_0415@demo,deal_0415,demo,2025-06-05T03:00,60000,2025-06-20T10:00,0
deal_0415@proposal,deal_0415,proposal,2025-06-07T10:00,60000,2025-06-20T10:00,0
deal_0416@qualified,deal_0416,qualified,2025-09-10T01:00,60000,2025-11-13T16:00,0
deal_0416@demo,deal_0416,demo,2025-10-04T22:00,60000,2025-11-13T16:00,0
deal_0416@proposal,deal_0416,proposal,2025-10-24T16:00,60000,2025-11-13T16:00,0
deal_0417@qualified,deal_0417,qualified,2025-09-30T15:00,48000,2025-11-04T10:00,0
deal_0417@demo,deal_0417,demo,2025-10-09T06:00,48000,2025-11-04T10:00,0
deal_0417@proposal,deal_0417,proposal,2025-10-26T10:00,48000,2025-11-04T10:00,0
deal_0418@qualified,deal_0418,qualified,2025-03-06T08:00,12000,2025-05-22T02:00,1
deal_0418@demo,deal_0418,demo,2025-03-29T06:00,12000,2025-05-22T02:00,1
deal_0418@proposal,deal_0418,proposal,2025-04-13T02:00,12000,2025-05-22T02:00,1
deal_0419@qualified,deal_0419,qualified,2025-05-25T21:00,24000,2025-08-04T21:00,0
deal_0419@demo,deal_0419,demo,2025-06-09T22:00,24000,2025-08-04T21:00,0
deal_0419@proposal,deal_0419,proposal,2025-07-02T21:00,24000,2025-08-04T21:00,0
deal_0420@qualified,deal_0420,qualified,2025-01-27T01:00,12000,2025-02-17T15:00,1
deal_0420@demo,deal_0420,demo,2025-02-04T04:00,12000,2025-02-17T15:00,1
deal_0420@proposal,deal_0420,proposal,2025-02-06T15:00,12000,2025-02-17T15:00,1
deal_0421@qualified,deal_0421,qualified,2025-03-26T22:00,12000,2025-04-30T10:00,1
deal_0421@demo,deal_0421,demo,2025-03-31T05:00,12000,2025-04-30T10:00,1
deal_0421@proposal,deal_0421,proposal,2025-04-03T10:00,12000,2025-04-30T10:00,1
deal_0422@qualified,deal_0422,qualified,2025-07-04T18:00,12000,2025-08-29T06:00,0
deal_0422@demo,deal_0422,demo,2025-07-18T02:00,12000,2025-08-29T06:00,0
deal_0422@proposal,deal_0422,proposal,2025-07-27T06:00,12000,2025-08-29T06:00,0
deal_0423@qualified,deal_0423,qualified,2025-07-20T17:00,60000,2025-09-24T00:00,1
deal_0423@demo,deal_0423,demo,2025-08-12T16:00,60000,2025-09-24T00:00,1
deal_0423@proposal,deal_0423,proposal,2025-08-18T00:00,60000,2025-09-24T00:00,1
deal_0424@qualified,deal_0424,qualified,2025-11-14T08:00,24000,2025-12-31T11:00,0
deal_0424@demo,deal_0424,demo,2025-11-22T03:00,24000,2025-12-31T11:00,0
deal_0424@proposal,deal_0424,proposal,2025-12-11T11:00,24000,2025-12-31T11:00,0
deal_0425@qualified,deal_0425,qualified,2025-08-27T14:00,120000,2025-10-30T09:00,1
deal_0425@demo,deal_0425,demo,2025-09-12T13:00,120000,2025-10-30T09:00,1
deal_0425@proposal,deal_0425,proposal,2025-09-26T09:00,120000,2025-10-30T09:00,1
deal_0426@qualified,deal_0426,qualified,2025-07-22T06:00,18000,2025-08-15T09:00,0
deal_0426@demo,deal_0426,demo,2025-08-06T18:00,18000,2025-08-15T09:00,0
deal_0426@proposal,deal_0426,proposal,2025-08-09T09:00,18000,2025-08-15T09:00,0
deal_0427@qualified,deal_0427,qualified,2025-06-19T16:00,18000,2025-08-31T01:00,1
deal_0427@demo,deal_0427,demo,2025-07-06T10:00,18000,2025-08-31T01:00,1
deal_0427@proposal,deal_0427,proposal,2025-07-30T01:00,18000,2025-08-31T01:00,1
deal_0428@qualified,deal_0428,qualified,2025-04-09T14:00,24000,2025-06-21T17:00,0
deal_0428@demo,deal_0428,demo,2025-05-04T01:00,24000,2025-06-21T17:00,0
deal_0428@proposal,deal_0428,proposal,2025-05-19T17:00,24000,2025-06-21T17:00,0
deal_0429@qualified,deal_0429,qualified,2025-11-30T12:00,36000,2026-02-04T14:00,0
deal_0429@demo,deal_0429,demo,2025-12-06T04:00,36000,2026-02-04T14:00,0
deal_0429@proposal,deal_0429,proposal,2025-12-27T14:00,36000,2026-02-04T14:00,0
deal_0430@qualified,deal_0430,qualified,2025-06-03T16:00,12000,2025-07-20T00:00,1
deal_0430@demo,deal_0430,demo,2025-06-25T20:00,12000,2025-07-20T00:00,1
deal_0430@proposal,deal_0430,proposal,2025-07-04T00:00,12000,2025-07-20T00:00,1
deal_0431@qualified,deal_0431,qualified,2025-10-07T07:00,36000,2025-11-19T05:00,0
deal_0431@demo,deal_0431,demo,2025-10-24T00:00,36000,2025-11-19T05:00,0
deal_0431@proposal,deal_0431,proposal,2025-10-30T05:00,36000,2025-11-19T05:00,0
deal_0432@qualified,deal_0432,qualified,2025-07-21T19:00,24000,2025-09-20T12:00,1
deal_0432@demo,deal_0432,demo,2025-08-08T15:00,24000,2025-09-20T12:00,1
deal_0432@proposal,deal_0432,proposal,2025-08-22T12:00,24000,2025-09-20T12:00,1
deal_0433@qualified,deal_0433,qualified,2025-07-23T21:00,36000,2025-09-03T22:00,0
deal_0433@demo,deal_0433,demo,2025-08-01T19:00,36000,2025-09-03T22:00,0
deal_0433@proposal,deal_0433,proposal,2025-08-06T22:00,36000,2025-09-03T22:00,0
deal_0434@qualified,deal_0434,qualified,2025-06-05T18:00,96000,2025-07-12T19:00,0
deal_0434@demo,deal_0434,demo,2025-06-16T05:00,96000,2025-07-12T19:00,0
deal_0434@proposal,deal_0434,proposal,2025-07-05T19:00,96000,2025-07-12T19:00,0
deal_0435@qualified,deal_0435,qualified,2025-11-16T12:00,120000,2026-01-11T23:00,0
deal_0435@demo,deal_0435,demo,2025-11-29T09:00,120000,2026-01-11T23:00,0
deal_0435@proposal,deal_0435,proposal,2025-12-19T23:00,120000,2026-01-11T23:00,0
deal_0436@qualified,deal_0436,qualified,2025-02-16T19:00,60000,2025-04-08T16:00,0
deal_0436@demo,deal_0436,demo,2025-03-10T18:00,60000,2025-04-08T16:00,0
deal_0436@proposal,deal_0436,proposal,2025-04-02T16:00,60000,2025-04-08T16:00,0
deal_0437@qualified,deal_0437,qualified,2025-05-31T14:00,60000,2025-06-29T15:00,0
deal_0437@demo,deal_0437,demo,2025-06-19T13:00,60000,2025-06-29T15:00,0
deal_0437@proposal,deal_0437,proposal,2025-06-22T15:00,60000,2025-06-29T15:00,0
deal_0438@qualified,deal_0438,qualified,2025-03-06T03:00,18000,2025-04-10T12:00,0
deal_0438@demo,deal_0438,demo,2025-03-17T23:00,18000,2025-04-10T12:00,0
deal_0438@proposal,deal_0438,proposal,2025-03-29T12:00,18000,2025-04-10T12:00,0
deal_0439@qualified,deal_0439,qualified,2025-07-11T09:00,48000,2025-08-30T08:00,0
deal_0439@demo,deal_0439,demo,2025-07-18T17:00,48000,2025-08-30T08:00,0
deal_0439@proposal,deal_0439,proposal,2025-08-11T08:00,48000,2025-08-30T08:00,0
deal_0440@qualified,deal_0440,qualified,2025-04-13T20:00,48000,2025-05-26T02:00,0
deal_0440@demo,deal_0440,demo,2025-05-02T05:00,48000,2025-05-26T02:00,0
deal_0440@proposal,deal_0440,proposal,2025-05-18T02:00,48000,2025-05-26T02:00,0
deal_0441@qualified,deal_0441,qualified,2025-08-07T00:00,48000,2025-10-17T18:00,0
deal_0441@demo,deal_0441,demo,2025-08-29T14:00,48000,2025-10-17T18:00,0
deal_0441@proposal,deal_0441,proposal,2025-09-12T18:00,48000,2025-10-17T18:00,0
deal_0442@qualified,deal_0442,qualified,2025-11-19T18:00,96000,2026-01-21T18:00,0
deal_0442@demo,deal_0442,demo,2025-12-07T22:00,96000,2026-01-21T18:00,0
deal_0442@proposal,deal_0442,proposal,2025-12-18T18:00,96000,2026-01-21T18:00,0
deal_0443@qualified,deal_0443,qualified,2025-06-13T17:00,24000,2025-08-22T01:00,1
deal_0443@demo,deal_0443,demo,2025-06-24T02:00,24000,2025-08-22T01:00,1
deal_0443@proposal,deal_0443,proposal,2025-07-15T01:00,24000,2025-08-22T01:00,1
deal_0444@qualified,deal_0444,qualified,2025-07-30T11:00,60000,2025-09-04T07:00,0
deal_0444@demo,deal_0444,demo,2025-08-17T04:00,60000,2025-09-04T07:00,0
deal_0444@proposal,deal_0444,proposal,2025-08-20T07:00,60000,2025-09-04T07:00,0
deal_0445@qualified,deal_0445,qualified,2025-06-21T09:00,24000,2025-07-15T08:00,1
deal_0445@demo,deal_0445,demo,2025-07-04T06:00,24000,2025-07-15T08:00,1
deal_0445@proposal,deal_0445,proposal,2025-07-10T08:00,24000,2025-07-15T08:00,1
deal_0446@qualified,deal_0446,qualified,2025-12-01T23:00,60000,2026-01-26T00:00,0
deal_0446@demo,deal_0446,demo,2025-12-19T21:00,60000,2026-01-26T00:00,0
deal_0446@proposal,deal_0446,proposal,2025-12-31T00:00,60000,2026-01-26T00:00,0
deal_0447@qualified,deal_0447,qualified,2025-11-05T19:00,96000,2026-01-12T01:00,0
deal_0447@demo,deal_0447,demo,2025-11-11T14:00,96000,2026-01-12T01:00,0
deal_0447@proposal,deal_0447,proposal,2025-12-04T01:00,96000,2026-01-12T01:00,0
deal_0448@qualified,deal_0448,qualified,2025-11-14T05:00,60000,2026-01-24T13:00,0
deal_0448@demo,deal_0448,demo,2025-12-04T05:00,60000,2026-01-24T13:00,0
deal_0448@proposal,deal_0448,proposal,2025-12-27T13:00,60000,2026-01-24T13:00,0
deal_0449@qualified,deal_0449,qualified,2025-07-05T09:00,18000,2025-09-08T15:00,0
deal_0449@demo,deal_0449,demo,2025-07-27T03:00,18000,2025-09-08T15:00,0
deal_0449@proposal,deal_0449,proposal,2025-08-04T15:00,18000,2025-09-08T15:00,0
deal_0450@qualified,deal_0450,qualified,2025-06-28T10:00,36000,2025-08-09T20:00,1
deal_0450@demo,deal_0450,demo,2025-07-22T16:00,36000,2025-08-09T20:00,1
deal_0450@proposal,deal_0450,proposal,2025-08-04T20:00,36000,2025-08-09T20:00,1
deal_0451@qualified,deal_0451,qualified,2025-09-20T03:00,60000,2025-11-08T03:00,0
deal_0451@demo,deal_0451,demo,2025-10-08T15:00,60000,2025-11-08T03:00,0
deal_0451@proposal,deal_0451,proposal,2025-11-01T03:00,60000,2025-11-08T03:00,0
deal_0452@qualified,deal_0452,qualified,2025-08-14T21:00,24000,2025-10-17T01:00,0
deal_0452@demo,deal_0452,demo,2025-09-03T08:00,24000,2025-10-17T01:00,0
deal_0452@proposal,deal_0452,proposal,2025-09-27T01:00,24000,2025-10-17T01:00,0
deal_0453@qualified,deal_0453,qualified,2025-02-08T15:00,96000,2025-04-06T22:00,0
deal_0453@demo,deal_0453,demo,2025-03-01T00:00,96000,2025-04-06T22:00,0
deal_0453@proposal,deal_0453,proposal,2025-03-05T22:00,96000,2025-04-06T22:00,0
deal_0454@qualified,deal_0454,qualified,2025-04-03T20:00,48000,2025-05-07T15:00,0
deal_0454@demo,deal_0454,demo,2025-04-06T08:00,48000,2025-05-07T15:00,0
deal_0454@proposal,deal_0454,proposal,2025-04-08T15:00,48000,2025-05-07T15:00,0
deal_0455@qualified,deal_0455,qualified,2025-11-04T18:00,12000,2025-12-27T06:00,0
deal_0455@demo,deal_0455,demo,2025-11-17T23:00,12000,2025-12-27T06:00,0
deal_0455@proposal,deal_0455,proposal,2025-12-05T06:00,12000,2025-12-27T06:00,0
deal_0456@qualified,deal_0456,qualified,2025-02-11T04:00,120000,2025-04-09T10:00,0
deal_0456@demo,deal_0456,demo,2025-02-13T21:00,120000,2025-04-09T10:00,0
deal_0456@proposal,deal_0456,proposal,2025-03-02T10:00,120000,2025-04-09T10:00,0
deal_0457@qualified,deal_0457,qualified,2025-05-01T02:00,24000,2025-06-21T20:00,1
deal_0457@demo,deal_0457,demo,2025-05-06T00:00,24000,2025-06-21T20:00,1
deal_0457@proposal,deal_0457,proposal,2025-05-21T20:00,24000,2025-06-21T20:00,1
deal_0458@qualified,deal_0458,qualified,2025-12-06T14:00,24000,2026-02-08T03:00,0
deal_0458@demo,deal_0458,demo,2025-12-30T10:00,24000,2026-02-08T03:00,0
deal_0458@proposal,deal_0458,proposal,2026-01-21T03:00,24000,2026-02-08T03:00,0
deal_0459@qualified,deal_0459,qualified,2025-07-04T14:00,18000,2025-09-01T10:00,1
deal_0459@demo,deal_0459,demo,2025-07-25T22:00,18000,2025-09-01T10:00,1
deal_0459@proposal,deal_0459,proposal,2025-07-28T10:00,18000,2025-09-01T10:00,1
deal_0460@qualified,deal_0460,qualified,2025-01-28T19:00,12000,2025-03-08T14:00,1
deal_0460@demo,deal_0460,demo,2025-02-20T18:00,12000,2025-03-08T14:00,1
deal_0460@proposal,deal_0460,proposal,2025-03-02T14:00,12000,2025-03-08T14:00,1
deal_0461@qualified,deal_0461,qualified,2025-06-23T15:00,24000,2025-08-27T13:00,1
deal_0461@demo,deal_0461,demo,2025-07-14T15:00,24000,2025-08-27T13:00,1
deal_0461@proposal,deal_0461,proposal,2025-07-28T13:00,24000,2025-08-27T13:00,1
deal_0462@qualified,deal_0462,qualified,2025-11-09T11:00,36000,2026-01-02T20:00,0
deal_0462@demo,deal_0462,demo,2025-12-01T09:00,36000,2026-01-02T20:00,0
deal_0462@proposal,deal_0462,proposal,2025-12-16T20:00,36000,2026-01-02T20:00,0
deal_0463@qualified,deal_0463,qualified,2025-05-25T08:00,36000,2025-07-24T20:00,1
deal_0463@demo,deal_0463,demo,2025-06-15T10:00,36000,2025-07-24T20:00,1
deal_0463@proposal,deal_0463,proposal,2025-06-23T20:00,36000,2025-07-24T20:00,1
deal_0464@qualified,deal_0464,qualified,2025-05-23T12:00,60000,2025-07-16T23:00,0
deal_0464@demo,deal_0464,demo,2025-06-10T14:00,60000,2025-07-16T23:00,0
deal_0464@proposal,deal_0464,proposal,2025-06-16T23:00,60000,2025-07-16T23:00,0
deal_0465@qualified,deal_0465,qualified,2025-05-08T10:00,96000,2025-07-19T05:00,0
deal_0465@demo,deal_0465,demo,2025-05-28T17:00,96000,2025-07-19T05:00,0
deal_0465@proposal,deal_0465,proposal,2025-06-09T05:00,96000,2025-07-19T05:00,0
deal_0466@qualified,deal_0466,qualified,2025-08-16T08:00,24000,2025-10-01T17:00,0
deal_0466@demo,deal_0466,demo,2025-09-05T15:00,24000,2025-10-01T17:00,0
deal_0466@proposal,deal_0466,proposal,2025-09-11T17:00,24000,2025-10-01T17:00,0
deal_0467@qualified,deal_0467,qualified,2025-09-25T20:00,18000,2025-11-22T14:00,0
deal_0467@demo,deal_0467,demo,2025-10-16T13:00,18000,2025-11-22T14:00,0
deal_0467@proposal,deal_0467,proposal,2025-10-31T14:00,18000,2025-11-22T14:00,0
deal_0468@qualified,deal_0468,qualified,2025-04-16T17:00,12000,2025-05-29T09:00,1
deal_0468@demo,deal_0468,demo,2025-04-30T22:00,12000,2025-05-29T09:00,1
deal_0468@proposal,deal_0468,proposal,2025-05-14T09:00,12000,2025-05-29T09:00,1
deal_0469@qualified,deal_0469,qualified,2025-05-09T09:00,12000,2025-06-24T04:00,1
deal_0469@demo,deal_0469,demo,2025-05-28T11:00,12000,2025-06-24T04:00,1
deal_0469@proposal,deal_0469,proposal,2025-06-08T04:00,12000,2025-06-24T04:00,1
deal_0470@qualified,deal_0470,qualified,2025-07-17T00:00,24000,2025-08-18T23:00,0
deal_0470@demo,deal_0470,demo,2025-07-19T10:00,24000,2025-08-18T23:00,0
deal_0470@proposal,deal_0470,proposal,2025-07-26T23:00,24000,2025-08-18T23:00,0
deal_0471@qualified,deal_0471,qualified,2025-06-14T02:00,120000,2025-08-16T10:00,0
deal_0471@demo,deal_0471,demo,2025-06-30T07:00,120000,2025-08-16T10:00,0
deal_0471@proposal,deal_0471,proposal,2025-07-12T10:00,120000,2025-08-16T10:00,0
deal_0472@qualified,deal_0472,qualified,2025-11-16T04:00,48000,2026-01-08T16:00,0
deal_0472@demo,deal_0472,demo,2025-11-21T07:00,48000,2026-01-08T16:00,0
deal_0472@proposal,deal_0472,proposal,2025-12-05T16:00,48000,2026-01-08T16:00,0
deal_0473@qualified,deal_0473,qualified,2025-01-29T03:00,48000,2025-02-26T06:00,0
deal_0473@demo,deal_0473,demo,2025-02-01T04:00,48000,2025-02-26T06:00,0
deal_0473@proposal,deal_0473,proposal,2025-02-08T06:00,48000,2025-02-26T06:00,0
deal_0474@qualified,deal_0474,qualified,2025-08-26T07:00,24000,2025-10-29T13:00,1
deal_0474@demo,deal_0474,demo,2025-09-15T06:00,24000,2025-10-29T13:00,1
deal_0474@proposal,deal_0474,proposal,2025-10-04T13:00,24000,2025-10-29T13:00,1
deal_0475@qualified,deal_0475,qualified,2025-03-22T13:00,120000,2025-05-16T23:00,0
deal_0475@demo,deal_0475,demo,2025-04-06T01:00,120000,2025-05-16T23:00,0
deal_0475@proposal,deal_0475,proposal,2025-04-13T23:00,120000,2025-05-16T23:00,0
deal_0476@qualified,deal_0476,qualified,2025-04-12T04:00,60000,2025-06-03T20:00,1
deal_0476@demo,deal_0476,demo,2025-04-25T10:00,60000,2025-06-03T20:00,1
deal_0476@proposal,deal_0476,proposal,2025-05-03T20:00,60000,2025-06-03T20:00,1
deal_0477@qualified,deal_0477,qualified,2025-01-23T06:00,96000,2025-03-22T23:00,1
deal_0477@demo,deal_0477,demo,2025-02-04T15:00,96000,2025-03-22T23:00,1
deal_0477@proposal,deal_0477,proposal,2025-02-18T23:00,96000,2025-03-22T23:00,1
deal_0478@qualified,deal_0478,qualified,2025-11-20T03:00,36000,2025-12-06T18:00,0
deal_0478@demo,deal_0478,demo,2025-11-22T16:00,36000,2025-12-06T18:00,0
deal_0478@proposal,deal_0478,proposal,2025-11-28T18:00,36000,2025-12-06T18:00,0
deal_0479@qualified,deal_0479,qualified,2025-10-22T08:00,120000,2025-12-21T06:00,0
deal_0479@demo,deal_0479,demo,2025-10-30T13:00,120000,2025-12-21T06:00,0
deal_0479@proposal,deal_0479,proposal,2025-11-17T06:00,120000,2025-12-21T06:00,0
deal_0480@qualified,deal_0480,qualified,2025-02-16T07:00,24000,2025-04-18T10:00,0
deal_0480@demo,deal_0480,demo,2025-03-05T17:00,24000,2025-04-18T10:00,0
deal_0480@proposal,deal_0480,proposal,2025-03-21T10:00,24000,2025-04-18T10:00,0
deal_0481@qualified,deal_0481,qualified,2025-10-23T16:00,18000,2025-12-14T22:00,1
deal_0481@demo,deal_0481,demo,2025-11-06T20:00,18000,2025-12-14T22:00,1
deal_0481@proposal,deal_0481,proposal,2025-11-29T22:00,18000,2025-12-14T22:00,1
deal_0482@qualified,deal_0482,qualified,2025-06-10T07:00,36000,2025-08-08T04:00,0
deal_0482@demo,deal_0482,demo,2025-06-26T01:00,36000,2025-08-08T04:00,0
deal_0482@proposal,deal_0482,proposal,2025-07-07T04:00,36000,2025-08-08T04:00,0
deal_0483@qualified,deal_0483,qualified,2025-01-22T19:00,96000,2025-03-25T10:00,0
deal_0483@demo,deal_0483,demo,2025-02-11T14:00,96000,2025-03-25T10:00,0
deal_0483@proposal,deal_0483,proposal,2025-02-19T10:00,96000,2025-03-25T10:00,0
deal_0484@qualified,deal_0484,qualified,2025-10-10T10:00,18000,2025-12-08T14:00,0
deal_0484@demo,deal_0484,demo,2025-10-26T19:00,18000,2025-12-08T14:00,0
deal_0484@proposal,deal_0484,proposal,2025-11-07T14:00,18000,2025-12-08T14:00,0
deal_0485@qualified,deal_0485,qualified,2025-03-07T14:00,24000,2025-04-17T12:00,1
deal_0485@demo,deal_0485,demo,2025-03-23T10:00,24000,2025-04-17T12:00,1
deal_0485@proposal,deal_0485,proposal,2025-04-12T12:00,24000,2025-04-17T12:00,1
deal_0486@qualified,deal_0486,qualified,2025-08-29T00:00,120000,2025-10-25T02:00,1
deal_0486@demo,deal_0486,demo,2025-09-08T02:00,120000,2025-10-25T02:00,1
deal_0486@proposal,deal_0486,proposal,2025-09-18T02:00,120000,2025-10-25T02:00,1
deal_0487@qualified,deal_0487,qualified,2025-04-19T17:00,12000,2025-06-13T01:00,1
deal_0487@demo,deal_0487,demo,2025-05-14T06:00,12000,2025-06-13T01:00,1
deal_0487@proposal,deal_0487,proposal,2025-06-08T01:00,12000,2025-06-13T01:00,1
deal_0488@qualified,deal_0488,qualified,2025-04-10T10:00,24000,2025-05-28T00:00,0
deal_0488@demo,deal_0488,demo,2025-04-20T04:00,24000,2025-05-28T00:00,0
deal_0488@proposal,deal_0488,proposal,2025-05-14T00:00,24000,2025-05-28T00:00,0
deal_0489@qualified,deal_0489,qualified,2025-04-26T04:00,48000,2025-06-16T23:00,0
deal_0489@demo,deal_0489,demo,2025-05-13T21:00,48000,2025-06-16T23:00,0
deal_0489@proposal,deal_0489,proposal,2025-06-04T23:00,48000,2025-06-16T23:00,0
deal_0490@qualified,deal_0490,qualified,2025-07-18T17:00,24000,2025-09-08T19:00,1
deal_0490@demo,deal_0490,demo,2025-08-03T06:00,24000,2025-09-08T19:00,1
deal_0490@proposal,deal_0490,proposal,2025-08-19T19:00,24000,2025-09-08T19:00,1
deal_0491@qualified,deal_0491,qualified,2025-02-15T05:00,24000,2025-03-21T14:00,0
deal_0491@demo,deal_0491,demo,2025-02-26T08:00,24000,2025-03-21T14:00,0
deal_0491@proposal,deal_0491,proposal,2025-03-04T14:00,24000,2025-03-21T14:00,0
deal_0492@qualified,deal_0492,qualified,2025-06-23T09:00,96000,2025-09-06T20:00,0
deal_0492@demo,deal_0492,demo,2025-07-15T08:00,96000,2025-09-06T20:00,0
deal_0492@proposal,deal_0492,proposal,2025-08-08T20:00,96000,2025-09-06T20:00,0
deal_0493@qualified,deal_0493,qualified,2025-11-29T03:00,48000,2026-01-29T20:00,0
deal_0493@demo,deal_0493,demo,2025-12-19T14:00,48000,2026-01-29T20:00,0
deal_0493@proposal,deal_0493,proposal,2025-12-26T20:00,48000,2026-01-29T20:00,0
deal_0494@qualified,deal_0494,qualified,2025-06-25T04:00,18000,2025-08-30T20:00,0
deal_0494@demo,deal_0494,demo,2025-07-15T09:00,18000,2025-08-30T20:00,0
deal_0494@proposal,deal_0494,proposal,2025-08-03T20:00,18000,2025-08-30T20:00,0
deal_0495@qualified,deal_0495,qualified,2025-07-14T02:00,120000,2025-09-12T09:00,1
deal_0495@demo,deal_0495,demo,2025-08-07T20:00,120000,2025-09-12T09:00,1
deal_0495@proposal,deal_0495,proposal,2025-08-13T09:00,120000,2025-09-12T09:00,1
deal_0496@qualified,deal_0496,qualified,2025-01-11T21:00,120000,2025-03-21T17:00,1
deal_0496@demo,deal_0496,demo,2025-01-24T21:00,120000,2025-03-21T17:00,1
deal_0496@proposal,deal_0496,proposal,2025-02-15T17:00,120000,2025-03-21T17:00,1
deal_0497@qualified,deal_0497,qualified,2025-08-13T03:00,48000,2025-10-20T00:00,0
deal_0497@demo,deal_0497,demo,2025-08-24T09:00,48000,2025-10-20T00:00,0
deal_0497@proposal,deal_0497,proposal,2025-09-14T00:00,48000,2025-10-20T00:00,0
deal_0498@qualified,deal_0498,qualified,2025-07-25T14:00,96000,2025-09-23T03:00,1
deal_0498@demo,deal_0498,demo,2025-08-13T02:00,96000,2025-09-23T03:00,1
deal_0498@proposal,deal_0498,proposal,2025-09-02T03:00,96000,2025-09-23T03:00,1
deal_0499@qualified,deal_0499,qualified,2025-06-17T16:00,60000,2025-08-03T10:00,1
deal_0499@demo,deal_0499,demo,2025-06-28T18:00,60000,2025-08-03T10:00,1
deal_0499@proposal,deal_0499,proposal,2025-07-20T10:00,60000,2025-08-03T10:00,1
deal_0500@qualified,deal_0500,qualified,2025-09-28T08:00,36000,2025-11-16T07:00,1
deal_0500@demo,deal_0500,demo,2025-10-04T15:00,36000,2025-11-16T07:00,1
deal_0500@proposal,deal_0500,proposal,2025-10-17T07:00,36000,2025-11-16T07:00,1
deal_0501@qualified,deal_0501,qualified,2025-02-10T15:00,120000,2025-04-09T11:00,0
deal_0501@demo,deal_0501,demo,2025-02-27T17:00,120000,2025-04-09T11:00,0
deal_0501@proposal,deal_0501,proposal,2025-03-10T11:00,120000,2025-04-09T11:00,0
deal_0502@qualified,deal_0502,qualified,2025-09-25T23:00,96000,2025-11-07T14:00,0
deal_0502@demo,deal_0502,demo,2025-10-02T10:00,96000,2025-11-07T14:00,0
deal_0502@proposal,deal_0502,proposal,2025-10-23T14:00,96000,2025-11-07T14:00,0
deal_0503@qualified,deal_0503,qualified,2025-05-23T09:00,24000,2025-07-23T19:00,1
deal_0503@demo,deal_0503,demo,2025-06-05T13:00,24000,2025-07-23T19:00,1
deal_0503@proposal,deal_0503,proposal,2025-06-22T19:00,24000,2025-07-23T19:00,1
deal_0504@qualified,deal_0504,qualified,2025-04-24T03:00,48000,2025-06-19T09:00,0
deal_0504@demo,deal_0504,demo,2025-05-16T20:00,48000,2025-06-19T09:00,0
deal_0504@proposal,deal_0504,proposal,2025-05-24T09:00,48000,2025-06-19T09:00,0
deal_0505@qualified,deal_0505,qualified,2025-11-14T09:00,18000,2026-01-08T22:00,1
deal_0505@demo,deal_0505,demo,2025-11-30T16:00,18000,2026-01-08T22:00,1
deal_0505@proposal,deal_0505,proposal,2025-12-07T22:00,18000,2026-01-08T22:00,1
deal_0506@qualified,deal_0506,qualified,2025-10-14T08:00,120000,2025-11-27T19:00,0
deal_0506@demo,deal_0506,demo,2025-11-01T05:00,120000,2025-11-27T19:00,0
deal_0506@proposal,deal_0506,proposal,2025-11-10T19:00,120000,2025-11-27T19:00,0
deal_0507@qualified,deal_0507,qualified,2025-03-12T13:00,60000,2025-04-20T06:00,1
deal_0507@demo,deal_0507,demo,2025-03-24T16:00,60000,2025-04-20T06:00,1
deal_0507@proposal,deal_0507,proposal,2025-04-14T06:00,60000,2025-04-20T06:00,1
deal_0508@qualified,deal_0508,qualified,2025-03-27T12:00,48000,2025-05-01T13:00,0
deal_0508@demo,deal_0508,demo,2025-04-05T20:00,48000,2025-05-01T13:00,0
deal_0508@proposal,deal_0508,proposal,2025-04-25T13:00,48000,2025-05-01T13:00,0
deal_0509@qualified,deal_0509,qualified,2025-04-20T07:00,18000,2025-05-21T08:00,1
deal_0509@demo,deal_0509,demo,2025-05-04T08:00,18000,2025-05-21T08:00,1
deal_0509@proposal,deal_0509,proposal,2025-05-12T08:00,18000,2025-05-21T08:00,1
deal_0510@qualified,deal_0510,qualified,2025-10-30T02:00,96000,2025-12-31T13:00,0
deal_0510@demo,deal_0510,demo,2025-11-19T22:00,96000,2025-12-31T13:00,0
deal_0510@proposal,deal_0510,proposal,2025-12-12T13:00,96000,2025-12-31T13:00,0
deal_0511@qualified,deal_0511,qualified,2025-02-03T21:00,60000,2025-02-26T23:00,0
deal_0511@demo,deal_0511,demo,2025-02-10T13:00,60000,2025-02-26T23:00,0
deal_0511@proposal,deal_0511,proposal,2025-02-16T23:00,60000,2025-02-26T23:00,0
deal_0512@qualified,deal_0512,qualified,2025-03-25T20:00,60000,2025-05-13T11:00,1
deal_0512@demo,deal_0512,demo,2025-04-03T07:00,60000,2025-05-13T11:00,1
deal_0512@proposal,deal_0512,proposal,2025-04-12T11:00,60000,2025-05-13T11:00,1
deal_0513@qualified,deal_0513,qualified,2025-02-03T06:00,18000,2025-03-29T23:00,0
deal_0513@demo,deal_0513,demo,2025-02-12T12:00,18000,2025-03-29T23:00,0
deal_0513@proposal,deal_0513,proposal,2025-02-18T23:00,18000,2025-03-29T23:00,0
deal_0514@qualified,deal_0514,qualified,2025-03-24T12:00,24000,2025-05-17T02:00,0
deal_0514@demo,deal_0514,demo,2025-04-10T22:00,24000,2025-05-17T02:00,0
deal_0514@proposal,deal_0514,proposal,2025-04-17T02:00,24000,2025-05-17T02:00,0
deal_0515@qualified,deal_0515,qualified,2025-03-07T02:00,120000,2025-04-16T02:00,0
deal_0515@demo,deal_0515,demo,2025-03-17T02:00,120000,2025-04-16T02:00,0
deal_0515@proposal,deal_0515,proposal,2025-04-03T02:00,120000,2025-04-16T02:00,0
deal_0516@qualified,deal_0516,qualified,2025-07-07T07:00,120000,2025-09-13T00:00,1
deal_0516@demo,deal_0516,demo,2025-07-31T17:00,120000,2025-09-13T00:00,1
deal_0516@proposal,deal_0516,proposal,2025-08-09T00:00,120000,2025-09-13T00:00,1
deal_0517@qualified,deal_0517,qualified,2025-06-07T15:00,18000,2025-08-01T10:00,0
deal_0517@demo,deal_0517,demo,2025-06-29T20:00,18000,2025-08-01T10:00,0
deal_0517@proposal,deal_0517,proposal,2025-07-21T10:00,18000,2025-08-01T10:00,0
deal_0518@qualified,deal_0518,qualified,2025-08-31T03:00,24000,2025-10-21T05:00,1
deal_0518@demo,deal_0518,demo,2025-09-21T14:00,24000,2025-10-21T05:00,1
deal_0518@proposal,deal_0518,proposal,2025-10-10T05:00,24000,2025-10-21T05:00,1
deal_0519@qualified,deal_0519,qualified,2025-05-04T13:00,96000,2025-06-12T00:00,0
deal_0519@demo,deal_0519,demo,2025-05-09T20:00,96000,2025-06-12T00:00,0
deal_0519@proposal,deal_0519,proposal,2025-06-03T00:00,96000,2025-06-12T00:00,0
deal_0520@qualified,deal_0520,qualified,2025-02-04T05:00,48000,2025-04-04T10:00,0
deal_0520@demo,deal_0520,demo,2025-02-14T11:00,48000,2025-04-04T10:00,0
deal_0520@proposal,deal_0520,proposal,2025-02-23T10:00,48000,2025-04-04T10:00,0
deal_0521@qualified,deal_0521,qualified,2025-07-23T04:00,36000,2025-09-02T19:00,1
deal_0521@demo,deal_0521,demo,2025-07-30T08:00,36000,2025-09-02T19:00,1
deal_0521@proposal,deal_0521,proposal,2025-08-03T19:00,36000,2025-09-02T19:00,1
deal_0522@qualified,deal_0522,qualified,2025-05-03T11:00,18000,2025-07-09T09:00,0
deal_0522@demo,deal_0522,demo,2025-05-17T23:00,18000,2025-07-09T09:00,0
deal_0522@proposal,deal_0522,proposal,2025-06-02T09:00,18000,2025-07-09T09:00,0
deal_0523@qualified,deal_0523,qualified,2025-11-24T08:00,120000,2026-01-05T19:00,0
deal_0523@demo,deal_0523,demo,2025-12-07T07:00,120000,2026-01-05T19:00,0
deal_0523@proposal,deal_0523,proposal,2025-12-25T19:00,120000,2026-01-05T19:00,0
deal_0524@qualified,deal_0524,qualified,2025-08-22T09:00,120000,2025-10-14T02:00,0
deal_0524@demo,deal_0524,demo,2025-09-02T04:00,120000,2025-10-14T02:00,0
deal_0524@proposal,deal_0524,proposal,2025-09-25T02:00,120000,2025-10-14T02:00,0
deal_0525@qualified,deal_0525,qualified,2025-04-07T22:00,120000,2025-05-22T04:00,0
deal_0525@demo,deal_0525,demo,2025-05-01T11:00,120000,2025-05-22T04:00,0
deal_0525@proposal,deal_0525,proposal,2025-05-11T04:00,120000,2025-05-22T04:00,0
deal_0526@qualified,deal_0526,qualified,2025-07-25T04:00,24000,2025-09-14T06:00,0
deal_0526@demo,deal_0526,demo,2025-07-27T12:00,24000,2025-09-14T06:00,0
deal_0526@proposal,deal_0526,proposal,2025-08-11T06:00,24000,2025-09-14T06:00,0
deal_0527@qualified,deal_0527,qualified,2025-10-28T19:00,12000,2026-01-06T04:00,0
deal_0527@demo,deal_0527,demo,2025-11-15T11:00,12000,2026-01-06T04:00,0
deal_0527@proposal,deal_0527,proposal,2025-12-06T04:00,12000,2026-01-06T04:00,0
deal_0528@qualified,deal_0528,qualified,2025-02-19T01:00,96000,2025-03-29T23:00,0
deal_0528@demo,deal_0528,demo,2025-02-23T13:00,96000,2025-03-29T23:00,0
deal_0528@proposal,deal_0528,proposal,2025-03-11T23:00,96000,2025-03-29T23:00,0
deal_0529@qualified,deal_0529,qualified,2025-04-08T00:00,18000,2025-04-23T23:00,0
deal_0529@demo,deal_0529,demo,2025-04-12T04:00,18000,2025-04-23T23:00,0
deal_0529@proposal,deal_0529,proposal,2025-04-14T23:00,18000,2025-04-23T23:00,0
deal_0530@qualified,deal_0530,qualified,2025-02-04T12:00,36000,2025-02-25T23:00,0
deal_0530@demo,deal_0530,demo,2025-02-15T21:00,36000,2025-02-25T23:00,0
deal_0530@proposal,deal_0530,proposal,2025-02-18T23:00,36000,2025-02-25T23:00,0
deal_0531@qualified,deal_0531,qualified,2025-04-22T20:00,18000,2025-06-25T05:00,1
deal_0531@demo,deal_0531,demo,2025-05-11T22:00,18000,2025-06-25T05:00,1
deal_0531@proposal,deal_0531,proposal,2025-05-27T05:00,18000,2025-06-25T05:00,1
deal_0532@qualified,deal_0532,qualified,2025-04-16T05:00,12000,2025-06-15T03:00,1
deal_0532@demo,deal_0532,demo,2025-05-07T13:00,12000,2025-06-15T03:00,1
deal_0532@proposal,deal_0532,proposal,2025-05-10T03:00,12000,2025-06-15T03:00,1
deal_0533@qualified,deal_0533,qualified,2025-11-09T00:00,24000,2025-12-26T01:00,1
deal_0533@demo,deal_0533,demo,2025-11-11T21:00,24000,2025-12-26T01:00,1
deal_0533@proposal,deal_0533,proposal,2025-12-03T01:00,24000,2025-12-26T01:00,1
deal_0534@qualified,deal_0534,qualified,2025-02-23T02:00,48000,2025-03-19T22:00,1
deal_0534@demo,deal_0534,demo,2025-02-27T04:00,48000,2025-03-19T22:00,1
deal_0534@proposal,deal_0534,proposal,2025-03-09T22:00,48000,2025-03-19T22:00,1
deal_0535@qualified,deal_0535,qualified,2025-11-28T10:00,96000,2026-01-24T13:00,0
deal_0535@demo,deal_0535,demo,2025-12-08T10:00,96000,2026-01-24T13:00,0
deal_0535@proposal,deal_0535,proposal,2025-12-29T13:00,96000,2026-01-24T13:00,0
deal_0536@qualified,deal_0536,qualified,2025-05-18T20:00,120000,2025-06-27T03:00,0
deal_0536@demo,deal_0536,demo,2025-05-24T19:00,120000,2025-06-27T03:00,0
deal_0536@proposal,deal_0536,proposal,2025-05-30T03:00,120000,2025-06-27T03:00,0
deal_0537@qualified,deal_0537,qualified,2025-02-24T12:00,48000,2025-04-11T19:00,1
deal_0537@demo,deal_0537,demo,2025-03-12T14:00,48000,2025-04-11T19:00,1
deal_0537@proposal,deal_0537,proposal,2025-03-14T19:00,48000,2025-04-11T19:00,1
deal_0538@qualified,deal_0538,qualified,2025-01-27T16:00,48000,2025-03-17T13:00,1
deal_0538@demo,deal_0538,demo,2025-02-04T15:00,48000,2025-03-17T13:00,1
deal_0538@proposal,deal_0538,proposal,2025-02-26T13:00,48000,2025-03-17T13:00,1
deal_0539@qualified,deal_0539,qualified,2025-01-16T02:00,24000,2025-03-06T01:00,0
deal_0539@demo,deal_0539,demo,2025-02-08T07:00,24000,2025-03-06T01:00,0
deal_0539@proposal,deal_0539,proposal,2025-02-16T01:00,24000,2025-03-06T01:00,0
deal_0540@qualified,deal_0540,qualified,2025-01-29T07:00,12000,2025-03-09T12:00,0
deal_0540@demo,deal_0540,demo,2025-02-17T06:00,12000,2025-03-09T12:00,0
deal_0540@proposal,deal_0540,proposal,2025-02-27T12:00,12000,2025-03-09T12:00,0
deal_0541@qualified,deal_0541,qualified,2025-03-12T18:00,60000,2025-05-18T01:00,0
deal_0541@demo,deal_0541,demo,2025-03-25T07:00,60000,2025-05-18T01:00,0
deal_0541@proposal,deal_0541,proposal,2025-04-09T01:00,60000,2025-05-18T01:00,0
deal_0542@qualified,deal_0542,qualified,2025-10-28T00:00,24000,2025-12-11T02:00,0
deal_0542@demo,deal_0542,demo,2025-10-30T09:00,24000,2025-12-11T02:00,0
deal_0542@proposal,deal_0542,proposal,2025-11-16T02:00,24000,2025-12-11T02:00,0
deal_0543@qualified,deal_0543,qualified,2025-11-19T11:00,36000,2026-01-11T17:00,0
deal_0543@demo,deal_0543,demo,2025-12-10T15:00,36000,2026-01-11T17:00,0
deal_0543@proposal,deal_0543,proposal,2025-12-24T17:00,36000,2026-01-11T17:00,0
deal_0544@qualified,deal_0544,qualified,2025-10-11T03:00,18000,2025-11-23T03:00,0
deal_0544@demo,deal_0544,demo,2025-10-27T07:00,18000,2025-11-23T03:00,0
deal_0544@proposal,deal_0544,proposal,2025-11-09T03:00,18000,2025-11-23T03:00,0
deal_0545@qualified,deal_0545,qualified,2025-10-16T21:00,24000,2025-12-12T19:00,0
deal_0545@demo,deal_0545,demo,2025-11-07T05:00,24000,2025-12-12T19:00,0
deal_0545@proposal,deal_0545,proposal,2025-11-22T19:00,24000,2025-12-12T19:00,0
deal_0546@qualified,deal_0546,qualified,2025-12-01T08:00,96000,2026-01-15T22:00,0
deal_0546@demo,deal_0546,demo,2025-12-04T05:00,96000,2026-01-15T22:00,0
deal_0546@proposal,deal_0546,proposal,2025-12-17T22:00,96000,2026-01-15T22:00,0
deal_0547@qualified,deal_0547,qualified,2025-07-11T07:00,120000,2025-08-17T13:00,1
deal_0547@demo,deal_0547,demo,2025-07-15T00:00,120000,2025-08-17T13:00,1
deal_0547@proposal,deal_0547,proposal,2025-07-17T13:00,120000,2025-08-17T13:00,1
deal_0548@qualified,deal_0548,qualified,2025-06-29T21:00,18000,2025-08-24T23:00,0
deal_0548@demo,deal_0548,demo,2025-07-23T13:00,18000,2025-08-24T23:00,0
deal_0548@proposal,deal_0548,proposal,2025-08-01T23:00,18000,2025-08-24T23:00,0
deal_0549@qualified,deal_0549,qualified,2025-09-27T11:00,120000,2025-11-29T11:00,1
deal_0549@demo,deal_0549,demo,2025-10-16T03:00,120000,2025-11-29T11:00,1
deal_0549@proposal,deal_0549,proposal,2025-11-05T11:00,120000,2025-11-29T11:00,1
deal_0550@qualified,deal_0550,qualified,2025-08-09T20:00,18000,2025-09-06T14:00,1
deal_0550@demo,deal_0550,demo,2025-08-13T22:00,18000,2025-09-06T14:00,1
deal_0550@proposal,deal_0550,proposal,2025-08-31T14:00,18000,2025-09-06T14:00,1
deal_0551@qualified,deal_0551,qualified,2025-06-04T02:00,24000,2025-06-30T12:00,0
deal_0551@demo,deal_0551,demo,2025-06-10T02:00,24000,2025-06-30T12:00,0
deal_0551@proposal,deal_0551,proposal,2025-06-18T12:00,24000,2025-06-30T12:00,0
deal_0552@qualified,deal_0552,qualified,2025-01-19T23:00,48000,2025-02-26T22:00,1
deal_0552@demo,deal_0552,demo,2025-01-26T13:00,48000,2025-02-26T22:00,1
deal_0552@proposal,deal_0552,proposal,2025-02-01T22:00,48000,2025-02-26T22:00,1
deal_0553@qualified,deal_0553,qualified,2025-10-27T19:00,96000,2026-01-12T06:00,0
deal_0553@demo,deal_0553,demo,2025-11-17T08:00,96000,2026-01-12T06:00,0
deal_0553@proposal,deal_0553,proposal,2025-12-06T06:00,96000,2026-01-12T06:00,0
deal_0554@qualified,deal_0554,qualified,2025-02-04T13:00,24000,2025-03-31T02:00,0
deal_0554@demo,deal_0554,demo,2025-02-22T02:00,24000,2025-03-31T02:00,0
deal_0554@proposal,deal_0554,proposal,2025-03-07T02:00,24000,2025-03-31T02:00,0
deal_0555@qualified,deal_0555,qualified,2025-08-18T09:00,12000,2025-10-22T08:00,0
deal_0555@demo,deal_0555,demo,2025-08-24T16:00,12000,2025-10-22T08:00,0
deal_0555@proposal,deal_0555,proposal,2025-09-13T08:00,12000,2025-10-22T08:00,0
deal_0556@qualified,deal_0556,qualified,2025-02-24T10:00,18000,2025-03-22T17:00,1
deal_0556@demo,deal_0556,demo,2025-03-03T03:00,18000,2025-03-22T17:00,1
deal_0556@proposal,deal_0556,proposal,2025-03-05T17:00,18000,2025-03-22T17:00,1
deal_0557@qualified,deal_0557,qualified,2025-10-08T23:00,18000,2025-10-27T03:00,0
deal_0557@demo,deal_0557,demo,2025-10-11T21:00,18000,2025-10-27T03:00,0
deal_0557@proposal,deal_0557,proposal,2025-10-22T03:00,18000,2025-10-27T03:00,0
deal_0558@qualified,deal_0558,qualified,2025-12-02T14:00,18000,2026-01-10T01:00,0
deal_0558@demo,deal_0558,demo,2025-12-08T21:00,18000,2026-01-10T01:00,0
deal_0558@proposal,deal_0558,proposal,2025-12-21T01:00,18000,2026-01-10T01:00,0
deal_0559@qualified,deal_0559,qualified,2025-02-06T18:00,96000,2025-04-02T05:00,1
deal_0559@demo,deal_0559,demo,2025-02-16T09:00,96000,2025-04-02T05:00,1
deal_0559@proposal,deal_0559,proposal,2025-03-12T05:00,96000,2025-04-02T05:00,1
deal_0560@qualified,deal_0560,qualified,2025-09-28T06:00,96000,2025-11-25T19:00,0
deal_0560@demo,deal_0560,demo,2025-10-04T17:00,96000,2025-11-25T19:00,0
deal_0560@proposal,deal_0560,proposal,2025-10-19T19:00,96000,2025-11-25T19:00,0
deal_0561@qualified,deal_0561,qualified,2025-11-25T03:00,48000,2026-02-08T07:00,0
deal_0561@demo,deal_0561,demo,2025-12-15T01:00,48000,2026-02-08T07:00,0
deal_0561@proposal,deal_0561,proposal,2025-12-30T07:00,48000,2026-02-08T07:00,0
deal_0562@qualified,deal_0562,qualified,2025-09-02T23:00,36000,2025-10-25T17:00,1
deal_0562@demo,deal_0562,demo,2025-09-24T16:00,36000,2025-10-25T17:00,1
deal_0562@proposal,deal_0562,proposal,2025-10-14T17:00,36000,2025-10-25T17:00,1
deal_0563@qualified,deal_0563,qualified,2025-04-24T19:00,24000,2025-06-16T19:00,0
deal_0563@demo,deal_0563,demo,2025-04-30T17:00,24000,2025-06-16T19:00,0
deal_0563@proposal,deal_0563,proposal,2025-05-22T19:00,24000,2025-06-16T19:00,0
deal_0564@qualified,deal_0564,qualified,2025-08-29T05:00,120000,2025-10-19T21:00,0
deal_0564@demo,deal_0564,demo,2025-09-19T21:00,120000,2025-10-19T21:00,0
deal_0564@proposal,deal_0564,proposal,2025-10-01T21:00,120000,2025-10-19T21:00,0
deal_0565@qualified,deal_0565,qualified,2025-02-10T18:00,120000,2025-04-08T05:00,0
deal_0565@demo,deal_0565,demo,2025-03-02T11:00,120000,2025-04-08T05:00,0
deal_0565@proposal,deal_0565,proposal,2025-03-19T05:00,120000,2025-04-08T05:00,0
deal_0566@qualified,deal_0566,qualified,2025-11-11T18:00,24000,2026-01-14T01:00,1
deal_0566@demo,deal_0566,demo,2025-11-15T21:00,24000,2026-01-14T01:00,1
deal_0566@proposal,deal_0566,proposal,2025-12-05T01:00,24000,2026-01-14T01:00,1
deal_0567@qualified,deal_0567,qualified,2025-01-10T13:00,18000,2025-03-10T18:00,0
deal_0567@demo,deal_0567,demo,2025-01-24T23:00,18000,2025-03-10T18:00,0
deal_0567@proposal,deal_0567,proposal,2025-02-03T18:00,18000,2025-03-10T18:00,0
deal_0568@qualified,deal_0568,qualified,2025-05-20T00:00,12000,2025-07-12T12:00,0
deal_0568@demo,deal_0568,demo,2025-05-24T03:00,12000,2025-07-12T12:00,0
deal_0568@proposal,deal_0568,proposal,2025-06-14T12:00,12000,2025-07-12T12:00,0
deal_0569@qualified,deal_0569,qualified,2025-11-21T07:00,120000,2026-01-04T22:00,0
deal_0569@demo,deal_0569,demo,2025-12-14T17:00,120000,2026-01-04T22:00,0
deal_0569@proposal,deal_0569,proposal,2025-12-29T22:00,120000,2026-01-04T22:00,0
deal_0570@qualified,deal_0570,qualified,2025-10-10T03:00,48000,2025-12-03T07:00,1
deal_0570@demo,deal_0570,demo,2025-11-01T09:00,48000,2025-12-03T07:00,1
deal_0570@proposal,deal_0570,proposal,2025-11-20T07:00,48000,2025-12-03T07:00,1
deal_0571@qualified,deal_0571,qualified,2025-09-19T12:00,120000,2025-11-30T21:00,0
deal_0571@demo,deal_0571,demo,2025-10-12T13:00,120000,2025-11-30T21:00,0
deal_0571@proposal,deal_0571,proposal,2025-10-21T21:00,120000,2025-11-30T21:00,0
deal_0572@qualified,deal_0572,qualified,2025-09-14T05:00,18000,2025-10-22T12:00,0
deal_0572@demo,deal_0572,demo,2025-09-24T00:00,18000,2025-10-22T12:00,0
deal_0572@proposal,deal_0572,proposal,2025-10-02T12:00,18000,2025-10-22T12:00,0
deal_0573@qualified,deal_0573,qualified,2025-04-10T01:00,60000,2025-05-26T00:00,0
deal_0573@demo,deal_0573,demo,2025-05-03T04:00,60000,2025-05-26T00:00,0
deal_0573@proposal,deal_0573,proposal,2025-05-07T00:00,60000,2025-05-26T00:00,0
deal_0574@qualified,deal_0574,qualified,2025-05-17T19:00,120000,2025-07-03T08:00,0
deal_0574@demo,deal_0574,demo,2025-06-03T21:00,120000,2025-07-03T08:00,0
deal_0574@proposal,deal_0574,proposal,2025-06-14T08:00,120000,2025-07-03T08:00,0
deal_0575@qualified,deal_0575,qualified,2025-10-19T01:00,48000,2025-12-07T03:00,1
deal_0575@demo,deal_0575,demo,2025-11-07T10:00,48000,2025-12-07T03:00,1
deal_0575@proposal,deal_0575,proposal,2025-12-02T03:00,48000,2025-12-07T03:00,1
deal_0576@qualified,deal_0576,qualified,2025-11-04T05:00,48000,2025-12-20T03:00,0
deal_0576@demo,deal_0576,demo,2025-11-29T03:00,48000,2025-12-20T03:00,0
deal_0576@proposal,deal_0576,proposal,2025-12-07T03:00,48000,2025-12-20T03:00,0
deal_0577@qualified,deal_0577,qualified,2025-11-23T19:00,18000,2025-12-16T17:00,1
deal_0577@demo,deal_0577,demo,2025-12-05T19:00,18000,2025-12-16T17:00,1
deal_0577@proposal,deal_0577,proposal,2025-12-08T17:00,18000,2025-12-16T17:00,1
deal_0578@qualified,deal_0578,qualified,2025-10-13T14:00,24000,2025-11-13T17:00,0
deal_0578@demo,deal_0578,demo,2025-10-16T11:00,24000,2025-11-13T17:00,0
deal_0578@proposal,deal_0578,proposal,2025-11-07T17:00,24000,2025-11-13T17:00,0
deal_0579@qualified,deal_0579,qualified,2025-05-19T03:00,12000,2025-07-28T20:00,1
deal_0579@demo,deal_0579,demo,2025-06-12T18:00,12000,2025-07-28T20:00,1
deal_0579@proposal,deal_0579,proposal,2025-07-02T20:00,12000,2025-07-28T20:00,1
deal_0580@qualified,deal_0580,qualified,2025-03-06T08:00,12000,2025-04-04T10:00,0
deal_0580@demo,deal_0580,demo,2025-03-11T04:00,12000,2025-04-04T10:00,0
deal_0580@proposal,deal_0580,proposal,2025-03-18T10:00,12000,2025-04-04T10:00,0
deal_0581@qualified,deal_0581,qualified,2025-08-24T21:00,12000,2025-10-29T23:00,0
deal_0581@demo,deal_0581,demo,2025-09-18T02:00,12000,2025-10-29T23:00,0
deal_0581@proposal,deal_0581,proposal,2025-10-11T23:00,12000,2025-10-29T23:00,0
deal_0582@qualified,deal_0582,qualified,2025-06-09T13:00,12000,2025-06-24T03:00,0
deal_0582@demo,deal_0582,demo,2025-06-11T16:00,12000,2025-06-24T03:00,0
deal_0582@proposal,deal_0582,proposal,2025-06-16T03:00,12000,2025-06-24T03:00,0
deal_0583@qualified,deal_0583,qualified,2025-03-26T21:00,36000,2025-05-17T03:00,0
deal_0583@demo,deal_0583,demo,2025-04-01T08:00,36000,2025-05-17T03:00,0
deal_0583@proposal,deal_0583,proposal,2025-04-17T03:00,36000,2025-05-17T03:00,0
deal_0584@qualified,deal_0584,qualified,2025-12-19T02:00,18000,2026-02-07T14:00,1
deal_0584@demo,deal_0584,demo,2025-12-23T01:00,18000,2026-02-07T14:00,1
deal_0584@proposal,deal_0584,proposal,2025-12-29T14:00,18000,2026-02-07T14:00,1
deal_0585@qualified,deal_0585,qualified,2025-07-02T15:00,18000,2025-08-15T20:00,0
deal_0585@demo,deal_0585,demo,2025-07-25T10:00,18000,2025-08-15T20:00,0
deal_0585@proposal,deal_0585,proposal,2025-08-07T20:00,18000,2025-08-15T20:00,0
deal_0586@qualified,deal_0586,qualified,2025-12-07T09:00,96000,2026-02-15T05:00,0
deal_0586@demo,deal_0586,demo,2025-12-19T11:00,96000,2026-02-15T05:00,0
deal_0586@proposal,deal_0586,proposal,2026-01-07T05:00,96000,2026-02-15T05:00,0
deal_0587@qualified,deal_0587,qualified,2025-05-04T08:00,120000,2025-05-25T06:00,0
deal_0587@demo,deal_0587,demo,2025-05-07T06:00,120000,2025-05-25T06:00,0
deal_0587@proposal,deal_0587,proposal,2025-05-13T06:00,120000,2025-05-25T06:00,0
deal_0588@qualified,deal_0588,qualified,2025-02-20T22:00,60000,2025-04-13T02:00,0
deal_0588@demo,deal_0588,demo,2025-02-26T08:00,60000,2025-04-13T02:00,0
deal_0588@proposal,deal_0588,proposal,2025-03-20T02:00,60000,2025-04-13T02:00,0
deal_0589@qualified,deal_0589,qualified,2025-09-09T15:00,48000,2025-11-12T06:00,0
deal_0589@demo,deal_0589,demo,2025-09-15T10:00,48000,2025-11-12T06:00,0
deal_0589@proposal,deal_0589,proposal,2025-10-10T06:00,48000,2025-11-12T06:00,0
deal_0590@qualified,deal_0590,qualified,2025-07-14T13:00,36000,2025-09-10T18:00,1
deal_0590@demo,deal_0590,demo,2025-07-30T07:00,36000,2025-09-10T18:00,1
deal_0590@proposal,deal_0590,proposal,2025-08-03T18:00,36000,2025-09-10T18:00,1
deal_0591@qualified,deal_0591,qualified,2025-11-04T02:00,18000,2025-12-09T22:00,0
deal_0591@demo,deal_0591,demo,2025-11-23T17:00,18000,2025-12-09T22:00,0
deal_0591@proposal,deal_0591,proposal,2025-11-28T22:00,18000,2025-12-09T22:00,0
deal_0592@qualified,deal_0592,qualified,2025-02-12T01:00,36000,2025-04-18T01:00,0
deal_0592@demo,deal_0592,demo,2025-03-08T09:00,36000,2025-04-18T01:00,0
deal_0592@proposal,deal_0592,proposal,2025-03-15T01:00,36000,2025-04-18T01:00,0
deal_0593@qualified,deal_0593,qualified,2025-05-14T08:00,60000,2025-06-26T00:00,0
deal_0593@demo,deal_0593,demo,2025-05-27T12:00,60000,2025-06-26T00:00,0
deal_0593@proposal,deal_0593,proposal,2025-06-06T00:00,60000,2025-06-26T00:00,0
deal_0594@qualified,deal_0594,qualified,2025-10-08T19:00,12000,2025-11-22T17:00,1
deal_0594@demo,deal_0594,demo,2025-10-28T06:00,12000,2025-11-22T17:00,1
deal_0594@proposal,deal_0594,proposal,2025-11-10T17:00,12000,2025-11-22T17:00,1
deal_0595@qualified,deal_0595,qualified,2025-02-27T17:00,18000,2025-05-15T07:00,1
deal_0595@demo,deal_0595,demo,2025-03-15T03:00,18000,2025-05-15T07:00,1
deal_0595@proposal,deal_0595,proposal,2025-04-05T07:00,18000,2025-05-15T07:00,1
deal_0596@qualified,deal_0596,qualified,2025-06-09T08:00,96000,2025-08-22T05:00,0
deal_0596@demo,deal_0596,demo,2025-06-24T10:00,96000,2025-08-22T05:00,0
deal_0596@proposal,deal_0596,proposal,2025-07-13T05:00,96000,2025-08-22T05:00,0
deal_0597@qualified,deal_0597,qualified,2025-10-17T02:00,12000,2025-12-11T03:00,0
deal_0597@demo,deal_0597,demo,2025-10-26T18:00,12000,2025-12-11T03:00,0
deal_0597@proposal,deal_0597,proposal,2025-11-14T03:00,12000,2025-12-11T03:00,0
deal_0598@qualified,deal_0598,qualified,2025-08-31T11:00,18000,2025-09-29T09:00,1
deal_0598@demo,deal_0598,demo,2025-09-09T17:00,18000,2025-09-29T09:00,1
deal_0598@proposal,deal_0598,proposal,2025-09-18T09:00,18000,2025-09-29T09:00,1
deal_0599@qualified,deal_0599,qualified,2025-01-31T07:00,12000,2025-03-29T21:00,1
deal_0599@demo,deal_0599,demo,2025-02-13T12:00,12000,2025-03-29T21:00,1
deal_0599@proposal,deal_0599,proposal,2025-03-07T21:00,12000,2025-03-29T21:00,1
deal_0600@qualified,deal_0600,qualified,2025-02-27T22:00,12000,2025-04-24T03:00,0
deal_0600@demo,deal_0600,demo,2025-03-10T15:00,12000,2025-04-24T03:00,0
deal_0600@proposal,deal_0600,proposal,2025-03-31T03:00,12000,2025-04-24T03:00,0
deal_0601@qualified,deal_0601,qualified,2025-11-30T00:00,18000,2026-02-16T22:00,0
deal_0601@demo,deal_0601,demo,2025-12-23T21:00,18000,2026-02-16T22:00,0
deal_0601@proposal,deal_0601,proposal,2026-01-10T22:00,18000,2026-02-16T22:00,0
deal_0602@qualified,deal_0602,qualified,2025-10-28T16:00,48000,2025-12-23T06:00,0
deal_0602@demo,deal_0602,demo,2025-11-01T20:00,48000,2025-12-23T06:00,0
deal_0602@proposal,deal_0602,proposal,2025-11-15T06:00,48000,2025-12-23T06:00,0
deal_0603@qualified,deal_0603,qualified,2025-07-19T09:00,120000,2025-09-15T00:00,0
deal_0603@demo,deal_0603,demo,2025-08-04T12:00,120000,2025-09-15T00:00,0
deal_0603@proposal,deal_0603,proposal,2025-08-21T00:00,120000,2025-09-15T00:00,0
deal_0604@qualified,deal_0604,qualified,2025-09-27T17:00,120000,2025-11-30T06:00,0
deal_0604@demo,deal_0604,demo,2025-10-13T00:00,120000,2025-11-30T06:00,0
deal_0604@proposal,deal_0604,proposal,2025-10-27T06:00,120000,2025-11-30T06:00,0
deal_0605@qualified,deal_0605,qualified,2025-04-10T06:00,120000,2025-05-05T19:00,0
deal_0605@demo,deal_0605,demo,2025-04-19T13:00,120000,2025-05-05T19:00,0
deal_0605@proposal,deal_0605,proposal,2025-04-26T19:00,120000,2025-05-05T19:00,0
deal_0606@qualified,deal_0606,qualified,2025-11-28T04:00,36000,2026-01-17T07:00,0
deal_0606@demo,deal_0606,demo,2025-12-08T14:00,36000,2026-01-17T07:00,0
deal_0606@proposal,deal_0606,proposal,2025-12-15T07:00,36000,2026-01-17T07:00,0
deal_0607@qualified,deal_0607,qualified,2025-03-15T02:00,120000,2025-04-27T21:00,0
deal_0607@demo,deal_0607,demo,2025-03-29T02:00,120000,2025-04-27T21:00,0
deal_0607@proposal,deal_0607,proposal,2025-04-03T21:00,120000,2025-04-27T21:00,0
deal_0608@qualified,deal_0608,qualified,2025-07-18T04:00,96000,2025-09-10T06:00,0
deal_0608@demo,deal_0608,demo,2025-07-22T23:00,96000,2025-09-10T06:00,0
deal_0608@proposal,deal_0608,proposal,2025-08-11T06:00,96000,2025-09-10T06:00,0
deal_0609@qualified,deal_0609,qualified,2025-11-07T15:00,18000,2025-12-20T05:00,0
deal_0609@demo,deal_0609,demo,2025-11-15T08:00,18000,2025-12-20T05:00,0
deal_0609@proposal,deal_0609,proposal,2025-11-29T05:00,18000,2025-12-20T05:00,0
deal_0610@qualified,deal_0610,qualified,2025-11-12T12:00,120000,2025-12-20T00:00,1
deal_0610@demo,deal_0610,demo,2025-12-01T20:00,120000,2025-12-20T00:00,1
deal_0610@proposal,deal_0610,proposal,2025-12-12T00:00,120000,2025-12-20T00:00,1
deal_0611@qualified,deal_0611,qualified,2025-03-08T03:00,96000,2025-05-02T12:00,1
deal_0611@demo,deal_0611,demo,2025-03-22T02:00,96000,2025-05-02T12:00,1
deal_0611@proposal,deal_0611,proposal,2025-04-03T12:00,96000,2025-05-02T12:00,1
deal_0612@qualified,deal_0612,qualified,2025-02-08T17:00,12000,2025-03-13T21:00,0
deal_0612@demo,deal_0612,demo,2025-02-22T20:00,12000,2025-03-13T21:00,0
deal_0612@proposal,deal_0612,proposal,2025-03-06T21:00,12000,2025-03-13T21:00,0
deal_0613@qualified,deal_0613,qualified,2025-08-13T13:00,48000,2025-10-20T00:00,1
deal_0613@demo,deal_0613,demo,2025-09-05T21:00,48000,2025-10-20T00:00,1
deal_0613@proposal,deal_0613,proposal,2025-09-18T00:00,48000,2025-10-20T00:00,1
deal_0614@qualified,deal_0614,qualified,2025-06-29T17:00,96000,2025-09-04T18:00,0
deal_0614@demo,deal_0614,demo,2025-07-14T21:00,96000,2025-09-04T18:00,0
deal_0614@proposal,deal_0614,proposal,2025-07-26T18:00,96000,2025-09-04T18:00,0
deal_0615@qualified,deal_0615,qualified,2025-09-16T21:00,12000,2025-11-17T22:00,0
deal_0615@demo,deal_0615,demo,2025-10-08T15:00,12000,2025-11-17T22:00,0
deal_0615@proposal,deal_0615,proposal,2025-10-17T22:00,12000,2025-11-17T22:00,0
deal_0616@qualified,deal_0616,qualified,2025-11-03T07:00,120000,2026-01-22T05:00,0
deal_0616@demo,deal_0616,demo,2025-11-20T08:00,120000,2026-01-22T05:00,0
deal_0616@proposal,deal_0616,proposal,2025-12-14T05:00,120000,2026-01-22T05:00,0
deal_0617@qualified,deal_0617,qualified,2025-06-28T20:00,12000,2025-08-19T03:00,0
deal_0617@demo,deal_0617,demo,2025-07-22T16:00,12000,2025-08-19T03:00,0
deal_0617@proposal,deal_0617,proposal,2025-08-03T03:00,12000,2025-08-19T03:00,0
deal_0618@qualified,deal_0618,qualified,2025-06-18T21:00,18000,2025-08-06T20:00,0
deal_0618@demo,deal_0618,demo,2025-06-30T03:00,18000,2025-08-06T20:00,0
deal_0618@proposal,deal_0618,proposal,2025-07-04T20:00,18000,2025-08-06T20:00,0
deal_0619@qualified,deal_0619,qualified,2025-10-21T09:00,36000,2025-12-14T21:00,1
deal_0619@demo,deal_0619,demo,2025-11-12T03:00,36000,2025-12-14T21:00,1
deal_0619@proposal,deal_0619,proposal,2025-11-18T21:00,36000,2025-12-14T21:00,1
deal_0620@qualified,deal_0620,qualified,2025-03-25T07:00,48000,2025-06-10T09:00,0
deal_0620@demo,deal_0620,demo,2025-04-08T00:00,48000,2025-06-10T09:00,0
deal_0620@proposal,deal_0620,proposal,2025-05-02T09:00,48000,2025-06-10T09:00,0
deal_0621@qualified,deal_0621,qualified,2025-06-22T07:00,60000,2025-08-14T06:00,0
deal_0621@demo,deal_0621,demo,2025-07-09T09:00,60000,2025-08-14T06:00,0
deal_0621@proposal,deal_0621,proposal,2025-08-03T06:00,60000,2025-08-14T06:00,0
deal_0622@qualified,deal_0622,qualified,2025-08-21T15:00,12000,2025-10-30T02:00,0
deal_0622@demo,deal_0622,demo,2025-09-13T18:00,12000,2025-10-30T02:00,0
deal_0622@proposal,deal_0622,proposal,2025-09-30T02:00,12000,2025-10-30T02:00,0
deal_0623@qualified,deal_0623,qualified,2025-02-14T16:00,60000,2025-04-11T04:00,0
deal_0623@demo,deal_0623,demo,2025-03-02T05:00,60000,2025-04-11T04:00,0
deal_0623@proposal,deal_0623,proposal,2025-03-15T04:00,60000,2025-04-11T04:00,0
deal_0624@qualified,deal_0624,qualified,2025-03-25T21:00,60000,2025-05-17T08:00,0
deal_0624@demo,deal_0624,demo,2025-04-11T15:00,60000,2025-05-17T08:00,0
deal_0624@proposal,deal_0624,proposal,2025-04-29T08:00,60000,2025-05-17T08:00,0
deal_0625@qualified,deal_0625,qualified,2025-11-26T04:00,12000,2026-02-01T06:00,0
deal_0625@demo,deal_0625,demo,2025-12-03T07:00,12000,2026-02-01T06:00,0
deal_0625@proposal,deal_0625,proposal,2025-12-24T06:00,12000,2026-02-01T06:00,0
deal_0626@qualified,deal_0626,qualified,2025-09-01T16:00,18000,2025-09-24T05:00,0
deal_0626@demo,deal_0626,demo,2025-09-06T08:00,18000,2025-09-24T05:00,0
deal_0626@proposal,deal_0626,proposal,2025-09-10T05:00,18000,2025-09-24T05:00,0
deal_0627@qualified,deal_0627,qualified,2025-07-08T10:00,120000,2025-08-14T08:00,0
deal_0627@demo,deal_0627,demo,2025-07-27T23:00,120000,2025-08-14T08:00,0
deal_0627@proposal,deal_0627,proposal,2025-08-06T08:00,120000,2025-08-14T08:00,0
deal_0628@qualified,deal_0628,qualified,2025-03-21T19:00,120000,2025-06-04T00:00,1
deal_0628@demo,deal_0628,demo,2025-04-15T03:00,120000,2025-06-04T00:00,1
deal_0628@proposal,deal_0628,proposal,2025-04-30T00:00,120000,2025-06-04T00:00,1
deal_0629@qualified,deal_0629,qualified,2025-03-07T15:00,96000,2025-04-26T07:00,0
deal_0629@demo,deal_0629,demo,2025-03-20T20:00,96000,2025-04-26T07:00,0
deal_0629@proposal,deal_0629,proposal,2025-03-25T07:00,96000,2025-04-26T07:00,0
deal_0630@qualified,deal_0630,qualified,2025-03-02T08:00,24000,2025-04-14T05:00,0
deal_0630@demo,deal_0630,demo,2025-03-13T19:00,24000,2025-04-14T05:00,0
deal_0630@proposal,deal_0630,proposal,2025-03-16T05:00,24000,2025-04-14T05:00,0
deal_0631@qualified,deal_0631,qualified,2025-10-05T19:00,120000,2025-10-25T15:00,0
deal_0631@demo,deal_0631,demo,2025-10-11T16:00,120000,2025-10-25T15:00,0
deal_0631@proposal,deal_0631,proposal,2025-10-19T15:00,120000,2025-10-25T15:00,0
deal_0632@qualified,deal_0632,qualified,2025-08-10T20:00,120000,2025-10-20T10:00,1
deal_0632@demo,deal_0632,demo,2025-09-03T23:00,120000,2025-10-20T10:00,1
deal_0632@proposal,deal_0632,proposal,2025-09-17T10:00,120000,2025-10-20T10:00,1
deal_0633@qualified,deal_0633,qualified,2025-11-02T05:00,120000,2025-12-22T02:00,0
deal_0633@demo,deal_0633,demo,2025-11-06T00:00,120000,2025-12-22T02:00,0
deal_0633@proposal,deal_0633,proposal,2025-11-26T02:00,120000,2025-12-22T02:00,0
deal_0634@qualified,deal_0634,qualified,2025-07-17T03:00,24000,2025-09-04T01:00,0
deal_0634@demo,deal_0634,demo,2025-08-03T03:00,24000,2025-09-04T01:00,0
deal_0634@proposal,deal_0634,proposal,2025-08-17T01:00,24000,2025-09-04T01:00,0
deal_0635@qualified,deal_0635,qualified,2025-03-06T06:00,18000,2025-05-04T04:00,0
deal_0635@demo,deal_0635,demo,2025-03-30T12:00,18000,2025-05-04T04:00,0
deal_0635@proposal,deal_0635,proposal,2025-04-19T04:00,18000,2025-05-04T04:00,0
deal_0636@qualified,deal_0636,qualified,2025-07-09T13:00,60000,2025-09-10T13:00,1
deal_0636@demo,deal_0636,demo,2025-07-23T01:00,60000,2025-09-10T13:00,1
deal_0636@proposal,deal_0636,proposal,2025-08-16T13:00,60000,2025-09-10T13:00,1
deal_0637@qualified,deal_0637,qualified,2025-04-06T16:00,96000,2025-05-25T07:00,0
deal_0637@demo,deal_0637,demo,2025-04-18T10:00,96000,2025-05-25T07:00,0
deal_0637@proposal,deal_0637,proposal,2025-05-06T07:00,96000,2025-05-25T07:00,0
deal_0638@qualified,deal_0638,qualified,2025-09-20T05:00,18000,2025-11-28T13:00,1
deal_0638@demo,deal_0638,demo,2025-09-28T16:00,18000,2025-11-28T13:00,1
deal_0638@proposal,deal_0638,proposal,2025-10-22T13:00,18000,2025-11-28T13:00,1
deal_0639@qualified,deal_0639,qualified,2025-02-14T06:00,96000,2025-03-28T14:00,0
deal_0639@demo,deal_0639,demo,2025-02-22T06:00,96000,2025-03-28T14:00,0
deal_0639@proposal,deal_0639,proposal,2025-03-14T14:00,96000,2025-03-28T14:00,0
deal_0640@qualified,deal_0640,qualified,2025-06-26T05:00,18000,2025-08-29T23:00,1
deal_0640@demo,deal_0640,demo,2025-07-13T05:00,18000,2025-08-29T23:00,1
deal_0640@proposal,deal_0640,proposal,2025-08-02T23:00,18000,2025-08-29T23:00,1
deal_0641@qualified,deal_0641,qualified,2025-12-13T16:00,120000,2026-02-13T18:00,0
deal_0641@demo,deal_0641,demo,2026-01-02T14:00,120000,2026-02-13T18:00,0
deal_0641@proposal,deal_0641,proposal,2026-01-13T18:00,120000,2026-02-13T18:00,0
deal_0642@qualified,deal_0642,qualified,2025-03-26T12:00,12000,2025-04-26T04:00,0
deal_0642@demo,deal_0642,demo,2025-03-29T08:00,12000,2025-04-26T04:00,0
deal_0642@proposal,deal_0642,proposal,2025-04-10T04:00,12000,2025-04-26T04:00,0
deal_0643@qualified,deal_0643,qualified,2025-07-31T23:00,120000,2025-09-21T20:00,1
deal_0643@demo,deal_0643,demo,2025-08-13T18:00,120000,2025-09-21T20:00,1
deal_0643@proposal,deal_0643,proposal,2025-09-03T20:00,120000,2025-09-21T20:00,1
deal_0644@qualified,deal_0644,qualified,2025-06-27T11:00,48000,2025-08-02T14:00,1
deal_0644@demo,deal_0644,demo,2025-07-12T20:00,48000,2025-08-02T14:00,1
deal_0644@proposal,deal_0644,proposal,2025-07-22T14:00,48000,2025-08-02T14:00,1
deal_0645@qualified,deal_0645,qualified,2025-11-26T18:00,12000,2026-01-14T00:00,1
deal_0645@demo,deal_0645,demo,2025-12-02T14:00,12000,2026-01-14T00:00,1
deal_0645@proposal,deal_0645,proposal,2025-12-27T00:00,12000,2026-01-14T00:00,1
deal_0646@qualified,deal_0646,qualified,2025-07-03T22:00,60000,2025-09-22T00:00,0
deal_0646@demo,deal_0646,demo,2025-07-23T10:00,60000,2025-09-22T00:00,0
deal_0646@proposal,deal_0646,proposal,2025-08-13T00:00,60000,2025-09-22T00:00,0
deal_0647@qualified,deal_0647,qualified,2025-10-04T02:00,36000,2025-11-18T15:00,0
deal_0647@demo,deal_0647,demo,2025-10-09T16:00,36000,2025-11-18T15:00,0
deal_0647@proposal,deal_0647,proposal,2025-10-18T15:00,36000,2025-11-18T15:00,0
deal_0648@qualified,deal_0648,qualified,2025-02-07T18:00,96000,2025-04-02T16:00,1
deal_0648@demo,deal_0648,demo,2025-02-26T18:00,96000,2025-04-02T16:00,1
deal_0648@proposal,deal_0648,proposal,2025-03-04T16:00,96000,2025-04-02T16:00,1
deal_0649@qualified,deal_0649,qualified,2025-07-04T23:00,48000,2025-09-19T21:00,0
deal_0649@demo,deal_0649,demo,2025-07-28T20:00,48000,2025-09-19T21:00,0
deal_0649@proposal,deal_0649,proposal,2025-08-17T21:00,48000,2025-09-19T21:00,0
deal_0650@qualified,deal_0650,qualified,2025-08-19T04:00,18000,2025-10-03T17:00,0
deal_0650@demo,deal_0650,demo,2025-09-01T00:00,18000,2025-10-03T17:00,0
deal_0650@proposal,deal_0650,proposal,2025-09-20T17:00,18000,2025-10-03T17:00,0
deal_0651@qualified,deal_0651,qualified,2025-11-26T15:00,60000,2026-01-28T02:00,1
deal_0651@demo,deal_0651,demo,2025-12-01T04:00,60000,2026-01-28T02:00,1
deal_0651@proposal,deal_0651,proposal,2025-12-19T02:00,60000,2026-01-28T02:00,1
deal_0652@qualified,deal_0652,qualified,2025-07-05T13:00,18000,2025-09-02T17:00,0
deal_0652@demo,deal_0652,demo,2025-07-25T20:00,18000,2025-09-02T17:00,0
deal_0652@proposal,deal_0652,proposal,2025-08-07T17:00,18000,2025-09-02T17:00,0
deal_0653@qualified,deal_0653,qualified,2025-05-31T15:00,60000,2025-08-02T08:00,0
deal_0653@demo,deal_0653,demo,2025-06-25T01:00,60000,2025-08-02T08:00,0
deal_0653@proposal,deal_0653,proposal,2025-07-04T08:00,60000,2025-08-02T08:00,0
deal_0654@qualified,deal_0654,qualified,2025-09-09T14:00,48000,2025-11-19T07:00,0
deal_0654@demo,deal_0654,demo,2025-09-30T19:00,48000,2025-11-19T07:00,0
deal_0654@proposal,deal_0654,proposal,2025-10-11T07:00,48000,2025-11-19T07:00,0
deal_0655@qualified,deal_0655,qualified,2025-06-24T22:00,36000,2025-08-08T01:00,0
deal_0655@demo,deal_0655,demo,2025-07-06T07:00,36000,2025-08-08T01:00,0
deal_0655@proposal,deal_0655,proposal,2025-07-12T01:00,36000,2025-08-08T01:00,0
deal_0656@qualified,deal_0656,qualified,2025-09-25T02:00,24000,2025-11-18T12:00,0
deal_0656@demo,deal_0656,demo,2025-10-04T23:00,24000,2025-11-18T12:00,0
deal_0656@proposal,deal_0656,proposal,2025-10-13T12:00,24000,2025-11-18T12:00,0
deal_0657@qualified,deal_0657,qualified,2025-11-03T00:00,60000,2025-12-28T20:00,0
deal_0657@demo,deal_0657,demo,2025-11-27T06:00,60000,2025-12-28T20:00,0
deal_0657@proposal,deal_0657,proposal,2025-12-21T20:00,60000,2025-12-28T20:00,0
deal_0658@qualified,deal_0658,qualified,2025-10-19T05:00,36000,2025-11-29T08:00,0
deal_0658@demo,deal_0658,demo,2025-10-24T05:00,36000,2025-11-29T08:00,0
deal_0658@proposal,deal_0658,proposal,2025-11-03T08:00,36000,2025-11-29T08:00,0
deal_0659@qualified,deal_0659,qualified,2025-11-27T21:00,120000,2025-12-20T14:00,0
deal_0659@demo,deal_0659,demo,2025-12-08T13:00,120000,2025-12-20T14:00,0
deal_0659@proposal,deal_0659,proposal,2025-12-15T14:00,120000,2025-12-20T14:00,0
deal_0660@qualified,deal_0660,qualified,2025-11-14T05:00,24000,2026-01-08T07:00,0
deal_0660@demo,deal_0660,demo,2025-11-29T04:00,24000,2026-01-08T07:00,0
deal_0660@proposal,deal_0660,proposal,2025-12-06T07:00,24000,2026-01-08T07:00,0
deal_0661@qualified,deal_0661,qualified,2025-10-25T20:00,96000,2025-12-28T10:00,0
deal_0661@demo,deal_0661,demo,2025-11-12T05:00,96000,2025-12-28T10:00,0
deal_0661@proposal,deal_0661,proposal,2025-11-23T10:00,96000,2025-12-28T10:00,0
deal_0662@qualified,deal_0662,qualified,2025-12-02T07:00,60000,2026-02-05T07:00,0
deal_0662@demo,deal_0662,demo,2025-12-24T18:00,60000,2026-02-05T07:00,0
deal_0662@proposal,deal_0662,proposal,2026-01-04T07:00,60000,2026-02-05T07:00,0
deal_0663@qualified,deal_0663,qualified,2025-06-17T10:00,120000,2025-07-04T10:00,0
deal_0663@demo,deal_0663,demo,2025-06-20T19:00,120000,2025-07-04T10:00,0
deal_0663@proposal,deal_0663,proposal,2025-06-24T10:00,120000,2025-07-04T10:00,0
deal_0664@qualified,deal_0664,qualified,2025-10-25T05:00,36000,2025-12-26T01:00,0
deal_0664@demo,deal_0664,demo,2025-11-03T02:00,36000,2025-12-26T01:00,0
deal_0664@proposal,deal_0664,proposal,2025-11-26T01:00,36000,2025-12-26T01:00,0
deal_0665@qualified,deal_0665,qualified,2025-07-05T12:00,36000,2025-10-02T20:00,0
deal_0665@demo,deal_0665,demo,2025-07-30T00:00,36000,2025-10-02T20:00,0
deal_0665@proposal,deal_0665,proposal,2025-08-23T20:00,36000,2025-10-02T20:00,0
deal_0666@qualified,deal_0666,qualified,2025-06-10T01:00,18000,2025-06-30T15:00,0
deal_0666@demo,deal_0666,demo,2025-06-20T23:00,18000,2025-06-30T15:00,0
deal_0666@proposal,deal_0666,proposal,2025-06-25T15:00,18000,2025-06-30T15:00,0
deal_0667@qualified,deal_0667,qualified,2025-09-22T14:00,24000,2025-12-06T05:00,0
deal_0667@demo,deal_0667,demo,2025-10-07T09:00,24000,2025-12-06T05:00,0
deal_0667@proposal,deal_0667,proposal,2025-10-29T05:00,24000,2025-12-06T05:00,0
deal_0668@qualified,deal_0668,qualified,2025-04-14T23:00,96000,2025-05-24T22:00,0
deal_0668@demo,deal_0668,demo,2025-04-22T03:00,96000,2025-05-24T22:00,0
deal_0668@proposal,deal_0668,proposal,2025-04-30T22:00,96000,2025-05-24T22:00,0
deal_0669@qualified,deal_0669,qualified,2025-04-29T16:00,48000,2025-07-04T09:00,0
deal_0669@demo,deal_0669,demo,2025-05-20T01:00,48000,2025-07-04T09:00,0
deal_0669@proposal,deal_0669,proposal,2025-06-03T09:00,48000,2025-07-04T09:00,0
deal_0670@qualified,deal_0670,qualified,2025-09-25T09:00,24000,2025-11-06T13:00,0
deal_0670@demo,deal_0670,demo,2025-09-28T19:00,24000,2025-11-06T13:00,0
deal_0670@proposal,deal_0670,proposal,2025-10-15T13:00,24000,2025-11-06T13:00,0
deal_0671@qualified,deal_0671,qualified,2025-11-02T21:00,24000,2026-01-22T08:00,0
deal_0671@demo,deal_0671,demo,2025-11-24T15:00,24000,2026-01-22T08:00,0
deal_0671@proposal,deal_0671,proposal,2025-12-15T08:00,24000,2026-01-22T08:00,0
deal_0672@qualified,deal_0672,qualified,2025-03-10T09:00,120000,2025-05-18T23:00,0
deal_0672@demo,deal_0672,demo,2025-03-31T07:00,120000,2025-05-18T23:00,0
deal_0672@proposal,deal_0672,proposal,2025-04-16T23:00,120000,2025-05-18T23:00,0
deal_0673@qualified,deal_0673,qualified,2025-01-28T08:00,24000,2025-03-13T15:00,0
deal_0673@demo,deal_0673,demo,2025-02-11T04:00,24000,2025-03-13T15:00,0
deal_0673@proposal,deal_0673,proposal,2025-02-13T15:00,24000,2025-03-13T15:00,0
deal_0674@qualified,deal_0674,qualified,2025-09-02T18:00,48000,2025-10-21T22:00,1
deal_0674@demo,deal_0674,demo,2025-09-21T05:00,48000,2025-10-21T22:00,1
deal_0674@proposal,deal_0674,proposal,2025-10-10T22:00,48000,2025-10-21T22:00,1
deal_0675@qualified,deal_0675,qualified,2025-03-27T14:00,36000,2025-04-27T07:00,0
deal_0675@demo,deal_0675,demo,2025-04-17T05:00,36000,2025-04-27T07:00,0
deal_0675@proposal,deal_0675,proposal,2025-04-20T07:00,36000,2025-04-27T07:00,0
deal_0676@qualified,deal_0676,qualified,2025-04-02T02:00,18000,2025-04-27T03:00,0
deal_0676@demo,deal_0676,demo,2025-04-14T01:00,18000,2025-04-27T03:00,0
deal_0676@proposal,deal_0676,proposal,2025-04-21T03:00,18000,2025-04-27T03:00,0
deal_0677@qualified,deal_0677,qualified,2025-02-07T07:00,120000,2025-03-22T08:00,0
deal_0677@demo,deal_0677,demo,2025-02-15T19:00,120000,2025-03-22T08:00,0
deal_0677@proposal,deal_0677,proposal,2025-02-23T08:00,120000,2025-03-22T08:00,0
deal_0678@qualified,deal_0678,qualified,2025-09-29T00:00,36000,2025-11-07T12:00,0
deal_0678@demo,deal_0678,demo,2025-10-19T08:00,36000,2025-11-07T12:00,0
deal_0678@proposal,deal_0678,proposal,2025-10-28T12:00,36000,2025-11-07T12:00,0
deal_0679@qualified,deal_0679,qualified,2025-09-26T12:00,48000,2025-11-23T02:00,1
deal_0679@demo,deal_0679,demo,2025-10-03T15:00,48000,2025-11-23T02:00,1
deal_0679@proposal,deal_0679,proposal,2025-10-17T02:00,48000,2025-11-23T02:00,1
deal_0680@qualified,deal_0680,qualified,2025-12-20T20:00,48000,2026-01-26T02:00,0
deal_0680@demo,deal_0680,demo,2025-12-23T10:00,48000,2026-01-26T02:00,0
deal_0680@proposal,deal_0680,proposal,2026-01-03T02:00,48000,2026-01-26T02:00,0
deal_0681@qualified,deal_0681,qualified,2025-02-16T14:00,60000,2025-04-05T05:00,0
deal_0681@demo,deal_0681,demo,2025-02-23T13:00,60000,2025-04-05T05:00,0
deal_0681@proposal,deal_0681,proposal,2025-03-07T05:00,60000,2025-04-05T05:00,0
deal_0682@qualified,deal_0682,qualified,2025-07-04T10:00,24000,2025-08-04T19:00,0
deal_0682@demo,deal_0682,demo,2025-07-20T15:00,24000,2025-08-04T19:00,0
deal_0682@proposal,deal_0682,proposal,2025-07-26T19:00,24000,2025-08-04T19:00,0
deal_0683@qualified,deal_0683,qualified,2025-07-20T10:00,12000,2025-09-26T03:00,0
deal_0683@demo,deal_0683,demo,2025-08-12T00:00,12000,2025-09-26T03:00,0
deal_0683@proposal,deal_0683,proposal,2025-09-01T03:00,12000,2025-09-26T03:00,0
deal_0684@qualified,deal_0684,qualified,2025-09-11T01:00,96000,2025-11-20T16:00,0
deal_0684@demo,deal_0684,demo,2025-09-27T19:00,96000,2025-11-20T16:00,0
deal_0684@proposal,deal_0684,proposal,2025-10-16T16:00,96000,2025-11-20T16:00,0
deal_0685@qualified,deal_0685,qualified,2025-09-04T06:00,60000,2025-10-16T20:00,0
deal_0685@demo,deal_0685,demo,2025-09-13T14:00,60000,2025-10-16T20:00,0
deal_0685@proposal,deal_0685,proposal,2025-09-19T20:00,60000,2025-10-16T20:00,0
deal_0686@qualified,deal_0686,qualified,2025-07-20T07:00,120000,2025-09-02T16:00,0
deal_0686@demo,deal_0686,demo,2025-07-24T08:00,120000,2025-09-02T16:00,0
deal_0686@proposal,deal_0686,proposal,2025-08-08T16:00,120000,2025-09-02T16:00,0
deal_0687@qualified,deal_0687,qualified,2025-01-31T03:00,18000,2025-03-17T02:00,0
deal_0687@demo,deal_0687,demo,2025-02-07T20:00,18000,2025-03-17T02:00,0
deal_0687@proposal,deal_0687,proposal,2025-02-20T02:00,18000,2025-03-17T02:00,0
deal_0688@qualified,deal_0688,qualified,2025-11-22T03:00,60000,2026-01-03T06:00,0
deal_0688@demo,deal_0688,demo,2025-11-25T17:00,60000,2026-01-03T06:00,0
deal_0688@proposal,deal_0688,proposal,2025-12-19T06:00,60000,2026-01-03T06:00,0
deal_0689@qualified,deal_0689,qualified,2025-07-04T16:00,36000,2025-08-31T07:00,0
deal_0689@demo,deal_0689,demo,2025-07-29T01:00,36000,2025-08-31T07:00,0
deal_0689@proposal,deal_0689,proposal,2025-08-18T07:00,36000,2025-08-31T07:00,0
deal_0690@qualified,deal_0690,qualified,2025-03-04T11:00,24000,2025-05-10T10:00,1
deal_0690@demo,deal_0690,demo,2025-03-22T22:00,24000,2025-05-10T10:00,1
deal_0690@proposal,deal_0690,proposal,2025-04-16T10:00,24000,2025-05-10T10:00,1
deal_0691@qualified,deal_0691,qualified,2025-11-04T09:00,36000,2025-12-12T19:00,0
deal_0691@demo,deal_0691,demo,2025-11-08T20:00,36000,2025-12-12T19:00,0
deal_0691@proposal,deal_0691,proposal,2025-11-26T19:00,36000,2025-12-12T19:00,0
deal_0692@qualified,deal_0692,qualified,2025-07-30T17:00,48000,2025-10-08T10:00,0
deal_0692@demo,deal_0692,demo,2025-08-14T07:00,48000,2025-10-08T10:00,0
deal_0692@proposal,deal_0692,proposal,2025-08-29T10:00,48000,2025-10-08T10:00,0
deal_0693@qualified,deal_0693,qualified,2025-09-16T08:00,120000,2025-11-15T14:00,0
deal_0693@demo,deal_0693,demo,2025-10-10T23:00,120000,2025-11-15T14:00,0
deal_0693@proposal,deal_0693,proposal,2025-10-18T14:00,120000,2025-11-15T14:00,0
deal_0694@qualified,deal_0694,qualified,2025-06-17T17:00,96000,2025-07-30T22:00,0
deal_0694@demo,deal_0694,demo,2025-07-08T23:00,96000,2025-07-30T22:00,0
deal_0694@proposal,deal_0694,proposal,2025-07-11T22:00,96000,2025-07-30T22:00,0
deal_0695@qualified,deal_0695,qualified,2025-12-07T19:00,48000,2026-02-06T09:00,0
deal_0695@demo,deal_0695,demo,2025-12-14T23:00,48000,2026-02-06T09:00,0
deal_0695@proposal,deal_0695,proposal,2026-01-04T09:00,48000,2026-02-06T09:00,0
deal_0696@qualified,deal_0696,qualified,2025-07-09T15:00,24000,2025-08-29T09:00,1
deal_0696@demo,deal_0696,demo,2025-07-15T04:00,24000,2025-08-29T09:00,1
deal_0696@proposal,deal_0696,proposal,2025-07-22T09:00,24000,2025-08-29T09:00,1
deal_0697@qualified,deal_0697,qualified,2025-06-18T15:00,48000,2025-07-27T04:00,0
deal_0697@demo,deal_0697,demo,2025-07-05T06:00,48000,2025-07-27T04:00,0
deal_0697@proposal,deal_0697,proposal,2025-07-09T04:00,48000,2025-07-27T04:00,0
deal_0698@qualified,deal_0698,qualified,2025-11-09T13:00,24000,2025-12-17T10:00,0
deal_0698@demo,deal_0698,demo,2025-11-25T13:00,24000,2025-12-17T10:00,0
deal_0698@proposal,deal_0698,proposal,2025-12-09T10:00,24000,2025-12-17T10:00,0
deal_0699@qualified,deal_0699,qualified,2025-08-22T01:00,36000,2025-10-31T12:00,1
deal_0699@demo,deal_0699,demo,2025-09-15T15:00,36000,2025-10-31T12:00,1
deal_0699@proposal,deal_0699,proposal,2025-10-06T12:00,36000,2025-10-31T12:00,1
deal_0700@qualified,deal_0700,qualified,2025-04-21T03:00,96000,2025-05-22T03:00,0
deal_0700@demo,deal_0700,demo,2025-05-03T00:00,96000,2025-05-22T03:00,0
deal_0700@proposal,deal_0700,proposal,2025-05-15T03:00,96000,2025-05-22T03:00,0
deal_0701@qualified,deal_0701,qualified,2025-06-16T01:00,120000,2025-07-31T05:00,0
deal_0701@demo,deal_0701,demo,2025-06-21T15:00,120000,2025-07-31T05:00,0
deal_0701@proposal,deal_0701,proposal,2025-07-05T05:00,120000,2025-07-31T05:00,0
deal_0702@qualified,deal_0702,qualified,2025-01-29T12:00,18000,2025-03-06T21:00,0
deal_0702@demo,deal_0702,demo,2025-02-10T02:00,18000,2025-03-06T21:00,0
deal_0702@proposal,deal_0702,proposal,2025-02-13T21:00,18000,2025-03-06T21:00,0
deal_0703@qualified,deal_0703,qualified,2025-08-27T13:00,96000,2025-10-05T18:00,0
deal_0703@demo,deal_0703,demo,2025-09-04T22:00,96000,2025-10-05T18:00,0
deal_0703@proposal,deal_0703,proposal,2025-09-11T18:00,96000,2025-10-05T18:00,0
deal_0704@qualified,deal_0704,qualified,2025-03-17T03:00,60000,2025-04-16T12:00,0
deal_0704@demo,deal_0704,demo,2025-03-23T16:00,60000,2025-04-16T12:00,0
deal_0704@proposal,deal_0704,proposal,2025-04-09T12:00,60000,2025-04-16T12:00,0
deal_0705@qualified,deal_0705,qualified,2025-03-04T19:00,12000,2025-04-29T17:00,1
deal_0705@demo,deal_0705,demo,2025-03-15T20:00,12000,2025-04-29T17:00,1
deal_0705@proposal,deal_0705,proposal,2025-03-31T17:00,12000,2025-04-29T17:00,1
deal_0706@qualified,deal_0706,qualified,2025-11-09T04:00,96000,2025-12-08T19:00,1
deal_0706@demo,deal_0706,demo,2025-11-20T02:00,96000,2025-12-08T19:00,1
deal_0706@proposal,deal_0706,proposal,2025-12-01T19:00,96000,2025-12-08T19:00,1
deal_0707@qualified,deal_0707,qualified,2025-07-08T15:00,96000,2025-09-10T17:00,0
deal_0707@demo,deal_0707,demo,2025-07-22T17:00,96000,2025-09-10T17:00,0
deal_0707@proposal,deal_0707,proposal,2025-08-13T17:00,96000,2025-09-10T17:00,0
deal_0708@qualified,deal_0708,qualified,2025-02-12T08:00,48000,2025-05-03T17:00,0
deal_0708@demo,deal_0708,demo,2025-03-09T00:00,48000,2025-05-03T17:00,0
deal_0708@proposal,deal_0708,proposal,2025-03-29T17:00,48000,2025-05-03T17:00,0
deal_0709@qualified,deal_0709,qualified,2025-07-16T22:00,96000,2025-09-25T17:00,0
deal_0709@demo,deal_0709,demo,2025-08-09T20:00,96000,2025-09-25T17:00,0
deal_0709@proposal,deal_0709,proposal,2025-08-23T17:00,96000,2025-09-25T17:00,0
deal_0710@qualified,deal_0710,qualified,2025-09-20T10:00,18000,2025-11-06T15:00,0
deal_0710@demo,deal_0710,demo,2025-10-11T07:00,18000,2025-11-06T15:00,0
deal_0710@proposal,deal_0710,proposal,2025-10-28T15:00,18000,2025-11-06T15:00,0
deal_0711@qualified,deal_0711,qualified,2025-11-20T01:00,18000,2026-01-04T20:00,1
deal_0711@demo,deal_0711,demo,2025-12-05T01:00,18000,2026-01-04T20:00,1
deal_0711@proposal,deal_0711,proposal,2025-12-13T20:00,18000,2026-01-04T20:00,1
deal_0712@qualified,deal_0712,qualified,2025-07-03T13:00,24000,2025-08-20T06:00,0
deal_0712@demo,deal_0712,demo,2025-07-09T12:00,24000,2025-08-20T06:00,0
deal_0712@proposal,deal_0712,proposal,2025-07-18T06:00,24000,2025-08-20T06:00,0
deal_0713@qualified,deal_0713,qualified,2025-07-30T09:00,60000,2025-10-06T11:00,1
deal_0713@demo,deal_0713,demo,2025-08-07T17:00,60000,2025-10-06T11:00,1
deal_0713@proposal,deal_0713,proposal,2025-08-29T11:00,60000,2025-10-06T11:00,1
deal_0714@qualified,deal_0714,qualified,2025-08-13T16:00,36000,2025-10-03T11:00,1
deal_0714@demo,deal_0714,demo,2025-08-28T02:00,36000,2025-10-03T11:00,1
deal_0714@proposal,deal_0714,proposal,2025-08-31T11:00,36000,2025-10-03T11:00,1
deal_0715@qualified,deal_0715,qualified,2025-08-02T19:00,12000,2025-09-26T06:00,0
deal_0715@demo,deal_0715,demo,2025-08-21T03:00,12000,2025-09-26T06:00,0
deal_0715@proposal,deal_0715,proposal,2025-09-05T06:00,12000,2025-09-26T06:00,0
deal_0716@qualified,deal_0716,qualified,2025-09-01T17:00,120000,2025-10-18T05:00,0
deal_0716@demo,deal_0716,demo,2025-09-04T10:00,120000,2025-10-18T05:00,0
deal_0716@proposal,deal_0716,proposal,2025-09-12T05:00,120000,2025-10-18T05:00,0
deal_0717@qualified,deal_0717,qualified,2025-03-06T03:00,96000,2025-04-17T06:00,0
deal_0717@demo,deal_0717,demo,2025-03-17T01:00,96000,2025-04-17T06:00,0
deal_0717@proposal,deal_0717,proposal,2025-03-28T06:00,96000,2025-04-17T06:00,0
deal_0718@qualified,deal_0718,qualified,2025-12-19T23:00,48000,2026-02-10T11:00,0
deal_0718@demo,deal_0718,demo,2026-01-06T02:00,48000,2026-02-10T11:00,0
deal_0718@proposal,deal_0718,proposal,2026-01-09T11:00,48000,2026-02-10T11:00,0
deal_0719@qualified,deal_0719,qualified,2025-11-17T03:00,18000,2026-01-03T16:00,0
deal_0719@demo,deal_0719,demo,2025-11-26T05:00,18000,2026-01-03T16:00,0
deal_0719@proposal,deal_0719,proposal,2025-12-09T16:00,18000,2026-01-03T16:00,0
deal_0720@qualified,deal_0720,qualified,2025-11-01T17:00,120000,2026-01-01T15:00,0
deal_0720@demo,deal_0720,demo,2025-11-08T17:00,120000,2026-01-01T15:00,0
deal_0720@proposal,deal_0720,proposal,2025-11-25T15:00,120000,2026-01-01T15:00,0
deal_0721@qualified,deal_0721,qualified,2025-11-05T10:00,48000,2025-12-17T21:00,0
deal_0721@demo,deal_0721,demo,2025-11-18T02:00,48000,2025-12-17T21:00,0
deal_0721@proposal,deal_0721,proposal,2025-11-30T21:00,48000,2025-12-17T21:00,0
deal_0722@qualified,deal_0722,qualified,2025-12-21T14:00,60000,2026-02-01T22:00,0
deal_0722@demo,deal_0722,demo,2026-01-07T22:00,60000,2026-02-01T22:00,0
deal_0722@proposal,deal_0722,proposal,2026-01-25T22:00,60000,2026-02-01T22:00,0
deal_0723@qualified,deal_0723,qualified,2025-10-24T05:00,24000,2025-12-06T15:00,0
deal_0723@demo,deal_0723,demo,2025-10-26T07:00,24000,2025-12-06T15:00,0
deal_0723@proposal,deal_0723,proposal,2025-11-13T15:00,24000,2025-12-06T15:00,0
deal_0724@qualified,deal_0724,qualified,2025-10-10T01:00,18000,2025-11-30T04:00,0
deal_0724@demo,deal_0724,demo,2025-10-22T18:00,18000,2025-11-30T04:00,0
deal_0724@proposal,deal_0724,proposal,2025-11-06T04:00,18000,2025-11-30T04:00,0
deal_0725@qualified,deal_0725,qualified,2025-04-05T09:00,36000,2025-05-09T00:00,0
deal_0725@demo,deal_0725,demo,2025-04-07T22:00,36000,2025-05-09T00:00,0
deal_0725@proposal,deal_0725,proposal,2025-04-14T00:00,36000,2025-05-09T00:00,0
deal_0726@qualified,deal_0726,qualified,2025-07-31T07:00,24000,2025-10-16T20:00,0
deal_0726@demo,deal_0726,demo,2025-08-25T00:00,24000,2025-10-16T20:00,0
deal_0726@proposal,deal_0726,proposal,2025-09-09T20:00,24000,2025-10-16T20:00,0
deal_0727@qualified,deal_0727,qualified,2025-04-23T05:00,48000,2025-06-19T04:00,0
deal_0727@demo,deal_0727,demo,2025-05-13T08:00,48000,2025-06-19T04:00,0
deal_0727@proposal,deal_0727,proposal,2025-06-02T04:00,48000,2025-06-19T04:00,0
deal_0728@qualified,deal_0728,qualified,2025-11-22T10:00,96000,2026-01-22T07:00,1
deal_0728@demo,deal_0728,demo,2025-12-08T23:00,96000,2026-01-22T07:00,1
deal_0728@proposal,deal_0728,proposal,2025-12-15T07:00,96000,2026-01-22T07:00,1
deal_0729@qualified,deal_0729,qualified,2025-06-16T03:00,36000,2025-07-18T15:00,0
deal_0729@demo,deal_0729,demo,2025-06-21T02:00,36000,2025-07-18T15:00,0
deal_0729@proposal,deal_0729,proposal,2025-06-26T15:00,36000,2025-07-18T15:00,0
deal_0730@qualified,deal_0730,qualified,2025-02-05T01:00,96000,2025-03-25T10:00,1
deal_0730@demo,deal_0730,demo,2025-02-23T17:00,96000,2025-03-25T10:00,1
deal_0730@proposal,deal_0730,proposal,2025-03-12T10:00,96000,2025-03-25T10:00,1
deal_0731@qualified,deal_0731,qualified,2025-04-02T03:00,12000,2025-05-05T16:00,0
deal_0731@demo,deal_0731,demo,2025-04-07T05:00,12000,2025-05-05T16:00,0
deal_0731@proposal,deal_0731,proposal,2025-04-17T16:00,12000,2025-05-05T16:00,0
deal_0732@qualified,deal_0732,qualified,2025-06-15T00:00,18000,2025-08-22T16:00,0
deal_0732@demo,deal_0732,demo,2025-07-02T14:00,18000,2025-08-22T16:00,0
deal_0732@proposal,deal_0732,proposal,2025-07-26T16:00,18000,2025-08-22T16:00,0
deal_0733@qualified,deal_0733,qualified,2025-05-18T08:00,36000,2025-07-31T19:00,1
deal_0733@demo,deal_0733,demo,2025-06-05T18:00,36000,2025-07-31T19:00,1
deal_0733@proposal,deal_0733,proposal,2025-06-28T19:00,36000,2025-07-31T19:00,1
deal_0734@qualified,deal_0734,qualified,2025-02-27T13:00,12000,2025-04-02T15:00,0
deal_0734@demo,deal_0734,demo,2025-03-01T14:00,12000,2025-04-02T15:00,0
deal_0734@proposal,deal_0734,proposal,2025-03-18T15:00,12000,2025-04-02T15:00,0
deal_0735@qualified,deal_0735,qualified,2025-08-06T01:00,12000,2025-09-27T16:00,0
deal_0735@demo,deal_0735,demo,2025-08-28T09:00,12000,2025-09-27T16:00,0
deal_0735@proposal,deal_0735,proposal,2025-09-15T16:00,12000,2025-09-27T16:00,0
deal_0736@qualified,deal_0736,qualified,2025-06-29T17:00,120000,2025-08-18T15:00,0
deal_0736@demo,deal_0736,demo,2025-07-01T21:00,120000,2025-08-18T15:00,0
deal_0736@proposal,deal_0736,proposal,2025-07-23T15:00,120000,2025-08-18T15:00,0
deal_0737@qualified,deal_0737,qualified,2025-08-29T09:00,18000,2025-10-19T04:00,1
deal_0737@demo,deal_0737,demo,2025-09-13T06:00,18000,2025-10-19T04:00,1
deal_0737@proposal,deal_0737,proposal,2025-10-07T04:00,18000,2025-10-19T04:00,1
deal_0738@qualified,deal_0738,qualified,2025-06-16T08:00,96000,2025-08-06T19:00,0
deal_0738@demo,deal_0738,demo,2025-07-01T23:00,96000,2025-08-06T19:00,0
deal_0738@proposal,deal_0738,proposal,2025-07-07T19:00,96000,2025-08-06T19:00,0
deal_0739@qualified,deal_0739,qualified,2025-05-04T15:00,18000,2025-05-21T00:00,1
deal_0739@demo,deal_0739,demo,2025-05-12T15:00,18000,2025-05-21T00:00,1
deal_0739@proposal,deal_0739,proposal,2025-05-16T00:00,18000,2025-05-21T00:00,1
deal_0740@qualified,deal_0740,qualified,2025-02-24T10:00,60000,2025-04-29T12:00,0
deal_0740@demo,deal_0740,demo,2025-03-17T03:00,60000,2025-04-29T12:00,0
deal_0740@proposal,deal_0740,proposal,2025-03-31T12:00,60000,2025-04-29T12:00,0
deal_0741@qualified,deal_0741,qualified,2025-07-23T01:00,96000,2025-09-13T04:00,0
deal_0741@demo,deal_0741,demo,2025-08-14T16:00,96000,2025-09-13T04:00,0
deal_0741@proposal,deal_0741,proposal,2025-08-30T04:00,96000,2025-09-13T04:00,0
deal_0742@qualified,deal_0742,qualified,2025-01-29T03:00,36000,2025-03-06T20:00,0
deal_0742@demo,deal_0742,demo,2025-02-16T14:00,36000,2025-03-06T20:00,0
deal_0742@proposal,deal_0742,proposal,2025-02-21T20:00,36000,2025-03-06T20:00,0
deal_0743@qualified,deal_0743,qualified,2025-02-07T10:00,18000,2025-04-08T18:00,0
deal_0743@demo,deal_0743,demo,2025-02-25T06:00,18000,2025-04-08T18:00,0
deal_0743@proposal,deal_0743,proposal,2025-03-06T18:00,18000,2025-04-08T18:00,0
deal_0744@qualified,deal_0744,qualified,2025-06-06T02:00,96000,2025-08-03T12:00,0
deal_0744@demo,deal_0744,demo,2025-06-21T06:00,96000,2025-08-03T12:00,0
deal_0744@proposal,deal_0744,proposal,2025-07-06T12:00,96000,2025-08-03T12:00,0
deal_0745@qualified,deal_0745,qualified,2025-07-03T05:00,12000,2025-08-29T04:00,1
deal_0745@demo,deal_0745,demo,2025-07-24T00:00,12000,2025-08-29T04:00,1
deal_0745@proposal,deal_0745,proposal,2025-08-11T04:00,12000,2025-08-29T04:00,1
deal_0746@qualified,deal_0746,qualified,2025-03-19T12:00,48000,2025-05-04T14:00,0
deal_0746@demo,deal_0746,demo,2025-04-09T05:00,48000,2025-05-04T14:00,0
deal_0746@proposal,deal_0746,proposal,2025-04-13T14:00,48000,2025-05-04T14:00,0
deal_0747@qualified,deal_0747,qualified,2025-08-04T11:00,12000,2025-09-30T20:00,0
deal_0747@demo,deal_0747,demo,2025-08-27T22:00,12000,2025-09-30T20:00,0
deal_0747@proposal,deal_0747,proposal,2025-09-17T20:00,12000,2025-09-30T20:00,0
deal_0748@qualified,deal_0748,qualified,2025-07-02T15:00,60000,2025-08-01T17:00,0
deal_0748@demo,deal_0748,demo,2025-07-13T11:00,60000,2025-08-01T17:00,0
deal_0748@proposal,deal_0748,proposal,2025-07-25T17:00,60000,2025-08-01T17:00,0
deal_0749@qualified,deal_0749,qualified,2025-02-15T07:00,60000,2025-04-14T14:00,0
deal_0749@demo,deal_0749,demo,2025-02-28T13:00,60000,2025-04-14T14:00,0
deal_0749@proposal,deal_0749,proposal,2025-03-22T14:00,60000,2025-04-14T14:00,0
deal_0750@qualified,deal_0750,qualified,2025-03-28T23:00,96000,2025-06-05T03:00,0
deal_0750@demo,deal_0750,demo,2025-04-13T11:00,96000,2025-06-05T03:00,0
deal_0750@proposal,deal_0750,proposal,2025-04-28T03:00,96000,2025-06-05T03:00,0
deal_0751@qualified,deal_0751,qualified,2025-05-08T17:00,24000,2025-07-01T01:00,0
deal_0751@demo,deal_0751,demo,2025-05-17T20:00,24000,2025-07-01T01:00,0
deal_0751@proposal,deal_0751,proposal,2025-05-25T01:00,24000,2025-07-01T01:00,0
deal_0752@qualified,deal_0752,qualified,2025-07-22T21:00,96000,2025-09-15T05:00,0
deal_0752@demo,deal_0752,demo,2025-08-03T19:00,96000,2025-09-15T05:00,0
deal_0752@proposal,deal_0752,proposal,2025-08-20T05:00,96000,2025-09-15T05:00,0
deal_0753@qualified,deal_0753,qualified,2025-02-12T09:00,48000,2025-04-14T04:00,0
deal_0753@demo,deal_0753,demo,2025-02-24T01:00,48000,2025-04-14T04:00,0
deal_0753@proposal,deal_0753,proposal,2025-03-16T04:00,48000,2025-04-14T04:00,0
deal_0754@qualified,deal_0754,qualified,2025-06-19T14:00,24000,2025-07-30T03:00,0
deal_0754@demo,deal_0754,demo,2025-07-09T15:00,24000,2025-07-30T03:00,0
deal_0754@proposal,deal_0754,proposal,2025-07-16T03:00,24000,2025-07-30T03:00,0
deal_0755@qualified,deal_0755,qualified,2025-07-20T15:00,12000,2025-09-18T01:00,0
deal_0755@demo,deal_0755,demo,2025-08-04T00:00,12000,2025-09-18T01:00,0
deal_0755@proposal,deal_0755,proposal,2025-08-23T01:00,12000,2025-09-18T01:00,0
deal_0756@qualified,deal_0756,qualified,2025-07-19T03:00,24000,2025-08-30T23:00,0
deal_0756@demo,deal_0756,demo,2025-07-21T13:00,24000,2025-08-30T23:00,0
deal_0756@proposal,deal_0756,proposal,2025-08-14T23:00,24000,2025-08-30T23:00,0
deal_0757@qualified,deal_0757,qualified,2025-02-08T06:00,24000,2025-03-17T20:00,1
deal_0757@demo,deal_0757,demo,2025-03-02T10:00,24000,2025-03-17T20:00,1
deal_0757@proposal,deal_0757,proposal,2025-03-05T20:00,24000,2025-03-17T20:00,1
deal_0758@qualified,deal_0758,qualified,2025-05-07T05:00,36000,2025-07-21T15:00,0
deal_0758@demo,deal_0758,demo,2025-05-30T21:00,36000,2025-07-21T15:00,0
deal_0758@proposal,deal_0758,proposal,2025-06-20T15:00,36000,2025-07-21T15:00,0
deal_0759@qualified,deal_0759,qualified,2025-08-18T00:00,24000,2025-09-13T07:00,0
deal_0759@demo,deal_0759,demo,2025-08-30T13:00,24000,2025-09-13T07:00,0
deal_0759@proposal,deal_0759,proposal,2025-09-05T07:00,24000,2025-09-13T07:00,0
deal_0760@qualified,deal_0760,qualified,2025-10-08T08:00,24000,2025-12-18T12:00,0
deal_0760@demo,deal_0760,demo,2025-11-01T07:00,24000,2025-12-18T12:00,0
deal_0760@proposal,deal_0760,proposal,2025-11-25T12:00,24000,2025-12-18T12:00,0
deal_0761@qualified,deal_0761,qualified,2025-11-04T02:00,120000,2026-01-10T04:00,0
deal_0761@demo,deal_0761,demo,2025-11-15T00:00,120000,2026-01-10T04:00,0
deal_0761@proposal,deal_0761,proposal,2025-12-02T04:00,120000,2026-01-10T04:00,0
deal_0762@qualified,deal_0762,qualified,2025-06-21T19:00,12000,2025-07-31T16:00,0
deal_0762@demo,deal_0762,demo,2025-07-07T01:00,12000,2025-07-31T16:00,0
deal_0762@proposal,deal_0762,proposal,2025-07-23T16:00,12000,2025-07-31T16:00,0
deal_0763@qualified,deal_0763,qualified,2025-05-13T18:00,18000,2025-06-05T14:00,0
deal_0763@demo,deal_0763,demo,2025-05-25T10:00,18000,2025-06-05T14:00,0
deal_0763@proposal,deal_0763,proposal,2025-05-31T14:00,18000,2025-06-05T14:00,0
deal_0764@qualified,deal_0764,qualified,2025-09-26T17:00,36000,2025-10-14T17:00,1
deal_0764@demo,deal_0764,demo,2025-09-30T13:00,36000,2025-10-14T17:00,1
deal_0764@proposal,deal_0764,proposal,2025-10-06T17:00,36000,2025-10-14T17:00,1
deal_0765@qualified,deal_0765,qualified,2025-10-14T18:00,36000,2025-12-04T03:00,1
deal_0765@demo,deal_0765,demo,2025-10-31T16:00,36000,2025-12-04T03:00,1
deal_0765@proposal,deal_0765,proposal,2025-11-24T03:00,36000,2025-12-04T03:00,1
deal_0766@qualified,deal_0766,qualified,2025-07-10T07:00,120000,2025-08-30T23:00,0
deal_0766@demo,deal_0766,demo,2025-08-03T17:00,120000,2025-08-30T23:00,0
deal_0766@proposal,deal_0766,proposal,2025-08-23T23:00,120000,2025-08-30T23:00,0
deal_0767@qualified,deal_0767,qualified,2025-12-03T01:00,24000,2026-01-16T18:00,0
deal_0767@demo,deal_0767,demo,2025-12-06T01:00,24000,2026-01-16T18:00,0
deal_0767@proposal,deal_0767,proposal,2025-12-22T18:00,24000,2026-01-16T18:00,0
deal_0768@qualified,deal_0768,qualified,2025-04-06T20:00,36000,2025-05-28T11:00,1
deal_0768@demo,deal_0768,demo,2025-04-23T13:00,36000,2025-05-28T11:00,1
deal_0768@proposal,deal_0768,proposal,2025-05-01T11:00,36000,2025-05-28T11:00,1
deal_0769@qualified,deal_0769,qualified,2025-08-31T05:00,36000,2025-11-03T22:00,0
deal_0769@demo,deal_0769,demo,2025-09-21T20:00,36000,2025-11-03T22:00,0
deal_0769@proposal,deal_0769,proposal,2025-09-28T22:00,36000,2025-11-03T22:00,0
deal_0770@qualified,deal_0770,qualified,2025-11-23T06:00,18000,2026-01-05T08:00,0
deal_0770@demo,deal_0770,demo,2025-12-06T22:00,18000,2026-01-05T08:00,0
deal_0770@proposal,deal_0770,proposal,2025-12-29T08:00,18000,2026-01-05T08:00,0
deal_0771@qualified,deal_0771,qualified,2025-09-21T23:00,48000,2025-11-15T13:00,1
deal_0771@demo,deal_0771,demo,2025-09-29T14:00,48000,2025-11-15T13:00,1
deal_0771@proposal,deal_0771,proposal,2025-10-09T13:00,48000,2025-11-15T13:00,1
deal_0772@qualified,deal_0772,qualified,2025-02-26T04:00,24000,2025-04-11T03:00,0
deal_0772@demo,deal_0772,demo,2025-03-22T07:00,24000,2025-04-11T03:00,0
deal_0772@proposal,deal_0772,proposal,2025-04-05T03:00,24000,2025-04-11T03:00,0
deal_0773@qualified,deal_0773,qualified,2025-05-08T14:00,120000,2025-06-28T08:00,0
deal_0773@demo,deal_0773,demo,2025-06-01T20:00,120000,2025-06-28T08:00,0
deal_0773@proposal,deal_0773,proposal,2025-06-23T08:00,120000,2025-06-28T08:00,0
deal_0774@qualified,deal_0774,qualified,2025-01-31T12:00,12000,2025-04-16T07:00,0
deal_0774@demo,deal_0774,demo,2025-02-21T21:00,12000,2025-04-16T07:00,0
deal_0774@proposal,deal_0774,proposal,2025-03-14T07:00,12000,2025-04-16T07:00,0
deal_0775@qualified,deal_0775,qualified,2025-06-22T08:00,48000,2025-08-05T16:00,0
deal_0775@demo,deal_0775,demo,2025-06-24T18:00,48000,2025-08-05T16:00,0
deal_0775@proposal,deal_0775,proposal,2025-07-12T16:00,48000,2025-08-05T16:00,0
deal_0776@qualified,deal_0776,qualified,2025-07-21T21:00,60000,2025-08-26T10:00,0
deal_0776@demo,deal_0776,demo,2025-07-29T13:00,60000,2025-08-26T10:00,0
deal_0776@proposal,deal_0776,proposal,2025-08-09T10:00,60000,2025-08-26T10:00,0
deal_0777@qualified,deal_0777,qualified,2025-08-31T02:00,24000,2025-10-26T13:00,1
deal_0777@demo,deal_0777,demo,2025-09-06T16:00,24000,2025-10-26T13:00,1
deal_0777@proposal,deal_0777,proposal,2025-09-18T13:00,24000,2025-10-26T13:00,1
deal_0778@qualified,deal_0778,qualified,2025-05-06T14:00,120000,2025-06-05T20:00,1
deal_0778@demo,deal_0778,demo,2025-05-15T01:00,120000,2025-06-05T20:00,1
deal_0778@proposal,deal_0778,proposal,2025-05-22T20:00,120000,2025-06-05T20:00,1
deal_0779@qualified,deal_0779,qualified,2025-12-15T18:00,36000,2026-02-08T23:00,0
deal_0779@demo,deal_0779,demo,2025-12-31T16:00,36000,2026-02-08T23:00,0
deal_0779@proposal,deal_0779,proposal,2026-01-24T23:00,36000,2026-02-08T23:00,0
deal_0780@qualified,deal_0780,qualified,2025-08-06T16:00,60000,2025-10-12T22:00,1
deal_0780@demo,deal_0780,demo,2025-08-22T17:00,60000,2025-10-12T22:00,1
deal_0780@proposal,deal_0780,proposal,2025-09-07T22:00,60000,2025-10-12T22:00,1
deal_0781@qualified,deal_0781,qualified,2025-05-23T23:00,18000,2025-07-17T23:00,1
deal_0781@demo,deal_0781,demo,2025-06-14T20:00,18000,2025-07-17T23:00,1
deal_0781@proposal,deal_0781,proposal,2025-06-21T23:00,18000,2025-07-17T23:00,1
deal_0782@qualified,deal_0782,qualified,2025-07-04T21:00,96000,2025-08-06T10:00,0
deal_0782@demo,deal_0782,demo,2025-07-11T05:00,96000,2025-08-06T10:00,0
deal_0782@proposal,deal_0782,proposal,2025-07-24T10:00,96000,2025-08-06T10:00,0
deal_0783@qualified,deal_0783,qualified,2025-05-05T12:00,60000,2025-05-30T01:00,0
deal_0783@demo,deal_0783,demo,2025-05-15T08:00,60000,2025-05-30T01:00,0
deal_0783@proposal,deal_0783,proposal,2025-05-20T01:00,60000,2025-05-30T01:00,0
deal_0784@qualified,deal_0784,qualified,2025-09-20T22:00,60000,2025-11-29T07:00,0
deal_0784@demo,deal_0784,demo,2025-10-09T00:00,60000,2025-11-29T07:00,0
deal_0784@proposal,deal_0784,proposal,2025-10-29T07:00,60000,2025-11-29T07:00,0
deal_0785@qualified,deal_0785,qualified,2025-02-05T23:00,36000,2025-04-05T20:00,0
deal_0785@demo,deal_0785,demo,2025-02-11T23:00,36000,2025-04-05T20:00,0
deal_0785@proposal,deal_0785,proposal,2025-02-27T20:00,36000,2025-04-05T20:00,0
deal_0786@qualified,deal_0786,qualified,2025-12-06T21:00,18000,2026-01-18T01:00,1
deal_0786@demo,deal_0786,demo,2025-12-28T04:00,18000,2026-01-18T01:00,1
deal_0786@proposal,deal_0786,proposal,2026-01-09T01:00,18000,2026-01-18T01:00,1
deal_0787@qualified,deal_0787,qualified,2025-04-04T04:00,120000,2025-05-11T08:00,1
deal_0787@demo,deal_0787,demo,2025-04-16T19:00,120000,2025-05-11T08:00,1
deal_0787@proposal,deal_0787,proposal,2025-04-28T08:00,120000,2025-05-11T08:00,1
deal_0788@qualified,deal_0788,qualified,2025-06-26T17:00,48000,2025-07-28T16:00,1
deal_0788@demo,deal_0788,demo,2025-06-30T18:00,48000,2025-07-28T16:00,1
deal_0788@proposal,deal_0788,proposal,2025-07-22T16:00,48000,2025-07-28T16:00,1
deal_0789@qualified,deal_0789,qualified,2025-09-30T01:00,12000,2025-11-06T05:00,0
deal_0789@demo,deal_0789,demo,2025-10-08T13:00,12000,2025-11-06T05:00,0
deal_0789@proposal,deal_0789,proposal,2025-10-30T05:00,12000,2025-11-06T05:00,0
deal_0790@qualified,deal_0790,qualified,2025-04-07T08:00,60000,2025-06-18T03:00,0
deal_0790@demo,deal_0790,demo,2025-04-21T07:00,60000,2025-06-18T03:00,0
deal_0790@proposal,deal_0790,proposal,2025-05-12T03:00,60000,2025-06-18T03:00,0
deal_0791@qualified,deal_0791,qualified,2025-10-03T23:00,60000,2025-11-20T02:00,0
deal_0791@demo,deal_0791,demo,2025-10-24T09:00,60000,2025-11-20T02:00,0
deal_0791@proposal,deal_0791,proposal,2025-11-10T02:00,60000,2025-11-20T02:00,0
deal_0792@qualified,deal_0792,qualified,2025-08-18T01:00,24000,2025-10-17T10:00,1
deal_0792@demo,deal_0792,demo,2025-09-11T12:00,24000,2025-10-17T10:00,1
deal_0792@proposal,deal_0792,proposal,2025-09-26T10:00,24000,2025-10-17T10:00,1
deal_0793@qualified,deal_0793,qualified,2025-02-24T03:00,48000,2025-04-02T16:00,1
deal_0793@demo,deal_0793,demo,2025-03-16T07:00,48000,2025-04-02T16:00,1
deal_0793@proposal,deal_0793,proposal,2025-03-21T16:00,48000,2025-04-02T16:00,1
deal_0794@qualified,deal_0794,qualified,2025-06-07T12:00,24000,2025-08-12T14:00,0
deal_0794@demo,deal_0794,demo,2025-06-22T12:00,24000,2025-08-12T14:00,0
deal_0794@proposal,deal_0794,proposal,2025-07-06T14:00,24000,2025-08-12T14:00,0
deal_0795@qualified,deal_0795,qualified,2025-11-18T13:00,24000,2026-01-05T03:00,0
deal_0795@demo,deal_0795,demo,2025-12-13T05:00,24000,2026-01-05T03:00,0
deal_0795@proposal,deal_0795,proposal,2025-12-27T03:00,24000,2026-01-05T03:00,0
deal_0796@qualified,deal_0796,qualified,2025-04-23T00:00,18000,2025-05-29T22:00,0
deal_0796@demo,deal_0796,demo,2025-04-29T11:00,18000,2025-05-29T22:00,0
deal_0796@proposal,deal_0796,proposal,2025-05-16T22:00,18000,2025-05-29T22:00,0
deal_0797@qualified,deal_0797,qualified,2025-09-28T00:00,12000,2025-10-21T15:00,1
deal_0797@demo,deal_0797,demo,2025-10-03T14:00,12000,2025-10-21T15:00,1
deal_0797@proposal,deal_0797,proposal,2025-10-11T15:00,12000,2025-10-21T15:00,1
deal_0798@qualified,deal_0798,qualified,2025-11-28T14:00,24000,2026-01-26T06:00,0
deal_0798@demo,deal_0798,demo,2025-12-11T09:00,24000,2026-01-26T06:00,0
deal_0798@proposal,deal_0798,proposal,2025-12-22T06:00,24000,2026-01-26T06:00,0
deal_0799@qualified,deal_0799,qualified,2025-02-05T19:00,12000,2025-04-08T12:00,0
deal_0799@demo,deal_0799,demo,2025-02-11T00:00,12000,2025-04-08T12:00,0
deal_0799@proposal,deal_0799,proposal,2025-03-03T12:00,12000,2025-04-08T12:00,0
deal_0800@qualified,deal_0800,qualified,2025-12-12T19:00,60000,2026-02-02T23:00,0
deal_0800@demo,deal_0800,demo,2025-12-22T08:00,60000,2026-02-02T23:00,0
deal_0800@proposal,deal_0800,proposal,2026-01-15T23:00,60000,2026-02-02T23:00,0
deal_0801@qualified,deal_0801,qualified,2025-04-23T01:00,12000,2025-06-10T05:00,0
deal_0801@demo,deal_0801,demo,2025-05-15T17:00,12000,2025-06-10T05:00,0
deal_0801@proposal,deal_0801,proposal,2025-05-20T05:00,12000,2025-06-10T05:00,0
deal_0802@qualified,deal_0802,qualified,2025-06-15T10:00,24000,2025-07-27T01:00,1
deal_0802@demo,deal_0802,demo,2025-07-08T22:00,24000,2025-07-27T01:00,1
deal_0802@proposal,deal_0802,proposal,2025-07-19T01:00,24000,2025-07-27T01:00,1
deal_0803@qualified,deal_0803,qualified,2025-11-12T14:00,24000,2025-12-31T14:00,0
deal_0803@demo,deal_0803,demo,2025-11-29T01:00,24000,2025-12-31T14:00,0
deal_0803@proposal,deal_0803,proposal,2025-12-14T14:00,24000,2025-12-31T14:00,0
deal_0804@qualified,deal_0804,qualified,2025-02-03T20:00,18000,2025-02-27T22:00,1
deal_0804@demo,deal_0804,demo,2025-02-10T14:00,18000,2025-02-27T22:00,1
deal_0804@proposal,deal_0804,proposal,2025-02-20T22:00,18000,2025-02-27T22:00,1
deal_0805@qualified,deal_0805,qualified,2025-07-21T16:00,60000,2025-08-27T22:00,0
deal_0805@demo,deal_0805,demo,2025-07-26T15:00,60000,2025-08-27T22:00,0
deal_0805@proposal,deal_0805,proposal,2025-07-30T22:00,60000,2025-08-27T22:00,0
deal_0806@qualified,deal_0806,qualified,2025-04-28T03:00,96000,2025-06-19T07:00,0
deal_0806@demo,deal_0806,demo,2025-05-10T15:00,96000,2025-06-19T07:00,0
deal_0806@proposal,deal_0806,proposal,2025-05-23T07:00,96000,2025-06-19T07:00,0
deal_0807@qualified,deal_0807,qualified,2025-02-25T18:00,120000,2025-04-03T10:00,0
deal_0807@demo,deal_0807,demo,2025-03-06T21:00,120000,2025-04-03T10:00,0
deal_0807@proposal,deal_0807,proposal,2025-03-15T10:00,120000,2025-04-03T10:00,0
deal_0808@qualified,deal_0808,qualified,2025-08-07T11:00,120000,2025-10-09T01:00,0
deal_0808@demo,deal_0808,demo,2025-08-23T01:00,120000,2025-10-09T01:00,0
deal_0808@proposal,deal_0808,proposal,2025-09-05T01:00,120000,2025-10-09T01:00,0
deal_0809@qualified,deal_0809,qualified,2025-11-08T23:00,24000,2025-12-20T04:00,0
deal_0809@demo,deal_0809,demo,2025-11-22T06:00,24000,2025-12-20T04:00,0
deal_0809@proposal,deal_0809,proposal,2025-11-25T04:00,24000,2025-12-20T04:00,0
deal_0810@qualified,deal_0810,qualified,2025-05-15T05:00,48000,2025-06-29T03:00,1
deal_0810@demo,deal_0810,demo,2025-05-19T13:00,48000,2025-06-29T03:00,1
deal_0810@proposal,deal_0810,proposal,2025-06-03T03:00,48000,2025-06-29T03:00,1
deal_0811@qualified,deal_0811,qualified,2025-05-19T10:00,120000,2025-07-05T19:00,0
deal_0811@demo,deal_0811,demo,2025-05-23T04:00,120000,2025-07-05T19:00,0
deal_0811@proposal,deal_0811,proposal,2025-05-31T19:00,120000,2025-07-05T19:00,0
deal_0812@qualified,deal_0812,qualified,2025-08-17T13:00,18000,2025-10-10T06:00,0
deal_0812@demo,deal_0812,demo,2025-08-28T16:00,18000,2025-10-10T06:00,0
deal_0812@proposal,deal_0812,proposal,2025-09-01T06:00,18000,2025-10-10T06:00,0
deal_0813@qualified,deal_0813,qualified,2025-11-10T03:00,12000,2026-01-01T20:00,0
deal_0813@demo,deal_0813,demo,2025-11-20T17:00,12000,2026-01-01T20:00,0
deal_0813@proposal,deal_0813,proposal,2025-11-26T20:00,12000,2026-01-01T20:00,0
deal_0814@qualified,deal_0814,qualified,2025-10-24T04:00,60000,2025-11-25T12:00,0
deal_0814@demo,deal_0814,demo,2025-10-26T12:00,60000,2025-11-25T12:00,0
deal_0814@proposal,deal_0814,proposal,2025-11-14T12:00,60000,2025-11-25T12:00,0
deal_0815@qualified,deal_0815,qualified,2025-08-25T21:00,60000,2025-10-07T13:00,0
deal_0815@demo,deal_0815,demo,2025-09-05T13:00,60000,2025-10-07T13:00,0
deal_0815@proposal,deal_0815,proposal,2025-09-10T13:00,60000,2025-10-07T13:00,0
deal_0816@qualified,deal_0816,qualified,2025-05-23T00:00,18000,2025-07-24T21:00,0
deal_0816@demo,deal_0816,demo,2025-06-05T16:00,18000,2025-07-24T21:00,0
deal_0816@proposal,deal_0816,proposal,2025-06-18T21:00,18000,2025-07-24T21:00,0
deal_0817@qualified,deal_0817,qualified,2025-11-25T08:00,96000,2026-01-30T21:00,0
deal_0817@demo,deal_0817,demo,2025-12-09T20:00,96000,2026-01-30T21:00,0
deal_0817@proposal,deal_0817,proposal,2025-12-21T21:00,96000,2026-01-30T21:00,0
deal_0818@qualified,deal_0818,qualified,2025-04-10T16:00,96000,2025-05-26T16:00,0
deal_0818@demo,deal_0818,demo,2025-04-12T23:00,96000,2025-05-26T16:00,0
deal_0818@proposal,deal_0818,proposal,2025-04-21T16:00,96000,2025-05-26T16:00,0
deal_0819@qualified,deal_0819,qualified,2025-10-13T03:00,18000,2025-11-25T15:00,0
deal_0819@demo,deal_0819,demo,2025-10-26T09:00,18000,2025-11-25T15:00,0
deal_0819@proposal,deal_0819,proposal,2025-11-09T15:00,18000,2025-11-25T15:00,0
deal_0820@qualified,deal_0820,qualified,2025-06-15T03:00,36000,2025-07-26T04:00,1
deal_0820@demo,deal_0820,demo,2025-06-18T11:00,36000,2025-07-26T04:00,1
deal_0820@proposal,deal_0820,proposal,2025-06-30T04:00,36000,2025-07-26T04:00,1
deal_0821@qualified,deal_0821,qualified,2025-06-06T12:00,48000,2025-07-14T13:00,0
deal_0821@demo,deal_0821,demo,2025-06-13T23:00,48000,2025-07-14T13:00,0
deal_0821@proposal,deal_0821,proposal,2025-06-17T13:00,48000,2025-07-14T13:00,0
deal_0822@qualified,deal_0822,qualified,2025-07-27T23:00,12000,2025-09-15T11:00,0
deal_0822@demo,deal_0822,demo,2025-08-12T08:00,12000,2025-09-15T11:00,0
deal_0822@proposal,deal_0822,proposal,2025-08-22T11:00,12000,2025-09-15T11:00,0
deal_0823@qualified,deal_0823,qualified,2025-11-26T14:00,36000,2026-01-08T21:00,0
deal_0823@demo,deal_0823,demo,2025-12-02T00:00,36000,2026-01-08T21:00,0
deal_0823@proposal,deal_0823,proposal,2025-12-23T21:00,36000,2026-01-08T21:00,0
deal_0824@qualified,deal_0824,qualified,2025-11-19T12:00,36000,2025-12-11T06:00,0
deal_0824@demo,deal_0824,demo,2025-11-27T19:00,36000,2025-12-11T06:00,0
deal_0824@proposal,deal_0824,proposal,2025-12-04T06:00,36000,2025-12-11T06:00,0
deal_0825@qualified,deal_0825,qualified,2025-03-27T17:00,36000,2025-06-11T04:00,1
deal_0825@demo,deal_0825,demo,2025-04-18T10:00,36000,2025-06-11T04:00,1
deal_0825@proposal,deal_0825,proposal,2025-05-08T04:00,36000,2025-06-11T04:00,1
deal_0826@qualified,deal_0826,qualified,2025-05-12T02:00,120000,2025-07-06T19:00,0
deal_0826@demo,deal_0826,demo,2025-05-25T06:00,120000,2025-07-06T19:00,0
deal_0826@proposal,deal_0826,proposal,2025-06-17T19:00,120000,2025-07-06T19:00,0
deal_0827@qualified,deal_0827,qualified,2025-02-24T18:00,48000,2025-04-15T11:00,0
deal_0827@demo,deal_0827,demo,2025-03-07T12:00,48000,2025-04-15T11:00,0
deal_0827@proposal,deal_0827,proposal,2025-03-22T11:00,48000,2025-04-15T11:00,0
deal_0828@qualified,deal_0828,qualified,2025-11-27T06:00,36000,2026-01-06T13:00,1
deal_0828@demo,deal_0828,demo,2025-12-16T06:00,36000,2026-01-06T13:00,1
deal_0828@proposal,deal_0828,proposal,2025-12-30T13:00,36000,2026-01-06T13:00,1
deal_0829@qualified,deal_0829,qualified,2025-07-22T04:00,12000,2025-09-18T21:00,1
deal_0829@demo,deal_0829,demo,2025-08-14T08:00,12000,2025-09-18T21:00,1
deal_0829@proposal,deal_0829,proposal,2025-08-20T21:00,12000,2025-09-18T21:00,1
deal_0830@qualified,deal_0830,qualified,2025-03-12T18:00,48000,2025-05-12T22:00,0
deal_0830@demo,deal_0830,demo,2025-04-04T00:00,48000,2025-05-12T22:00,0
deal_0830@proposal,deal_0830,proposal,2025-04-07T22:00,48000,2025-05-12T22:00,0
deal_0831@qualified,deal_0831,qualified,2025-02-19T16:00,48000,2025-04-02T15:00,0
deal_0831@demo,deal_0831,demo,2025-03-03T15:00,48000,2025-04-02T15:00,0
deal_0831@proposal,deal_0831,proposal,2025-03-05T15:00,48000,2025-04-02T15:00,0
deal_0832@qualified,deal_0832,qualified,2025-08-23T14:00,12000,2025-10-25T01:00,1
deal_0832@demo,deal_0832,demo,2025-09-11T08:00,12000,2025-10-25T01:00,1
deal_0832@proposal,deal_0832,proposal,2025-09-15T01:00,12000,2025-10-25T01:00,1
deal_0833@qualified,deal_0833,qualified,2025-12-08T01:00,24000,2026-02-05T23:00,1
deal_0833@demo,deal_0833,demo,2025-12-20T23:00,24000,2026-02-05T23:00,1
deal_0833@proposal,deal_0833,proposal,2025-12-30T23:00,24000,2026-02-05T23:00,1
deal_0834@qualified,deal_0834,qualified,2025-04-17T10:00,120000,2025-06-16T05:00,0
deal_0834@demo,deal_0834,demo,2025-05-09T06:00,120000,2025-06-16T05:00,0
deal_0834@proposal,deal_0834,proposal,2025-05-31T05:00,120000,2025-06-16T05:00,0
deal_0835@qualified,deal_0835,qualified,2025-09-14T01:00,36000,2025-10-27T21:00,0
deal_0835@demo,deal_0835,demo,2025-09-18T14:00,36000,2025-10-27T21:00,0
deal_0835@proposal,deal_0835,proposal,2025-10-05T21:00,36000,2025-10-27T21:00,0
deal_0836@qualified,deal_0836,qualified,2025-08-24T17:00,48000,2025-10-26T01:00,0
deal_0836@demo,deal_0836,demo,2025-09-02T17:00,48000,2025-10-26T01:00,0
deal_0836@proposal,deal_0836,proposal,2025-09-23T01:00,48000,2025-10-26T01:00,0
deal_0837@qualified,deal_0837,qualified,2025-07-27T06:00,18000,2025-09-24T21:00,0
deal_0837@demo,deal_0837,demo,2025-08-15T16:00,18000,2025-09-24T21:00,0
deal_0837@proposal,deal_0837,proposal,2025-08-29T21:00,18000,2025-09-24T21:00,0
deal_0838@qualified,deal_0838,qualified,2025-10-07T03:00,96000,2025-11-03T11:00,0
deal_0838@demo,deal_0838,demo,2025-10-11T10:00,96000,2025-11-03T11:00,0
deal_0838@proposal,deal_0838,proposal,2025-10-26T11:00,96000,2025-11-03T11:00,0
deal_0839@qualified,deal_0839,qualified,2025-10-26T16:00,36000,2025-12-04T17:00,0
deal_0839@demo,deal_0839,demo,2025-11-17T01:00,36000,2025-12-04T17:00,0
deal_0839@proposal,deal_0839,proposal,2025-11-26T17:00,36000,2025-12-04T17:00,0
deal_0840@qualified,deal_0840,qualified,2025-02-14T03:00,60000,2025-04-30T02:00,0
deal_0840@demo,deal_0840,demo,2025-03-08T19:00,60000,2025-04-30T02:00,0
deal_0840@proposal,deal_0840,proposal,2025-03-25T02:00,60000,2025-04-30T02:00,0
deal_0841@qualified,deal_0841,qualified,2025-01-30T00:00,36000,2025-03-24T20:00,0
deal_0841@demo,deal_0841,demo,2025-02-11T09:00,36000,2025-03-24T20:00,0
deal_0841@proposal,deal_0841,proposal,2025-02-22T20:00,36000,2025-03-24T20:00,0
deal_0842@qualified,deal_0842,qualified,2025-12-24T08:00,120000,2026-02-11T04:00,0
deal_0842@demo,deal_0842,demo,2026-01-11T14:00,120000,2026-02-11T04:00,0
deal_0842@proposal,deal_0842,proposal,2026-01-24T04:00,120000,2026-02-11T04:00,0
deal_0843@qualified,deal_0843,qualified,2025-10-14T14:00,12000,2025-12-22T08:00,0
deal_0843@demo,deal_0843,demo,2025-11-06T03:00,12000,2025-12-22T08:00,0
deal_0843@proposal,deal_0843,proposal,2025-11-15T08:00,12000,2025-12-22T08:00,0
deal_0844@qualified,deal_0844,qualified,2025-11-24T05:00,120000,2026-01-22T22:00,0
deal_0844@demo,deal_0844,demo,2025-12-18T13:00,120000,2026-01-22T22:00,0
deal_0844@proposal,deal_0844,proposal,2025-12-29T22:00,120000,2026-01-22T22:00,0
deal_0845@qualified,deal_0845,qualified,2025-04-19T03:00,96000,2025-06-09T11:00,0
deal_0845@demo,deal_0845,demo,2025-04-28T21:00,96000,2025-06-09T11:00,0
deal_0845@proposal,deal_0845,proposal,2025-05-21T11:00,96000,2025-06-09T11:00,0
deal_0846@qualified,deal_0846,qualified,2025-04-27T08:00,12000,2025-06-07T05:00,0
deal_0846@demo,deal_0846,demo,2025-05-10T18:00,12000,2025-06-07T05:00,0
deal_0846@proposal,deal_0846,proposal,2025-05-23T05:00,12000,2025-06-07T05:00,0
deal_0847@qualified,deal_0847,qualified,2025-03-02T20:00,12000,2025-05-10T16:00,0
deal_0847@demo,deal_0847,demo,2025-03-14T19:00,12000,2025-05-10T16:00,0
deal_0847@proposal,deal_0847,proposal,2025-04-04T16:00,12000,2025-05-10T16:00,0
deal_0848@qualified,deal_0848,qualified,2025-04-12T06:00,24000,2025-05-20T02:00,0
deal_0848@demo,deal_0848,demo,2025-04-29T23:00,24000,2025-05-20T02:00,0
deal_0848@proposal,deal_0848,proposal,2025-05-06T02:00,24000,2025-05-20T02:00,0
deal_0849@qualified,deal_0849,qualified,2025-08-24T18:00,24000,2025-10-26T01:00,0
deal_0849@demo,deal_0849,demo,2025-09-10T01:00,24000,2025-10-26T01:00,0
deal_0849@proposal,deal_0849,proposal,2025-09-24T01:00,24000,2025-10-26T01:00,0
deal_0850@qualified,deal_0850,qualified,2025-11-23T17:00,18000,2026-01-17T23:00,0
deal_0850@demo,deal_0850,demo,2025-12-15T18:00,18000,2026-01-17T23:00,0
deal_0850@proposal,deal_0850,proposal,2026-01-07T23:00,18000,2026-01-17T23:00,0
deal_0851@qualified,deal_0851,qualified,2025-11-22T17:00,24000,2025-12-26T21:00,1
deal_0851@demo,deal_0851,demo,2025-12-05T03:00,24000,2025-12-26T21:00,1
deal_0851@proposal,deal_0851,proposal,2025-12-12T21:00,24000,2025-12-26T21:00,1
deal_0852@qualified,deal_0852,qualified,2025-11-15T19:00,96000,2026-01-16T21:00,0
deal_0852@demo,deal_0852,demo,2025-11-29T11:00,96000,2026-01-16T21:00,0
deal_0852@proposal,deal_0852,proposal,2025-12-23T21:00,96000,2026-01-16T21:00,0
deal_0853@qualified,deal_0853,qualified,2025-05-24T18:00,12000,2025-08-04T10:00,1
deal_0853@demo,deal_0853,demo,2025-06-16T17:00,12000,2025-08-04T10:00,1
deal_0853@proposal,deal_0853,proposal,2025-06-26T10:00,12000,2025-08-04T10:00,1
deal_0854@qualified,deal_0854,qualified,2025-02-05T12:00,48000,2025-03-04T11:00,0
deal_0854@demo,deal_0854,demo,2025-02-11T20:00,48000,2025-03-04T11:00,0
deal_0854@proposal,deal_0854,proposal,2025-02-19T11:00,48000,2025-03-04T11:00,0
deal_0855@qualified,deal_0855,qualified,2025-08-14T15:00,48000,2025-10-20T16:00,0
deal_0855@demo,deal_0855,demo,2025-08-22T18:00,48000,2025-10-20T16:00,0
deal_0855@proposal,deal_0855,proposal,2025-09-14T16:00,48000,2025-10-20T16:00,0
deal_0856@qualified,deal_0856,qualified,2025-10-12T10:00,96000,2025-12-10T05:00,0
deal_0856@demo,deal_0856,demo,2025-10-21T23:00,96000,2025-12-10T05:00,0
deal_0856@proposal,deal_0856,proposal,2025-11-05T05:00,96000,2025-12-10T05:00,0
deal_0857@qualified,deal_0857,qualified,2025-05-18T11:00,12000,2025-07-09T09:00,0
deal_0857@demo,deal_0857,demo,2025-05-31T03:00,12000,2025-07-09T09:00,0
deal_0857@proposal,deal_0857,proposal,2025-06-06T09:00,12000,2025-07-09T09:00,0
deal_0858@qualified,deal_0858,qualified,2025-05-24T00:00,60000,2025-07-28T12:00,0
deal_0858@demo,deal_0858,demo,2025-05-31T15:00,60000,2025-07-28T12:00,0
deal_0858@proposal,deal_0858,proposal,2025-06-20T12:00,60000,2025-07-28T12:00,0
deal_0859@qualified,deal_0859,qualified,2025-11-05T06:00,60000,2025-12-19T13:00,0
deal_0859@demo,deal_0859,demo,2025-11-24T05:00,60000,2025-12-19T13:00,0
deal_0859@proposal,deal_0859,proposal,2025-11-26T13:00,60000,2025-12-19T13:00,0
deal_0860@qualified,deal_0860,qualified,2025-10-23T08:00,60000,2025-11-23T02:00,0
deal_0860@demo,deal_0860,demo,2025-11-08T02:00,60000,2025-11-23T02:00,0
deal_0860@proposal,deal_0860,proposal,2025-11-11T02:00,60000,2025-11-23T02:00,0
deal_0861@qualified,deal_0861,qualified,2025-07-04T17:00,60000,2025-08-28T02:00,0
deal_0861@demo,deal_0861,demo,2025-07-14T07:00,60000,2025-08-28T02:00,0
deal_0861@proposal,deal_0861,proposal,2025-07-30T02:00,60000,2025-08-28T02:00,0
deal_0862@qualified,deal_0862,qualified,2025-07-15T03:00,18000,2025-09-09T03:00,1
deal_0862@demo,deal_0862,demo,2025-07-26T23:00,18000,2025-09-09T03:00,1
deal_0862@proposal,deal_0862,proposal,2025-08-04T03:00,18000,2025-09-09T03:00,1
deal_0863@qualified,deal_0863,qualified,2025-08-24T14:00,36000,2025-11-02T23:00,1
deal_0863@demo,deal_0863,demo,2025-09-17T16:00,36000,2025-11-02T23:00,1
deal_0863@proposal,deal_0863,proposal,2025-10-09T23:00,36000,2025-11-02T23:00,1
deal_0864@qualified,deal_0864,qualified,2025-10-30T19:00,48000,2025-12-20T17:00,1
deal_0864@demo,deal_0864,demo,2025-11-09T15:00,48000,2025-12-20T17:00,1
deal_0864@proposal,deal_0864,proposal,2025-11-13T17:00,48000,2025-12-20T17:00,1
deal_0865@qualified,deal_0865,qualified,2025-11-05T21:00,36000,2026-01-10T02:00,0
deal_0865@demo,deal_0865,demo,2025-11-14T00:00,36000,2026-01-10T02:00,0
deal_0865@proposal,deal_0865,proposal,2025-12-07T02:00,36000,2026-01-10T02:00,0
deal_0866@qualified,deal_0866,qualified,2025-05-09T12:00,18000,2025-06-05T10:00,0
deal_0866@demo,deal_0866,demo,2025-05-15T07:00,18000,2025-06-05T10:00,0
deal_0866@proposal,deal_0866,proposal,2025-05-27T10:00,18000,2025-06-05T10:00,0
deal_0867@qualified,deal_0867,qualified,2025-03-09T22:00,60000,2025-05-07T14:00,1
deal_0867@demo,deal_0867,demo,2025-03-30T07:00,60000,2025-05-07T14:00,1
deal_0867@proposal,deal_0867,proposal,2025-04-04T14:00,60000,2025-05-07T14:00,1
deal_0868@qualified,deal_0868,qualified,2025-09-30T03:00,36000,2025-10-27T12:00,0
deal_0868@demo,deal_0868,demo,2025-10-03T15:00,36000,2025-10-27T12:00,0
deal_0868@proposal,deal_0868,proposal,2025-10-17T12:00,36000,2025-10-27T12:00,0
deal_0869@qualified,deal_0869,qualified,2025-01-18T00:00,12000,2025-03-02T07:00,0
deal_0869@demo,deal_0869,demo,2025-02-04T07:00,12000,2025-03-02T07:00,0
deal_0869@proposal,deal_0869,proposal,2025-02-24T07:00,12000,2025-03-02T07:00,0
deal_0870@qualified,deal_0870,qualified,2025-07-22T00:00,96000,2025-08-30T21:00,0
deal_0870@demo,deal_0870,demo,2025-07-30T22:00,96000,2025-08-30T21:00,0
deal_0870@proposal,deal_0870,proposal,2025-08-02T21:00,96000,2025-08-30T21:00,0
deal_0871@qualified,deal_0871,qualified,2025-08-26T19:00,24000,2025-10-18T04:00,0
deal_0871@demo,deal_0871,demo,2025-09-02T07:00,24000,2025-10-18T04:00,0
deal_0871@proposal,deal_0871,proposal,2025-09-09T04:00,24000,2025-10-18T04:00,0
deal_0872@qualified,deal_0872,qualified,2025-06-27T00:00,24000,2025-08-28T19:00,0
deal_0872@demo,deal_0872,demo,2025-07-13T01:00,24000,2025-08-28T19:00,0
deal_0872@proposal,deal_0872,proposal,2025-08-01T19:00,24000,2025-08-28T19:00,0
deal_0873@qualified,deal_0873,qualified,2025-08-29T15:00,36000,2025-10-29T18:00,0
deal_0873@demo,deal_0873,demo,2025-09-14T16:00,36000,2025-10-29T18:00,0
deal_0873@proposal,deal_0873,proposal,2025-09-20T18:00,36000,2025-10-29T18:00,0
deal_0874@qualified,deal_0874,qualified,2025-03-15T12:00,24000,2025-05-07T12:00,0
deal_0874@demo,deal_0874,demo,2025-03-18T10:00,24000,2025-05-07T12:00,0
deal_0874@proposal,deal_0874,proposal,2025-03-31T12:00,24000,2025-05-07T12:00,0
deal_0875@qualified,deal_0875,qualified,2025-11-24T09:00,60000,2026-01-16T11:00,0
deal_0875@demo,deal_0875,demo,2025-12-09T00:00,60000,2026-01-16T11:00,0
deal_0875@proposal,deal_0875,proposal,2025-12-17T11:00,60000,2026-01-16T11:00,0
deal_0876@qualified,deal_0876,qualified,2025-11-01T10:00,48000,2025-12-18T07:00,0
deal_0876@demo,deal_0876,demo,2025-11-16T03:00,48000,2025-12-18T07:00,0
deal_0876@proposal,deal_0876,proposal,2025-12-02T07:00,48000,2025-12-18T07:00,0
deal_0877@qualified,deal_0877,qualified,2025-06-30T15:00,12000,2025-07-29T15:00,0
deal_0877@demo,deal_0877,demo,2025-07-10T22:00,12000,2025-07-29T15:00,0
deal_0877@proposal,deal_0877,proposal,2025-07-17T15:00,12000,2025-07-29T15:00,0
deal_0878@qualified,deal_0878,qualified,2025-02-19T12:00,120000,2025-04-20T07:00,0
deal_0878@demo,deal_0878,demo,2025-03-11T00:00,120000,2025-04-20T07:00,0
deal_0878@proposal,deal_0878,proposal,2025-03-29T07:00,120000,2025-04-20T07:00,0
deal_0879@qualified,deal_0879,qualified,2025-04-14T11:00,96000,2025-05-17T11:00,0
deal_0879@demo,deal_0879,demo,2025-04-27T20:00,96000,2025-05-17T11:00,0
deal_0879@proposal,deal_0879,proposal,2025-04-30T11:00,96000,2025-05-17T11:00,0
deal_0880@qualified,deal_0880,qualified,2025-06-12T02:00,60000,2025-07-15T08:00,0
deal_0880@demo,deal_0880,demo,2025-06-20T17:00,60000,2025-07-15T08:00,0
deal_0880@proposal,deal_0880,proposal,2025-06-27T08:00,60000,2025-07-15T08:00,0
deal_0881@qualified,deal_0881,qualified,2025-11-15T06:00,24000,2026-01-14T17:00,0
deal_0881@demo,deal_0881,demo,2025-11-30T01:00,24000,2026-01-14T17:00,0
deal_0881@proposal,deal_0881,proposal,2025-12-10T17:00,24000,2026-01-14T17:00,0
deal_0882@qualified,deal_0882,qualified,2025-10-29T12:00,18000,2025-12-03T13:00,1
deal_0882@demo,deal_0882,demo,2025-11-15T21:00,18000,2025-12-03T13:00,1
deal_0882@proposal,deal_0882,proposal,2025-11-25T13:00,18000,2025-12-03T13:00,1
deal_0883@qualified,deal_0883,qualified,2025-03-16T03:00,48000,2025-04-26T10:00,0
deal_0883@demo,deal_0883,demo,2025-03-21T15:00,48000,2025-04-26T10:00,0
deal_0883@proposal,deal_0883,proposal,2025-04-09T10:00,48000,2025-04-26T10:00,0
deal_0884@qualified,deal_0884,qualified,2025-06-08T04:00,96000,2025-08-11T14:00,0
deal_0884@demo,deal_0884,demo,2025-06-19T21:00,96000,2025-08-11T14:00,0
deal_0884@proposal,deal_0884,proposal,2025-07-13T14:00,96000,2025-08-11T14:00,0
deal_0885@qualified,deal_0885,qualified,2025-08-25T12:00,36000,2025-09-20T15:00,1
deal_0885@demo,deal_0885,demo,2025-09-04T14:00,36000,2025-09-20T15:00,1
deal_0885@proposal,deal_0885,proposal,2025-09-06T15:00,36000,2025-09-20T15:00,1
deal_0886@qualified,deal_0886,qualified,2025-04-08T21:00,12000,2025-06-04T00:00,1
deal_0886@demo,deal_0886,demo,2025-04-14T19:00,12000,2025-06-04T00:00,1
deal_0886@proposal,deal_0886,proposal,2025-04-30T00:00,12000,2025-06-04T00:00,1
deal_0887@qualified,deal_0887,qualified,2025-06-09T07:00,12000,2025-07-30T15:00,0
deal_0887@demo,deal_0887,demo,2025-06-24T06:00,12000,2025-07-30T15:00,0
deal_0887@proposal,deal_0887,proposal,2025-06-30T15:00,12000,2025-07-30T15:00,0
deal_0888@qualified,deal_0888,qualified,2025-08-27T21:00,48000,2025-11-08T10:00,1
deal_0888@demo,deal_0888,demo,2025-09-16T19:00,48000,2025-11-08T10:00,1
deal_0888@proposal,deal_0888,proposal,2025-10-11T10:00,48000,2025-11-08T10:00,1
deal_0889@qualified,deal_0889,qualified,2025-04-21T15:00,12000,2025-06-09T22:00,0
deal_0889@demo,deal_0889,demo,2025-05-16T06:00,12000,2025-06-09T22:00,0
deal_0889@proposal,deal_0889,proposal,2025-05-20T22:00,12000,2025-06-09T22:00,0
deal_0890@qualified,deal_0890,qualified,2025-07-03T18:00,24000,2025-08-23T21:00,0
deal_0890@demo,deal_0890,demo,2025-07-07T02:00,24000,2025-08-23T21:00,0
deal_0890@proposal,deal_0890,proposal,2025-07-22T21:00,24000,2025-08-23T21:00,0
deal_0891@qualified,deal_0891,qualified,2025-03-15T16:00,18000,2025-03-31T14:00,0
deal_0891@demo,deal_0891,demo,2025-03-18T02:00,18000,2025-03-31T14:00,0
deal_0891@proposal,deal_0891,proposal,2025-03-25T14:00,18000,2025-03-31T14:00,0
deal_0892@qualified,deal_0892,qualified,2025-10-28T08:00,96000,2025-12-13T08:00,0
deal_0892@demo,deal_0892,demo,2025-10-31T12:00,96000,2025-12-13T08:00,0
deal_0892@proposal,deal_0892,proposal,2025-11-11T08:00,96000,2025-12-13T08:00,0
deal_0893@qualified,deal_0893,qualified,2025-11-08T14:00,48000,2025-12-11T18:00,1
deal_0893@demo,deal_0893,demo,2025-11-27T23:00,48000,2025-12-11T18:00,1
deal_0893@proposal,deal_0893,proposal,2025-12-04T18:00,48000,2025-12-11T18:00,1
deal_0894@qualified,deal_0894,qualified,2025-07-29T00:00,120000,2025-09-12T10:00,1
deal_0894@demo,deal_0894,demo,2025-08-11T12:00,120000,2025-09-12T10:00,1
deal_0894@proposal,deal_0894,proposal,2025-08-29T10:00,120000,2025-09-12T10:00,1
deal_0895@qualified,deal_0895,qualified,2025-07-20T19:00,120000,2025-09-09T21:00,0
deal_0895@demo,deal_0895,demo,2025-07-26T22:00,120000,2025-09-09T21:00,0
deal_0895@proposal,deal_0895,proposal,2025-08-16T21:00,120000,2025-09-09T21:00,0
deal_0896@qualified,deal_0896,qualified,2025-11-01T01:00,60000,2026-01-04T15:00,0
deal_0896@demo,deal_0896,demo,2025-11-13T14:00,60000,2026-01-04T15:00,0
deal_0896@proposal,deal_0896,proposal,2025-12-06T15:00,60000,2026-01-04T15:00,0
deal_0897@qualified,deal_0897,qualified,2025-09-18T19:00,36000,2025-11-18T02:00,0
deal_0897@demo,deal_0897,demo,2025-09-27T23:00,36000,2025-11-18T02:00,0
deal_0897@proposal,deal_0897,proposal,2025-10-11T02:00,36000,2025-11-18T02:00,0
deal_0898@qualified,deal_0898,qualified,2025-02-03T05:00,24000,2025-03-30T15:00,0
deal_0898@demo,deal_0898,demo,2025-02-20T19:00,24000,2025-03-30T15:00,0
deal_0898@proposal,deal_0898,proposal,2025-03-09T15:00,24000,2025-03-30T15:00,0
deal_0899@qualified,deal_0899,qualified,2025-06-21T23:00,96000,2025-08-11T01:00,0
deal_0899@demo,deal_0899,demo,2025-07-16T00:00,96000,2025-08-11T01:00,0
deal_0899@proposal,deal_0899,proposal,2025-08-01T01:00,96000,2025-08-11T01:00,0
deal_0900@qualified,deal_0900,qualified,2025-02-07T06:00,60000,2025-03-06T09:00,0
deal_0900@demo,deal_0900,demo,2025-02-18T01:00,60000,2025-03-06T09:00,0
deal_0900@proposal,deal_0900,proposal,2025-02-26T09:00,60000,2025-03-06T09:00,0
deal_0901@qualified,deal_0901,qualified,2025-07-23T06:00,18000,2025-09-14T15:00,0
deal_0901@demo,deal_0901,demo,2025-08-04T23:00,18000,2025-09-14T15:00,0
deal_0901@proposal,deal_0901,proposal,2025-08-24T15:00,18000,2025-09-14T15:00,0
deal_0902@qualified,deal_0902,qualified,2025-06-11T19:00,120000,2025-07-24T05:00,1
deal_0902@demo,deal_0902,demo,2025-06-13T21:00,120000,2025-07-24T05:00,1
deal_0902@proposal,deal_0902,proposal,2025-06-17T05:00,120000,2025-07-24T05:00,1
deal_0903@qualified,deal_0903,qualified,2025-06-07T05:00,24000,2025-08-10T03:00,1
deal_0903@demo,deal_0903,demo,2025-06-25T10:00,24000,2025-08-10T03:00,1
deal_0903@proposal,deal_0903,proposal,2025-07-16T03:00,24000,2025-08-10T03:00,1
deal_0904@qualified,deal_0904,qualified,2025-06-03T01:00,48000,2025-07-25T22:00,0
deal_0904@demo,deal_0904,demo,2025-06-11T21:00,48000,2025-07-25T22:00,0
deal_0904@proposal,deal_0904,proposal,2025-07-02T22:00,48000,2025-07-25T22:00,0
deal_0905@qualified,deal_0905,qualified,2025-12-09T12:00,60000,2026-01-28T09:00,0
deal_0905@demo,deal_0905,demo,2026-01-01T03:00,60000,2026-01-28T09:00,0
deal_0905@proposal,deal_0905,proposal,2026-01-09T09:00,60000,2026-01-28T09:00,0
deal_0906@qualified,deal_0906,qualified,2025-02-04T15:00,96000,2025-03-08T23:00,0
deal_0906@demo,deal_0906,demo,2025-02-09T06:00,96000,2025-03-08T23:00,0
deal_0906@proposal,deal_0906,proposal,2025-02-15T23:00,96000,2025-03-08T23:00,0
deal_0907@qualified,deal_0907,qualified,2025-12-15T00:00,12000,2026-02-20T18:00,0
deal_0907@demo,deal_0907,demo,2026-01-04T18:00,12000,2026-02-20T18:00,0
deal_0907@proposal,deal_0907,proposal,2026-01-19T18:00,12000,2026-02-20T18:00,0
deal_0908@qualified,deal_0908,qualified,2025-09-13T14:00,18000,2025-11-03T12:00,0
deal_0908@demo,deal_0908,demo,2025-09-20T23:00,18000,2025-11-03T12:00,0
deal_0908@proposal,deal_0908,proposal,2025-10-12T12:00,18000,2025-11-03T12:00,0
deal_0909@qualified,deal_0909,qualified,2025-11-13T03:00,18000,2025-12-28T14:00,1
deal_0909@demo,deal_0909,demo,2025-11-23T01:00,18000,2025-12-28T14:00,1
deal_0909@proposal,deal_0909,proposal,2025-11-27T14:00,18000,2025-12-28T14:00,1
deal_0910@qualified,deal_0910,qualified,2025-02-01T19:00,60000,2025-03-27T11:00,0
deal_0910@demo,deal_0910,demo,2025-02-10T06:00,60000,2025-03-27T11:00,0
deal_0910@proposal,deal_0910,proposal,2025-03-06T11:00,60000,2025-03-27T11:00,0
deal_0911@qualified,deal_0911,qualified,2025-11-02T01:00,60000,2025-12-31T02:00,0
deal_0911@demo,deal_0911,demo,2025-11-11T07:00,60000,2025-12-31T02:00,0
deal_0911@proposal,deal_0911,proposal,2025-11-29T02:00,60000,2025-12-31T02:00,0
deal_0912@qualified,deal_0912,qualified,2025-11-28T06:00,60000,2026-01-18T01:00,1
deal_0912@demo,deal_0912,demo,2025-12-01T12:00,60000,2026-01-18T01:00,1
deal_0912@proposal,deal_0912,proposal,2025-12-16T01:00,60000,2026-01-18T01:00,1
deal_0913@qualified,deal_0913,qualified,2025-08-28T15:00,48000,2025-10-12T09:00,0
deal_0913@demo,deal_0913,demo,2025-09-08T20:00,48000,2025-10-12T09:00,0
deal_0913@proposal,deal_0913,proposal,2025-09-23T09:00,48000,2025-10-12T09:00,0
deal_0914@qualified,deal_0914,qualified,2025-03-08T13:00,48000,2025-05-09T23:00,0
deal_0914@demo,deal_0914,demo,2025-03-16T16:00,48000,2025-05-09T23:00,0
deal_0914@proposal,deal_0914,proposal,2025-04-06T23:00,48000,2025-05-09T23:00,0
deal_0915@qualified,deal_0915,qualified,2025-03-10T23:00,96000,2025-04-11T22:00,1
deal_0915@demo,deal_0915,demo,2025-03-15T20:00,96000,2025-04-11T22:00,1
deal_0915@proposal,deal_0915,proposal,2025-04-04T22:00,96000,2025-04-11T22:00,1
deal_0916@qualified,deal_0916,qualified,2025-08-01T12:00,18000,2025-09-17T06:00,0
deal_0916@demo,deal_0916,demo,2025-08-24T01:00,18000,2025-09-17T06:00,0
deal_0916@proposal,deal_0916,proposal,2025-08-31T06:00,18000,2025-09-17T06:00,0
deal_0917@qualified,deal_0917,qualified,2025-10-09T08:00,120000,2025-12-11T22:00,0
deal_0917@demo,deal_0917,demo,2025-11-02T19:00,120000,2025-12-11T22:00,0
deal_0917@proposal,deal_0917,proposal,2025-11-06T22:00,120000,2025-12-11T22:00,0
deal_0918@qualified,deal_0918,qualified,2025-07-11T17:00,60000,2025-09-10T01:00,1
deal_0918@demo,deal_0918,demo,2025-07-28T15:00,60000,2025-09-10T01:00,1
deal_0918@proposal,deal_0918,proposal,2025-08-16T01:00,60000,2025-09-10T01:00,1
deal_0919@qualified,deal_0919,qualified,2025-11-09T16:00,120000,2025-12-23T08:00,0
deal_0919@demo,deal_0919,demo,2025-11-28T08:00,120000,2025-12-23T08:00,0
deal_0919@proposal,deal_0919,proposal,2025-12-04T08:00,120000,2025-12-23T08:00,0
deal_0920@qualified,deal_0920,qualified,2025-10-06T09:00,18000,2025-12-03T05:00,0
deal_0920@demo,deal_0920,demo,2025-10-29T19:00,18000,2025-12-03T05:00,0
deal_0920@proposal,deal_0920,proposal,2025-11-21T05:00,18000,2025-12-03T05:00,0
deal_0921@qualified,deal_0921,qualified,2025-10-15T11:00,60000,2025-12-08T20:00,0
deal_0921@demo,deal_0921,demo,2025-10-28T07:00,60000,2025-12-08T20:00,0
deal_0921@proposal,deal_0921,proposal,2025-10-30T20:00,60000,2025-12-08T20:00,0
deal_0922@qualified,deal_0922,qualified,2025-06-09T22:00,24000,2025-08-08T17:00,0
deal_0922@demo,deal_0922,demo,2025-06-22T22:00,24000,2025-08-08T17:00,0
deal_0922@proposal,deal_0922,proposal,2025-07-11T17:00,24000,2025-08-08T17:00,0
deal_0923@qualified,deal_0923,qualified,2025-03-06T07:00,48000,2025-05-08T05:00,1
deal_0923@demo,deal_0923,demo,2025-03-13T01:00,48000,2025-05-08T05:00,1
deal_0923@proposal,deal_0923,proposal,2025-03-30T05:00,48000,2025-05-08T05:00,1
deal_0924@qualified,deal_0924,qualified,2025-03-03T16:00,60000,2025-05-06T15:00,1
deal_0924@demo,deal_0924,demo,2025-03-22T00:00,60000,2025-05-06T15:00,1
deal_0924@proposal,deal_0924,proposal,2025-04-09T15:00,60000,2025-05-06T15:00,1
deal_0925@qualified,deal_0925,qualified,2025-07-08T04:00,60000,2025-08-25T15:00,0
deal_0925@demo,deal_0925,demo,2025-07-31T20:00,60000,2025-08-25T15:00,0
deal_0925@proposal,deal_0925,proposal,2025-08-09T15:00,60000,2025-08-25T15:00,0
deal_0926@qualified,deal_0926,qualified,2025-05-21T21:00,48000,2025-07-30T03:00,0
deal_0926@demo,deal_0926,demo,2025-06-10T09:00,48000,2025-07-30T03:00,0
deal_0926@proposal,deal_0926,proposal,2025-06-20T03:00,48000,2025-07-30T03:00,0
deal_0927@qualified,deal_0927,qualified,2025-03-06T06:00,18000,2025-05-15T15:00,0
deal_0927@demo,deal_0927,demo,2025-03-26T08:00,18000,2025-05-15T15:00,0
deal_0927@proposal,deal_0927,proposal,2025-04-14T15:00,18000,2025-05-15T15:00,0
deal_0928@qualified,deal_0928,qualified,2025-06-04T03:00,60000,2025-07-30T08:00,0
deal_0928@demo,deal_0928,demo,2025-06-25T18:00,60000,2025-07-30T08:00,0
deal_0928@proposal,deal_0928,proposal,2025-07-20T08:00,60000,2025-07-30T08:00,0
deal_0929@qualified,deal_0929,qualified,2025-03-03T05:00,36000,2025-04-16T03:00,0
deal_0929@demo,deal_0929,demo,2025-03-08T06:00,36000,2025-04-16T03:00,0
deal_0929@proposal,deal_0929,proposal,2025-03-21T03:00,36000,2025-04-16T03:00,0
deal_0930@qualified,deal_0930,qualified,2025-10-06T20:00,24000,2025-11-15T03:00,0
deal_0930@demo,deal_0930,demo,2025-10-16T23:00,24000,2025-11-15T03:00,0
deal_0930@proposal,deal_0930,proposal,2025-10-22T03:00,24000,2025-11-15T03:00,0
deal_0931@qualified,deal_0931,qualified,2025-09-12T19:00,120000,2025-11-08T15:00,0
deal_0931@demo,deal_0931,demo,2025-10-03T07:00,120000,2025-11-08T15:00,0
deal_0931@proposal,deal_0931,proposal,2025-10-23T15:00,120000,2025-11-08T15:00,0
deal_0932@qualified,deal_0932,qualified,2025-06-12T06:00,96000,2025-07-10T05:00,0
deal_0932@demo,deal_0932,demo,2025-06-17T10:00,96000,2025-07-10T05:00,0
deal_0932@proposal,deal_0932,proposal,2025-06-29T05:00,96000,2025-07-10T05:00,0
deal_0933@qualified,deal_0933,qualified,2025-02-16T14:00,18000,2025-04-18T19:00,0
deal_0933@demo,deal_0933,demo,2025-03-05T18:00,18000,2025-04-18T19:00,0
deal_0933@proposal,deal_0933,proposal,2025-03-15T19:00,18000,2025-04-18T19:00,0
deal_0934@qualified,deal_0934,qualified,2025-06-06T21:00,96000,2025-07-20T16:00,0
deal_0934@demo,deal_0934,demo,2025-06-24T18:00,96000,2025-07-20T16:00,0
deal_0934@proposal,deal_0934,proposal,2025-06-30T16:00,96000,2025-07-20T16:00,0
deal_0935@qualified,deal_0935,qualified,2025-03-26T21:00,18000,2025-04-23T00:00,0
deal_0935@demo,deal_0935,demo,2025-04-02T01:00,18000,2025-04-23T00:00,0
deal_0935@proposal,deal_0935,proposal,2025-04-11T00:00,18000,2025-04-23T00:00,0
deal_0936@qualified,deal_0936,qualified,2025-10-20T09:00,60000,2025-12-11T07:00,0
deal_0936@demo,deal_0936,demo,2025-11-09T19:00,60000,2025-12-11T07:00,0
deal_0936@proposal,deal_0936,proposal,2025-11-15T07:00,60000,2025-12-11T07:00,0
deal_0937@qualified,deal_0937,qualified,2025-08-04T04:00,60000,2025-10-16T04:00,1
deal_0937@demo,deal_0937,demo,2025-08-21T02:00,60000,2025-10-16T04:00,1
deal_0937@proposal,deal_0937,proposal,2025-09-08T04:00,60000,2025-10-16T04:00,1
deal_0938@qualified,deal_0938,qualified,2025-08-09T04:00,24000,2025-09-06T06:00,0
deal_0938@demo,deal_0938,demo,2025-08-21T10:00,24000,2025-09-06T06:00,0
deal_0938@proposal,deal_0938,proposal,2025-08-25T06:00,24000,2025-09-06T06:00,0
deal_0939@qualified,deal_0939,qualified,2025-11-25T13:00,48000,2026-01-03T04:00,0
deal_0939@demo,deal_0939,demo,2025-12-11T02:00,48000,2026-01-03T04:00,0
deal_0939@proposal,deal_0939,proposal,2025-12-14T04:00,48000,2026-01-03T04:00,0
deal_0940@qualified,deal_0940,qualified,2025-05-31T20:00,12000,2025-06-19T02:00,0
deal_0940@demo,deal_0940,demo,2025-06-05T14:00,12000,2025-06-19T02:00,0
deal_0940@proposal,deal_0940,proposal,2025-06-13T02:00,12000,2025-06-19T02:00,0
deal_0941@qualified,deal_0941,qualified,2025-11-04T17:00,36000,2026-01-12T15:00,0
deal_0941@demo,deal_0941,demo,2025-11-20T01:00,36000,2026-01-12T15:00,0
deal_0941@proposal,deal_0941,proposal,2025-12-06T15:00,36000,2026-01-12T15:00,0
deal_0942@qualified,deal_0942,qualified,2025-10-15T00:00,18000,2025-11-09T15:00,1
deal_0942@demo,deal_0942,demo,2025-10-27T00:00,18000,2025-11-09T15:00,1
deal_0942@proposal,deal_0942,proposal,2025-11-01T15:00,18000,2025-11-09T15:00,1
deal_0943@qualified,deal_0943,qualified,2025-10-27T06:00,36000,2025-12-12T04:00,0
deal_0943@demo,deal_0943,demo,2025-11-17T23:00,36000,2025-12-12T04:00,0
deal_0943@proposal,deal_0943,proposal,2025-12-05T04:00,36000,2025-12-12T04:00,0
deal_0944@qualified,deal_0944,qualified,2025-01-14T02:00,24000,2025-02-01T21:00,0
deal_0944@demo,deal_0944,demo,2025-01-19T18:00,24000,2025-02-01T21:00,0
deal_0944@proposal,deal_0944,proposal,2025-01-25T21:00,24000,2025-02-01T21:00,0
deal_0945@qualified,deal_0945,qualified,2025-08-24T04:00,120000,2025-10-16T23:00,0
deal_0945@demo,deal_0945,demo,2025-09-16T05:00,120000,2025-10-16T23:00,0
deal_0945@proposal,deal_0945,proposal,2025-09-26T23:00,120000,2025-10-16T23:00,0
deal_0946@qualified,deal_0946,qualified,2025-03-10T20:00,60000,2025-04-04T05:00,0
deal_0946@demo,deal_0946,demo,2025-03-23T20:00,60000,2025-04-04T05:00,0
deal_0946@proposal,deal_0946,proposal,2025-03-26T05:00,60000,2025-04-04T05:00,0
deal_0947@qualified,deal_0947,qualified,2025-04-11T22:00,12000,2025-06-09T09:00,0
deal_0947@demo,deal_0947,demo,2025-04-25T00:00,12000,2025-06-09T09:00,0
deal_0947@proposal,deal_0947,proposal,2025-05-17T09:00,12000,2025-06-09T09:00,0
deal_0948@qualified,deal_0948,qualified,2025-07-19T19:00,120000,2025-09-06T09:00,0
deal_0948@demo,deal_0948,demo,2025-07-21T19:00,120000,2025-09-06T09:00,0
deal_0948@proposal,deal_0948,proposal,2025-07-28T09:00,120000,2025-09-06T09:00,0
deal_0949@qualified,deal_0949,qualified,2025-04-11T20:00,96000,2025-06-07T06:00,0
deal_0949@demo,deal_0949,demo,2025-04-23T08:00,96000,2025-06-07T06:00,0
deal_0949@proposal,deal_0949,proposal,2025-05-01T06:00,96000,2025-06-07T06:00,0
deal_0950@qualified,deal_0950,qualified,2025-04-26T02:00,60000,2025-06-03T13:00,0
deal_0950@demo,deal_0950,demo,2025-05-03T20:00,60000,2025-06-03T13:00,0
deal_0950@proposal,deal_0950,proposal,2025-05-21T13:00,60000,2025-06-03T13:00,0
deal_0951@qualified,deal_0951,qualified,2025-11-18T15:00,18000,2026-01-03T12:00,1
deal_0951@demo,deal_0951,demo,2025-11-29T22:00,18000,2026-01-03T12:00,1
deal_0951@proposal,deal_0951,proposal,2025-12-13T12:00,18000,2026-01-03T12:00,1
deal_0952@qualified,deal_0952,qualified,2025-10-30T18:00,120000,2025-12-11T03:00,0
deal_0952@demo,deal_0952,demo,2025-11-02T11:00,120000,2025-12-11T03:00,0
deal_0952@proposal,deal_0952,proposal,2025-11-23T03:00,120000,2025-12-11T03:00,0
deal_0953@qualified,deal_0953,qualified,2025-04-10T01:00,48000,2025-06-11T09:00,0
deal_0953@demo,deal_0953,demo,2025-04-21T19:00,48000,2025-06-11T09:00,0
deal_0953@proposal,deal_0953,proposal,2025-05-16T09:00,48000,2025-06-11T09:00,0
deal_0954@qualified,deal_0954,qualified,2025-05-16T16:00,18000,2025-07-14T16:00,0
deal_0954@demo,deal_0954,demo,2025-06-02T23:00,18000,2025-07-14T16:00,0
deal_0954@proposal,deal_0954,proposal,2025-06-12T16:00,18000,2025-07-14T16:00,0
deal_0955@qualified,deal_0955,qualified,2025-02-22T13:00,18000,2025-03-13T07:00,0
deal_0955@demo,deal_0955,demo,2025-02-27T04:00,18000,2025-03-13T07:00,0
deal_0955@proposal,deal_0955,proposal,2025-03-04T07:00,18000,2025-03-13T07:00,0
deal_0956@qualified,deal_0956,qualified,2025-09-25T20:00,24000,2025-12-01T01:00,1
deal_0956@demo,deal_0956,demo,2025-10-14T18:00,24000,2025-12-01T01:00,1
deal_0956@proposal,deal_0956,proposal,2025-10-25T01:00,24000,2025-12-01T01:00,1
deal_0957@qualified,deal_0957,qualified,2025-08-09T22:00,24000,2025-10-16T22:00,0
deal_0957@demo,deal_0957,demo,2025-08-24T23:00,24000,2025-10-16T22:00,0
deal_0957@proposal,deal_0957,proposal,2025-09-15T22:00,24000,2025-10-16T22:00,0
deal_0958@qualified,deal_0958,qualified,2025-02-21T07:00,18000,2025-04-14T22:00,0
deal_0958@demo,deal_0958,demo,2025-03-15T16:00,18000,2025-04-14T22:00,0
deal_0958@proposal,deal_0958,proposal,2025-03-19T22:00,18000,2025-04-14T22:00,0
deal_0959@qualified,deal_0959,qualified,2025-04-04T05:00,18000,2025-05-30T04:00,1
deal_0959@demo,deal_0959,demo,2025-04-18T11:00,18000,2025-05-30T04:00,1
deal_0959@proposal,deal_0959,proposal,2025-04-22T04:00,18000,2025-05-30T04:00,1
deal_0960@qualified,deal_0960,qualified,2025-08-16T11:00,96000,2025-09-20T19:00,0
deal_0960@demo,deal_0960,demo,2025-08-27T12:00,96000,2025-09-20T19:00,0
deal_0960@proposal,deal_0960,proposal,2025-09-11T19:00,96000,2025-09-20T19:00,0
deal_0961@qualified,deal_0961,qualified,2025-08-21T14:00,48000,2025-10-17T02:00,0
deal_0961@demo,deal_0961,demo,2025-09-09T03:00,48000,2025-10-17T02:00,0
deal_0961@proposal,deal_0961,proposal,2025-09-22T02:00,48000,2025-10-17T02:00,0
deal_0962@qualified,deal_0962,qualified,2025-04-08T06:00,48000,2025-06-16T18:00,1
deal_0962@demo,deal_0962,demo,2025-04-28T07:00,48000,2025-06-16T18:00,1
deal_0962@proposal,deal_0962,proposal,2025-05-16T18:00,48000,2025-06-16T18:00,1
deal_0963@qualified,deal_0963,qualified,2025-08-13T17:00,12000,2025-10-08T17:00,0
deal_0963@demo,deal_0963,demo,2025-08-26T12:00,12000,2025-10-08T17:00,0
deal_0963@proposal,deal_0963,proposal,2025-09-08T17:00,12000,2025-10-08T17:00,0
deal_0964@qualified,deal_0964,qualified,2025-06-05T20:00,36000,2025-07-09T16:00,0
deal_0964@demo,deal_0964,demo,2025-06-11T23:00,36000,2025-07-09T16:00,0
deal_0964@proposal,deal_0964,proposal,2025-07-02T16:00,36000,2025-07-09T16:00,0
deal_0965@qualified,deal_0965,qualified,2025-05-20T05:00,12000,2025-08-02T12:00,0
deal_0965@demo,deal_0965,demo,2025-06-11T05:00,12000,2025-08-02T12:00,0
deal_0965@proposal,deal_0965,proposal,2025-06-24T12:00,12000,2025-08-02T12:00,0
deal_0966@qualified,deal_0966,qualified,2025-04-16T09:00,120000,2025-06-04T18:00,1
deal_0966@demo,deal_0966,demo,2025-04-25T16:00,120000,2025-06-04T18:00,1
deal_0966@proposal,deal_0966,proposal,2025-05-14T18:00,120000,2025-06-04T18:00,1
deal_0967@qualified,deal_0967,qualified,2025-05-14T01:00,96000,2025-06-16T16:00,0
deal_0967@demo,deal_0967,demo,2025-05-29T02:00,96000,2025-06-16T16:00,0
deal_0967@proposal,deal_0967,proposal,2025-06-08T16:00,96000,2025-06-16T16:00,0
deal_0968@qualified,deal_0968,qualified,2025-10-10T04:00,96000,2025-12-14T20:00,0
deal_0968@demo,deal_0968,demo,2025-11-03T07:00,96000,2025-12-14T20:00,0
deal_0968@proposal,deal_0968,proposal,2025-11-27T20:00,96000,2025-12-14T20:00,0
deal_0969@qualified,deal_0969,qualified,2025-08-19T13:00,18000,2025-10-06T14:00,0
deal_0969@demo,deal_0969,demo,2025-08-28T10:00,18000,2025-10-06T14:00,0
deal_0969@proposal,deal_0969,proposal,2025-09-07T14:00,18000,2025-10-06T14:00,0
deal_0970@qualified,deal_0970,qualified,2025-07-06T11:00,48000,2025-08-09T00:00,0
deal_0970@demo,deal_0970,demo,2025-07-12T03:00,48000,2025-08-09T00:00,0
deal_0970@proposal,deal_0970,proposal,2025-08-01T00:00,48000,2025-08-09T00:00,0
deal_0971@qualified,deal_0971,qualified,2025-11-19T09:00,24000,2026-01-21T12:00,0
deal_0971@demo,deal_0971,demo,2025-12-09T05:00,24000,2026-01-21T12:00,0
deal_0971@proposal,deal_0971,proposal,2025-12-16T12:00,24000,2026-01-21T12:00,0
deal_0972@qualified,deal_0972,qualified,2025-10-02T11:00,60000,2025-12-07T20:00,1
deal_0972@demo,deal_0972,demo,2025-10-23T02:00,60000,2025-12-07T20:00,1
deal_0972@proposal,deal_0972,proposal,2025-11-05T20:00,60000,2025-12-07T20:00,1
deal_0973@qualified,deal_0973,qualified,2025-11-10T20:00,60000,2025-12-30T21:00,0
deal_0973@demo,deal_0973,demo,2025-11-15T21:00,60000,2025-12-30T21:00,0
deal_0973@proposal,deal_0973,proposal,2025-11-21T21:00,60000,2025-12-30T21:00,0
deal_0974@qualified,deal_0974,qualified,2025-06-18T21:00,12000,2025-09-03T08:00,1
deal_0974@demo,deal_0974,demo,2025-07-02T12:00,12000,2025-09-03T08:00,1
deal_0974@proposal,deal_0974,proposal,2025-07-26T08:00,12000,2025-09-03T08:00,1
deal_0975@qualified,deal_0975,qualified,2025-09-04T22:00,12000,2025-09-29T17:00,1
deal_0975@demo,deal_0975,demo,2025-09-15T21:00,12000,2025-09-29T17:00,1
deal_0975@proposal,deal_0975,proposal,2025-09-19T17:00,12000,2025-09-29T17:00,1
deal_0976@qualified,deal_0976,qualified,2025-11-15T12:00,24000,2025-12-23T09:00,0
deal_0976@demo,deal_0976,demo,2025-11-24T14:00,24000,2025-12-23T09:00,0
deal_0976@proposal,deal_0976,proposal,2025-12-18T09:00,24000,2025-12-23T09:00,0
deal_0977@qualified,deal_0977,qualified,2025-09-30T05:00,12000,2025-11-16T11:00,0
deal_0977@demo,deal_0977,demo,2025-10-14T01:00,12000,2025-11-16T11:00,0
deal_0977@proposal,deal_0977,proposal,2025-10-24T11:00,12000,2025-11-16T11:00,0
deal_0978@qualified,deal_0978,qualified,2025-03-09T11:00,120000,2025-04-26T04:00,0
deal_0978@demo,deal_0978,demo,2025-03-16T21:00,120000,2025-04-26T04:00,0
deal_0978@proposal,deal_0978,proposal,2025-04-06T04:00,120000,2025-04-26T04:00,0
deal_0979@qualified,deal_0979,qualified,2025-05-30T23:00,120000,2025-07-16T22:00,0
deal_0979@demo,deal_0979,demo,2025-06-14T11:00,120000,2025-07-16T22:00,0
deal_0979@proposal,deal_0979,proposal,2025-06-21T22:00,120000,2025-07-16T22:00,0
deal_0980@qualified,deal_0980,qualified,2025-03-25T18:00,96000,2025-05-19T02:00,0
deal_0980@demo,deal_0980,demo,2025-04-16T01:00,96000,2025-05-19T02:00,0
deal_0980@proposal,deal_0980,proposal,2025-05-07T02:00,96000,2025-05-19T02:00,0
deal_0981@qualified,deal_0981,qualified,2025-05-21T04:00,36000,2025-06-29T02:00,1
deal_0981@demo,deal_0981,demo,2025-06-08T00:00,36000,2025-06-29T02:00,1
deal_0981@proposal,deal_0981,proposal,2025-06-11T02:00,36000,2025-06-29T02:00,1
deal_0982@qualified,deal_0982,qualified,2025-11-15T10:00,12000,2026-01-02T19:00,1
deal_0982@demo,deal_0982,demo,2025-11-30T09:00,12000,2026-01-02T19:00,1
deal_0982@proposal,deal_0982,proposal,2025-12-21T19:00,12000,2026-01-02T19:00,1
deal_0983@qualified,deal_0983,qualified,2025-11-08T20:00,60000,2026-01-02T23:00,0
deal_0983@demo,deal_0983,demo,2025-11-21T11:00,60000,2026-01-02T23:00,0
deal_0983@proposal,deal_0983,proposal,2025-11-24T23:00,60000,2026-01-02T23:00,0
deal_0984@qualified,deal_0984,qualified,2025-04-14T13:00,18000,2025-05-22T08:00,0
deal_0984@demo,deal_0984,demo,2025-04-23T06:00,18000,2025-05-22T08:00,0
deal_0984@proposal,deal_0984,proposal,2025-05-04T08:00,18000,2025-05-22T08:00,0
deal_0985@qualified,deal_0985,qualified,2025-10-26T12:00,24000,2025-12-03T12:00,0
deal_0985@demo,deal_0985,demo,2025-11-13T16:00,24000,2025-12-03T12:00,0
deal_0985@proposal,deal_0985,proposal,2025-11-22T12:00,24000,2025-12-03T12:00,0
deal_0986@qualified,deal_0986,qualified,2025-12-10T15:00,96000,2026-01-25T14:00,1
deal_0986@demo,deal_0986,demo,2025-12-29T12:00,96000,2026-01-25T14:00,1
deal_0986@proposal,deal_0986,proposal,2026-01-19T14:00,96000,2026-01-25T14:00,1
deal_0987@qualified,deal_0987,qualified,2025-04-30T13:00,96000,2025-07-16T23:00,0
deal_0987@demo,deal_0987,demo,2025-05-17T09:00,96000,2025-07-16T23:00,0
deal_0987@proposal,deal_0987,proposal,2025-06-06T23:00,96000,2025-07-16T23:00,0
deal_0988@qualified,deal_0988,qualified,2025-05-17T07:00,48000,2025-07-25T22:00,0
deal_0988@demo,deal_0988,demo,2025-06-07T18:00,48000,2025-07-25T22:00,0
deal_0988@proposal,deal_0988,proposal,2025-06-16T22:00,48000,2025-07-25T22:00,0
deal_0989@qualified,deal_0989,qualified,2025-10-02T02:00,120000,2025-12-05T01:00,0
deal_0989@demo,deal_0989,demo,2025-10-23T19:00,120000,2025-12-05T01:00,0
deal_0989@proposal,deal_0989,proposal,2025-10-29T01:00,120000,2025-12-05T01:00,0
deal_0990@qualified,deal_0990,qualified,2025-08-10T06:00,60000,2025-10-16T09:00,0
deal_0990@demo,deal_0990,demo,2025-08-20T16:00,60000,2025-10-16T09:00,0
deal_0990@proposal,deal_0990,proposal,2025-09-08T09:00,60000,2025-10-16T09:00,0
deal_0991@qualified,deal_0991,qualified,2025-12-06T13:00,36000,2026-02-20T21:00,0
deal_0991@demo,deal_0991,demo,2025-12-21T15:00,36000,2026-02-20T21:00,0
deal_0991@proposal,deal_0991,proposal,2026-01-12T21:00,36000,2026-02-20T21:00,0
deal_0992@qualified,deal_0992,qualified,2025-01-27T22:00,12000,2025-02-26T17:00,0
deal_0992@demo,deal_0992,demo,2025-02-17T05:00,12000,2025-02-26T17:00,0
deal_0992@proposal,deal_0992,proposal,2025-02-20T17:00,12000,2025-02-26T17:00,0
deal_0993@qualified,deal_0993,qualified,2025-09-14T04:00,60000,2025-10-15T01:00,0
deal_0993@demo,deal_0993,demo,2025-09-19T05:00,60000,2025-10-15T01:00,0
deal_0993@proposal,deal_0993,proposal,2025-10-03T01:00,60000,2025-10-15T01:00,0
deal_0994@qualified,deal_0994,qualified,2025-09-13T09:00,24000,2025-12-01T06:00,0
deal_0994@demo,deal_0994,demo,2025-10-08T02:00,24000,2025-12-01T06:00,0
deal_0994@proposal,deal_0994,proposal,2025-10-28T06:00,24000,2025-12-01T06:00,0
deal_0995@qualified,deal_0995,qualified,2025-05-18T17:00,60000,2025-07-24T22:00,0
deal_0995@demo,deal_0995,demo,2025-06-05T23:00,60000,2025-07-24T22:00,0
deal_0995@proposal,deal_0995,proposal,2025-06-18T22:00,60000,2025-07-24T22:00,0
deal_0996@qualified,deal_0996,qualified,2025-02-03T04:00,18000,2025-03-11T09:00,0
deal_0996@demo,deal_0996,demo,2025-02-08T21:00,18000,2025-03-11T09:00,0
deal_0996@proposal,deal_0996,proposal,2025-02-14T09:00,18000,2025-03-11T09:00,0
deal_0997@qualified,deal_0997,qualified,2025-02-27T03:00,18000,2025-05-11T20:00,0
deal_0997@demo,deal_0997,demo,2025-03-20T04:00,18000,2025-05-11T20:00,0
deal_0997@proposal,deal_0997,proposal,2025-04-11T20:00,18000,2025-05-11T20:00,0
deal_0998@qualified,deal_0998,qualified,2025-05-22T05:00,36000,2025-07-26T00:00,0
deal_0998@demo,deal_0998,demo,2025-06-10T14:00,36000,2025-07-26T00:00,0
deal_0998@proposal,deal_0998,proposal,2025-06-16T00:00,36000,2025-07-26T00:00,0
deal_0999@qualified,deal_0999,qualified,2025-06-07T08:00,96000,2025-07-14T15:00,0
deal_0999@demo,deal_0999,demo,2025-06-14T03:00,96000,2025-07-14T15:00,0
deal_0999@proposal,deal_0999,proposal,2025-06-26T15:00,96000,2025-07-14T15:00,0
deal_1000@qualified,deal_1000,qualified,2025-03-16T17:00,36000,2025-05-08T11:00,1
deal_1000@demo,deal_1000,demo,2025-04-10T04:00,36000,2025-05-08T11:00,1
deal_1000@proposal,deal_1000,proposal,2025-04-20T11:00,36000,2025-05-08T11:00,1
deal_1001@qualified,deal_1001,qualified,2025-03-19T18:00,24000,2025-05-23T17:00,0
deal_1001@demo,deal_1001,demo,2025-04-07T02:00,24000,2025-05-23T17:00,0
deal_1001@proposal,deal_1001,proposal,2025-04-25T17:00,24000,2025-05-23T17:00,0
deal_1002@qualified,deal_1002,qualified,2025-12-05T10:00,18000,2026-01-19T00:00,0
deal_1002@demo,deal_1002,demo,2025-12-28T02:00,18000,2026-01-19T00:00,0
deal_1002@proposal,deal_1002,proposal,2026-01-07T00:00,18000,2026-01-19T00:00,0
deal_1003@qualified,deal_1003,qualified,2025-07-16T04:00,36000,2025-08-14T08:00,0
deal_1003@demo,deal_1003,demo,2025-07-21T21:00,36000,2025-08-14T08:00,0
deal_1003@proposal,deal_1003,proposal,2025-08-02T08:00,36000,2025-08-14T08:00,0
deal_1004@qualified,deal_1004,qualified,2025-12-10T11:00,60000,2026-01-29T14:00,0
deal_1004@demo,deal_1004,demo,2025-12-31T13:00,60000,2026-01-29T14:00,0
deal_1004@proposal,deal_1004,proposal,2026-01-11T14:00,60000,2026-01-29T14:00,0
deal_1005@qualified,deal_1005,qualified,2025-04-12T03:00,120000,2025-05-25T01:00,1
deal_1005@demo,deal_1005,demo,2025-04-28T19:00,120000,2025-05-25T01:00,1
deal_1005@proposal,deal_1005,proposal,2025-05-16T01:00,120000,2025-05-25T01:00,1
deal_1006@qualified,deal_1006,qualified,2025-06-10T23:00,60000,2025-08-01T13:00,1
deal_1006@demo,deal_1006,demo,2025-06-18T05:00,60000,2025-08-01T13:00,1
deal_1006@proposal,deal_1006,proposal,2025-06-25T13:00,60000,2025-08-01T13:00,1
deal_1007@qualified,deal_1007,qualified,2025-05-08T13:00,120000,2025-06-25T17:00,0
deal_1007@demo,deal_1007,demo,2025-06-02T09:00,120000,2025-06-25T17:00,0
deal_1007@proposal,deal_1007,proposal,2025-06-10T17:00,120000,2025-06-25T17:00,0
deal_1008@qualified,deal_1008,qualified,2025-07-11T00:00,24000,2025-09-04T00:00,0
deal_1008@demo,deal_1008,demo,2025-07-17T04:00,24000,2025-09-04T00:00,0
deal_1008@proposal,deal_1008,proposal,2025-08-10T00:00,24000,2025-09-04T00:00,0
deal_1009@qualified,deal_1009,qualified,2025-10-21T09:00,60000,2025-12-14T07:00,0
deal_1009@demo,deal_1009,demo,2025-10-23T12:00,60000,2025-12-14T07:00,0
deal_1009@proposal,deal_1009,proposal,2025-11-11T07:00,60000,2025-12-14T07:00,0
deal_1010@qualified,deal_1010,qualified,2025-04-13T15:00,18000,2025-06-08T08:00,0
deal_1010@demo,deal_1010,demo,2025-04-22T01:00,18000,2025-06-08T08:00,0
deal_1010@proposal,deal_1010,proposal,2025-05-12T08:00,18000,2025-06-08T08:00,0
deal_1011@qualified,deal_1011,qualified,2025-05-25T02:00,12000,2025-07-30T17:00,0
deal_1011@demo,deal_1011,demo,2025-06-14T13:00,12000,2025-07-30T17:00,0
deal_1011@proposal,deal_1011,proposal,2025-06-26T17:00,12000,2025-07-30T17:00,0
deal_1012@qualified,deal_1012,qualified,2025-07-25T14:00,120000,2025-09-15T03:00,0
deal_1012@demo,deal_1012,demo,2025-08-14T16:00,120000,2025-09-15T03:00,0
deal_1012@proposal,deal_1012,proposal,2025-08-25T03:00,120000,2025-09-15T03:00,0
deal_1013@qualified,deal_1013,qualified,2025-08-14T21:00,18000,2025-09-26T16:00,0
deal_1013@demo,deal_1013,demo,2025-08-28T12:00,18000,2025-09-26T16:00,0
deal_1013@proposal,deal_1013,proposal,2025-09-18T16:00,18000,2025-09-26T16:00,0
deal_1014@qualified,deal_1014,qualified,2025-10-14T19:00,36000,2025-11-26T15:00,0
deal_1014@demo,deal_1014,demo,2025-10-20T22:00,36000,2025-11-26T15:00,0
deal_1014@proposal,deal_1014,proposal,2025-10-23T15:00,36000,2025-11-26T15:00,0
deal_1015@qualified,deal_1015,qualified,2025-03-29T10:00,120000,2025-04-30T15:00,0
deal_1015@demo,deal_1015,demo,2025-04-04T11:00,120000,2025-04-30T15:00,0
deal_1015@proposal,deal_1015,proposal,2025-04-07T15:00,120000,2025-04-30T15:00,0
deal_1016@qualified,deal_1016,qualified,2025-06-13T00:00,60000,2025-08-25T04:00,0
deal_1016@demo,deal_1016,demo,2025-07-07T10:00,60000,2025-08-25T04:00,0
deal_1016@proposal,deal_1016,proposal,2025-07-27T04:00,60000,2025-08-25T04:00,0
deal_1017@qualified,deal_1017,qualified,2025-03-20T03:00,36000,2025-04-21T09:00,1
deal_1017@demo,deal_1017,demo,2025-03-22T19:00,36000,2025-04-21T09:00,1
deal_1017@proposal,deal_1017,proposal,2025-03-31T09:00,36000,2025-04-21T09:00,1
deal_1018@qualified,deal_1018,qualified,2025-07-16T15:00,18000,2025-09-03T12:00,0
deal_1018@demo,deal_1018,demo,2025-08-04T10:00,18000,2025-09-03T12:00,0
deal_1018@proposal,deal_1018,proposal,2025-08-08T12:00,18000,2025-09-03T12:00,0
deal_1019@qualified,deal_1019,qualified,2025-10-02T23:00,120000,2025-12-01T12:00,0
deal_1019@demo,deal_1019,demo,2025-10-18T04:00,120000,2025-12-01T12:00,0
deal_1019@proposal,deal_1019,proposal,2025-11-06T12:00,120000,2025-12-01T12:00,0
deal_1020@qualified,deal_1020,qualified,2025-06-14T17:00,36000,2025-08-04T18:00,0
deal_1020@demo,deal_1020,demo,2025-06-29T09:00,36000,2025-08-04T18:00,0
deal_1020@proposal,deal_1020,proposal,2025-07-08T18:00,36000,2025-08-04T18:00,0
deal_1021@qualified,deal_1021,qualified,2025-09-01T22:00,120000,2025-10-01T18:00,0
deal_1021@demo,deal_1021,demo,2025-09-09T08:00,120000,2025-10-01T18:00,0
deal_1021@proposal,deal_1021,proposal,2025-09-18T18:00,120000,2025-10-01T18:00,0
deal_1022@qualified,deal_1022,qualified,2025-02-13T10:00,120000,2025-04-06T04:00,0
deal_1022@demo,deal_1022,demo,2025-02-15T11:00,120000,2025-04-06T04:00,0
deal_1022@proposal,deal_1022,proposal,2025-02-28T04:00,120000,2025-04-06T04:00,0
deal_1023@qualified,deal_1023,qualified,2025-03-03T14:00,36000,2025-04-05T03:00,1
deal_1023@demo,deal_1023,demo,2025-03-10T02:00,36000,2025-04-05T03:00,1
deal_1023@proposal,deal_1023,proposal,2025-03-12T03:00,36000,2025-04-05T03:00,1
deal_1024@qualified,deal_1024,qualified,2025-11-28T16:00,24000,2026-01-11T07:00,0
deal_1024@demo,deal_1024,demo,2025-12-07T20:00,24000,2026-01-11T07:00,0
deal_1024@proposal,deal_1024,proposal,2025-12-27T07:00,24000,2026-01-11T07:00,0
deal_1025@qualified,deal_1025,qualified,2025-08-16T08:00,120000,2025-09-27T13:00,0
deal_1025@demo,deal_1025,demo,2025-08-25T22:00,120000,2025-09-27T13:00,0
deal_1025@proposal,deal_1025,proposal,2025-09-06T13:00,120000,2025-09-27T13:00,0
deal_1026@qualified,deal_1026,qualified,2025-03-12T15:00,120000,2025-05-02T04:00,1
deal_1026@demo,deal_1026,demo,2025-04-04T01:00,120000,2025-05-02T04:00,1
deal_1026@proposal,deal_1026,proposal,2025-04-14T04:00,120000,2025-05-02T04:00,1
deal_1027@qualified,deal_1027,qualified,2025-08-19T13:00,48000,2025-10-21T18:00,0
deal_1027@demo,deal_1027,demo,2025-09-06T15:00,48000,2025-10-21T18:00,0
deal_1027@proposal,deal_1027,proposal,2025-09-28T18:00,48000,2025-10-21T18:00,0
deal_1028@qualified,deal_1028,qualified,2025-02-09T05:00,12000,2025-05-01T08:00,1
deal_1028@demo,deal_1028,demo,2025-02-27T06:00,12000,2025-05-01T08:00,1
deal_1028@proposal,deal_1028,proposal,2025-03-23T08:00,12000,2025-05-01T08:00,1
deal_1029@qualified,deal_1029,qualified,2025-03-16T10:00,36000,2025-05-10T23:00,0
deal_1029@demo,deal_1029,demo,2025-04-09T00:00,36000,2025-05-10T23:00,0
deal_1029@proposal,deal_1029,proposal,2025-04-17T23:00,36000,2025-05-10T23:00,0
deal_1030@qualified,deal_1030,qualified,2025-04-05T02:00,36000,2025-06-24T01:00,1
deal_1030@demo,deal_1030,demo,2025-04-28T02:00,36000,2025-06-24T01:00,1
deal_1030@proposal,deal_1030,proposal,2025-05-21T01:00,36000,2025-06-24T01:00,1
deal_1031@qualified,deal_1031,qualified,2025-03-19T21:00,120000,2025-05-11T19:00,0
deal_1031@demo,deal_1031,demo,2025-03-27T17:00,120000,2025-05-11T19:00,0
deal_1031@proposal,deal_1031,proposal,2025-04-18T19:00,120000,2025-05-11T19:00,0
deal_1032@qualified,deal_1032,qualified,2025-02-08T01:00,96000,2025-03-15T07:00,0
deal_1032@demo,deal_1032,demo,2025-02-13T00:00,96000,2025-03-15T07:00,0
deal_1032@proposal,deal_1032,proposal,2025-03-03T07:00,96000,2025-03-15T07:00,0
deal_1033@qualified,deal_1033,qualified,2025-10-20T05:00,60000,2025-12-11T21:00,0
deal_1033@demo,deal_1033,demo,2025-11-03T23:00,60000,2025-12-11T21:00,0
deal_1033@proposal,deal_1033,proposal,2025-11-22T21:00,60000,2025-12-11T21:00,0
deal_1034@qualified,deal_1034,qualified,2025-05-13T19:00,60000,2025-06-19T12:00,0
deal_1034@demo,deal_1034,demo,2025-05-30T00:00,60000,2025-06-19T12:00,0
deal_1034@proposal,deal_1034,proposal,2025-06-03T12:00,60000,2025-06-19T12:00,0
deal_1035@qualified,deal_1035,qualified,2025-08-29T13:00,48000,2025-10-10T18:00,0
deal_1035@demo,deal_1035,demo,2025-09-01T22:00,48000,2025-10-10T18:00,0
deal_1035@proposal,deal_1035,proposal,2025-09-17T18:00,48000,2025-10-10T18:00,0
deal_1036@qualified,deal_1036,qualified,2025-09-03T16:00,120000,2025-10-28T23:00,1
deal_1036@demo,deal_1036,demo,2025-09-20T20:00,120000,2025-10-28T23:00,1
deal_1036@proposal,deal_1036,proposal,2025-10-09T23:00,120000,2025-10-28T23:00,1
deal_1037@qualified,deal_1037,qualified,2025-08-26T07:00,96000,2025-10-24T11:00,0
deal_1037@demo,deal_1037,demo,2025-09-15T12:00,96000,2025-10-24T11:00,0
deal_1037@proposal,deal_1037,proposal,2025-09-21T11:00,96000,2025-10-24T11:00,0
deal_1038@qualified,deal_1038,qualified,2025-05-30T22:00,24000,2025-07-18T16:00,1
deal_1038@demo,deal_1038,demo,2025-06-02T12:00,24000,2025-07-18T16:00,1
deal_1038@proposal,deal_1038,proposal,2025-06-25T16:00,24000,2025-07-18T16:00,1
deal_1039@qualified,deal_1039,qualified,2025-02-28T19:00,48000,2025-04-08T22:00,1
deal_1039@demo,deal_1039,demo,2025-03-12T15:00,48000,2025-04-08T22:00,1
deal_1039@proposal,deal_1039,proposal,2025-03-14T22:00,48000,2025-04-08T22:00,1
deal_1040@qualified,deal_1040,qualified,2025-07-16T03:00,18000,2025-09-04T13:00,0
deal_1040@demo,deal_1040,demo,2025-08-07T19:00,18000,2025-09-04T13:00,0
deal_1040@proposal,deal_1040,proposal,2025-08-29T13:00,18000,2025-09-04T13:00,0
deal_1041@qualified,deal_1041,qualified,2025-09-09T03:00,36000,2025-10-09T17:00,1
deal_1041@demo,deal_1041,demo,2025-09-22T18:00,36000,2025-10-09T17:00,1
deal_1041@proposal,deal_1041,proposal,2025-09-25T17:00,36000,2025-10-09T17:00,1
deal_1042@qualified,deal_1042,qualified,2025-07-29T10:00,18000,2025-09-15T07:00,0
deal_1042@demo,deal_1042,demo,2025-08-21T02:00,18000,2025-09-15T07:00,0
deal_1042@proposal,deal_1042,proposal,2025-08-23T07:00,18000,2025-09-15T07:00,0
deal_1043@qualified,deal_1043,qualified,2025-08-19T15:00,96000,2025-10-07T04:00,1
deal_1043@demo,deal_1043,demo,2025-09-03T00:00,96000,2025-10-07T04:00,1
deal_1043@proposal,deal_1043,proposal,2025-09-26T04:00,96000,2025-10-07T04:00,1
deal_1044@qualified,deal_1044,qualified,2025-02-03T11:00,120000,2025-03-06T04:00,0
deal_1044@demo,deal_1044,demo,2025-02-09T05:00,120000,2025-03-06T04:00,0
deal_1044@proposal,deal_1044,proposal,2025-02-17T04:00,120000,2025-03-06T04:00,0
deal_1045@qualified,deal_1045,qualified,2025-03-04T12:00,24000,2025-05-03T04:00,0
deal_1045@demo,deal_1045,demo,2025-03-18T03:00,24000,2025-05-03T04:00,0
deal_1045@proposal,deal_1045,proposal,2025-03-30T04:00,24000,2025-05-03T04:00,0
deal_1046@qualified,deal_1046,qualified,2025-08-12T07:00,60000,2025-10-06T14:00,1
deal_1046@demo,deal_1046,demo,2025-08-29T10:00,60000,2025-10-06T14:00,1
deal_1046@proposal,deal_1046,proposal,2025-09-15T14:00,60000,2025-10-06T14:00,1
deal_1047@qualified,deal_1047,qualified,2025-10-05T09:00,12000,2025-11-24T05:00,1
deal_1047@demo,deal_1047,demo,2025-10-27T22:00,12000,2025-11-24T05:00,1
deal_1047@proposal,deal_1047,proposal,2025-10-31T05:00,12000,2025-11-24T05:00,1
deal_1048@qualified,deal_1048,qualified,2025-03-10T19:00,96000,2025-05-27T13:00,0
deal_1048@demo,deal_1048,demo,2025-03-24T11:00,96000,2025-05-27T13:00,0
deal_1048@proposal,deal_1048,proposal,2025-04-17T13:00,96000,2025-05-27T13:00,0
deal_1049@qualified,deal_1049,qualified,2025-09-14T15:00,60000,2025-11-21T04:00,0
deal_1049@demo,deal_1049,demo,2025-10-01T20:00,60000,2025-11-21T04:00,0
deal_1049@proposal,deal_1049,proposal,2025-10-16T04:00,60000,2025-11-21T04:00,0
deal_1050@qualified,deal_1050,qualified,2025-06-19T19:00,36000,2025-07-19T18:00,0
deal_1050@demo,deal_1050,demo,2025-06-22T07:00,36000,2025-07-19T18:00,0
deal_1050@proposal,deal_1050,proposal,2025-07-08T18:00,36000,2025-07-19T18:00,0
deal_1051@qualified,deal_1051,qualified,2025-03-16T05:00,12000,2025-04-14T12:00,0
deal_1051@demo,deal_1051,demo,2025-03-20T14:00,12000,2025-04-14T12:00,0
deal_1051@proposal,deal_1051,proposal,2025-04-07T12:00,12000,2025-04-14T12:00,0
deal_1052@qualified,deal_1052,qualified,2025-07-22T03:00,120000,2025-09-30T01:00,0
deal_1052@demo,deal_1052,demo,2025-08-08T21:00,120000,2025-09-30T01:00,0
deal_1052@proposal,deal_1052,proposal,2025-08-30T01:00,120000,2025-09-30T01:00,0
deal_1053@qualified,deal_1053,qualified,2025-08-17T09:00,18000,2025-09-27T08:00,0
deal_1053@demo,deal_1053,demo,2025-08-28T05:00,18000,2025-09-27T08:00,0
deal_1053@proposal,deal_1053,proposal,2025-09-01T08:00,18000,2025-09-27T08:00,0
deal_1054@qualified,deal_1054,qualified,2025-08-18T08:00,24000,2025-10-18T08:00,0
deal_1054@demo,deal_1054,demo,2025-08-30T08:00,24000,2025-10-18T08:00,0
deal_1054@proposal,deal_1054,proposal,2025-09-08T08:00,24000,2025-10-18T08:00,0
deal_1055@qualified,deal_1055,qualified,2025-11-30T06:00,12000,2026-01-14T07:00,0
deal_1055@demo,deal_1055,demo,2025-12-10T13:00,12000,2026-01-14T07:00,0
deal_1055@proposal,deal_1055,proposal,2026-01-04T07:00,12000,2026-01-14T07:00,0
deal_1056@qualified,deal_1056,qualified,2025-04-15T06:00,18000,2025-06-03T04:00,0
deal_1056@demo,deal_1056,demo,2025-04-19T18:00,18000,2025-06-03T04:00,0
deal_1056@proposal,deal_1056,proposal,2025-05-04T04:00,18000,2025-06-03T04:00,0
deal_1057@qualified,deal_1057,qualified,2025-09-19T04:00,60000,2025-11-02T09:00,1
deal_1057@demo,deal_1057,demo,2025-10-01T04:00,60000,2025-11-02T09:00,1
deal_1057@proposal,deal_1057,proposal,2025-10-14T09:00,60000,2025-11-02T09:00,1
deal_1058@qualified,deal_1058,qualified,2025-06-04T22:00,24000,2025-08-07T11:00,0
deal_1058@demo,deal_1058,demo,2025-06-15T09:00,24000,2025-08-07T11:00,0
deal_1058@proposal,deal_1058,proposal,2025-07-05T11:00,24000,2025-08-07T11:00,0
deal_1059@qualified,deal_1059,qualified,2025-10-07T17:00,48000,2025-12-02T05:00,0
deal_1059@demo,deal_1059,demo,2025-10-23T02:00,48000,2025-12-02T05:00,0
deal_1059@proposal,deal_1059,proposal,2025-11-15T05:00,48000,2025-12-02T05:00,0
deal_1060@qualified,deal_1060,qualified,2025-06-17T08:00,36000,2025-08-04T20:00,0
deal_1060@demo,deal_1060,demo,2025-07-08T13:00,36000,2025-08-04T20:00,0
deal_1060@proposal,deal_1060,proposal,2025-07-11T20:00,36000,2025-08-04T20:00,0
deal_1061@qualified,deal_1061,qualified,2025-07-28T00:00,48000,2025-09-05T16:00,1
deal_1061@demo,deal_1061,demo,2025-08-02T20:00,48000,2025-09-05T16:00,1
deal_1061@proposal,deal_1061,proposal,2025-08-06T16:00,48000,2025-09-05T16:00,1
deal_1062@qualified,deal_1062,qualified,2025-08-23T06:00,96000,2025-10-09T20:00,1
deal_1062@demo,deal_1062,demo,2025-09-09T21:00,96000,2025-10-09T20:00,1
deal_1062@proposal,deal_1062,proposal,2025-09-19T20:00,96000,2025-10-09T20:00,1
deal_1063@qualified,deal_1063,qualified,2025-08-03T17:00,120000,2025-09-30T15:00,0
deal_1063@demo,deal_1063,demo,2025-08-20T23:00,120000,2025-09-30T15:00,0
deal_1063@proposal,deal_1063,proposal,2025-09-14T15:00,120000,2025-09-30T15:00,0
deal_1064@qualified,deal_1064,qualified,2025-04-17T03:00,24000,2025-06-13T06:00,0
deal_1064@demo,deal_1064,demo,2025-05-04T21:00,24000,2025-06-13T06:00,0
deal_1064@proposal,deal_1064,proposal,2025-05-09T06:00,24000,2025-06-13T06:00,0
deal_1065@qualified,deal_1065,qualified,2025-03-25T09:00,12000,2025-05-08T11:00,1
deal_1065@demo,deal_1065,demo,2025-04-04T15:00,12000,2025-05-08T11:00,1
deal_1065@proposal,deal_1065,proposal,2025-04-08T11:00,12000,2025-05-08T11:00,1
deal_1066@qualified,deal_1066,qualified,2025-09-20T11:00,24000,2025-10-24T12:00,1
deal_1066@demo,deal_1066,demo,2025-10-08T21:00,24000,2025-10-24T12:00,1
deal_1066@proposal,deal_1066,proposal,2025-10-19T12:00,24000,2025-10-24T12:00,1
deal_1067@qualified,deal_1067,qualified,2025-09-15T18:00,12000,2025-11-19T20:00,1
deal_1067@demo,deal_1067,demo,2025-10-07T17:00,12000,2025-11-19T20:00,1
deal_1067@proposal,deal_1067,proposal,2025-10-23T20:00,12000,2025-11-19T20:00,1
deal_1068@qualified,deal_1068,qualified,2025-10-29T20:00,24000,2025-11-25T11:00,0
deal_1068@demo,deal_1068,demo,2025-11-02T06:00,24000,2025-11-25T11:00,0
deal_1068@proposal,deal_1068,proposal,2025-11-13T11:00,24000,2025-11-25T11:00,0
deal_1069@qualified,deal_1069,qualified,2025-10-09T06:00,24000,2025-11-27T21:00,0
deal_1069@demo,deal_1069,demo,2025-10-11T08:00,24000,2025-11-27T21:00,0
deal_1069@proposal,deal_1069,proposal,2025-10-24T21:00,24000,2025-11-27T21:00,0
deal_1070@qualified,deal_1070,qualified,2025-10-16T19:00,60000,2025-12-10T02:00,0
deal_1070@demo,deal_1070,demo,2025-11-10T14:00,60000,2025-12-10T02:00,0
deal_1070@proposal,deal_1070,proposal,2025-11-22T02:00,60000,2025-12-10T02:00,0
deal_1071@qualified,deal_1071,qualified,2025-09-23T02:00,96000,2025-11-22T04:00,0
deal_1071@demo,deal_1071,demo,2025-09-29T00:00,96000,2025-11-22T04:00,0
deal_1071@proposal,deal_1071,proposal,2025-10-19T04:00,96000,2025-11-22T04:00,0
deal_1072@qualified,deal_1072,qualified,2025-07-07T08:00,12000,2025-08-28T07:00,0
deal_1072@demo,deal_1072,demo,2025-07-13T22:00,12000,2025-08-28T07:00,0
deal_1072@proposal,deal_1072,proposal,2025-07-20T07:00,12000,2025-08-28T07:00,0
deal_1073@qualified,deal_1073,qualified,2025-09-27T03:00,12000,2025-11-20T16:00,1
deal_1073@demo,deal_1073,demo,2025-10-12T13:00,12000,2025-11-20T16:00,1
deal_1073@proposal,deal_1073,proposal,2025-10-18T16:00,12000,2025-11-20T16:00,1
deal_1074@qualified,deal_1074,qualified,2025-03-07T09:00,18000,2025-04-25T08:00,1
deal_1074@demo,deal_1074,demo,2025-03-16T21:00,18000,2025-04-25T08:00,1
deal_1074@proposal,deal_1074,proposal,2025-04-05T08:00,18000,2025-04-25T08:00,1
deal_1075@qualified,deal_1075,qualified,2025-05-31T21:00,12000,2025-07-06T13:00,1
deal_1075@demo,deal_1075,demo,2025-06-10T00:00,12000,2025-07-06T13:00,1
deal_1075@proposal,deal_1075,proposal,2025-06-25T13:00,12000,2025-07-06T13:00,1
deal_1076@qualified,deal_1076,qualified,2025-05-18T12:00,18000,2025-06-25T11:00,0
deal_1076@demo,deal_1076,demo,2025-05-23T14:00,18000,2025-06-25T11:00,0
deal_1076@proposal,deal_1076,proposal,2025-06-06T11:00,18000,2025-06-25T11:00,0
deal_1077@qualified,deal_1077,qualified,2025-11-10T07:00,36000,2025-12-28T05:00,1
deal_1077@demo,deal_1077,demo,2025-11-19T00:00,36000,2025-12-28T05:00,1
deal_1077@proposal,deal_1077,proposal,2025-12-08T05:00,36000,2025-12-28T05:00,1
deal_1078@qualified,deal_1078,qualified,2025-06-09T07:00,120000,2025-07-20T10:00,1
deal_1078@demo,deal_1078,demo,2025-06-14T12:00,120000,2025-07-20T10:00,1
deal_1078@proposal,deal_1078,proposal,2025-07-03T10:00,120000,2025-07-20T10:00,1
deal_1079@qualified,deal_1079,qualified,2025-07-29T21:00,60000,2025-09-08T13:00,0
deal_1079@demo,deal_1079,demo,2025-08-12T12:00,60000,2025-09-08T13:00,0
deal_1079@proposal,deal_1079,proposal,2025-09-01T13:00,60000,2025-09-08T13:00,0
deal_1080@qualified,deal_1080,qualified,2025-12-13T14:00,48000,2026-01-22T00:00,0
deal_1080@demo,deal_1080,demo,2025-12-21T04:00,48000,2026-01-22T00:00,0
deal_1080@proposal,deal_1080,proposal,2025-12-24T00:00,48000,2026-01-22T00:00,0
deal_1081@qualified,deal_1081,qualified,2025-07-06T12:00,18000,2025-08-20T12:00,0
deal_1081@demo,deal_1081,demo,2025-07-26T22:00,18000,2025-08-20T12:00,0
deal_1081@proposal,deal_1081,proposal,2025-08-08T12:00,18000,2025-08-20T12:00,0
deal_1082@qualified,deal_1082,qualified,2025-09-22T13:00,18000,2025-11-27T18:00,0
deal_1082@demo,deal_1082,demo,2025-10-12T12:00,18000,2025-11-27T18:00,0
deal_1082@proposal,deal_1082,proposal,2025-10-28T18:00,18000,2025-11-27T18:00,0
deal_1083@qualified,deal_1083,qualified,2025-03-24T10:00,12000,2025-05-06T03:00,0
deal_1083@demo,deal_1083,demo,2025-04-04T19:00,12000,2025-05-06T03:00,0
deal_1083@proposal,deal_1083,proposal,2025-04-27T03:00,12000,2025-05-06T03:00,0
deal_1084@qualified,deal_1084,qualified,2025-11-17T02:00,18000,2026-01-21T18:00,0
deal_1084@demo,deal_1084,demo,2025-12-07T12:00,18000,2026-01-21T18:00,0
deal_1084@proposal,deal_1084,proposal,2025-12-17T18:00,18000,2026-01-21T18:00,0
deal_1085@qualified,deal_1085,qualified,2025-04-22T02:00,12000,2025-05-18T22:00,0
deal_1085@demo,deal_1085,demo,2025-04-29T09:00,12000,2025-05-18T22:00,0
deal_1085@proposal,deal_1085,proposal,2025-05-09T22:00,12000,2025-05-18T22:00,0
deal_1086@qualified,deal_1086,qualified,2025-02-24T03:00,36000,2025-05-01T19:00,0
deal_1086@demo,deal_1086,demo,2025-03-08T05:00,36000,2025-05-01T19:00,0
deal_1086@proposal,deal_1086,proposal,2025-03-25T19:00,36000,2025-05-01T19:00,0
deal_1087@qualified,deal_1087,qualified,2025-04-22T13:00,48000,2025-05-31T14:00,0
deal_1087@demo,deal_1087,demo,2025-05-01T16:00,48000,2025-05-31T14:00,0
deal_1087@proposal,deal_1087,proposal,2025-05-17T14:00,48000,2025-05-31T14:00,0
deal_1088@qualified,deal_1088,qualified,2025-10-11T05:00,18000,2025-12-30T06:00,0
deal_1088@demo,deal_1088,demo,2025-10-30T08:00,18000,2025-12-30T06:00,0
deal_1088@proposal,deal_1088,proposal,2025-11-22T06:00,18000,2025-12-30T06:00,0
deal_1089@qualified,deal_1089,qualified,2025-08-05T19:00,96000,2025-10-01T21:00,0
deal_1089@demo,deal_1089,demo,2025-08-14T02:00,96000,2025-10-01T21:00,0
deal_1089@proposal,deal_1089,proposal,2025-08-22T21:00,96000,2025-10-01T21:00,0
deal_1090@qualified,deal_1090,qualified,2025-02-21T12:00,18000,2025-04-17T11:00,0
deal_1090@demo,deal_1090,demo,2025-03-09T09:00,18000,2025-04-17T11:00,0
deal_1090@proposal,deal_1090,proposal,2025-03-11T11:00,18000,2025-04-17T11:00,0
deal_1091@qualified,deal_1091,qualified,2025-05-15T02:00,36000,2025-06-21T21:00,0
deal_1091@demo,deal_1091,demo,2025-05-25T15:00,36000,2025-06-21T21:00,0
deal_1091@proposal,deal_1091,proposal,2025-06-11T21:00,36000,2025-06-21T21:00,0
deal_1092@qualified,deal_1092,qualified,2025-10-12T06:00,96000,2025-12-13T07:00,0
deal_1092@demo,deal_1092,demo,2025-10-14T19:00,96000,2025-12-13T07:00,0
deal_1092@proposal,deal_1092,proposal,2025-11-07T07:00,96000,2025-12-13T07:00,0
deal_1093@qualified,deal_1093,qualified,2025-11-25T13:00,36000,2025-12-17T22:00,1
deal_1093@demo,deal_1093,demo,2025-11-30T04:00,36000,2025-12-17T22:00,1
deal_1093@proposal,deal_1093,proposal,2025-12-10T22:00,36000,2025-12-17T22:00,1
deal_1094@qualified,deal_1094,qualified,2025-07-11T02:00,18000,2025-09-04T07:00,0
deal_1094@demo,deal_1094,demo,2025-07-29T06:00,18000,2025-09-04T07:00,0
deal_1094@proposal,deal_1094,proposal,2025-08-18T07:00,18000,2025-09-04T07:00,0
deal_1095@qualified,deal_1095,qualified,2025-08-21T15:00,24000,2025-11-01T06:00,0
deal_1095@demo,deal_1095,demo,2025-09-11T19:00,24000,2025-11-01T06:00,0
deal_1095@proposal,deal_1095,proposal,2025-09-23T06:00,24000,2025-11-01T06:00,0
deal_1096@qualified,deal_1096,qualified,2025-03-31T17:00,96000,2025-05-24T12:00,0
deal_1096@demo,deal_1096,demo,2025-04-06T07:00,96000,2025-05-24T12:00,0
deal_1096@proposal,deal_1096,proposal,2025-04-29T12:00,96000,2025-05-24T12:00,0
deal_1097@qualified,deal_1097,qualified,2025-11-18T12:00,36000,2026-01-26T06:00,0
deal_1097@demo,deal_1097,demo,2025-11-27T11:00,36000,2026-01-26T06:00,0
deal_1097@proposal,deal_1097,proposal,2025-12-20T06:00,36000,2026-01-26T06:00,0
deal_1098@qualified,deal_1098,qualified,2025-11-23T12:00,36000,2026-01-17T11:00,0
deal_1098@demo,deal_1098,demo,2025-12-15T13:00,36000,2026-01-17T11:00,0
deal_1098@proposal,deal_1098,proposal,2025-12-26T11:00,36000,2026-01-17T11:00,0
deal_1099@qualified,deal_1099,qualified,2025-09-21T22:00,36000,2025-11-03T08:00,0
deal_1099@demo,deal_1099,demo,2025-10-03T19:00,36000,2025-11-03T08:00,0
deal_1099@proposal,deal_1099,proposal,2025-10-16T08:00,36000,2025-11-03T08:00,0
deal_1100@qualified,deal_1100,qualified,2025-02-28T05:00,48000,2025-04-23T16:00,0
deal_1100@demo,deal_1100,demo,2025-03-11T20:00,48000,2025-04-23T16:00,0
deal_1100@proposal,deal_1100,proposal,2025-03-15T16:00,48000,2025-04-23T16:00,0
deal_1101@qualified,deal_1101,qualified,2025-06-30T08:00,24000,2025-08-09T12:00,0
deal_1101@demo,deal_1101,demo,2025-07-11T22:00,24000,2025-08-09T12:00,0
deal_1101@proposal,deal_1101,proposal,2025-07-15T12:00,24000,2025-08-09T12:00,0
deal_1102@qualified,deal_1102,qualified,2025-11-22T05:00,18000,2026-01-03T11:00,0
deal_1102@demo,deal_1102,demo,2025-12-08T05:00,18000,2026-01-03T11:00,0
deal_1102@proposal,deal_1102,proposal,2025-12-20T11:00,18000,2026-01-03T11:00,0
deal_1103@qualified,deal_1103,qualified,2025-01-30T13:00,60000,2025-04-18T05:00,0
deal_1103@demo,deal_1103,demo,2025-02-19T18:00,60000,2025-04-18T05:00,0
deal_1103@proposal,deal_1103,proposal,2025-03-16T05:00,60000,2025-04-18T05:00,0
deal_1104@qualified,deal_1104,qualified,2025-07-28T15:00,24000,2025-10-13T18:00,1
deal_1104@demo,deal_1104,demo,2025-08-10T17:00,24000,2025-10-13T18:00,1
deal_1104@proposal,deal_1104,proposal,2025-09-03T18:00,24000,2025-10-13T18:00,1
deal_1105@qualified,deal_1105,qualified,2025-10-04T22:00,96000,2025-11-18T11:00,0
deal_1105@demo,deal_1105,demo,2025-10-15T21:00,96000,2025-11-18T11:00,0
deal_1105@proposal,deal_1105,proposal,2025-10-26T11:00,96000,2025-11-18T11:00,0
deal_1106@qualified,deal_1106,qualified,2025-04-05T12:00,120000,2025-06-15T10:00,0
deal_1106@demo,deal_1106,demo,2025-04-17T08:00,120000,2025-06-15T10:00,0
deal_1106@proposal,deal_1106,proposal,2025-05-07T10:00,120000,2025-06-15T10:00,0
deal_1107@qualified,deal_1107,qualified,2025-05-18T05:00,18000,2025-06-15T02:00,0
deal_1107@demo,deal_1107,demo,2025-06-02T17:00,18000,2025-06-15T02:00,0
deal_1107@proposal,deal_1107,proposal,2025-06-05T02:00,18000,2025-06-15T02:00,0
deal_1108@qualified,deal_1108,qualified,2025-12-02T07:00,18000,2026-01-11T01:00,0
deal_1108@demo,deal_1108,demo,2025-12-14T10:00,18000,2026-01-11T01:00,0
deal_1108@proposal,deal_1108,proposal,2025-12-28T01:00,18000,2026-01-11T01:00,0
deal_1109@qualified,deal_1109,qualified,2025-09-22T08:00,48000,2025-10-25T17:00,0
deal_1109@demo,deal_1109,demo,2025-09-24T09:00,48000,2025-10-25T17:00,0
deal_1109@proposal,deal_1109,proposal,2025-10-04T17:00,48000,2025-10-25T17:00,0
deal_1110@qualified,deal_1110,qualified,2025-03-01T19:00,60000,2025-04-12T17:00,1
deal_1110@demo,deal_1110,demo,2025-03-18T07:00,60000,2025-04-12T17:00,1
deal_1110@proposal,deal_1110,proposal,2025-03-22T17:00,60000,2025-04-12T17:00,1
deal_1111@qualified,deal_1111,qualified,2025-11-23T19:00,96000,2026-02-02T19:00,0
deal_1111@demo,deal_1111,demo,2025-12-14T21:00,96000,2026-02-02T19:00,0
deal_1111@proposal,deal_1111,proposal,2025-12-25T19:00,96000,2026-02-02T19:00,0
deal_1112@qualified,deal_1112,qualified,2025-01-14T11:00,96000,2025-03-13T09:00,0
deal_1112@demo,deal_1112,demo,2025-01-18T21:00,96000,2025-03-13T09:00,0
deal_1112@proposal,deal_1112,proposal,2025-02-09T09:00,96000,2025-03-13T09:00,0
deal_1113@qualified,deal_1113,qualified,2025-04-26T18:00,36000,2025-06-29T15:00,0
deal_1113@demo,deal_1113,demo,2025-05-18T16:00,36000,2025-06-29T15:00,0
deal_1113@proposal,deal_1113,proposal,2025-05-21T15:00,36000,2025-06-29T15:00,0
deal_1114@qualified,deal_1114,qualified,2025-02-07T12:00,36000,2025-03-28T12:00,0
deal_1114@demo,deal_1114,demo,2025-03-02T13:00,36000,2025-03-28T12:00,0
deal_1114@proposal,deal_1114,proposal,2025-03-16T12:00,36000,2025-03-28T12:00,0
deal_1115@qualified,deal_1115,qualified,2025-08-15T11:00,60000,2025-08-28T10:00,0
deal_1115@demo,deal_1115,demo,2025-08-17T16:00,60000,2025-08-28T10:00,0
deal_1115@proposal,deal_1115,proposal,2025-08-23T10:00,60000,2025-08-28T10:00,0
deal_1116@qualified,deal_1116,qualified,2025-11-05T08:00,24000,2025-12-20T10:00,0
deal_1116@demo,deal_1116,demo,2025-11-10T08:00,24000,2025-12-20T10:00,0
deal_1116@proposal,deal_1116,proposal,2025-11-21T10:00,24000,2025-12-20T10:00,0
deal_1117@qualified,deal_1117,qualified,2025-08-01T12:00,24000,2025-09-22T11:00,0
deal_1117@demo,deal_1117,demo,2025-08-06T17:00,24000,2025-09-22T11:00,0
deal_1117@proposal,deal_1117,proposal,2025-08-29T11:00,24000,2025-09-22T11:00,0
deal_1118@qualified,deal_1118,qualified,2025-05-13T17:00,60000,2025-07-14T10:00,1
deal_1118@demo,deal_1118,demo,2025-05-20T20:00,60000,2025-07-14T10:00,1
deal_1118@proposal,deal_1118,proposal,2025-06-07T10:00,60000,2025-07-14T10:00,1
deal_1119@qualified,deal_1119,qualified,2025-01-17T11:00,96000,2025-03-23T09:00,0
deal_1119@demo,deal_1119,demo,2025-01-31T14:00,96000,2025-03-23T09:00,0
deal_1119@proposal,deal_1119,proposal,2025-02-19T09:00,96000,2025-03-23T09:00,0
deal_1120@qualified,deal_1120,qualified,2025-05-09T09:00,60000,2025-06-21T09:00,1
deal_1120@demo,deal_1120,demo,2025-05-26T20:00,60000,2025-06-21T09:00,1
deal_1120@proposal,deal_1120,proposal,2025-06-05T09:00,60000,2025-06-21T09:00,1
deal_1121@qualified,deal_1121,qualified,2025-07-06T18:00,36000,2025-09-13T16:00,1
deal_1121@demo,deal_1121,demo,2025-07-17T16:00,36000,2025-09-13T16:00,1
deal_1121@proposal,deal_1121,proposal,2025-08-06T16:00,36000,2025-09-13T16:00,1
deal_1122@qualified,deal_1122,qualified,2025-05-02T02:00,60000,2025-06-17T18:00,0
deal_1122@demo,deal_1122,demo,2025-05-09T19:00,60000,2025-06-17T18:00,0
deal_1122@proposal,deal_1122,proposal,2025-06-02T18:00,60000,2025-06-17T18:00,0
deal_1123@qualified,deal_1123,qualified,2025-08-22T19:00,36000,2025-10-16T08:00,0
deal_1123@demo,deal_1123,demo,2025-08-29T03:00,36000,2025-10-16T08:00,0
deal_1123@proposal,deal_1123,proposal,2025-09-22T08:00,36000,2025-10-16T08:00,0
deal_1124@qualified,deal_1124,qualified,2025-03-15T23:00,36000,2025-05-11T05:00,0
deal_1124@demo,deal_1124,demo,2025-04-06T18:00,36000,2025-05-11T05:00,0
deal_1124@proposal,deal_1124,proposal,2025-04-25T05:00,36000,2025-05-11T05:00,0
deal_1125@qualified,deal_1125,qualified,2025-08-17T19:00,60000,2025-10-06T14:00,0
deal_1125@demo,deal_1125,demo,2025-08-22T14:00,60000,2025-10-06T14:00,0
deal_1125@proposal,deal_1125,proposal,2025-09-02T14:00,60000,2025-10-06T14:00,0
deal_1126@qualified,deal_1126,qualified,2025-08-14T10:00,48000,2025-09-16T15:00,0
deal_1126@demo,deal_1126,demo,2025-08-17T00:00,48000,2025-09-16T15:00,0
deal_1126@proposal,deal_1126,proposal,2025-08-30T15:00,48000,2025-09-16T15:00,0
deal_1127@qualified,deal_1127,qualified,2025-10-19T05:00,36000,2025-12-31T17:00,0
deal_1127@demo,deal_1127,demo,2025-11-11T01:00,36000,2025-12-31T17:00,0
deal_1127@proposal,deal_1127,proposal,2025-12-04T17:00,36000,2025-12-31T17:00,0
deal_1128@qualified,deal_1128,qualified,2025-11-19T06:00,96000,2026-01-05T00:00,0
deal_1128@demo,deal_1128,demo,2025-12-13T10:00,96000,2026-01-05T00:00,0
deal_1128@proposal,deal_1128,proposal,2025-12-18T00:00,96000,2026-01-05T00:00,0
deal_1129@qualified,deal_1129,qualified,2025-08-23T22:00,48000,2025-10-11T07:00,0
deal_1129@demo,deal_1129,demo,2025-09-06T08:00,48000,2025-10-11T07:00,0
deal_1129@proposal,deal_1129,proposal,2025-09-27T07:00,48000,2025-10-11T07:00,0
deal_1130@qualified,deal_1130,qualified,2025-06-01T11:00,36000,2025-07-12T21:00,0
deal_1130@demo,deal_1130,demo,2025-06-05T06:00,36000,2025-07-12T21:00,0
deal_1130@proposal,deal_1130,proposal,2025-06-24T21:00,36000,2025-07-12T21:00,0
deal_1131@qualified,deal_1131,qualified,2025-02-09T20:00,48000,2025-03-20T14:00,0
deal_1131@demo,deal_1131,demo,2025-03-04T04:00,48000,2025-03-20T14:00,0
deal_1131@proposal,deal_1131,proposal,2025-03-15T14:00,48000,2025-03-20T14:00,0
deal_1132@qualified,deal_1132,qualified,2025-01-23T14:00,120000,2025-04-04T13:00,0
deal_1132@demo,deal_1132,demo,2025-02-05T17:00,120000,2025-04-04T13:00,0
deal_1132@proposal,deal_1132,proposal,2025-02-28T13:00,120000,2025-04-04T13:00,0
deal_1133@qualified,deal_1133,qualified,2025-02-12T02:00,36000,2025-03-21T15:00,0
deal_1133@demo,deal_1133,demo,2025-03-07T19:00,36000,2025-03-21T15:00,0
deal_1133@proposal,deal_1133,proposal,2025-03-10T15:00,36000,2025-03-21T15:00,0
deal_1134@qualified,deal_1134,qualified,2025-03-31T09:00,24000,2025-06-05T00:00,0
deal_1134@demo,deal_1134,demo,2025-04-21T02:00,24000,2025-06-05T00:00,0
deal_1134@proposal,deal_1134,proposal,2025-05-13T00:00,24000,2025-06-05T00:00,0
deal_1135@qualified,deal_1135,qualified,2025-06-29T00:00,18000,2025-09-06T11:00,0
deal_1135@demo,deal_1135,demo,2025-07-18T09:00,18000,2025-09-06T11:00,0
deal_1135@proposal,deal_1135,proposal,2025-08-03T11:00,18000,2025-09-06T11:00,0
deal_1136@qualified,deal_1136,qualified,2025-10-25T00:00,48000,2025-12-19T20:00,0
deal_1136@demo,deal_1136,demo,2025-11-13T16:00,48000,2025-12-19T20:00,0
deal_1136@proposal,deal_1136,proposal,2025-12-05T20:00,48000,2025-12-19T20:00,0
deal_1137@qualified,deal_1137,qualified,2025-10-02T08:00,36000,2025-11-07T15:00,0
deal_1137@demo,deal_1137,demo,2025-10-18T23:00,36000,2025-11-07T15:00,0
deal_1137@proposal,deal_1137,proposal,2025-11-01T15:00,36000,2025-11-07T15:00,0
deal_1138@qualified,deal_1138,qualified,2025-06-20T04:00,12000,2025-08-09T23:00,0
deal_1138@demo,deal_1138,demo,2025-06-24T00:00,12000,2025-08-09T23:00,0
deal_1138@proposal,deal_1138,proposal,2025-06-30T23:00,12000,2025-08-09T23:00,0
deal_1139@qualified,deal_1139,qualified,2025-12-03T11:00,24000,2026-01-19T06:00,0
deal_1139@demo,deal_1139,demo,2025-12-18T16:00,24000,2026-01-19T06:00,0
deal_1139@proposal,deal_1139,proposal,2026-01-03T06:00,24000,2026-01-19T06:00,0
deal_1140@qualified,deal_1140,qualified,2025-07-27T09:00,12000,2025-10-05T03:00,0
deal_1140@demo,deal_1140,demo,2025-08-11T20:00,12000,2025-10-05T03:00,0
deal_1140@proposal,deal_1140,proposal,2025-09-04T03:00,12000,2025-10-05T03:00,0
deal_1141@qualified,deal_1141,qualified,2025-09-11T17:00,36000,2025-10-23T05:00,0
deal_1141@demo,deal_1141,demo,2025-09-20T20:00,36000,2025-10-23T05:00,0
deal_1141@proposal,deal_1141,proposal,2025-10-10T05:00,36000,2025-10-23T05:00,0
deal_1142@qualified,deal_1142,qualified,2025-07-10T07:00,12000,2025-08-30T04:00,0
deal_1142@demo,deal_1142,demo,2025-07-18T23:00,12000,2025-08-30T04:00,0
deal_1142@proposal,deal_1142,proposal,2025-07-25T04:00,12000,2025-08-30T04:00,0
deal_1143@qualified,deal_1143,qualified,2025-09-18T13:00,48000,2025-11-24T20:00,0
deal_1143@demo,deal_1143,demo,2025-09-27T20:00,48000,2025-11-24T20:00,0
deal_1143@proposal,deal_1143,proposal,2025-10-22T20:00,48000,2025-11-24T20:00,0
deal_1144@qualified,deal_1144,qualified,2025-10-18T18:00,18000,2025-11-13T14:00,1
deal_1144@demo,deal_1144,demo,2025-11-01T05:00,18000,2025-11-13T14:00,1
deal_1144@proposal,deal_1144,proposal,2025-11-03T14:00,18000,2025-11-13T14:00,1
deal_1145@qualified,deal_1145,qualified,2025-06-18T13:00,12000,2025-09-08T10:00,0
deal_1145@demo,deal_1145,demo,2025-07-10T03:00,12000,2025-09-08T10:00,0
deal_1145@proposal,deal_1145,proposal,2025-07-30T10:00,12000,2025-09-08T10:00,0
deal_1146@qualified,deal_1146,qualified,2025-06-27T11:00,96000,2025-09-09T02:00,0
deal_1146@demo,deal_1146,demo,2025-07-13T13:00,96000,2025-09-09T02:00,0
deal_1146@proposal,deal_1146,proposal,2025-08-04T02:00,96000,2025-09-09T02:00,0
deal_1147@qualified,deal_1147,qualified,2025-02-10T13:00,60000,2025-04-03T17:00,0
deal_1147@demo,deal_1147,demo,2025-02-15T15:00,60000,2025-04-03T17:00,0
deal_1147@proposal,deal_1147,proposal,2025-02-24T17:00,60000,2025-04-03T17:00,0
deal_1148@qualified,deal_1148,qualified,2025-07-18T23:00,36000,2025-08-24T08:00,0
deal_1148@demo,deal_1148,demo,2025-08-05T03:00,36000,2025-08-24T08:00,0
deal_1148@proposal,deal_1148,proposal,2025-08-19T08:00,36000,2025-08-24T08:00,0
deal_1149@qualified,deal_1149,qualified,2025-09-27T14:00,60000,2025-11-16T00:00,0
deal_1149@demo,deal_1149,demo,2025-09-30T17:00,60000,2025-11-16T00:00,0
deal_1149@proposal,deal_1149,proposal,2025-10-23T00:00,60000,2025-11-16T00:00,0
deal_1150@qualified,deal_1150,qualified,2025-04-20T19:00,60000,2025-06-12T07:00,0
deal_1150@demo,deal_1150,demo,2025-04-24T06:00,60000,2025-06-12T07:00,0
deal_1150@proposal,deal_1150,proposal,2025-05-09T07:00,60000,2025-06-12T07:00,0
deal_1151@qualified,deal_1151,qualified,2025-04-30T10:00,36000,2025-06-03T16:00,0
deal_1151@demo,deal_1151,demo,2025-05-07T20:00,36000,2025-06-03T16:00,0
deal_1151@proposal,deal_1151,proposal,2025-05-21T16:00,36000,2025-06-03T16:00,0
deal_1152@qualified,deal_1152,qualified,2025-09-26T08:00,18000,2025-11-04T12:00,0
deal_1152@demo,deal_1152,demo,2025-10-03T18:00,18000,2025-11-04T12:00,0
deal_1152@proposal,deal_1152,proposal,2025-10-11T12:00,18000,2025-11-04T12:00,0
deal_1153@qualified,deal_1153,qualified,2025-06-06T22:00,96000,2025-08-08T08:00,0
deal_1153@demo,deal_1153,demo,2025-06-09T23:00,96000,2025-08-08T08:00,0
deal_1153@proposal,deal_1153,proposal,2025-07-02T08:00,96000,2025-08-08T08:00,0
deal_1154@qualified,deal_1154,qualified,2025-08-18T05:00,36000,2025-10-16T13:00,0
deal_1154@demo,deal_1154,demo,2025-08-31T11:00,36000,2025-10-16T13:00,0
deal_1154@proposal,deal_1154,proposal,2025-09-22T13:00,36000,2025-10-16T13:00,0
deal_1155@qualified,deal_1155,qualified,2025-03-15T23:00,18000,2025-05-10T11:00,1
deal_1155@demo,deal_1155,demo,2025-04-05T20:00,18000,2025-05-10T11:00,1
deal_1155@proposal,deal_1155,proposal,2025-04-21T11:00,18000,2025-05-10T11:00,1
deal_1156@qualified,deal_1156,qualified,2025-10-03T21:00,12000,2025-11-26T22:00,1
deal_1156@demo,deal_1156,demo,2025-10-22T19:00,12000,2025-11-26T22:00,1
deal_1156@proposal,deal_1156,proposal,2025-11-10T22:00,12000,2025-11-26T22:00,1
deal_1157@qualified,deal_1157,qualified,2025-02-27T14:00,18000,2025-04-04T23:00,0
deal_1157@demo,deal_1157,demo,2025-03-21T17:00,18000,2025-04-04T23:00,0
deal_1157@proposal,deal_1157,proposal,2025-03-24T23:00,18000,2025-04-04T23:00,0
deal_1158@qualified,deal_1158,qualified,2025-09-14T19:00,48000,2025-11-08T13:00,1
deal_1158@demo,deal_1158,demo,2025-09-29T05:00,48000,2025-11-08T13:00,1
deal_1158@proposal,deal_1158,proposal,2025-10-12T13:00,48000,2025-11-08T13:00,1
deal_1159@qualified,deal_1159,qualified,2025-04-11T16:00,36000,2025-05-15T05:00,0
deal_1159@demo,deal_1159,demo,2025-04-16T00:00,36000,2025-05-15T05:00,0
deal_1159@proposal,deal_1159,proposal,2025-05-07T05:00,36000,2025-05-15T05:00,0
deal_1160@qualified,deal_1160,qualified,2025-07-22T07:00,60000,2025-09-18T14:00,0
deal_1160@demo,deal_1160,demo,2025-08-15T07:00,60000,2025-09-18T14:00,0
deal_1160@proposal,deal_1160,proposal,2025-08-24T14:00,60000,2025-09-18T14:00,0
deal_1161@qualified,deal_1161,qualified,2025-01-17T17:00,60000,2025-02-25T14:00,0
deal_1161@demo,deal_1161,demo,2025-01-28T03:00,60000,2025-02-25T14:00,0
deal_1161@proposal,deal_1161,proposal,2025-02-05T14:00,60000,2025-02-25T14:00,0
deal_1162@qualified,deal_1162,qualified,2025-05-12T17:00,24000,2025-07-05T00:00,0
deal_1162@demo,deal_1162,demo,2025-06-06T01:00,24000,2025-07-05T00:00,0
deal_1162@proposal,deal_1162,proposal,2025-06-15T00:00,24000,2025-07-05T00:00,0
deal_1163@qualified,deal_1163,qualified,2025-09-03T19:00,48000,2025-10-30T21:00,0
deal_1163@demo,deal_1163,demo,2025-09-06T06:00,48000,2025-10-30T21:00,0
deal_1163@proposal,deal_1163,proposal,2025-09-21T21:00,48000,2025-10-30T21:00,0
deal_1164@qualified,deal_1164,qualified,2025-08-16T15:00,120000,2025-10-13T17:00,0
deal_1164@demo,deal_1164,demo,2025-09-04T04:00,120000,2025-10-13T17:00,0
deal_1164@proposal,deal_1164,proposal,2025-09-18T17:00,120000,2025-10-13T17:00,0
deal_1165@qualified,deal_1165,qualified,2025-08-11T22:00,24000,2025-10-03T02:00,0
deal_1165@demo,deal_1165,demo,2025-09-03T21:00,24000,2025-10-03T02:00,0
deal_1165@proposal,deal_1165,proposal,2025-09-15T02:00,24000,2025-10-03T02:00,0
deal_1166@qualified,deal_1166,qualified,2025-05-24T19:00,18000,2025-07-07T14:00,1
deal_1166@demo,deal_1166,demo,2025-06-12T04:00,18000,2025-07-07T14:00,1
deal_1166@proposal,deal_1166,proposal,2025-06-21T14:00,18000,2025-07-07T14:00,1
deal_1167@qualified,deal_1167,qualified,2025-04-28T23:00,18000,2025-06-19T05:00,1
deal_1167@demo,deal_1167,demo,2025-05-04T18:00,18000,2025-06-19T05:00,1
deal_1167@proposal,deal_1167,proposal,2025-05-22T05:00,18000,2025-06-19T05:00,1
deal_1168@qualified,deal_1168,qualified,2025-11-27T21:00,12000,2026-01-27T11:00,0
deal_1168@demo,deal_1168,demo,2025-12-17T18:00,12000,2026-01-27T11:00,0
deal_1168@proposal,deal_1168,proposal,2025-12-30T11:00,12000,2026-01-27T11:00,0
deal_1169@qualified,deal_1169,qualified,2025-05-31T03:00,12000,2025-08-03T21:00,1
deal_1169@demo,deal_1169,demo,2025-06-14T00:00,12000,2025-08-03T21:00,1
deal_1169@proposal,deal_1169,proposal,2025-07-02T21:00,12000,2025-08-03T21:00,1
deal_1170@qualified,deal_1170,qualified,2025-05-03T10:00,120000,2025-06-17T03:00,0
deal_1170@demo,deal_1170,demo,2025-05-26T06:00,120000,2025-06-17T03:00,0
deal_1170@proposal,deal_1170,proposal,2025-06-06T03:00,120000,2025-06-17T03:00,0
deal_1171@qualified,deal_1171,qualified,2025-06-08T00:00,12000,2025-08-06T03:00,0
deal_1171@demo,deal_1171,demo,2025-07-01T05:00,12000,2025-08-06T03:00,0
deal_1171@proposal,deal_1171,proposal,2025-07-04T03:00,12000,2025-08-06T03:00,0
deal_1172@qualified,deal_1172,qualified,2025-11-07T05:00,12000,2025-12-16T12:00,1
deal_1172@demo,deal_1172,demo,2025-11-12T18:00,12000,2025-12-16T12:00,1
deal_1172@proposal,deal_1172,proposal,2025-12-04T12:00,12000,2025-12-16T12:00,1
deal_1173@qualified,deal_1173,qualified,2025-02-11T21:00,60000,2025-04-13T10:00,0
deal_1173@demo,deal_1173,demo,2025-02-27T00:00,60000,2025-04-13T10:00,0
deal_1173@proposal,deal_1173,proposal,2025-03-05T10:00,60000,2025-04-13T10:00,0
deal_1174@qualified,deal_1174,qualified,2025-01-29T18:00,12000,2025-03-12T22:00,1
deal_1174@demo,deal_1174,demo,2025-02-03T09:00,12000,2025-03-12T22:00,1
deal_1174@proposal,deal_1174,proposal,2025-02-23T22:00,12000,2025-03-12T22:00,1
deal_1175@qualified,deal_1175,qualified,2025-02-14T17:00,12000,2025-04-07T05:00,0
deal_1175@demo,deal_1175,demo,2025-03-05T11:00,12000,2025-04-07T05:00,0
deal_1175@proposal,deal_1175,proposal,2025-03-24T05:00,12000,2025-04-07T05:00,0
deal_1176@qualified,deal_1176,qualified,2025-04-08T22:00,12000,2025-05-04T01:00,0
deal_1176@demo,deal_1176,demo,2025-04-15T10:00,12000,2025-05-04T01:00,0
deal_1176@proposal,deal_1176,proposal,2025-04-21T01:00,12000,2025-05-04T01:00,0
deal_1177@qualified,deal_1177,qualified,2025-07-03T00:00,96000,2025-08-15T10:00,0
deal_1177@demo,deal_1177,demo,2025-07-15T05:00,96000,2025-08-15T10:00,0
deal_1177@proposal,deal_1177,proposal,2025-07-21T10:00,96000,2025-08-15T10:00,0
deal_1178@qualified,deal_1178,qualified,2025-11-03T21:00,12000,2025-12-21T03:00,1
deal_1178@demo,deal_1178,demo,2025-11-14T20:00,12000,2025-12-21T03:00,1
deal_1178@proposal,deal_1178,proposal,2025-11-30T03:00,12000,2025-12-21T03:00,1
deal_1179@qualified,deal_1179,qualified,2025-05-03T09:00,96000,2025-06-26T13:00,0
deal_1179@demo,deal_1179,demo,2025-05-19T03:00,96000,2025-06-26T13:00,0
deal_1179@proposal,deal_1179,proposal,2025-05-30T13:00,96000,2025-06-26T13:00,0
deal_1180@qualified,deal_1180,qualified,2025-10-09T16:00,24000,2025-11-14T16:00,0
deal_1180@demo,deal_1180,demo,2025-10-14T10:00,24000,2025-11-14T16:00,0
deal_1180@proposal,deal_1180,proposal,2025-10-21T16:00,24000,2025-11-14T16:00,0
deal_1181@qualified,deal_1181,qualified,2025-08-30T18:00,36000,2025-10-20T16:00,1
deal_1181@demo,deal_1181,demo,2025-09-12T06:00,36000,2025-10-20T16:00,1
deal_1181@proposal,deal_1181,proposal,2025-09-25T16:00,36000,2025-10-20T16:00,1
deal_1182@qualified,deal_1182,qualified,2025-07-25T06:00,120000,2025-09-04T23:00,0
deal_1182@demo,deal_1182,demo,2025-08-18T07:00,120000,2025-09-04T23:00,0
deal_1182@proposal,deal_1182,proposal,2025-08-23T23:00,120000,2025-09-04T23:00,0
deal_1183@qualified,deal_1183,qualified,2025-12-04T08:00,24000,2026-01-22T11:00,1
deal_1183@demo,deal_1183,demo,2025-12-15T02:00,24000,2026-01-22T11:00,1
deal_1183@proposal,deal_1183,proposal,2025-12-31T11:00,24000,2026-01-22T11:00,1
deal_1184@qualified,deal_1184,qualified,2025-02-23T04:00,24000,2025-04-03T07:00,0
deal_1184@demo,deal_1184,demo,2025-03-06T22:00,24000,2025-04-03T07:00,0
deal_1184@proposal,deal_1184,proposal,2025-03-15T07:00,24000,2025-04-03T07:00,0
deal_1185@qualified,deal_1185,qualified,2025-04-20T04:00,24000,2025-06-02T18:00,1
deal_1185@demo,deal_1185,demo,2025-05-01T07:00,24000,2025-06-02T18:00,1
deal_1185@proposal,deal_1185,proposal,2025-05-03T18:00,24000,2025-06-02T18:00,1
deal_1186@qualified,deal_1186,qualified,2025-05-07T14:00,60000,2025-06-29T06:00,0
deal_1186@demo,deal_1186,demo,2025-06-01T14:00,60000,2025-06-29T06:00,0
deal_1186@proposal,deal_1186,proposal,2025-06-19T06:00,60000,2025-06-29T06:00,0
deal_1187@qualified,deal_1187,qualified,2025-02-08T21:00,48000,2025-03-22T22:00,0
deal_1187@demo,deal_1187,demo,2025-02-17T18:00,48000,2025-03-22T22:00,0
deal_1187@proposal,deal_1187,proposal,2025-03-11T22:00,48000,2025-03-22T22:00,0
deal_1188@qualified,deal_1188,qualified,2025-11-30T14:00,48000,2026-01-07T22:00,0
deal_1188@demo,deal_1188,demo,2025-12-06T06:00,48000,2026-01-07T22:00,0
deal_1188@proposal,deal_1188,proposal,2025-12-29T22:00,48000,2026-01-07T22:00,0
deal_1189@qualified,deal_1189,qualified,2025-10-18T18:00,12000,2025-11-11T00:00,1
deal_1189@demo,deal_1189,demo,2025-10-22T02:00,12000,2025-11-11T00:00,1
deal_1189@proposal,deal_1189,proposal,2025-11-06T00:00,12000,2025-11-11T00:00,1
deal_1190@qualified,deal_1190,qualified,2025-08-06T10:00,96000,2025-09-03T07:00,1
deal_1190@demo,deal_1190,demo,2025-08-09T07:00,96000,2025-09-03T07:00,1
deal_1190@proposal,deal_1190,proposal,2025-08-24T07:00,96000,2025-09-03T07:00,1
deal_1191@qualified,deal_1191,qualified,2025-06-22T03:00,12000,2025-08-29T01:00,0
deal_1191@demo,deal_1191,demo,2025-07-16T20:00,12000,2025-08-29T01:00,0
deal_1191@proposal,deal_1191,proposal,2025-07-22T01:00,12000,2025-08-29T01:00,0
deal_1192@qualified,deal_1192,qualified,2025-08-18T14:00,18000,2025-10-14T16:00,0
deal_1192@demo,deal_1192,demo,2025-09-12T09:00,18000,2025-10-14T16:00,0
deal_1192@proposal,deal_1192,proposal,2025-09-29T16:00,18000,2025-10-14T16:00,0
deal_1193@qualified,deal_1193,qualified,2025-08-15T21:00,96000,2025-10-28T14:00,0
deal_1193@demo,deal_1193,demo,2025-09-09T21:00,96000,2025-10-28T14:00,0
deal_1193@proposal,deal_1193,proposal,2025-10-01T14:00,96000,2025-10-28T14:00,0
deal_1194@qualified,deal_1194,qualified,2025-02-18T10:00,18000,2025-04-27T08:00,1
deal_1194@demo,deal_1194,demo,2025-03-10T12:00,18000,2025-04-27T08:00,1
deal_1194@proposal,deal_1194,proposal,2025-03-30T08:00,18000,2025-04-27T08:00,1
deal_1195@qualified,deal_1195,qualified,2025-10-05T02:00,120000,2025-11-22T02:00,0
deal_1195@demo,deal_1195,demo,2025-10-24T23:00,120000,2025-11-22T02:00,0
deal_1195@proposal,deal_1195,proposal,2025-11-11T02:00,120000,2025-11-22T02:00,0
deal_1196@qualified,deal_1196,qualified,2025-10-03T19:00,120000,2025-11-22T06:00,1
deal_1196@demo,deal_1196,demo,2025-10-15T20:00,120000,2025-11-22T06:00,1
deal_1196@proposal,deal_1196,proposal,2025-10-25T06:00,120000,2025-11-22T06:00,1
deal_1197@qualified,deal_1197,qualified,2025-03-26T05:00,96000,2025-04-25T14:00,0
deal_1197@demo,deal_1197,demo,2025-03-29T07:00,96000,2025-04-25T14:00,0
deal_1197@proposal,deal_1197,proposal,2025-04-11T14:00,96000,2025-04-25T14:00,0
deal_1198@qualified,deal_1198,qualified,2025-10-16T07:00,60000,2025-12-08T23:00,1
deal_1198@demo,deal_1198,demo,2025-11-03T14:00,60000,2025-12-08T23:00,1
deal_1198@proposal,deal_1198,proposal,2025-11-16T23:00,60000,2025-12-08T23:00,1
deal_1199@qualified,deal_1199,qualified,2025-06-26T15:00,18000,2025-08-23T06:00,0
deal_1199@demo,deal_1199,demo,2025-07-05T00:00,18000,2025-08-23T06:00,0
deal_1199@proposal,deal_1199,proposal,2025-07-17T06:00,18000,2025-08-23T06:00,0
