ticket_id,account_id,opened_at,topic
tkt_10510194,acct_03b921a8,2024-01-03T08:41:00,how_to
tkt_6eb6fa2b,acct_b539659a,2024-01-03T11:19:00,bug
tkt_e4b66662,acct_570d3ecf,2024-01-03T18:42:00,billing
tkt_a7f9c29d,acct_ca947616,2024-01-04T11:25:00,bug
tkt_33b01503,acct_41acd2a5,2024-01-04T15:55:00,billing
tkt_2c891164,acct_35b802f0,2024-01-05T18:41:00,how_to
tkt_c3384436,acct_80475f63,2024-01-06T10:08:00,bug
tkt_04140299,acct_bb1b5bfe,2024-01-06T11:57:00,bug
tkt_b3b01d36,acct_fab80b2a,2024-01-06T16:28:00,bug
tkt_e9a8bc77,acct_5e56ac0c,2024-01-07T10:21:00,billing
tkt_9fe973c8,acct_0c9e351e,2024-01-07T17:28:00,billing
tkt_345d2a5e,acct_570c730f,2024-01-08T17:06:00,how_to
tkt_e0646965,acct_80475f63,2024-01-09T11:12:00,bug
tkt_b2b43098,acct_9b987d1f,2024-01-09T14:41:00,bug
tkt_b04e410a,acct_c890904a,2024-01-10T11:45:00,how_to
tkt_89decea5,acct_4c2075b8,2024-01-10T13:23:00,how_to
tkt_14d52d46,acct_66d48d26,2024-01-10T17:25:00,bug
tkt_08a50447,acct_41acd2a5,2024-01-11T08:14:00,bug
tkt_7aee7673,acct_89766391,2024-01-11T11:34:00,bug
tkt_8a4ca31b,acct_844f019a,2024-01-11T14:26:00,billing
tkt_814f6dfc,acct_efd49f0a,2024-01-11T14:53:00,how_to
tkt_6de88a21,acct_22be95fd,2024-01-12T12:14:00,bug
tkt_d4e89466,acct_a6ed9bca,2024-01-13T15:28:00,how_to
tkt_671b21c6,acct_4c2075b8,2024-01-14T08:08:00,how_to
tkt_fc6f61aa,acct_a001fe39,2024-01-14T10:04:00,bug
tkt_bfba7002,acct_45d6ec2a,2024-01-14T16:11:00,how_to
tkt_81f8f400,acct_a6c8e6aa,2024-01-14T16:20:00,how_to
tkt_65240f53,acct_8c97720f,2024-01-14T17:42:00,how_to
tkt_6a905e90,acct_c1e7eb50,2024-01-14T18:27:00,bug
tkt_8bf268fc,acct_a64a7ecb,2024-01-15T12:33:00,bug
tkt_78725a4b,acct_8c822fd8,2024-01-15T12:36:00,how_to
tkt_c29c00e0,acct_81c33ecd,2024-01-15T13:04:00,how_to
tkt_ed9e288c,acct_06a8f7f7,2024-01-15T13:29:00,bug
tkt_f9dc6374,acct_7e98d021,2024-01-15T16:08:00,billing
tkt_4a6706e0,acct_fafbf735,2024-01-15T16:09:00,billing
tkt_e541235c,acct_e2bed010,2024-01-15T16:25:00,bug
tkt_11acae04,acct_47e21872,2024-01-16T10:17:00,how_to
tkt_571df04a,acct_10c9a9b6,2024-01-16T11:12:00,billing
tkt_e8cb8d4a,acct_aaf2aa18,2024-01-16T14:06:00,how_to
tkt_64a0179c,acct_a4e8fb00,2024-01-16T14:53:00,billing
tkt_ab9c4ead,acct_bdabfee0,2024-01-16T15:15:00,how_to
tkt_d45f2d58,acct_406783b8,2024-01-17T08:32:00,how_to
tkt_2896e1a4,acct_bff15c2c,2024-01-17T13:30:00,billing
tkt_531c8860,acct_19006587,2024-01-17T13:36:00,how_to
tkt_80a8e015,acct_b8e07cb2,2024-01-17T16:39:00,bug
tkt_db46353e,acct_d3ce071f,2024-01-17T18:45:00,bug
tkt_b7dad43c,acct_7f50731a,2024-01-18T08:13:00,how_to
tkt_090d2f70,acct_41acd2a5,2024-01-18T11:26:00,how_to
tkt_87f40d38,acct_4c80bc76,2024-01-18T12:26:00,bug
tkt_e79839eb,acct_e1c0fcaa,2024-01-18T14:18:00,bug
tkt_6c02d9a3,acct_c299a5aa,2024-01-18T14:32:00,how_to
tkt_f489292d,acct_408d5f39,2024-01-18T16:42:00,billing
tkt_e1a313e5,acct_9eb38138,2024-01-18T17:14:00,bug
tkt_485366ef,acct_d3ce071f,2024-01-18T18:23:00,bug
tkt_677afcaa,acct_efd49f0a,2024-01-19T08:34:00,bug
tkt_8a39e1df,acct_9e2ca812,2024-01-19T13:10:00,how_to
tkt_fe6c9821,acct_c890904a,2024-01-19T14:58:00,how_to
tkt_7bfe5258,acct_93e5bf55,2024-01-19T16:46:00,bug
tkt_b88ab152,acct_9e2ca812,2024-01-19T17:49:00,bug
tkt_b7a7d434,acct_56504cc4,2024-01-20T09:18:00,bug
tkt_f3ff8119,acct_91702026,2024-01-20T09:40:00,billing
tkt_9467344f,acct_9e2ca812,2024-01-20T09:47:00,billing
tkt_5cc2e184,acct_4f1e6bb4,2024-01-20T16:01:00,how_to
tkt_b11c8d68,acct_bb1b5bfe,2024-01-20T17:47:00,billing
tkt_753844ad,acct_2a8df8ee,2024-01-20T18:01:00,how_to
tkt_b0c61d04,acct_b9664331,2024-01-21T08:44:00,how_to
tkt_0c34a748,acct_844f019a,2024-01-21T10:54:00,how_to
tkt_86567cf2,acct_4c80bc76,2024-01-21T13:11:00,bug
tkt_64240001,acct_c1895c5f,2024-01-21T13:38:00,bug
tkt_c60a565c,acct_8c540c3a,2024-01-21T15:07:00,bug
tkt_285ce365,acct_ca947616,2024-01-21T15:32:00,bug
tkt_c72d9e2b,acct_fafbf735,2024-01-21T16:39:00,how_to
tkt_e763a0bc,acct_62b2bed1,2024-01-21T17:07:00,how_to
tkt_80c85d54,acct_9e2ca812,2024-01-22T11:30:00,bug
tkt_78dae619,acct_ba96f45a,2024-01-22T13:37:00,how_to
tkt_651af638,acct_50ff806e,2024-01-22T14:40:00,bug
tkt_c094b10a,acct_56504cc4,2024-01-22T17:17:00,how_to
tkt_9470cadc,acct_e2bed010,2024-01-23T08:14:00,bug
tkt_6f04324b,acct_50ff806e,2024-01-23T10:19:00,how_to
tkt_502e3afd,acct_b44137c5,2024-01-23T10:25:00,how_to
tkt_6c5cf9ce,acct_8400c319,2024-01-23T15:17:00,bug
tkt_95ccdfe3,acct_89766391,2024-01-23T16:13:00,bug
tkt_b98660cc,acct_fa82236a,2024-01-23T18:25:00,bug
tkt_fe985c82,acct_a64a7ecb,2024-01-24T10:07:00,bug
tkt_e22e5927,acct_cf01f4d6,2024-01-24T10:30:00,how_to
tkt_e15e23ac,acct_a6c8e6aa,2024-01-24T10:52:00,how_to
tkt_f715e332,acct_62c14d2d,2024-01-24T11:52:00,bug
tkt_42b987fd,acct_6cda492d,2024-01-24T18:22:00,bug
tkt_e487b850,acct_fafbf735,2024-01-25T09:54:00,how_to
tkt_a2402d56,acct_22bbc84a,2024-01-25T10:32:00,bug
tkt_605cf4f4,acct_89766391,2024-01-25T11:23:00,billing
tkt_65c8ee6a,acct_a6ed9bca,2024-01-25T13:11:00,how_to
tkt_05c1c61f,acct_b771bb83,2024-01-25T14:53:00,bug
tkt_67eb7c0b,acct_2edf1dae,2024-01-25T15:21:00,billing
tkt_c8199f40,acct_4f1e6bb4,2024-01-25T16:03:00,how_to
tkt_a71bba70,acct_9ffe6239,2024-01-25T16:55:00,bug
tkt_dd0169f1,acct_1b065969,2024-01-26T09:20:00,how_to
tkt_68f1e171,acct_e1c0fcaa,2024-01-26T09:27:00,bug
tkt_f20b73e5,acct_baf09179,2024-01-26T09:58:00,how_to
tkt_731ba28a,acct_b21f7313,2024-01-26T11:53:00,how_to
tkt_d58e19d5,acct_55501e30,2024-01-26T12:26:00,bug
tkt_4f40a67c,acct_0df20713,2024-01-26T12:59:00,how_to
tkt_fa8141b1,acct_a6c8e6aa,2024-01-26T13:18:00,how_to
tkt_3cd315f1,acct_0df20713,2024-01-26T13:29:00,how_to
tkt_c97b22c8,acct_c40cdc57,2024-01-26T15:45:00,how_to
tkt_2cfe0693,acct_28863703,2024-01-27T08:46:00,billing
tkt_592bc8df,acct_279f76a3,2024-01-27T09:13:00,bug
tkt_3cffdaf2,acct_7cf02d02,2024-01-27T09:45:00,bug
tkt_47d3d834,acct_c56818e0,2024-01-27T12:11:00,how_to
tkt_169e535d,acct_9b987d1f,2024-01-27T12:34:00,billing
tkt_1c27ca83,acct_89af9a66,2024-01-27T13:03:00,bug
tkt_ae15a033,acct_89766391,2024-01-27T13:34:00,how_to
tkt_39cd99b8,acct_80475f63,2024-01-27T16:23:00,bug
tkt_73488ca2,acct_0c9e351e,2024-01-27T16:39:00,billing
tkt_c05811dd,acct_b9664331,2024-01-27T18:02:00,bug
tkt_5930127b,acct_bff15c2c,2024-01-27T18:13:00,bug
tkt_d1124f25,acct_28863703,2024-01-27T18:43:00,bug
tkt_346c1afc,acct_c299a5aa,2024-01-28T08:54:00,how_to
tkt_d9dcca4e,acct_557a3864,2024-01-28T10:19:00,how_to
tkt_60626835,acct_e2bed010,2024-01-28T11:58:00,bug
tkt_398ad9ba,acct_cc343db1,2024-01-28T14:05:00,bug
tkt_12ea92e9,acct_7cf02d02,2024-01-28T14:30:00,billing
tkt_97fd83ba,acct_efd49f0a,2024-01-28T15:45:00,how_to
tkt_06ba1ae3,acct_d4c51c84,2024-01-28T16:50:00,bug
tkt_bc37920c,acct_cc15e32c,2024-01-28T18:45:00,bug
tkt_5a2b449a,acct_8f87c530,2024-01-29T09:10:00,billing
tkt_0ddd2c35,acct_518ff93b,2024-01-29T11:07:00,bug
tkt_4c9fcaac,acct_998fcdc3,2024-01-29T12:14:00,bug
tkt_82cd3488,acct_7f50731a,2024-01-29T12:50:00,bug
tkt_6fe87519,acct_9a4f3c58,2024-01-29T14:19:00,how_to
tkt_40953514,acct_8c97720f,2024-01-29T15:11:00,how_to
tkt_1f8f2dec,acct_ee6dccad,2024-01-29T15:22:00,how_to
tkt_729fd6d6,acct_03b921a8,2024-01-29T16:19:00,billing
tkt_1d49ed53,acct_c1e7eb50,2024-01-29T18:41:00,billing
tkt_70e6fc75,acct_c926cbf9,2024-01-30T08:09:00,how_to
tkt_bbe8f4a3,acct_fc3e2de2,2024-01-30T10:28:00,how_to
tkt_6b5f3f60,acct_9b987d1f,2024-01-30T15:04:00,how_to
tkt_d4c73367,acct_7cf02d02,2024-01-30T16:38:00,bug
tkt_6b79a568,acct_22be95fd,2024-01-31T09:41:00,bug
tkt_21c02b9b,acct_b0234b52,2024-01-31T13:11:00,bug
tkt_c4dc672c,acct_68bee84d,2024-01-31T13:23:00,how_to
tkt_606fbbde,acct_b0234b52,2024-01-31T13:34:00,bug
tkt_a9ee5ba1,acct_cad4cfff,2024-01-31T14:47:00,billing
tkt_21983eef,acct_011ae7b9,2024-01-31T16:20:00,billing
tkt_0b4190de,acct_cc343db1,2024-01-31T16:37:00,bug
tkt_f8facb90,acct_587a017e,2024-01-31T17:16:00,bug
tkt_7f3d24c2,acct_20f2c1aa,2024-01-31T18:08:00,how_to
tkt_d3fb2352,acct_bc9f1f3d,2024-02-01T08:37:00,bug
tkt_d5b9a2bd,acct_9ffe6239,2024-02-01T08:53:00,how_to
tkt_82b272d2,acct_06a8f7f7,2024-02-01T09:13:00,bug
tkt_f0c9eeb7,acct_66d48d26,2024-02-01T09:58:00,bug
tkt_68efd1f4,acct_a91ca19a,2024-02-01T11:17:00,bug
tkt_dea8a0cc,acct_6cda492d,2024-02-01T11:21:00,how_to
tkt_1eeaba4b,acct_4f1e6bb4,2024-02-01T12:40:00,how_to
tkt_437bcbf5,acct_93e5bf55,2024-02-01T14:20:00,how_to
tkt_f15479f0,acct_0c9e351e,2024-02-02T09:45:00,how_to
tkt_1633817c,acct_bff15c2c,2024-02-02T12:07:00,bug
tkt_d9778ff6,acct_22bbc84a,2024-02-02T15:14:00,how_to
tkt_417b6cb2,acct_3bc2af10,2024-02-02T16:12:00,bug
tkt_0044c185,acct_c40cdc57,2024-02-02T17:14:00,how_to
tkt_414b02b2,acct_c1895c5f,2024-02-03T10:14:00,bug
tkt_54f0bb03,acct_1f86c8a0,2024-02-03T10:20:00,how_to
tkt_14aa59ad,acct_1b4a4ff4,2024-02-03T10:27:00,how_to
tkt_64c1b801,acct_fd489167,2024-02-03T11:32:00,bug
tkt_01615bdf,acct_37467577,2024-02-03T12:00:00,bug
tkt_81edccbc,acct_37467577,2024-02-03T12:24:00,how_to
tkt_54d285c9,acct_50ff806e,2024-02-03T13:45:00,billing
tkt_c11a192c,acct_22bbc84a,2024-02-03T15:35:00,billing
tkt_7594ec99,acct_66d48d26,2024-02-03T16:15:00,billing
tkt_8432ca0c,acct_8400c319,2024-02-03T17:12:00,how_to
tkt_adc1afda,acct_b3a1ffe6,2024-02-03T17:14:00,billing
tkt_b1b83fb7,acct_9f98408e,2024-02-04T09:32:00,how_to
tkt_c1d3d829,acct_6c9c19d7,2024-02-04T09:36:00,bug
tkt_3a8a4fd0,acct_570d3ecf,2024-02-04T10:23:00,bug
tkt_0581bb45,acct_7f50731a,2024-02-04T10:50:00,how_to
tkt_6952c367,acct_80b45b9a,2024-02-04T12:12:00,how_to
tkt_96b14ae2,acct_cad4cfff,2024-02-04T14:37:00,bug
tkt_a83fa5ac,acct_55c13b50,2024-02-04T15:04:00,how_to
tkt_6dde8f2e,acct_3337d32e,2024-02-04T15:19:00,how_to
tkt_41280f41,acct_a6c8e6aa,2024-02-04T15:58:00,how_to
tkt_e6d2086b,acct_7b0149a3,2024-02-04T18:09:00,how_to
tkt_93b0d454,acct_279f76a3,2024-02-04T18:16:00,bug
tkt_8a80f3d1,acct_406783b8,2024-02-04T18:19:00,how_to
tkt_e144b838,acct_e1c0fcaa,2024-02-05T08:13:00,how_to
tkt_efabaadc,acct_20433996,2024-02-05T09:06:00,how_to
tkt_2d13f3bd,acct_2f2f1f24,2024-02-05T09:55:00,bug
tkt_0def25e6,acct_45d6ec2a,2024-02-05T11:00:00,how_to
tkt_cede6a1e,acct_47e21872,2024-02-05T15:32:00,bug
tkt_098f4e15,acct_3bc2af10,2024-02-05T16:50:00,bug
tkt_1497c467,acct_50ff806e,2024-02-05T18:40:00,how_to
tkt_7d90d0a5,acct_9a4f3c58,2024-02-06T08:48:00,bug
tkt_9c6863ea,acct_279f76a3,2024-02-06T08:54:00,bug
tkt_aaf5c2d0,acct_1fabfc9c,2024-02-06T09:07:00,how_to
tkt_36fff2b7,acct_10c9a9b6,2024-02-06T09:50:00,bug
tkt_dfcfb5e1,acct_44775e54,2024-02-06T10:55:00,how_to
tkt_3482d27d,acct_c56818e0,2024-02-06T11:43:00,billing
tkt_fce27cbf,acct_1d33eaed,2024-02-06T12:13:00,bug
tkt_158c928d,acct_bff15c2c,2024-02-06T13:36:00,bug
tkt_b350e8c3,acct_300e62c1,2024-02-06T13:55:00,bug
tkt_fa5cbe1a,acct_570c730f,2024-02-06T16:59:00,how_to
tkt_729e5d41,acct_e56df3c1,2024-02-06T17:11:00,bug
tkt_72f247f3,acct_41acd2a5,2024-02-06T18:41:00,how_to
tkt_9d14c4bc,acct_fc3e2de2,2024-02-07T08:59:00,bug
tkt_df8c032a,acct_5ada285d,2024-02-07T09:38:00,how_to
tkt_808e9b34,acct_e2bed010,2024-02-07T10:25:00,how_to
tkt_66c18ad7,acct_b0234b52,2024-02-07T12:59:00,bug
tkt_f72d8100,acct_22bbc84a,2024-02-07T13:21:00,bug
tkt_721f1d96,acct_3af9a9bb,2024-02-07T14:47:00,how_to
tkt_83602488,acct_2edf1dae,2024-02-07T16:51:00,how_to
tkt_20513ae3,acct_1f86c8a0,2024-02-07T17:01:00,how_to
tkt_7a43e903,acct_5ddf5865,2024-02-07T17:53:00,how_to
tkt_f28c1793,acct_baf09179,2024-02-08T10:42:00,how_to
tkt_ec9b5f33,acct_93db30dd,2024-02-08T11:49:00,how_to
tkt_8f7a2ecb,acct_5e2f1f1a,2024-02-08T12:50:00,bug
tkt_81c39087,acct_0ae09692,2024-02-08T13:34:00,how_to
tkt_ca215a5f,acct_df025b3f,2024-02-08T14:45:00,bug
tkt_f9eb101c,acct_8e30a95e,2024-02-08T14:48:00,how_to
tkt_068d9c7a,acct_a001fe39,2024-02-08T14:53:00,billing
tkt_4fe0e11f,acct_720e1aff,2024-02-08T15:06:00,bug
tkt_9a8432a4,acct_881a279e,2024-02-08T15:23:00,bug
tkt_639e925b,acct_62b2bed1,2024-02-08T15:41:00,billing
tkt_7113c83f,acct_9f2dc4e0,2024-02-08T16:43:00,how_to
tkt_031d6627,acct_9e2ca812,2024-02-08T17:36:00,billing
tkt_53917348,acct_8b3c3f51,2024-02-08T18:25:00,bug
tkt_ae907268,acct_cef1af78,2024-02-08T18:59:00,bug
tkt_35f9aa6a,acct_738f8750,2024-02-09T08:34:00,bug
tkt_bb6270f3,acct_1fc84ed3,2024-02-09T08:37:00,how_to
tkt_f5083763,acct_28189c75,2024-02-09T09:07:00,how_to
tkt_db242b07,acct_d6ded90c,2024-02-09T09:12:00,bug
tkt_0d1791d5,acct_337b7086,2024-02-09T09:49:00,how_to
tkt_3ade59c2,acct_80ba334e,2024-02-09T10:47:00,how_to
tkt_b0018275,acct_93db30dd,2024-02-09T11:00:00,billing
tkt_139ef409,acct_8a1820e8,2024-02-09T11:53:00,billing
tkt_e458be8b,acct_cd192ab6,2024-02-09T11:55:00,billing
tkt_d68d445d,acct_740707a4,2024-02-09T13:59:00,billing
tkt_c8f6776e,acct_d3ce071f,2024-02-09T14:26:00,bug
tkt_e54059ce,acct_b3a1ffe6,2024-02-09T15:20:00,bug
tkt_dc060036,acct_b1f5273f,2024-02-09T16:59:00,how_to
tkt_c5ce5802,acct_8400c319,2024-02-09T17:01:00,how_to
tkt_10628f91,acct_4ad21597,2024-02-09T17:22:00,bug
tkt_1833dc93,acct_14b4a582,2024-02-09T17:57:00,how_to
tkt_2006c025,acct_8400c319,2024-02-09T18:05:00,bug
tkt_7ca277c9,acct_aa01b2e6,2024-02-09T18:18:00,billing
tkt_b4faf320,acct_c926cbf9,2024-02-09T18:23:00,how_to
tkt_88c83511,acct_a6c8e6aa,2024-02-10T08:37:00,bug
tkt_47d2529d,acct_bc9f1f3d,2024-02-10T12:24:00,how_to
tkt_7f60ce5f,acct_22bbc84a,2024-02-10T12:41:00,bug
tkt_0e1fc19d,acct_55501e30,2024-02-10T13:30:00,how_to
tkt_37e52024,acct_baf09179,2024-02-10T14:22:00,bug
tkt_247ffed5,acct_d790cb3d,2024-02-10T16:27:00,bug
tkt_6be1a54a,acct_5e56ac0c,2024-02-10T17:18:00,how_to
tkt_a48afd4b,acct_ee31ad9c,2024-02-10T17:44:00,how_to
tkt_137ef8f2,acct_9a17768b,2024-02-10T17:50:00,how_to
tkt_51f79e49,acct_195de5f0,2024-02-11T08:32:00,how_to
tkt_e31472be,acct_19a14ca6,2024-02-11T09:49:00,billing
tkt_b49bec4e,acct_4c80bc76,2024-02-11T10:21:00,how_to
tkt_c186547e,acct_88acc8b6,2024-02-11T10:55:00,bug
tkt_5e0b5bcd,acct_2a8df8ee,2024-02-11T11:46:00,how_to
tkt_4469ca3b,acct_e62620ae,2024-02-11T11:50:00,bug
tkt_c3cb70c8,acct_44775e54,2024-02-11T12:05:00,bug
tkt_b6a19065,acct_55501e30,2024-02-11T12:06:00,bug
tkt_80494030,acct_cc15e32c,2024-02-11T12:32:00,how_to
tkt_193c8ddb,acct_1fabfc9c,2024-02-11T13:03:00,how_to
tkt_0a258b2b,acct_fc3e2de2,2024-02-11T13:45:00,bug
tkt_9a0a8d4f,acct_4fc1ea13,2024-02-11T14:25:00,how_to
tkt_3d6b0946,acct_91702026,2024-02-11T14:41:00,bug
tkt_690456d9,acct_fab80b2a,2024-02-11T15:05:00,how_to
tkt_2306bf61,acct_599480f4,2024-02-11T15:20:00,bug
tkt_9645eef7,acct_66d48d26,2024-02-11T16:27:00,how_to
tkt_495a5924,acct_998fcdc3,2024-02-11T16:34:00,bug
tkt_532fff44,acct_03b921a8,2024-02-11T18:22:00,billing
tkt_910175b9,acct_fccfe7e8,2024-02-12T08:03:00,how_to
tkt_17bd50bc,acct_0f054678,2024-02-12T08:18:00,bug
tkt_9c5a5690,acct_b539659a,2024-02-12T09:06:00,billing
tkt_a0897cce,acct_37db7b52,2024-02-12T09:38:00,how_to
tkt_90f70bcd,acct_4fc1ea13,2024-02-12T09:55:00,bug
tkt_643e0ad3,acct_68bee84d,2024-02-12T10:59:00,bug
tkt_c9159e4b,acct_6cda492d,2024-02-12T12:50:00,how_to
tkt_07dc703a,acct_aaff4c90,2024-02-12T15:49:00,bug
tkt_d35d5d27,acct_62c14d2d,2024-02-12T16:13:00,how_to
tkt_d6202d1a,acct_5f44f7e8,2024-02-12T17:57:00,how_to
tkt_7d463a46,acct_8c822fd8,2024-02-12T18:53:00,how_to
tkt_6ec50f1d,acct_aaff4c90,2024-02-13T08:26:00,billing
tkt_027c2a7b,acct_9826c92a,2024-02-13T08:40:00,bug
tkt_2f5e81ef,acct_5fb3b8d2,2024-02-13T09:52:00,how_to
tkt_e05202cd,acct_195de5f0,2024-02-13T10:12:00,how_to
tkt_0f254615,acct_998fcdc3,2024-02-13T11:09:00,bug
tkt_158bfd5d,acct_b539659a,2024-02-13T14:24:00,bug
tkt_2e1a1888,acct_a6ed9bca,2024-02-13T14:44:00,how_to
tkt_061347a4,acct_8c540c3a,2024-02-13T14:56:00,how_to
tkt_f6e37d96,acct_89af9a66,2024-02-13T16:20:00,bug
tkt_054ef4a9,acct_01970ecd,2024-02-14T08:10:00,bug
tkt_00d4dc49,acct_9a17768b,2024-02-14T08:53:00,billing
tkt_83d9f60d,acct_9f98408e,2024-02-14T08:57:00,bug
tkt_a016257f,acct_a4e8fb00,2024-02-14T09:10:00,bug
tkt_54c9a359,acct_c56818e0,2024-02-14T09:27:00,bug
tkt_628d9162,acct_2e96dcae,2024-02-14T12:21:00,bug
tkt_2ca047de,acct_1f86c8a0,2024-02-14T13:49:00,bug
tkt_ec2468d5,acct_87df04cf,2024-02-14T16:14:00,how_to
tkt_544c9853,acct_cad4cfff,2024-02-14T16:23:00,bug
tkt_5bf6ec3e,acct_ea0b9b38,2024-02-14T16:59:00,how_to
tkt_70798f02,acct_b72f28f8,2024-02-15T08:25:00,bug
tkt_bda0479e,acct_caffcecb,2024-02-15T08:52:00,bug
tkt_cb576e67,acct_4f1e6bb4,2024-02-15T09:14:00,bug
tkt_87a647e4,acct_19006587,2024-02-15T09:22:00,bug
tkt_8f6d4a85,acct_195de5f0,2024-02-15T09:37:00,how_to
tkt_4374d037,acct_b3a1ffe6,2024-02-15T09:47:00,bug
tkt_c65a7cc4,acct_dfb1e5b8,2024-02-15T11:27:00,bug
tkt_b398a738,acct_62b2bed1,2024-02-15T11:50:00,bug
tkt_e5e553da,acct_efd49f0a,2024-02-15T12:01:00,bug
tkt_d346db08,acct_5e2f1f1a,2024-02-15T12:08:00,how_to
tkt_3a330b44,acct_62c14d2d,2024-02-15T12:30:00,bug
tkt_e7989f16,acct_b9664331,2024-02-15T13:17:00,how_to
tkt_aa658ac6,acct_8fa52406,2024-02-15T13:18:00,bug
tkt_17c38666,acct_14b4a582,2024-02-15T13:22:00,how_to
tkt_4d682101,acct_ec5e52c7,2024-02-15T13:26:00,bug
tkt_5e67b1b6,acct_2633e16e,2024-02-15T13:34:00,how_to
tkt_3a58af21,acct_cc343db1,2024-02-15T16:51:00,billing
tkt_554f9f75,acct_557a3864,2024-02-15T17:31:00,how_to
tkt_0bd6e8bb,acct_1f86c8a0,2024-02-15T18:41:00,bug
tkt_96520211,acct_a0c5b4fa,2024-02-15T18:45:00,bug
tkt_c9ccc095,acct_8c97720f,2024-02-15T18:53:00,bug
tkt_0b8a1c75,acct_88acc8b6,2024-02-16T08:39:00,how_to
tkt_ba2af8bc,acct_87c9600c,2024-02-16T09:12:00,how_to
tkt_201c80cd,acct_87c9600c,2024-02-16T10:07:00,how_to
tkt_c9d604a0,acct_cc15e32c,2024-02-16T10:36:00,bug
tkt_a9ba1f1d,acct_21ec2853,2024-02-16T10:47:00,bug
tkt_1d95560f,acct_88acc8b6,2024-02-16T11:30:00,bug
tkt_a8e5fec0,acct_5e56ac0c,2024-02-16T11:59:00,billing
tkt_dacbb0b3,acct_93db30dd,2024-02-16T12:34:00,bug
tkt_0f5eb26e,acct_4702bc6b,2024-02-16T12:59:00,bug
tkt_3f0c059b,acct_30930d55,2024-02-16T13:24:00,bug
tkt_e6ec0d8d,acct_1ad510db,2024-02-16T13:32:00,bug
tkt_fd05c0ee,acct_9b987d1f,2024-02-16T14:44:00,bug
tkt_8e8b923a,acct_ff642d01,2024-02-16T17:31:00,bug
tkt_9e2a46fc,acct_ee6dccad,2024-02-16T18:10:00,billing
tkt_827547c6,acct_e56df3c1,2024-02-16T18:23:00,bug
tkt_ad6dc386,acct_557a3864,2024-02-17T08:01:00,how_to
tkt_c5320ff0,acct_7bcf1649,2024-02-17T09:13:00,how_to
tkt_9538590c,acct_bff15c2c,2024-02-17T11:39:00,bug
tkt_7ed51283,acct_1b67aa64,2024-02-17T11:50:00,bug
tkt_1a240882,acct_557a3864,2024-02-17T12:52:00,bug
tkt_104bf392,acct_2a8df8ee,2024-02-17T13:11:00,how_to
tkt_2217540d,acct_ee6dccad,2024-02-17T15:54:00,bug
tkt_87d10848,acct_58071db9,2024-02-17T16:47:00,bug
tkt_509e4f31,acct_bff15c2c,2024-02-17T17:05:00,bug
tkt_5306acd5,acct_4f320089,2024-02-17T17:14:00,how_to
tkt_c4516dfb,acct_01970ecd,2024-02-17T18:00:00,bug
tkt_c84e4b47,acct_0aabe5e5,2024-02-17T18:28:00,bug
tkt_3982414c,acct_e24a8232,2024-02-18T09:04:00,how_to
tkt_ecf02408,acct_b15365b9,2024-02-18T09:58:00,bug
tkt_e491e04d,acct_88acc8b6,2024-02-18T10:51:00,billing
tkt_1201fe87,acct_b9664331,2024-02-18T12:08:00,how_to
tkt_d23b140e,acct_6a372f71,2024-02-18T12:52:00,billing
tkt_9a98f1b2,acct_36e723e0,2024-02-18T13:34:00,how_to
tkt_b2f3e971,acct_2390697f,2024-02-18T14:07:00,bug
tkt_3b5293df,acct_bff15c2c,2024-02-18T14:41:00,bug
tkt_faf3fefa,acct_2633e16e,2024-02-18T15:51:00,billing
tkt_7177fe46,acct_32426e02,2024-02-18T16:30:00,how_to
tkt_c21753cf,acct_93e5bf55,2024-02-18T17:34:00,bug
tkt_903148dd,acct_9c2b3b0f,2024-02-19T08:00:00,billing
tkt_0f5ac7f1,acct_8a1820e8,2024-02-19T08:51:00,bug
tkt_3584f1f8,acct_1fabfc9c,2024-02-19T10:24:00,bug
tkt_345e23f7,acct_b1f5273f,2024-02-19T11:00:00,how_to
tkt_761c3fb1,acct_dfac4e39,2024-02-19T13:08:00,bug
tkt_08ee0c0a,acct_13633988,2024-02-19T13:54:00,how_to
tkt_309267c1,acct_28014d9b,2024-02-19T15:19:00,how_to
tkt_be536758,acct_8a736be1,2024-02-19T15:54:00,bug
tkt_01a3b183,acct_587a017e,2024-02-19T16:06:00,how_to
tkt_d2437d86,acct_c1895c5f,2024-02-19T16:29:00,bug
tkt_0e9dd654,acct_9399d35d,2024-02-19T16:46:00,how_to
tkt_e1aa5eb0,acct_19006587,2024-02-19T16:50:00,bug
tkt_31f66e3c,acct_11f9edce,2024-02-19T18:32:00,how_to
tkt_dd305c30,acct_20433996,2024-02-20T08:59:00,how_to
tkt_efd2c85b,acct_3bc2af10,2024-02-20T08:59:00,billing
tkt_4e0cce98,acct_1ebfa68f,2024-02-20T09:22:00,bug
tkt_aaa90b9e,acct_7bcf1649,2024-02-20T10:37:00,how_to
tkt_809a3e1a,acct_aaff4c90,2024-02-20T12:32:00,how_to
tkt_b6dbb572,acct_3d35b693,2024-02-20T12:42:00,how_to
tkt_31a3f343,acct_4ff1e51b,2024-02-20T12:56:00,bug
tkt_df148297,acct_aaff4c90,2024-02-20T13:37:00,how_to
tkt_f4926c98,acct_80ba334e,2024-02-20T13:50:00,how_to
tkt_82671a30,acct_b8e07cb2,2024-02-20T14:04:00,how_to
tkt_f0aa8fdd,acct_292e7f81,2024-02-20T14:46:00,bug
tkt_5b6a266b,acct_80ba334e,2024-02-20T15:20:00,billing
tkt_8d96d0bf,acct_431c82c4,2024-02-20T16:51:00,how_to
tkt_839cef6f,acct_3bc2af10,2024-02-21T09:08:00,bug
tkt_0a7c8771,acct_599480f4,2024-02-21T10:00:00,bug
tkt_155fb632,acct_62c14d2d,2024-02-21T10:42:00,bug
tkt_6afb16ef,acct_1fabfc9c,2024-02-21T11:44:00,how_to
tkt_21a816df,acct_2e4fdc44,2024-02-21T14:40:00,bug
tkt_5f23f225,acct_3af9a9bb,2024-02-21T15:01:00,how_to
tkt_9484195e,acct_c56818e0,2024-02-21T16:42:00,bug
tkt_87580b2d,acct_0597250a,2024-02-21T17:57:00,how_to
tkt_0da35741,acct_76794231,2024-02-22T08:24:00,how_to
tkt_a70b0590,acct_22be95fd,2024-02-22T09:45:00,how_to
tkt_d3c42ed6,acct_87df04cf,2024-02-22T10:38:00,bug
tkt_a7a81c2b,acct_8148805f,2024-02-22T11:02:00,billing
tkt_9731b9dd,acct_99c2af5a,2024-02-22T11:55:00,bug
tkt_a51f2fdd,acct_2fdea3d9,2024-02-22T12:34:00,bug
tkt_52f4ced2,acct_bff15c2c,2024-02-22T13:24:00,how_to
tkt_16b54e4f,acct_2351efd6,2024-02-22T15:21:00,how_to
tkt_4cb18fc1,acct_8cc49d7b,2024-02-22T16:39:00,bug
tkt_bb839aeb,acct_e24a8232,2024-02-22T16:58:00,how_to
tkt_483e3a2e,acct_cd192ab6,2024-02-22T18:00:00,bug
tkt_3d7cb430,acct_add24418,2024-02-23T08:55:00,bug
tkt_64c406a9,acct_bef1f861,2024-02-23T09:25:00,bug
tkt_a95040d8,acct_a6800906,2024-02-23T09:45:00,how_to
tkt_b62e4daa,acct_7934dd8f,2024-02-23T10:14:00,how_to
tkt_fa41a093,acct_7071b243,2024-02-23T12:33:00,how_to
tkt_d31fbc6f,acct_1ebfa68f,2024-02-23T14:07:00,how_to
tkt_d52cb04f,acct_0597250a,2024-02-23T16:16:00,how_to
tkt_85cb4dd2,acct_7cf02d02,2024-02-23T16:26:00,bug
tkt_7e0c4b18,acct_81c33ecd,2024-02-23T18:24:00,how_to
tkt_66113d32,acct_6c9c19d7,2024-02-24T08:52:00,bug
tkt_c3e31b20,acct_dfac4e39,2024-02-24T09:55:00,how_to
tkt_61af0603,acct_e1c0fcaa,2024-02-24T09:56:00,bug
tkt_45dacb4e,acct_0387a4c5,2024-02-24T10:15:00,how_to
tkt_54f5c2ff,acct_28863703,2024-02-24T10:22:00,bug
tkt_928a4639,acct_37db7b52,2024-02-24T12:02:00,billing
tkt_74b2d70c,acct_560af3b6,2024-02-24T12:02:00,billing
tkt_1d1f5609,acct_0c283081,2024-02-24T12:33:00,billing
tkt_cd0c4d32,acct_b771bb83,2024-02-24T13:14:00,billing
tkt_3e388ae2,acct_3bc2af10,2024-02-24T13:49:00,bug
tkt_c40ee086,acct_55c13b50,2024-02-24T17:04:00,billing
tkt_88f109e1,acct_9ffe6239,2024-02-24T18:11:00,how_to
tkt_6ef55294,acct_3af9a9bb,2024-02-24T18:26:00,how_to
tkt_9cce48e7,acct_14a7eabe,2024-02-25T09:02:00,bug
tkt_a8f5d364,acct_c8a73343,2024-02-25T09:18:00,bug
tkt_308c958d,acct_300e62c1,2024-02-25T09:58:00,how_to
tkt_4427325b,acct_ac8d7525,2024-02-25T11:13:00,how_to
tkt_0a0fefa7,acct_7bcf1649,2024-02-25T11:49:00,bug
tkt_3a27f8bf,acct_4d931910,2024-02-25T12:15:00,how_to
tkt_4f371725,acct_62ca2704,2024-02-25T14:50:00,how_to
tkt_920b3bf2,acct_8c97720f,2024-02-25T15:35:00,bug
tkt_a41e8881,acct_bd49ee8c,2024-02-25T15:36:00,bug
tkt_2a25941d,acct_ff642d01,2024-02-25T15:42:00,how_to
tkt_be471f07,acct_cd9135ce,2024-02-25T16:02:00,how_to
tkt_2a8c79a6,acct_3effb7ad,2024-02-25T16:37:00,how_to
tkt_eafd4c11,acct_99c2af5a,2024-02-25T17:37:00,bug
tkt_60797f84,acct_f20ad2a0,2024-02-25T17:39:00,billing
tkt_3a6b4b8d,acct_745a6271,2024-02-25T17:55:00,how_to
tkt_7643bf16,acct_560af3b6,2024-02-25T18:18:00,how_to
tkt_7f406c7c,acct_13633988,2024-02-25T18:23:00,bug
tkt_5668fdbc,acct_cf01f4d6,2024-02-26T08:16:00,bug
tkt_f70846fd,acct_f5d3c809,2024-02-26T10:25:00,how_to
tkt_6fd054d7,acct_c042c39c,2024-02-26T10:54:00,how_to
tkt_ebcc6762,acct_88acc8b6,2024-02-26T11:06:00,how_to
tkt_e455fa6f,acct_dfac4e39,2024-02-26T12:25:00,bug
tkt_87c76b11,acct_2fdea3d9,2024-02-26T12:28:00,how_to
tkt_1725f471,acct_80b45b9a,2024-02-26T12:43:00,bug
tkt_82075b32,acct_b72f28f8,2024-02-26T13:10:00,how_to
tkt_fe9862e2,acct_a6800906,2024-02-26T16:28:00,billing
tkt_61d0a773,acct_13633988,2024-02-26T16:59:00,how_to
tkt_8f85891c,acct_b15365b9,2024-02-26T17:02:00,bug
tkt_b35dce49,acct_99c2af5a,2024-02-26T17:17:00,how_to
tkt_706fc711,acct_c486942b,2024-02-26T17:25:00,billing
tkt_350c65e4,acct_292e7f81,2024-02-26T18:23:00,bug
tkt_75037784,acct_6950a2ae,2024-02-26T18:23:00,how_to
tkt_d7a02dd7,acct_5f6be90e,2024-02-26T18:24:00,bug
tkt_d7b60544,acct_b0234b52,2024-02-27T09:54:00,how_to
tkt_f0507d5c,acct_a1a3d711,2024-02-27T09:55:00,bug
tkt_ddebcd0c,acct_d4c51c84,2024-02-27T10:35:00,bug
tkt_f36c0775,acct_5ddf5865,2024-02-27T11:12:00,billing
tkt_5ccda4ce,acct_3337d32e,2024-02-27T11:17:00,how_to
tkt_0121335c,acct_0597250a,2024-02-27T12:00:00,how_to
tkt_708a6d16,acct_bff15c2c,2024-02-27T13:51:00,bug
tkt_ee8f7c89,acct_4d931910,2024-02-27T13:55:00,billing
tkt_eb3e9d79,acct_8a736be1,2024-02-27T13:59:00,how_to
tkt_c06a6d9c,acct_aaff4c90,2024-02-27T14:16:00,bug
tkt_0fe4d450,acct_5fb3b8d2,2024-02-27T14:45:00,bug
tkt_8ef04a37,acct_d9e3f38f,2024-02-27T15:01:00,how_to
tkt_0da7f6b4,acct_7721e58b,2024-02-27T16:25:00,bug
tkt_895f1ca5,acct_ec5e52c7,2024-02-27T16:34:00,billing
tkt_c5482b7c,acct_0ae09692,2024-02-27T16:54:00,how_to
tkt_6665d992,acct_bc957fa2,2024-02-27T17:07:00,billing
tkt_de4a5bd1,acct_7f359e91,2024-02-27T17:23:00,bug
tkt_ee653262,acct_9e17fa0b,2024-02-27T17:33:00,billing
tkt_d6c60217,acct_28014d9b,2024-02-27T17:38:00,bug
tkt_6d9b0a37,acct_e943c430,2024-02-27T17:45:00,billing
tkt_77af8ee7,acct_f5d3c809,2024-02-27T18:15:00,bug
tkt_183470c4,acct_d4c51c84,2024-02-27T18:43:00,bug
tkt_849beecd,acct_5b5138d0,2024-02-28T08:25:00,how_to
tkt_6c008f09,acct_be8be086,2024-02-28T09:24:00,how_to
tkt_a669ddf8,acct_16671350,2024-02-28T09:26:00,bug
tkt_5997504c,acct_80475f63,2024-02-28T10:14:00,how_to
tkt_71ce132b,acct_5b5138d0,2024-02-28T11:08:00,billing
tkt_e0e30a70,acct_fdd73e37,2024-02-28T11:09:00,how_to
tkt_e365c2c0,acct_58213684,2024-02-28T11:33:00,billing
tkt_712d51d2,acct_d3ce071f,2024-02-28T12:06:00,bug
tkt_c3869079,acct_cd9135ce,2024-02-28T12:53:00,how_to
tkt_0fdd64c2,acct_720e1aff,2024-02-28T13:42:00,bug
tkt_d917f5bc,acct_9d5d1e94,2024-02-28T16:49:00,how_to
tkt_a6af877d,acct_1fc84ed3,2024-02-28T18:50:00,bug
tkt_d2353442,acct_3bc2af10,2024-02-28T18:56:00,how_to
tkt_76aeedd5,acct_e1c0fcaa,2024-02-29T09:16:00,how_to
tkt_68bb01d0,acct_4c80bc76,2024-02-29T09:32:00,billing
tkt_2f342f86,acct_5fb3b8d2,2024-02-29T09:48:00,bug
tkt_6f4fb113,acct_14b9fc4d,2024-02-29T09:53:00,how_to
tkt_37daca81,acct_28014d9b,2024-02-29T13:22:00,bug
tkt_78d5bac9,acct_2d6c2d92,2024-02-29T14:19:00,bug
tkt_f7359129,acct_47e21872,2024-02-29T16:41:00,bug
tkt_11c72f40,acct_6f26008c,2024-02-29T16:58:00,how_to
tkt_ee6612a1,acct_13633988,2024-02-29T18:06:00,how_to
tkt_8f2b0483,acct_c2f4a92c,2024-02-29T18:11:00,bug
tkt_c128bbb6,acct_ac8d7525,2024-02-29T18:57:00,bug
tkt_9906e28b,acct_dfac4e39,2024-03-01T10:46:00,how_to
tkt_316a85ef,acct_70c902db,2024-03-01T10:58:00,bug
tkt_1ebed10c,acct_1f22e070,2024-03-01T11:47:00,bug
tkt_a46808a7,acct_016d5144,2024-03-01T13:47:00,how_to
tkt_24613bba,acct_0aabe5e5,2024-03-01T14:37:00,bug
tkt_f2778406,acct_cef1af78,2024-03-01T18:04:00,bug
tkt_dca77e34,acct_64b128dc,2024-03-01T18:30:00,how_to
tkt_d38c0943,acct_aaf2aa18,2024-03-02T12:34:00,bug
tkt_fe00eee6,acct_c8a73343,2024-03-02T12:52:00,billing
tkt_642d26fa,acct_b7125efd,2024-03-02T14:07:00,how_to
tkt_e6efe1e5,acct_a6ed9bca,2024-03-02T14:18:00,bug
tkt_0ddc937f,acct_92549ac3,2024-03-02T14:35:00,bug
tkt_ad330759,acct_7d156be5,2024-03-02T14:39:00,how_to
tkt_36e1b1d7,acct_720e1aff,2024-03-02T15:07:00,how_to
tkt_78a1157c,acct_bef1f861,2024-03-02T15:20:00,how_to
tkt_02389364,acct_9d5d1e94,2024-03-02T15:35:00,how_to
tkt_d1c762e8,acct_279f76a3,2024-03-02T17:16:00,bug
tkt_5dd5740b,acct_a91ca19a,2024-03-02T17:55:00,billing
tkt_1e5cfa17,acct_bf703959,2024-03-02T18:52:00,how_to
tkt_c0c26ade,acct_b539659a,2024-03-03T08:32:00,bug
tkt_1bb905b8,acct_dc91c137,2024-03-03T10:06:00,bug
tkt_e3bdc49e,acct_5a8127f8,2024-03-03T10:08:00,how_to
tkt_6d407bb5,acct_6a00ce30,2024-03-03T10:22:00,bug
tkt_f0bc2bdd,acct_300e62c1,2024-03-03T12:42:00,bug
tkt_da65eb82,acct_fab80b2a,2024-03-03T13:31:00,bug
tkt_8cfae724,acct_0a7fd012,2024-03-03T13:32:00,how_to
tkt_893c1d21,acct_37db7b52,2024-03-03T14:23:00,how_to
tkt_ff3099ee,acct_154fadf0,2024-03-03T14:43:00,bug
tkt_55cc1666,acct_2d6c2d92,2024-03-03T15:05:00,how_to
tkt_21b75409,acct_99c2af5a,2024-03-03T15:08:00,how_to
tkt_4769e934,acct_e62620ae,2024-03-03T15:35:00,bug
tkt_920eefc4,acct_1f22e070,2024-03-03T16:20:00,how_to
tkt_a51dae86,acct_22be95fd,2024-03-03T16:41:00,bug
tkt_213197b0,acct_8014a8c3,2024-03-03T17:01:00,how_to
tkt_fbda254e,acct_b4277bbc,2024-03-03T17:04:00,bug
tkt_5e77c2ba,acct_80b45b9a,2024-03-03T17:17:00,billing
tkt_9c34d0b4,acct_908b21fd,2024-03-03T18:58:00,how_to
tkt_9a30d588,acct_0df20713,2024-03-04T09:53:00,how_to
tkt_19a1a642,acct_37467577,2024-03-04T11:52:00,bug
tkt_8322326a,acct_7bcf1649,2024-03-04T11:59:00,how_to
tkt_708d3836,acct_acaf2d87,2024-03-04T12:59:00,billing
tkt_ccc8a792,acct_3328acbc,2024-03-04T17:00:00,how_to
tkt_d8d3e4d6,acct_4db061ef,2024-03-04T17:03:00,billing
tkt_7d9c2809,acct_b7125efd,2024-03-04T17:23:00,bug
tkt_9f996b76,acct_be8be086,2024-03-04T17:39:00,billing
tkt_7d669a13,acct_da215ff7,2024-03-04T17:47:00,bug
tkt_fdce2a91,acct_881a279e,2024-03-04T18:02:00,how_to
tkt_a80278ca,acct_ee6dccad,2024-03-04T18:20:00,how_to
tkt_92f2fc2d,acct_278b5911,2024-03-05T09:09:00,bug
tkt_d5ff2fc4,acct_1ad510db,2024-03-05T09:47:00,bug
tkt_be9341a3,acct_e87e2b8f,2024-03-05T10:04:00,bug
tkt_a386081b,acct_dc91c137,2024-03-05T10:16:00,how_to
tkt_8185a755,acct_6a00ce30,2024-03-05T11:22:00,how_to
tkt_c8fedbde,acct_c2f4a92c,2024-03-05T14:10:00,how_to
tkt_08e46fe4,acct_5fb3b8d2,2024-03-05T14:18:00,bug
tkt_7ce70a2c,acct_1d33eaed,2024-03-05T15:16:00,bug
tkt_cd2e1308,acct_4f320089,2024-03-05T15:53:00,how_to
tkt_110bccae,acct_98ec91c1,2024-03-05T16:16:00,how_to
tkt_290c02c6,acct_c2f4a92c,2024-03-05T16:34:00,bug
tkt_ee77d0cc,acct_6a00ce30,2024-03-05T18:18:00,bug
tkt_d07565f2,acct_512c42b6,2024-03-05T18:25:00,how_to
tkt_fa9fde14,acct_fb28420f,2024-03-05T18:58:00,bug
tkt_caf900e7,acct_0597250a,2024-03-06T12:30:00,bug
tkt_d5400f5f,acct_19a14ca6,2024-03-06T14:05:00,how_to
tkt_60cfebce,acct_55c13b50,2024-03-06T14:36:00,how_to
tkt_426ab043,acct_3328acbc,2024-03-06T18:20:00,bug
tkt_1de89cb6,acct_5aad16e2,2024-03-07T08:12:00,how_to
tkt_c4da940f,acct_5be6006e,2024-03-07T09:09:00,bug
tkt_31f0051c,acct_8b3c3f51,2024-03-07T09:46:00,how_to
tkt_91442cb6,acct_2e4fdc44,2024-03-07T10:24:00,billing
tkt_ccd8356a,acct_c042c39c,2024-03-07T11:05:00,how_to
tkt_9178d24d,acct_9b987d1f,2024-03-07T13:09:00,how_to
tkt_399b978a,acct_11f9edce,2024-03-07T14:15:00,bug
tkt_26fa9b26,acct_ef23a583,2024-03-07T17:29:00,how_to
tkt_dd4a4b51,acct_077e30f8,2024-03-08T08:55:00,billing
tkt_9eb4c0f1,acct_0387a4c5,2024-03-08T15:54:00,how_to
tkt_8cc24b9d,acct_a1a3d711,2024-03-08T16:21:00,bug
tkt_73b7c248,acct_570d3ecf,2024-03-08T17:25:00,bug
tkt_b3ad68c7,acct_6c41eb7d,2024-03-08T17:26:00,how_to
tkt_d611b3dd,acct_eb9e54d1,2024-03-08T18:13:00,how_to
tkt_e5a14ae5,acct_7d156be5,2024-03-09T09:43:00,bug
tkt_9f0cdc75,acct_745a6271,2024-03-09T10:15:00,how_to
tkt_8ba4d635,acct_9399d35d,2024-03-09T10:56:00,how_to
tkt_13f9d6d2,acct_caffcecb,2024-03-09T11:56:00,how_to
tkt_1d24d7e3,acct_81c33ecd,2024-03-09T17:14:00,how_to
tkt_053683b7,acct_0e187abc,2024-03-09T17:23:00,bug
tkt_2c63a65f,acct_b771bb83,2024-03-09T17:37:00,how_to
tkt_8a23832f,acct_0e187abc,2024-03-09T18:37:00,bug
tkt_62027112,acct_80b45b9a,2024-03-10T08:57:00,billing
tkt_1ca8503f,acct_46b3799b,2024-03-10T09:40:00,bug
tkt_7fe75b54,acct_44775e54,2024-03-10T09:50:00,how_to
tkt_dca90cf5,acct_18db2b85,2024-03-10T10:16:00,bug
tkt_9e73776f,acct_a721a800,2024-03-10T12:07:00,bug
tkt_20ea66f2,acct_9f2dc4e0,2024-03-10T14:35:00,bug
tkt_dfa279d4,acct_300e62c1,2024-03-10T16:37:00,how_to
tkt_96b294a7,acct_9d5d1e94,2024-03-10T17:13:00,bug
tkt_b348d233,acct_0a7fd012,2024-03-11T09:57:00,how_to
tkt_78f70543,acct_ec5e52c7,2024-03-11T11:07:00,bug
tkt_8508b709,acct_6950a2ae,2024-03-11T11:57:00,how_to
tkt_069e1ae0,acct_2d8affd5,2024-03-11T15:26:00,billing
tkt_5ec4db2e,acct_2390697f,2024-03-11T15:36:00,how_to
tkt_203b46d0,acct_300e62c1,2024-03-11T18:13:00,how_to
tkt_04c44344,acct_748c56c3,2024-03-12T10:55:00,bug
tkt_7e483ab0,acct_7d156be5,2024-03-12T11:53:00,bug
tkt_4d56cf13,acct_4797e23b,2024-03-12T12:25:00,how_to
tkt_b75c8f2b,acct_7b0149a3,2024-03-12T13:18:00,bug
tkt_88fdcce6,acct_9e17fa0b,2024-03-12T15:30:00,bug
tkt_c6b08180,acct_c890904a,2024-03-12T15:57:00,bug
tkt_8ff86088,acct_28863703,2024-03-12T16:04:00,how_to
tkt_b7296251,acct_f2652d00,2024-03-12T17:53:00,bug
tkt_cb241540,acct_1a412d39,2024-03-13T11:39:00,bug
tkt_659e706e,acct_cad4cfff,2024-03-13T11:58:00,how_to
tkt_4364c3d9,acct_6f26008c,2024-03-13T12:56:00,how_to
tkt_8512ebf7,acct_297a3638,2024-03-13T13:18:00,how_to
tkt_f1b5e466,acct_daa9fca1,2024-03-13T17:21:00,bug
tkt_f928de95,acct_8e30a95e,2024-03-14T08:19:00,bug
tkt_b8daea06,acct_38aad469,2024-03-14T09:01:00,how_to
tkt_a072af9f,acct_da215ff7,2024-03-14T09:41:00,bug
tkt_dbac60c8,acct_c890904a,2024-03-14T09:43:00,bug
tkt_fc360d86,acct_e87e2b8f,2024-03-14T09:56:00,bug
tkt_0939796a,acct_3e412305,2024-03-14T12:04:00,how_to
tkt_167aaef5,acct_e2ae7fe4,2024-03-14T14:09:00,bug
tkt_c86a795d,acct_0a2711ee,2024-03-14T16:55:00,how_to
tkt_898dbe0c,acct_33489e68,2024-03-14T16:55:00,billing
tkt_5eaee7f8,acct_ec5e52c7,2024-03-14T17:05:00,how_to
tkt_3fc76ece,acct_d4c51c84,2024-03-14T18:06:00,bug
tkt_56cb3761,acct_a8c15112,2024-03-15T08:12:00,bug
tkt_87634963,acct_ff642d01,2024-03-15T10:24:00,bug
tkt_767089a6,acct_c890904a,2024-03-15T10:31:00,how_to
tkt_83b88396,acct_db122064,2024-03-15T10:54:00,bug
tkt_82bb2dab,acct_4d931910,2024-03-15T12:25:00,how_to
tkt_5e70b92f,acct_2a8df8ee,2024-03-15T13:24:00,billing
tkt_f69aa842,acct_bd5f46a1,2024-03-15T13:42:00,billing
tkt_46cc6d67,acct_16671350,2024-03-15T15:20:00,how_to
tkt_8caf2776,acct_2390697f,2024-03-15T16:40:00,billing
tkt_fabe8b0d,acct_763ce184,2024-03-15T18:40:00,how_to
tkt_e722ef6c,acct_ef23a583,2024-03-16T08:31:00,how_to
tkt_e61c9655,acct_ea0b9b38,2024-03-16T08:50:00,how_to
tkt_6c753bef,acct_28014d9b,2024-03-16T09:00:00,billing
tkt_3161907c,acct_99c2af5a,2024-03-16T10:51:00,bug
tkt_dfca13c2,acct_3b8cbb43,2024-03-16T11:33:00,how_to
tkt_6216fddb,acct_4d931910,2024-03-16T13:10:00,bug
tkt_d1e30e45,acct_4fc1ea13,2024-03-16T14:37:00,bug
tkt_a5803540,acct_80ba334e,2024-03-16T14:40:00,billing
tkt_cc83682c,acct_9826c92a,2024-03-16T15:10:00,bug
tkt_42e19b11,acct_bff15c2c,2024-03-16T15:50:00,bug
tkt_568144c9,acct_3ae38d66,2024-03-16T16:25:00,how_to
tkt_655939b0,acct_b4277bbc,2024-03-16T17:38:00,how_to
tkt_1990114c,acct_aa01b2e6,2024-03-16T18:35:00,how_to
tkt_a3fb6431,acct_3bc2af10,2024-03-16T18:57:00,bug
tkt_f1cda090,acct_c4e425c9,2024-03-17T08:39:00,how_to
tkt_396c0430,acct_3328acbc,2024-03-17T10:23:00,bug
tkt_73bd444e,acct_560af3b6,2024-03-17T10:44:00,bug
tkt_cf7e230f,acct_3ae8d16c,2024-03-17T12:55:00,how_to
tkt_d1aee8fd,acct_0c283081,2024-03-17T12:56:00,bug
tkt_357c04b0,acct_3b8cbb43,2024-03-17T13:22:00,how_to
tkt_613620ee,acct_37db7b52,2024-03-17T14:10:00,how_to
tkt_0b3851b1,acct_ef23a583,2024-03-17T15:18:00,how_to
tkt_eda6f3f6,acct_8400c319,2024-03-17T15:27:00,bug
tkt_79bd6f53,acct_aaff4c90,2024-03-17T18:54:00,how_to
tkt_45614d51,acct_0a2711ee,2024-03-18T08:29:00,bug
tkt_ea05a483,acct_5f6be90e,2024-03-18T09:09:00,how_to
tkt_dd330200,acct_67a4202b,2024-03-18T10:56:00,how_to
tkt_e85b2e9d,acct_0f054678,2024-03-18T12:36:00,bug
tkt_537d060f,acct_4ad0e0f7,2024-03-18T13:22:00,bug
tkt_03d6cda2,acct_e87e2b8f,2024-03-18T16:05:00,how_to
tkt_614f6b72,acct_f522587d,2024-03-18T18:10:00,how_to
tkt_ea074fc0,acct_bef1f861,2024-03-18T18:35:00,bug
tkt_22cbc750,acct_c9e5fb5f,2024-03-19T08:00:00,bug
tkt_f8c59dbf,acct_c042c39c,2024-03-19T09:12:00,how_to
tkt_3260ec14,acct_5be6006e,2024-03-19T09:41:00,billing
tkt_8ec96ccb,acct_92549ac3,2024-03-19T09:48:00,bug
tkt_55a9c898,acct_512c42b6,2024-03-19T10:36:00,billing
tkt_2e475429,acct_67a4202b,2024-03-19T10:49:00,how_to
tkt_c91a147b,acct_016d5144,2024-03-19T11:58:00,bug
tkt_17cd956d,acct_e4e2b2c0,2024-03-19T14:20:00,billing
tkt_c4a9fa4c,acct_ab34388b,2024-03-19T15:28:00,bug
tkt_a22f9de2,acct_daa9fca1,2024-03-19T17:25:00,how_to
tkt_b1d38f89,acct_bf703959,2024-03-19T17:41:00,bug
tkt_fa2f9e2b,acct_908b21fd,2024-03-20T08:27:00,bug
tkt_cf94332d,acct_62c14d2d,2024-03-20T08:50:00,bug
tkt_6ad65de6,acct_80ba334e,2024-03-20T10:00:00,bug
tkt_5a6eb8d7,acct_c890904a,2024-03-20T12:44:00,billing
tkt_0a8ba5ef,acct_a6800906,2024-03-20T13:03:00,bug
tkt_1a47b11c,acct_db122064,2024-03-20T13:19:00,bug
tkt_53ac3cfb,acct_87c9600c,2024-03-20T13:28:00,bug
tkt_f891bc7d,acct_3328acbc,2024-03-20T13:47:00,how_to
tkt_7c73684a,acct_9a17768b,2024-03-20T15:02:00,bug
tkt_6afcdac6,acct_5ddf5865,2024-03-20T17:54:00,how_to
tkt_e699784b,acct_46b3799b,2024-03-21T08:24:00,how_to
tkt_5e42e269,acct_5865be29,2024-03-21T11:11:00,how_to
tkt_aab4fe71,acct_da215ff7,2024-03-21T13:53:00,bug
tkt_c8586038,acct_d4a6eca8,2024-03-22T14:11:00,bug
tkt_30537648,acct_c936d51e,2024-03-22T18:11:00,how_to
tkt_ff76b285,acct_db122064,2024-03-22T18:20:00,how_to
tkt_915e1235,acct_33489e68,2024-03-22T18:34:00,billing
tkt_efadd3c2,acct_6c41eb7d,2024-03-23T09:50:00,how_to
tkt_8e68f004,acct_b72f28f8,2024-03-23T10:20:00,billing
tkt_f95fbd30,acct_206b676f,2024-03-23T10:44:00,bug
tkt_b69bef20,acct_9d8beecb,2024-03-23T11:13:00,billing
tkt_2a23fabe,acct_3328acbc,2024-03-23T11:31:00,bug
tkt_6f4add4b,acct_a6c8e6aa,2024-03-23T11:41:00,bug
tkt_9dab66a7,acct_c1e7eb50,2024-03-23T11:59:00,how_to
tkt_047cb573,acct_c486942b,2024-03-23T14:31:00,bug
tkt_df33763c,acct_90bf8df8,2024-03-23T15:09:00,bug
tkt_b680185e,acct_1f22e070,2024-03-23T15:19:00,how_to
tkt_550f0c07,acct_63ccc949,2024-03-23T15:29:00,bug
tkt_013895b1,acct_1fabfc9c,2024-03-23T15:45:00,bug
tkt_98ef862a,acct_68bae8ee,2024-03-23T16:52:00,how_to
tkt_0b37c02d,acct_18db2b85,2024-03-23T17:00:00,how_to
tkt_530fead5,acct_be8be086,2024-03-23T17:21:00,how_to
tkt_af5efcea,acct_3b769239,2024-03-23T17:25:00,how_to
tkt_81e895f4,acct_f8c9142e,2024-03-24T08:10:00,bug
tkt_fc770137,acct_bd49ee8c,2024-03-24T08:14:00,billing
tkt_aab9af9b,acct_7934dd8f,2024-03-24T11:25:00,how_to
tkt_caae4547,acct_5ada285d,2024-03-24T11:48:00,bug
tkt_e767422f,acct_478a1abb,2024-03-24T12:52:00,how_to
tkt_e4123b80,acct_4797e23b,2024-03-24T12:57:00,how_to
tkt_3244649d,acct_16671350,2024-03-24T13:23:00,bug
tkt_c81cb1d1,acct_f522587d,2024-03-24T15:37:00,bug
tkt_f52410f8,acct_c7cb0d51,2024-03-24T16:14:00,how_to
tkt_b7d4ad71,acct_297a3638,2024-03-24T18:19:00,how_to
tkt_9c2533be,acct_76794231,2024-03-24T18:19:00,how_to
tkt_ea690f6f,acct_db122064,2024-03-25T08:24:00,bug
tkt_c1a267fc,acct_ec5e52c7,2024-03-25T08:26:00,how_to
tkt_fe459cb3,acct_eb9e54d1,2024-03-25T08:27:00,bug
tkt_f3e24186,acct_077e30f8,2024-03-25T08:33:00,bug
tkt_59f751e6,acct_077e30f8,2024-03-25T09:18:00,bug
tkt_7c749748,acct_8fa52406,2024-03-25T09:59:00,bug
tkt_01f3f25a,acct_e4e2b2c0,2024-03-25T11:18:00,bug
tkt_cc58ec22,acct_3ff83572,2024-03-25T11:42:00,how_to
tkt_916df4d9,acct_47e21872,2024-03-25T13:29:00,billing
tkt_0f50191c,acct_fb28420f,2024-03-25T13:52:00,bug
tkt_b07ed2bc,acct_740707a4,2024-03-25T15:12:00,how_to
tkt_644f7adf,acct_bd49ee8c,2024-03-25T16:55:00,bug
tkt_c698e673,acct_0387a4c5,2024-03-25T16:56:00,bug
tkt_81951d3e,acct_e4e2b2c0,2024-03-25T18:23:00,bug
tkt_9b9f0cd8,acct_1a412d39,2024-03-25T18:51:00,bug
tkt_b97850c1,acct_bf703959,2024-03-26T09:38:00,bug
tkt_132cbeca,acct_8c822fd8,2024-03-26T10:46:00,how_to
tkt_275d2fb3,acct_3dca9762,2024-03-26T13:40:00,bug
tkt_9e6115b1,acct_9399d35d,2024-03-26T14:05:00,bug
tkt_30206340,acct_9bff1fdf,2024-03-27T08:04:00,billing
tkt_7d63cbcd,acct_dfac4e39,2024-03-27T09:44:00,billing
tkt_0ae920ef,acct_b417d116,2024-03-27T10:41:00,billing
tkt_b8a83bd9,acct_908b21fd,2024-03-27T10:46:00,how_to
tkt_56e45e2e,acct_4bf98dd4,2024-03-27T11:12:00,bug
tkt_eb72881a,acct_1a9a6ea5,2024-03-27T11:44:00,billing
tkt_f044ca5b,acct_406783b8,2024-03-27T13:06:00,billing
tkt_f3ee1786,acct_2d8affd5,2024-03-27T13:36:00,how_to
tkt_689a6a09,acct_70c902db,2024-03-27T15:26:00,how_to
tkt_ffdf43a6,acct_3328acbc,2024-03-27T16:34:00,bug
tkt_17939f20,acct_763ce184,2024-03-28T08:39:00,bug
tkt_ae4e5c48,acct_67a4202b,2024-03-28T09:50:00,how_to
tkt_8752b5d1,acct_406783b8,2024-03-28T10:07:00,bug
tkt_b0bca0d9,acct_ce4b9d7d,2024-03-28T10:31:00,billing
tkt_ac6d9e02,acct_9bff1fdf,2024-03-28T12:38:00,bug
tkt_276eb956,acct_e1c0fcaa,2024-03-28T14:15:00,how_to
tkt_a8cb5255,acct_8400c319,2024-03-28T15:02:00,bug
tkt_355b857b,acct_6f26008c,2024-03-28T16:06:00,how_to
tkt_c0d1b740,acct_a6ed9bca,2024-03-28T16:24:00,bug
tkt_badce048,acct_597503bf,2024-03-28T16:29:00,billing
tkt_dbe7e002,acct_64b128dc,2024-03-28T17:22:00,bug
tkt_c0b31f9c,acct_db122064,2024-03-28T17:58:00,bug
tkt_d411b480,acct_7e98d021,2024-03-29T08:09:00,bug
tkt_67e63a9e,acct_f9d43c8e,2024-03-29T09:22:00,how_to
tkt_633385b4,acct_67a4202b,2024-03-29T10:21:00,how_to
tkt_3fa239cb,acct_ab34388b,2024-03-29T10:48:00,bug
tkt_29ee6990,acct_0f054678,2024-03-29T12:40:00,bug
tkt_aa187151,acct_560af3b6,2024-03-29T17:35:00,how_to
tkt_5da349e0,acct_597503bf,2024-03-29T18:24:00,how_to
tkt_512fee44,acct_bd7fb8fe,2024-03-29T18:31:00,how_to
tkt_64bcbaaa,acct_6950a2ae,2024-03-29T18:50:00,how_to
tkt_01701089,acct_536538ea,2024-03-30T09:29:00,bug
tkt_88983d98,acct_e4bc8ae8,2024-03-30T09:52:00,bug
tkt_8ac93922,acct_5e2f1f1a,2024-03-30T10:06:00,how_to
tkt_f8a4de60,acct_6950a2ae,2024-03-30T10:39:00,how_to
tkt_0a8f2e69,acct_a6ed9bca,2024-03-30T11:53:00,billing
tkt_b9b0278d,acct_fb45afc8,2024-03-30T12:31:00,bug
tkt_2a3eec4e,acct_fc42af41,2024-03-30T12:45:00,bug
tkt_fbd7616a,acct_7cf02d02,2024-03-30T14:09:00,billing
tkt_cc2b3188,acct_5f6be90e,2024-03-30T15:11:00,bug
tkt_ee91af11,acct_bdabfee0,2024-03-31T09:17:00,billing
tkt_f4105356,acct_478a1abb,2024-03-31T09:20:00,bug
tkt_24b27b17,acct_220c59ae,2024-03-31T14:17:00,billing
tkt_1a1c256e,acct_47e21872,2024-03-31T14:20:00,billing
tkt_b4dff891,acct_908b21fd,2024-03-31T14:27:00,bug
tkt_8da07f8c,acct_47e21872,2024-03-31T16:02:00,billing
tkt_6e837fba,acct_7e98d021,2024-03-31T16:48:00,how_to
tkt_9afb4519,acct_408d5f39,2024-04-01T10:06:00,bug
tkt_12208636,acct_87c9600c,2024-04-01T18:26:00,bug
tkt_92065b72,acct_3ae8d16c,2024-04-02T09:41:00,bug
tkt_4a967dbd,acct_8014a8c3,2024-04-02T15:37:00,how_to
tkt_b1723a9d,acct_ab34388b,2024-04-02T16:56:00,bug
tkt_af3aeca4,acct_e4e2b2c0,2024-04-02T17:43:00,billing
tkt_518366dd,acct_e4be9f25,2024-04-02T18:29:00,billing
tkt_25fe4d29,acct_ef23a583,2024-04-03T08:33:00,bug
tkt_1c9d2fbd,acct_9f2dc4e0,2024-04-03T09:36:00,billing
tkt_23e89813,acct_b539659a,2024-04-03T12:48:00,bug
tkt_14594ddb,acct_c936d51e,2024-04-03T13:14:00,billing
tkt_312ab1a8,acct_a6800906,2024-04-03T16:30:00,bug
tkt_a9d4afa8,acct_b1ab049a,2024-04-04T10:58:00,how_to
tkt_b2b3af7a,acct_1a412d39,2024-04-04T12:17:00,how_to
tkt_3dbcb88d,acct_434540ad,2024-04-04T13:59:00,how_to
tkt_a3638c20,acct_f522587d,2024-04-04T15:53:00,how_to
tkt_aeb17caf,acct_4bf98dd4,2024-04-04T16:37:00,how_to
tkt_694717f6,acct_3337d32e,2024-04-04T17:31:00,bug
tkt_b0bafa45,acct_a721a800,2024-04-04T18:09:00,billing
tkt_e61f59ac,acct_4d931910,2024-04-05T08:37:00,bug
tkt_02f57b51,acct_c890904a,2024-04-05T09:48:00,bug
tkt_51046bb8,acct_5a8127f8,2024-04-05T10:46:00,bug
tkt_96456489,acct_9eb38138,2024-04-05T11:41:00,how_to
tkt_77b668cd,acct_ce4b9d7d,2024-04-05T13:45:00,bug
tkt_56b06368,acct_998fcdc3,2024-04-05T14:48:00,how_to
tkt_f649eefa,acct_b9664331,2024-04-05T16:03:00,bug
tkt_b31dc9bb,acct_b539659a,2024-04-05T16:44:00,billing
tkt_e663d217,acct_9e2ca812,2024-04-05T17:01:00,billing
tkt_73e5a10f,acct_cd192ab6,2024-04-06T08:11:00,bug
tkt_f64c3321,acct_3b050b4a,2024-04-06T11:44:00,how_to
tkt_2ebe2dae,acct_76794231,2024-04-06T12:55:00,billing
tkt_01a20052,acct_763ce184,2024-04-06T13:25:00,bug
tkt_db160d99,acct_c942f55a,2024-04-06T13:59:00,how_to
tkt_3108bfe9,acct_5b5138d0,2024-04-06T14:26:00,billing
tkt_14c4adc9,acct_ef23a583,2024-04-06T14:56:00,how_to
tkt_7bc55141,acct_50ff806e,2024-04-06T15:35:00,bug
tkt_fb1dc7e2,acct_9eb38138,2024-04-06T18:21:00,how_to
tkt_4a1eecec,acct_99c2af5a,2024-04-07T08:09:00,bug
tkt_5170e6c7,acct_d4a6eca8,2024-04-07T10:43:00,bug
tkt_381e0ca3,acct_9d8beecb,2024-04-07T15:23:00,bug
tkt_1c0dbe7d,acct_0ca5e22a,2024-04-08T08:48:00,billing
tkt_b4b5bc72,acct_b15365b9,2024-04-08T11:23:00,how_to
tkt_93f338e7,acct_47e21872,2024-04-08T12:22:00,billing
tkt_c0fceba7,acct_b60d2151,2024-04-08T13:46:00,bug
tkt_311fbea8,acct_a1a3d711,2024-04-08T15:40:00,bug
tkt_48f6b590,acct_c4afbec5,2024-04-08T16:19:00,billing
tkt_c3d04676,acct_d790cb3d,2024-04-08T16:19:00,how_to
tkt_a530ce14,acct_0f133e35,2024-04-08T17:13:00,bug
tkt_970c80a2,acct_cef1af78,2024-04-08T18:15:00,how_to
tkt_299afd1b,acct_0df20713,2024-04-09T10:08:00,bug
tkt_6dd2c590,acct_c926cbf9,2024-04-09T10:16:00,bug
tkt_1f1221cc,acct_a6c8e6aa,2024-04-09T12:10:00,billing
tkt_b3378064,acct_8c822fd8,2024-04-09T13:11:00,bug
tkt_01796bed,acct_58b26511,2024-04-10T08:42:00,how_to
tkt_002b11b8,acct_5c91f869,2024-04-10T09:51:00,how_to
tkt_131c2cef,acct_13633988,2024-04-10T11:43:00,bug
tkt_ba71fb73,acct_1ad510db,2024-04-10T15:01:00,how_to
tkt_2a04d8bf,acct_caffcecb,2024-04-10T15:04:00,how_to
tkt_6d2d5575,acct_b1ab049a,2024-04-10T15:51:00,billing
tkt_8bbce417,acct_14b4a582,2024-04-11T09:04:00,bug
tkt_a8dc5509,acct_0f133e35,2024-04-11T10:46:00,billing
tkt_71f14ab2,acct_f522587d,2024-04-11T15:31:00,how_to
tkt_ce74d883,acct_07cbb40c,2024-04-11T16:05:00,how_to
tkt_8e97d68e,acct_0ae09692,2024-04-11T16:41:00,bug
tkt_321b5192,acct_bd49ee8c,2024-04-12T10:33:00,bug
tkt_25a210f0,acct_db122064,2024-04-12T11:30:00,bug
tkt_94d43e9a,acct_9e1e404c,2024-04-12T14:07:00,bug
tkt_01685d48,acct_22bbc84a,2024-04-12T15:18:00,bug
tkt_b033dcce,acct_3ae38d66,2024-04-12T17:20:00,bug
tkt_ab66a46f,acct_536538ea,2024-04-12T18:53:00,billing
tkt_bc0d34d0,acct_ef23a583,2024-04-13T09:54:00,bug
tkt_55f41101,acct_b539659a,2024-04-13T10:14:00,billing
tkt_bc13436e,acct_c90e3c56,2024-04-13T10:27:00,bug
tkt_f5aa4fb9,acct_8b3c3f51,2024-04-13T12:31:00,billing
tkt_7406df9f,acct_3ae38d66,2024-04-13T13:55:00,bug
tkt_d4465740,acct_c936d51e,2024-04-13T15:05:00,billing
tkt_4463821b,acct_28014d9b,2024-04-14T09:10:00,bug
tkt_7ce957b8,acct_c1e7eb50,2024-04-14T10:53:00,how_to
tkt_438a697f,acct_98ec91c1,2024-04-14T11:03:00,bug
tkt_d9fa8110,acct_55501e30,2024-04-14T14:16:00,bug
tkt_dcc7cf16,acct_ce4b9d7d,2024-04-14T14:24:00,how_to
tkt_77a9a9ee,acct_47e21872,2024-04-14T14:59:00,how_to
tkt_4bf268a3,acct_b539659a,2024-04-14T17:59:00,how_to
tkt_81cf37f2,acct_5f44f7e8,2024-04-14T18:51:00,bug
tkt_cd361577,acct_fd489167,2024-04-15T09:45:00,bug
tkt_73ad5cc2,acct_bd7fb8fe,2024-04-15T12:47:00,bug
tkt_e7dbfb7c,acct_431c82c4,2024-04-15T14:12:00,how_to
tkt_f1ad1c4d,acct_220c59ae,2024-04-15T14:35:00,bug
tkt_4fa15f3a,acct_63ccc949,2024-04-15T14:42:00,billing
tkt_a555e695,acct_ec5e52c7,2024-04-15T16:00:00,bug
tkt_3401469a,acct_d2a00957,2024-04-16T12:54:00,bug
tkt_cccb39a5,acct_47e21872,2024-04-16T14:58:00,bug
tkt_072b37ba,acct_ee31ad9c,2024-04-16T16:15:00,bug
tkt_3c851be3,acct_a4ee64cf,2024-04-16T17:43:00,bug
tkt_133a7dd0,acct_abe8f722,2024-04-16T17:47:00,billing
tkt_bb202a7f,acct_206b676f,2024-04-16T18:29:00,billing
tkt_85aa108e,acct_37db7b52,2024-04-17T09:08:00,billing
tkt_41e23a99,acct_c890904a,2024-04-17T16:31:00,bug
tkt_04c5c620,acct_1b67aa64,2024-04-17T16:40:00,billing
tkt_571e8a24,acct_62c14d2d,2024-04-17T18:02:00,bug
tkt_1fa93bb7,acct_cc343db1,2024-04-18T10:34:00,how_to
tkt_c7054fd8,acct_68bae8ee,2024-04-18T12:17:00,billing
tkt_a2eb8497,acct_5e56ac0c,2024-04-18T12:32:00,bug
tkt_66e17872,acct_db122064,2024-04-18T12:49:00,how_to
tkt_c88c6a5f,acct_c90e3c56,2024-04-18T12:58:00,bug
tkt_d8b3ff31,acct_21ec2853,2024-04-18T15:01:00,bug
tkt_53dbdcf1,acct_c1895c5f,2024-04-19T10:05:00,billing
tkt_2418079e,acct_a721a800,2024-04-19T10:36:00,how_to
tkt_3b807345,acct_63ccc949,2024-04-19T16:13:00,how_to
tkt_94d6136e,acct_72c38699,2024-04-19T18:10:00,bug
tkt_7fc48100,acct_587a017e,2024-04-19T18:55:00,bug
tkt_b2f5bfb9,acct_cc343db1,2024-04-20T10:40:00,billing
tkt_11ae4a0e,acct_eae19cc2,2024-04-20T18:13:00,bug
tkt_c7404957,acct_c2f4a92c,2024-04-20T18:21:00,bug
tkt_6cc4218a,acct_570d3ecf,2024-04-20T18:42:00,how_to
tkt_edc1bf85,acct_12e1f779,2024-04-21T08:27:00,how_to
tkt_4a03d0d5,acct_91702026,2024-04-21T08:39:00,bug
tkt_1a7a5162,acct_e2932b91,2024-04-21T15:02:00,bug
tkt_b18632cc,acct_c4e425c9,2024-04-21T15:42:00,billing
tkt_04052c04,acct_c9e5fb5f,2024-04-21T16:19:00,bug
tkt_6b42c227,acct_fd489167,2024-04-21T16:32:00,bug
tkt_6e2c4898,acct_47e21872,2024-04-21T16:49:00,bug
tkt_11df349f,acct_b771bb83,2024-04-21T17:27:00,bug
tkt_d719cd7f,acct_9c2b3b0f,2024-04-21T18:43:00,billing
tkt_977d29c0,acct_a46ce0c2,2024-04-22T12:05:00,how_to
tkt_1972d06f,acct_50eb67b3,2024-04-22T14:06:00,how_to
tkt_841f459c,acct_3ff83572,2024-04-23T08:09:00,bug
tkt_82c74edd,acct_7071b243,2024-04-23T13:31:00,how_to
tkt_6404b853,acct_ea0b9b38,2024-04-23T17:21:00,bug
tkt_fc5ddb59,acct_f522587d,2024-04-23T18:39:00,bug
tkt_f8a7993e,acct_2e4fdc44,2024-04-23T18:40:00,bug
tkt_508a9cc1,acct_844f019a,2024-04-24T08:16:00,billing
tkt_d14acf2f,acct_2d6c2d92,2024-04-24T08:35:00,how_to
tkt_16ea6020,acct_c9e5fb5f,2024-04-24T09:01:00,bug
tkt_2a09b9a6,acct_c90e3c56,2024-04-24T09:29:00,how_to
tkt_69986d2e,acct_58b26511,2024-04-24T11:04:00,bug
tkt_b2903381,acct_ee6dccad,2024-04-24T11:30:00,billing
tkt_9b007ab8,acct_d4a6eca8,2024-04-24T12:21:00,how_to
tkt_5ca07ba8,acct_ca70d937,2024-04-24T14:43:00,bug
tkt_5e2fa9ff,acct_206b676f,2024-04-24T17:47:00,how_to
tkt_54e35ad2,acct_55bb5415,2024-04-25T08:15:00,how_to
tkt_bcc36e71,acct_5f6be90e,2024-04-25T09:40:00,bug
tkt_c130a9c6,acct_c890904a,2024-04-25T10:59:00,bug
tkt_62d966e2,acct_9c2b3b0f,2024-04-25T12:20:00,bug
tkt_6d2eb8d6,acct_f522587d,2024-04-25T12:43:00,billing
tkt_db7825b1,acct_9a91137a,2024-04-25T13:03:00,billing
tkt_b472a68c,acct_c4afbec5,2024-04-25T13:47:00,bug
tkt_68ef1459,acct_881a279e,2024-04-25T15:33:00,how_to
tkt_d016cf9b,acct_55bb5415,2024-04-25T17:25:00,billing
tkt_673bf729,acct_908b21fd,2024-04-25T17:42:00,how_to
tkt_897f7dc8,acct_206b676f,2024-04-25T17:52:00,bug
tkt_74d929c6,acct_9e2ca812,2024-04-25T18:08:00,how_to
tkt_0d6ef613,acct_9ffe6239,2024-04-25T18:24:00,bug
tkt_3ec21367,acct_7cf02d02,2024-04-26T08:03:00,billing
tkt_944a107e,acct_f2652d00,2024-04-26T09:46:00,bug
tkt_06e3a1c4,acct_9399d35d,2024-04-26T12:08:00,bug
tkt_ada6e02b,acct_570c730f,2024-04-26T14:12:00,how_to
tkt_87901802,acct_408d5f39,2024-04-26T14:45:00,billing
tkt_dbd62994,acct_ee6dccad,2024-04-26T15:42:00,bug
tkt_5190b93b,acct_5f6be90e,2024-04-26T15:57:00,bug
tkt_58ddd706,acct_5f6be90e,2024-04-26T16:25:00,bug
tkt_444b011e,acct_c4afbec5,2024-04-27T08:07:00,bug
tkt_3a585054,acct_eae19cc2,2024-04-27T09:47:00,how_to
tkt_0762c47d,acct_fccfe7e8,2024-04-27T10:13:00,how_to
tkt_64c95fd7,acct_f2652d00,2024-04-27T10:41:00,billing
tkt_4ba94106,acct_b7125efd,2024-04-27T11:51:00,bug
tkt_6c4fe177,acct_cef1af78,2024-04-27T12:06:00,billing
tkt_d49f3d00,acct_c890904a,2024-04-27T12:43:00,bug
tkt_2afefa8e,acct_eb9e54d1,2024-04-27T15:10:00,how_to
tkt_c564df77,acct_d790cb3d,2024-04-27T16:04:00,bug
tkt_994dcfc9,acct_72c38699,2024-04-27T18:19:00,bug
tkt_c3039dc7,acct_9d5d1e94,2024-04-28T09:51:00,how_to
tkt_0ff851ff,acct_c17bedea,2024-04-28T10:00:00,bug
tkt_c7ebc4b1,acct_7f359e91,2024-04-28T12:15:00,how_to
tkt_b55a74df,acct_5e56ac0c,2024-04-28T13:16:00,billing
tkt_4ade9a9c,acct_82d15506,2024-04-28T15:32:00,how_to
tkt_2f53937d,acct_d790cb3d,2024-04-28T16:43:00,bug
tkt_d395845b,acct_80ba334e,2024-04-28T17:12:00,billing
tkt_6c747404,acct_0df20713,2024-04-28T17:31:00,how_to
tkt_6243b3ac,acct_e2bed010,2024-04-29T08:59:00,bug
tkt_cb06b1a9,acct_2edf1dae,2024-04-29T09:06:00,bug
tkt_2df83629,acct_8c97720f,2024-04-29T09:55:00,bug
tkt_ea78dd98,acct_44775e54,2024-04-29T10:47:00,how_to
tkt_3ffcbe57,acct_7721e58b,2024-04-29T10:57:00,bug
tkt_a5b20b49,acct_58b26511,2024-04-29T12:07:00,bug
tkt_eb49f059,acct_aaff4c90,2024-04-29T13:40:00,bug
tkt_c58a2aa4,acct_7721e58b,2024-04-29T14:11:00,bug
tkt_c929d135,acct_c17bedea,2024-04-29T14:58:00,billing
tkt_2ac42f65,acct_bd49ee8c,2024-04-29T15:05:00,bug
tkt_928036d9,acct_b1ab049a,2024-04-29T15:21:00,bug
tkt_de08481e,acct_ab34388b,2024-04-30T08:34:00,billing
tkt_b352b0e8,acct_2e4fdc44,2024-04-30T08:43:00,billing
tkt_dbafff56,acct_1f22e070,2024-04-30T09:12:00,bug
tkt_c5fecbda,acct_50eb67b3,2024-04-30T10:52:00,how_to
tkt_db4f0c20,acct_9e1e404c,2024-04-30T10:55:00,how_to
tkt_92e9d5e4,acct_9bd01a10,2024-04-30T15:40:00,bug
tkt_f3e114ac,acct_d4a6eca8,2024-04-30T18:07:00,billing
tkt_daec9ac2,acct_c4e425c9,2024-05-01T09:01:00,bug
tkt_504e4cc1,acct_89af9a66,2024-05-01T12:58:00,billing
tkt_8ab6e0cb,acct_3e04a612,2024-05-01T14:38:00,bug
tkt_6303586c,acct_1f86c8a0,2024-05-01T16:23:00,how_to
tkt_f9ee4ffa,acct_c4afbec5,2024-05-01T16:33:00,bug
tkt_bb45e720,acct_4fc1ea13,2024-05-02T08:47:00,how_to
tkt_1da3c8b6,acct_a91ca19a,2024-05-02T09:32:00,bug
tkt_90d8d75e,acct_80b45b9a,2024-05-02T09:54:00,how_to
tkt_43c73f4c,acct_ef23a583,2024-05-02T11:48:00,how_to
tkt_4c83549b,acct_c1e7eb50,2024-05-02T12:14:00,billing
tkt_5541f81b,acct_e943c430,2024-05-02T13:31:00,billing
tkt_cfca758b,acct_0c283081,2024-05-02T15:57:00,how_to
tkt_aeef7812,acct_81c33ecd,2024-05-02T17:26:00,billing
tkt_a99bac35,acct_c936d51e,2024-05-02T17:51:00,bug
tkt_5a69d041,acct_2f822db4,2024-05-03T08:36:00,billing
tkt_e2761424,acct_af4975aa,2024-05-03T10:31:00,billing
tkt_5db6f67b,acct_68bee84d,2024-05-03T12:19:00,bug
tkt_b3a68e56,acct_720e1aff,2024-05-03T12:21:00,how_to
tkt_cbc9f0f0,acct_bdabfee0,2024-05-03T13:04:00,bug
tkt_f9f33976,acct_9d8beecb,2024-05-03T15:27:00,bug
tkt_e8cbf3d5,acct_cf01f4d6,2024-05-03T16:02:00,bug
tkt_f34ea65d,acct_8c97720f,2024-05-04T11:22:00,how_to
tkt_8f349f83,acct_9399d35d,2024-05-04T12:15:00,bug
tkt_6e93743f,acct_37467577,2024-05-04T13:17:00,bug
tkt_1348cf2a,acct_3328acbc,2024-05-04T14:54:00,bug
tkt_c0b44e50,acct_0ae09692,2024-05-04T15:26:00,how_to
tkt_fef9448f,acct_63ccc949,2024-05-04T16:34:00,how_to
tkt_935faa6e,acct_c890904a,2024-05-04T18:40:00,bug
tkt_e4197e44,acct_89766391,2024-05-04T18:48:00,bug
tkt_c351f76c,acct_dfac4e39,2024-05-05T09:08:00,how_to
tkt_d767976f,acct_d790cb3d,2024-05-05T09:43:00,billing
tkt_0909965d,acct_1f22e070,2024-05-05T13:14:00,billing
tkt_9669efcf,acct_fb28420f,2024-05-05T13:38:00,bug
tkt_9b168bae,acct_0c174c88,2024-05-05T13:41:00,how_to
tkt_8d8f138d,acct_1a9a6ea5,2024-05-05T14:31:00,how_to
tkt_60b9553e,acct_195de5f0,2024-05-05T15:21:00,how_to
tkt_490927ca,acct_011ae7b9,2024-05-05T16:37:00,bug
tkt_c12a69c3,acct_d790cb3d,2024-05-05T16:48:00,billing
tkt_cac786e1,acct_70c902db,2024-05-05T18:48:00,billing
tkt_4a9aa9e5,acct_36e723e0,2024-05-06T08:06:00,bug
tkt_9124a694,acct_e4bc8ae8,2024-05-06T08:10:00,bug
tkt_8190601b,acct_cc343db1,2024-05-06T10:26:00,how_to
tkt_030fd11d,acct_9e087481,2024-05-06T12:45:00,how_to
tkt_10b5bf1a,acct_597503bf,2024-05-06T13:24:00,bug
tkt_cedcb197,acct_8c822fd8,2024-05-06T13:43:00,bug
tkt_810ffd63,acct_206b676f,2024-05-06T14:23:00,bug
tkt_91e06c96,acct_9826c92a,2024-05-07T10:05:00,bug
tkt_81d3989f,acct_12e1f779,2024-05-07T10:14:00,bug
tkt_b1c3ff6d,acct_e4be9f25,2024-05-07T13:47:00,billing
tkt_513d24b0,acct_7934dd8f,2024-05-07T13:53:00,billing
tkt_62b323b7,acct_748c56c3,2024-05-07T14:46:00,billing
tkt_634a60c2,acct_41acd2a5,2024-05-07T17:27:00,bug
tkt_2638e941,acct_cc15e32c,2024-05-07T17:58:00,bug
tkt_057244c9,acct_8fa52406,2024-05-07T18:05:00,how_to
tkt_c4382314,acct_c936d51e,2024-05-08T09:06:00,bug
tkt_17f8f23a,acct_4fc1ea13,2024-05-08T10:32:00,bug
tkt_fbf2143f,acct_1fc84ed3,2024-05-08T11:52:00,billing
tkt_a86fb8bb,acct_5aad16e2,2024-05-08T11:59:00,how_to
tkt_0a4fb92a,acct_1c58dc8e,2024-05-08T12:50:00,bug
tkt_46bdf264,acct_26b12708,2024-05-08T13:33:00,how_to
tkt_a847246a,acct_c1895c5f,2024-05-08T15:00:00,bug
tkt_600ddd75,acct_55c13b50,2024-05-08T15:28:00,bug
tkt_ce07cf31,acct_e81e4866,2024-05-08T15:35:00,billing
tkt_0ab565ec,acct_cc343db1,2024-05-08T15:43:00,bug
tkt_4dbf9e72,acct_bd49ee8c,2024-05-08T16:20:00,bug
tkt_fe407a9b,acct_a6ed9bca,2024-05-08T16:21:00,bug
tkt_2078316b,acct_c833c59c,2024-05-08T17:31:00,bug
tkt_b92e30a5,acct_fd489167,2024-05-09T10:02:00,bug
tkt_7b42d07c,acct_9a91137a,2024-05-09T10:59:00,bug
tkt_ce5d83c1,acct_82d15506,2024-05-09T13:59:00,how_to
tkt_f970a409,acct_8c822fd8,2024-05-09T14:11:00,how_to
tkt_763ad702,acct_31a279ec,2024-05-09T14:34:00,bug
tkt_5a25b621,acct_c56818e0,2024-05-09T15:11:00,billing
tkt_d01913cb,acct_3337d32e,2024-05-09T15:49:00,bug
tkt_047c8806,acct_1ad510db,2024-05-09T15:54:00,billing
tkt_98812514,acct_88acc8b6,2024-05-09T16:04:00,bug
tkt_386310ab,acct_3bc2af10,2024-05-09T17:18:00,billing
tkt_6f9005d0,acct_5be6006e,2024-05-10T08:20:00,billing
tkt_88cae98d,acct_5e2f1181,2024-05-10T12:03:00,how_to
tkt_86a88dd2,acct_6c9c19d7,2024-05-10T13:20:00,billing
tkt_e1d86691,acct_4c80bc76,2024-05-10T15:38:00,how_to
tkt_0b70d61c,acct_6cda492d,2024-05-10T17:55:00,bug
tkt_a0a24e82,acct_9ffe6239,2024-05-11T11:40:00,bug
tkt_f78e9f95,acct_1fc84ed3,2024-05-11T18:29:00,bug
tkt_db29ea95,acct_af4975aa,2024-05-11T18:46:00,bug
tkt_9affabe4,acct_4ab2cccf,2024-05-11T18:57:00,bug
tkt_3b29517b,acct_1a9a6ea5,2024-05-12T08:48:00,how_to
tkt_a1c82759,acct_1f86c8a0,2024-05-12T10:03:00,billing
tkt_0f65c00d,acct_13633988,2024-05-12T10:53:00,bug
tkt_4cf87d1e,acct_5e56ac0c,2024-05-12T13:04:00,billing
tkt_4900104c,acct_570d3ecf,2024-05-12T15:54:00,bug
tkt_9393c0a4,acct_2e96dcae,2024-05-12T16:56:00,how_to
tkt_e9be1600,acct_c9e5fb5f,2024-05-12T17:26:00,bug
tkt_8b214931,acct_6cda492d,2024-05-12T17:40:00,bug
tkt_2b11fef9,acct_87c9600c,2024-05-12T18:07:00,billing
tkt_d67e51fd,acct_c90e3c56,2024-05-13T11:37:00,how_to
tkt_3323dde3,acct_cc343db1,2024-05-13T11:58:00,how_to
tkt_a15f052b,acct_5e2f1181,2024-05-13T12:03:00,how_to
tkt_74cb5531,acct_7e98d021,2024-05-13T13:00:00,bug
tkt_9a3e56f9,acct_d4c9d713,2024-05-13T13:16:00,bug
tkt_18cfdb59,acct_557a3864,2024-05-13T15:05:00,how_to
tkt_0ee0888f,acct_af4975aa,2024-05-14T11:09:00,bug
tkt_3d6e90c9,acct_62b2bed1,2024-05-14T11:55:00,bug
tkt_80363c44,acct_28014d9b,2024-05-14T17:32:00,billing
tkt_1faf16d4,acct_e81e4866,2024-05-14T18:01:00,bug
tkt_e51a52a4,acct_c890904a,2024-05-14T18:12:00,how_to
tkt_1d951758,acct_3328acbc,2024-05-14T18:17:00,how_to
tkt_c759ef15,acct_14b9fc4d,2024-05-14T18:49:00,bug
tkt_ddbc68fe,acct_a721a800,2024-05-15T08:42:00,billing
tkt_d8b3052c,acct_93db30dd,2024-05-15T09:10:00,bug
tkt_3925d7a3,acct_570d3ecf,2024-05-15T10:14:00,bug
tkt_f54639cd,acct_12e1f779,2024-05-15T12:49:00,bug
tkt_419f4d0b,acct_0aabe5e5,2024-05-15T17:12:00,bug
tkt_9c343f32,acct_91702026,2024-05-15T18:32:00,how_to
tkt_b794d5c3,acct_fbdb883e,2024-05-15T18:45:00,bug
tkt_96e96715,acct_8c822fd8,2024-05-16T08:05:00,how_to
tkt_d92c3cad,acct_37db7b52,2024-05-16T08:46:00,billing
tkt_26107a08,acct_ae6851c2,2024-05-16T11:00:00,how_to
tkt_54931aa2,acct_82d15506,2024-05-16T12:01:00,how_to
tkt_4f7ba234,acct_af4975aa,2024-05-16T12:36:00,bug
tkt_3444c9b8,acct_3f161f88,2024-05-16T16:04:00,bug
tkt_de9e958f,acct_06a8f7f7,2024-05-16T16:31:00,billing
tkt_66f8febb,acct_748c56c3,2024-05-16T16:49:00,how_to
tkt_b5cbf3b1,acct_8423da4b,2024-05-16T17:12:00,how_to
tkt_1ce2678d,acct_599480f4,2024-05-17T08:27:00,bug
tkt_c0945767,acct_55bb5415,2024-05-17T08:56:00,bug
tkt_4a486f59,acct_3337d32e,2024-05-17T09:53:00,how_to
tkt_f3f01c6f,acct_b9664331,2024-05-17T11:09:00,bug
tkt_9c25c961,acct_9d8beecb,2024-05-17T11:54:00,bug
tkt_f9e5e507,acct_8b3c3f51,2024-05-17T14:56:00,billing
tkt_600d99b2,acct_518ff93b,2024-05-17T17:04:00,how_to
tkt_7b61480f,acct_db122064,2024-05-17T17:56:00,bug
tkt_edbc5819,acct_2a8df8ee,2024-05-18T10:48:00,bug
tkt_5791fc21,acct_19006587,2024-05-18T12:41:00,bug
tkt_64ccb385,acct_62b2bed1,2024-05-18T15:43:00,billing
tkt_ab599eb5,acct_80ba334e,2024-05-18T16:39:00,bug
tkt_6c68763e,acct_d4c9d713,2024-05-18T16:58:00,how_to
tkt_43726983,acct_c17bedea,2024-05-19T10:05:00,how_to
tkt_aac7ab75,acct_7934dd8f,2024-05-19T10:23:00,how_to
tkt_ed908b44,acct_408d5f39,2024-05-19T10:28:00,bug
tkt_2b6a8bb4,acct_5fb3b8d2,2024-05-19T10:42:00,bug
tkt_787f3a80,acct_337b7086,2024-05-19T11:43:00,bug
tkt_d3382457,acct_d2a00957,2024-05-19T11:55:00,bug
tkt_16484ec8,acct_9ffe6239,2024-05-19T12:40:00,how_to
tkt_68a93bf9,acct_55bb5415,2024-05-19T14:07:00,how_to
tkt_17f188ae,acct_1ad510db,2024-05-19T16:31:00,billing
tkt_d1be4186,acct_c890904a,2024-05-19T17:10:00,bug
tkt_53212394,acct_bdabfee0,2024-05-19T17:56:00,bug
tkt_9585242a,acct_5b5138d0,2024-05-20T11:02:00,bug
tkt_4f3d6e6b,acct_a91ca19a,2024-05-20T12:33:00,billing
tkt_4681c159,acct_62c14d2d,2024-05-20T13:52:00,billing
tkt_695b9b19,acct_4d931910,2024-05-20T14:20:00,bug
tkt_1ec448cd,acct_077e30f8,2024-05-20T15:42:00,billing
tkt_7ab637c6,acct_90bb4901,2024-05-20T15:52:00,how_to
tkt_ca47f11b,acct_04fa262c,2024-05-20T16:27:00,how_to
tkt_1d9ddd2a,acct_998fcdc3,2024-05-20T16:33:00,billing
tkt_4198d91d,acct_bc9f1f3d,2024-05-21T09:01:00,bug
tkt_3dc06127,acct_8fa52406,2024-05-21T09:52:00,bug
tkt_d737a8fe,acct_12e1f779,2024-05-21T11:42:00,how_to
tkt_ec1da824,acct_68bae8ee,2024-05-21T14:16:00,bug
tkt_12cd1221,acct_7deca4e3,2024-05-21T16:56:00,how_to
tkt_59c43a98,acct_c4e425c9,2024-05-22T10:27:00,bug
tkt_8cbdb0cf,acct_04fa262c,2024-05-22T13:09:00,bug
tkt_801f298a,acct_90bb4901,2024-05-22T15:16:00,billing
tkt_089c64b8,acct_206b676f,2024-05-23T08:32:00,billing
tkt_f019e95f,acct_ea0b9b38,2024-05-23T09:06:00,bug
tkt_d4d910be,acct_738f8750,2024-05-23T09:17:00,bug
tkt_6803e7b9,acct_37db7b52,2024-05-23T09:39:00,bug
tkt_d426365a,acct_8584c5ad,2024-05-23T10:21:00,bug
tkt_9e6040d3,acct_7f359e91,2024-05-23T10:23:00,billing
tkt_5660aea4,acct_e943c430,2024-05-23T10:23:00,bug
tkt_d46e97af,acct_2f822db4,2024-05-23T11:44:00,how_to
tkt_90a730b9,acct_8423da4b,2024-05-23T12:48:00,how_to
tkt_091bab8b,acct_c936d51e,2024-05-23T13:58:00,bug
tkt_3898c4a1,acct_3ff83572,2024-05-23T15:23:00,bug
tkt_ff5e3659,acct_748c56c3,2024-05-23T17:06:00,bug
tkt_b87a3f54,acct_9bff1fdf,2024-05-24T08:25:00,bug
tkt_7f972173,acct_26b12708,2024-05-24T09:14:00,billing
tkt_6bfbc6fb,acct_21ec2853,2024-05-24T10:05:00,billing
tkt_2aefe6d0,acct_fd489167,2024-05-24T12:02:00,bug
tkt_e69a8f48,acct_2f822db4,2024-05-24T12:52:00,how_to
tkt_0e2aa96e,acct_d4a6eca8,2024-05-24T13:44:00,how_to
tkt_8c11fccc,acct_3e488930,2024-05-24T15:01:00,how_to
tkt_c38b399e,acct_337b7086,2024-05-24T15:21:00,billing
tkt_00d643a0,acct_28189c75,2024-05-24T15:29:00,bug
tkt_bd2d5022,acct_ca59254c,2024-05-24T15:52:00,bug
tkt_927930cb,acct_ae6851c2,2024-05-24T16:47:00,how_to
tkt_3fe062af,acct_e943c430,2024-05-24T17:07:00,bug
tkt_ba9920c7,acct_4bf98dd4,2024-05-24T17:31:00,bug
tkt_df47d727,acct_c4e425c9,2024-05-25T08:41:00,billing
tkt_3ac5e197,acct_9eb38138,2024-05-25T10:17:00,bug
tkt_b885e921,acct_3e488930,2024-05-25T11:47:00,bug
tkt_57300a3d,acct_d2a00957,2024-05-25T11:54:00,bug
tkt_fd992751,acct_21ec2853,2024-05-25T12:09:00,bug
tkt_92334cb1,acct_7deca4e3,2024-05-25T15:09:00,how_to
tkt_59733bee,acct_c936d51e,2024-05-25T16:27:00,billing
tkt_9ff6fb1b,acct_99c2af5a,2024-05-25T17:06:00,billing
tkt_335a0aa0,acct_88acc8b6,2024-05-25T17:57:00,bug
tkt_34fcddc2,acct_c299a5aa,2024-05-25T18:49:00,bug
tkt_cb26ce8c,acct_3328acbc,2024-05-25T18:56:00,how_to
tkt_bb0cfcaa,acct_b539659a,2024-05-26T08:01:00,how_to
tkt_c8cb626c,acct_2e1fef9c,2024-05-26T09:13:00,bug
tkt_6abc35ec,acct_7cf02d02,2024-05-26T09:42:00,billing
tkt_2d23e79b,acct_1a9a6ea5,2024-05-26T11:55:00,bug
tkt_9351abd4,acct_3337d32e,2024-05-26T13:14:00,bug
tkt_8bb7ea93,acct_ae6851c2,2024-05-26T14:25:00,bug
tkt_bc3936e8,acct_0c174c88,2024-05-26T15:19:00,bug
tkt_f83e2949,acct_279f76a3,2024-05-26T15:56:00,bug
tkt_2db2ce45,acct_1d33eaed,2024-05-27T08:21:00,how_to
tkt_7cc1b8a5,acct_489ca162,2024-05-27T11:13:00,billing
tkt_06f7a022,acct_4ab2cccf,2024-05-27T12:02:00,bug
tkt_0478cd41,acct_26b12708,2024-05-27T12:08:00,billing
tkt_9a56e3f7,acct_7e98d021,2024-05-27T12:59:00,how_to
tkt_f778e15c,acct_52dc2835,2024-05-27T13:08:00,billing
tkt_d9f7e4f9,acct_c9e5fb5f,2024-05-27T13:23:00,billing
tkt_09f3fde6,acct_c7cb0d51,2024-05-27T13:56:00,bug
tkt_a98ef41f,acct_5e56ac0c,2024-05-27T14:07:00,billing
tkt_331949fd,acct_ee31ad9c,2024-05-27T15:04:00,bug
tkt_2ea0abd1,acct_c56818e0,2024-05-27T16:03:00,bug
tkt_1fb1dbfd,acct_37db7b52,2024-05-27T16:32:00,bug
tkt_d563dbcc,acct_7cf02d02,2024-05-27T17:02:00,bug
tkt_31e51b5e,acct_0a7fd012,2024-05-27T17:17:00,how_to
tkt_3a0b431c,acct_fd489167,2024-05-27T17:18:00,billing
tkt_9d07cfd7,acct_fb45afc8,2024-05-28T08:44:00,bug
tkt_ffb6c727,acct_624c520e,2024-05-28T08:53:00,billing
tkt_fcaa264e,acct_ae6851c2,2024-05-28T11:18:00,how_to
tkt_a883ee78,acct_9bd01a10,2024-05-28T12:04:00,bug
tkt_1d8efe01,acct_13633988,2024-05-28T12:29:00,bug
tkt_bdeb07bf,acct_ca59254c,2024-05-28T16:31:00,how_to
tkt_fb1f0418,acct_37467577,2024-05-28T16:33:00,billing
tkt_c86edcda,acct_5e56ac0c,2024-05-29T09:36:00,bug
tkt_a2bcd73d,acct_bd7aa4f5,2024-05-29T11:41:00,how_to
tkt_53ba482b,acct_278b5911,2024-05-29T13:11:00,billing
tkt_2a9afdde,acct_80ba334e,2024-05-29T14:00:00,billing
tkt_2e5fd683,acct_4f1e6bb4,2024-05-29T14:38:00,how_to
tkt_1a57e0d9,acct_ee31ad9c,2024-05-29T15:43:00,bug
tkt_747632cd,acct_4b3b332d,2024-05-29T15:51:00,bug
tkt_ec0beeb2,acct_18db2b85,2024-05-29T16:25:00,bug
tkt_3faebc96,acct_3337d32e,2024-05-29T16:53:00,billing
tkt_ad712894,acct_bdabfee0,2024-05-29T17:23:00,how_to
tkt_f3cd47e6,acct_062d243d,2024-05-29T18:24:00,how_to
tkt_8c7b9d7c,acct_36e723e0,2024-05-30T08:18:00,how_to
tkt_0ff970d8,acct_fb28420f,2024-05-30T09:41:00,how_to
tkt_5a69967e,acct_52de0938,2024-05-30T09:43:00,billing
tkt_b43f5f5e,acct_748c56c3,2024-05-30T10:04:00,bug
tkt_51399ede,acct_58213684,2024-05-30T12:56:00,billing
tkt_474dcf7c,acct_af4975aa,2024-05-30T15:58:00,how_to
tkt_d080ae91,acct_d2a00957,2024-05-30T16:03:00,how_to
tkt_94dba995,acct_9399d35d,2024-05-31T09:21:00,bug
tkt_1fcef5e7,acct_9ffe6239,2024-05-31T11:21:00,bug
tkt_317e79e1,acct_489ca162,2024-05-31T17:25:00,how_to
tkt_8e2dfde1,acct_562fbb0c,2024-06-01T11:19:00,how_to
tkt_89745694,acct_fab80b2a,2024-06-01T11:43:00,billing
tkt_baf16471,acct_26b12708,2024-06-01T15:39:00,how_to
tkt_4106d787,acct_4ad21597,2024-06-01T16:24:00,bug
tkt_b2278976,acct_9e2ca812,2024-06-01T17:30:00,bug
tkt_6c0ed6fb,acct_c486942b,2024-06-02T09:49:00,how_to
tkt_cbead713,acct_fb45afc8,2024-06-02T10:01:00,how_to
tkt_715da4af,acct_7d156be5,2024-06-02T12:20:00,how_to
tkt_9adf359f,acct_21ec2853,2024-06-02T13:42:00,bug
tkt_6b3b2277,acct_12e1f779,2024-06-02T14:10:00,how_to
tkt_d8a136b3,acct_90bb4901,2024-06-02T14:26:00,bug
tkt_193b02f1,acct_eb9e54d1,2024-06-02T14:54:00,bug
tkt_14fdf217,acct_1ad510db,2024-06-02T15:40:00,bug
tkt_7fb1e9fd,acct_3ae8d16c,2024-06-02T15:41:00,how_to
tkt_482e3811,acct_2e4fdc44,2024-06-02T17:32:00,bug
tkt_0f6e8f3b,acct_a4e8fb00,2024-06-02T18:29:00,how_to
tkt_4cba0a0a,acct_46b3799b,2024-06-02T18:59:00,bug
tkt_9789c9f4,acct_c042c39c,2024-06-03T09:26:00,how_to
tkt_e375c12c,acct_bdabfee0,2024-06-03T11:07:00,bug
tkt_c8096229,acct_279f76a3,2024-06-03T11:17:00,how_to
tkt_0d682047,acct_cc343db1,2024-06-03T12:47:00,bug
tkt_d426291e,acct_3f161f88,2024-06-03T16:18:00,billing
tkt_877e1520,acct_62ca2704,2024-06-03T16:51:00,how_to
tkt_7507a5cb,acct_3ae8d16c,2024-06-03T17:06:00,billing
tkt_fe6e8df5,acct_cf01f4d6,2024-06-04T09:56:00,bug
tkt_d19cafeb,acct_d4a6eca8,2024-06-04T11:57:00,bug
tkt_b76d3226,acct_4db061ef,2024-06-04T13:14:00,bug
tkt_c3d179e1,acct_7f359e91,2024-06-04T13:33:00,bug
tkt_b882ebde,acct_92549ac3,2024-06-04T13:42:00,bug
tkt_1afe24c9,acct_fe2882dd,2024-06-04T14:21:00,bug
tkt_3e2fc991,acct_2f822db4,2024-06-05T10:18:00,billing
tkt_ea68ae3c,acct_21ec2853,2024-06-05T11:29:00,bug
tkt_6b81ff80,acct_daa9fca1,2024-06-05T11:42:00,bug
tkt_c75937ec,acct_9c2b3b0f,2024-06-05T13:26:00,bug
tkt_16a8c3e0,acct_3208f944,2024-06-05T14:17:00,billing
tkt_1b47af02,acct_0387a4c5,2024-06-05T15:37:00,billing
tkt_3aac6437,acct_98ec91c1,2024-06-05T15:58:00,bug
tkt_ffde57c2,acct_a91ca19a,2024-06-05T17:32:00,bug
tkt_c8097486,acct_998fcdc3,2024-06-06T08:33:00,billing
tkt_c6f2bcaf,acct_c299a5aa,2024-06-06T09:15:00,billing
tkt_183fefce,acct_1a9a6ea5,2024-06-06T10:23:00,billing
tkt_7740a1f7,acct_5fb3b8d2,2024-06-06T12:23:00,bug
tkt_bf264795,acct_7cf02d02,2024-06-06T16:11:00,bug
tkt_e08544d6,acct_1f86c8a0,2024-06-06T17:36:00,bug
tkt_04cc54a6,acct_72c38699,2024-06-06T17:58:00,billing
tkt_f3a1c4b6,acct_28014d9b,2024-06-06T17:59:00,billing
tkt_0f76eccc,acct_6cda492d,2024-06-06T18:37:00,billing
tkt_6cecb85d,acct_562fbb0c,2024-06-07T08:18:00,bug
tkt_94601d67,acct_278b5911,2024-06-07T08:38:00,bug
tkt_ce163b97,acct_7d156be5,2024-06-07T09:13:00,bug
tkt_ba0dfa32,acct_c9e5fb5f,2024-06-07T09:30:00,bug
tkt_4d538a57,acct_50eb67b3,2024-06-07T09:38:00,bug
tkt_e7031b6a,acct_7f359e91,2024-06-07T10:24:00,how_to
tkt_32b0b976,acct_855e0ea6,2024-06-07T10:39:00,bug
tkt_af1722cd,acct_998fcdc3,2024-06-07T11:40:00,bug
tkt_2352d8d6,acct_3328acbc,2024-06-07T11:46:00,bug
tkt_5e99c60c,acct_3bc2af10,2024-06-07T12:19:00,billing
tkt_78db510b,acct_fb28420f,2024-06-07T13:45:00,how_to
tkt_34b0a933,acct_4ab2cccf,2024-06-07T14:19:00,bug
tkt_7af73a1a,acct_557a3864,2024-06-07T14:58:00,bug
tkt_9b6977bf,acct_dd514b4b,2024-06-07T15:16:00,bug
tkt_767d6425,acct_80ba334e,2024-06-08T09:51:00,billing
tkt_2b5b99e3,acct_5be6006e,2024-06-08T11:59:00,billing
tkt_e01b8d36,acct_b4277bbc,2024-06-08T12:12:00,how_to
tkt_2a387ec7,acct_560af3b6,2024-06-08T13:19:00,bug
tkt_1dd0ed2b,acct_9f2dc4e0,2024-06-08T15:01:00,bug
tkt_72d718b7,acct_bc957fa2,2024-06-08T15:14:00,bug
tkt_af0bff7e,acct_55501e30,2024-06-08T15:23:00,how_to
tkt_2a71c394,acct_a721a800,2024-06-08T16:48:00,how_to
tkt_2945c9b0,acct_9ffe6239,2024-06-08T17:45:00,bug
tkt_70d75a0f,acct_4bfac409,2024-06-09T10:29:00,billing
tkt_18198019,acct_06a8f7f7,2024-06-09T12:40:00,bug
tkt_9b94a6dd,acct_55501e30,2024-06-09T14:08:00,bug
tkt_2845985f,acct_fc42af41,2024-06-09T15:24:00,bug
tkt_1264d36a,acct_bc9f1f3d,2024-06-10T08:41:00,bug
tkt_908b9dc1,acct_d4c9d713,2024-06-10T16:27:00,how_to
tkt_bec7adb2,acct_19a14ca6,2024-06-10T18:47:00,bug
tkt_d0e7b9b6,acct_998fcdc3,2024-06-10T18:59:00,bug
tkt_139cd77b,acct_3e488930,2024-06-11T08:42:00,how_to
tkt_3d83ffe8,acct_279f76a3,2024-06-11T09:22:00,how_to
tkt_e5a1df4e,acct_ee6dccad,2024-06-11T09:42:00,billing
tkt_5357892d,acct_eb9e54d1,2024-06-11T09:46:00,billing
tkt_fbd2644f,acct_0a2711ee,2024-06-11T10:00:00,billing
tkt_3dfc7b17,acct_5be6006e,2024-06-11T11:11:00,how_to
tkt_128ab494,acct_68bee84d,2024-06-11T11:19:00,how_to
tkt_460432d2,acct_2a8df8ee,2024-06-11T11:23:00,bug
tkt_c415ce4e,acct_0ae09692,2024-06-11T12:58:00,billing
tkt_1785795c,acct_7721e58b,2024-06-11T15:02:00,billing
tkt_d4fa850f,acct_d2a00957,2024-06-11T15:56:00,bug
tkt_177fc12d,acct_2351efd6,2024-06-11T18:37:00,billing
tkt_6bb14035,acct_ab34388b,2024-06-12T08:06:00,how_to
tkt_6008b157,acct_d1f8c146,2024-06-12T09:40:00,billing
tkt_f4a7763b,acct_a001fe39,2024-06-12T10:10:00,bug
tkt_80bcba9f,acct_37467577,2024-06-12T12:09:00,bug
tkt_15177633,acct_c90e3c56,2024-06-12T13:41:00,billing
tkt_6dbb6be3,acct_dd514b4b,2024-06-12T13:41:00,bug
tkt_308edde8,acct_2f822db4,2024-06-12T13:53:00,how_to
tkt_82b71834,acct_92549ac3,2024-06-12T14:07:00,billing
tkt_bef68099,acct_daa9fca1,2024-06-12T14:47:00,how_to
tkt_bf6ba522,acct_3b8cbb43,2024-06-12T14:49:00,billing
tkt_3fb80ab2,acct_4c80bc76,2024-06-12T18:34:00,how_to
tkt_12aff31d,acct_337b7086,2024-06-13T08:56:00,bug
tkt_dc2e1f29,acct_1c58dc8e,2024-06-13T15:48:00,billing
tkt_6dc860ec,acct_62b2bed1,2024-06-13T17:25:00,billing
tkt_dda74890,acct_dd514b4b,2024-06-13T17:30:00,bug
tkt_3d19b4e3,acct_18db2b85,2024-06-13T18:45:00,bug
tkt_327b376b,acct_16671350,2024-06-14T08:50:00,bug
tkt_970eb774,acct_279f76a3,2024-06-14T09:09:00,bug
tkt_f69e9c05,acct_3337d32e,2024-06-14T11:22:00,billing
tkt_5cd0cf4e,acct_58213684,2024-06-14T13:16:00,billing
tkt_145f146b,acct_5be6006e,2024-06-14T14:59:00,how_to
tkt_de9e69aa,acct_557a3864,2024-06-14T15:27:00,bug
tkt_dba8b91c,acct_a1a3d711,2024-06-14T18:39:00,how_to
tkt_e5a3291f,acct_b0234b52,2024-06-15T09:19:00,bug
tkt_9bf5e843,acct_9d8beecb,2024-06-15T10:12:00,how_to
tkt_235d422c,acct_5865be29,2024-06-15T12:34:00,bug
tkt_ce720924,acct_9e2ca812,2024-06-15T14:24:00,billing
tkt_b94d689d,acct_877172df,2024-06-15T15:32:00,billing
tkt_31a14044,acct_fb28420f,2024-06-15T17:25:00,billing
tkt_5d80a476,acct_fccfe7e8,2024-06-15T18:32:00,billing
tkt_7256f8a5,acct_e36abb98,2024-06-16T09:33:00,how_to
tkt_7d548c96,acct_2d6c2d92,2024-06-16T10:07:00,how_to
tkt_ef5cc314,acct_66d48d26,2024-06-16T13:58:00,bug
tkt_92d88a59,acct_2edf1dae,2024-06-16T14:45:00,bug
tkt_77620347,acct_2edf1dae,2024-06-16T15:38:00,bug
tkt_6d98c47c,acct_7f50731a,2024-06-16T16:06:00,billing
tkt_e13e342c,acct_bd49ee8c,2024-06-17T12:56:00,bug
tkt_d62f6a00,acct_9f2dc4e0,2024-06-17T13:38:00,billing
tkt_bffc86db,acct_89766391,2024-06-17T14:28:00,billing
tkt_9d345afa,acct_9f2dc4e0,2024-06-17T15:17:00,how_to
tkt_d5350beb,acct_38aad469,2024-06-17T16:21:00,billing
tkt_87e18f48,acct_80ba334e,2024-06-17T17:03:00,bug
tkt_e7e36fe6,acct_bd5f46a1,2024-06-18T08:30:00,bug
tkt_acc7a35f,acct_2edf1dae,2024-06-18T08:51:00,bug
tkt_9f43abcb,acct_bd49ee8c,2024-06-18T09:50:00,bug
tkt_24b12412,acct_9e1e404c,2024-06-18T10:39:00,bug
tkt_e69e45f9,acct_72c38699,2024-06-18T11:56:00,billing
tkt_5b85978f,acct_a4e8fb00,2024-06-18T14:23:00,billing
tkt_4e7ccea8,acct_50eb67b3,2024-06-18T17:20:00,bug
tkt_3917fae6,acct_7e533921,2024-06-19T09:25:00,billing
tkt_a262657a,acct_570d3ecf,2024-06-19T09:46:00,how_to
tkt_3489a0c4,acct_748c56c3,2024-06-19T10:52:00,bug
tkt_f1b9ef9c,acct_9c2b3b0f,2024-06-19T11:41:00,bug
tkt_3e3665b0,acct_5f44f7e8,2024-06-19T13:34:00,bug
tkt_5afb5df1,acct_6c41eb7d,2024-06-19T14:22:00,bug
tkt_8f60aedc,acct_fbdb883e,2024-06-19T15:37:00,bug
tkt_5b12c184,acct_5b5138d0,2024-06-19T15:52:00,bug
tkt_8b0a5ae5,acct_b9664331,2024-06-19T18:30:00,bug
tkt_4dc90985,acct_bb1b5bfe,2024-06-20T08:44:00,bug
tkt_185facc3,acct_07cbb40c,2024-06-20T09:21:00,bug
tkt_858dd8e4,acct_58b26511,2024-06-20T10:09:00,billing
tkt_4566bbc9,acct_58213684,2024-06-20T15:19:00,bug
tkt_ffbc1e8c,acct_4db061ef,2024-06-20T15:28:00,bug
tkt_93fa9e0e,acct_67a4202b,2024-06-20T15:36:00,bug
tkt_1fa83a8d,acct_3e488930,2024-06-20T16:25:00,billing
tkt_ba71763a,acct_f522587d,2024-06-20T17:18:00,how_to
tkt_03361537,acct_0387a4c5,2024-06-20T17:22:00,bug
tkt_715a34c2,acct_9d5d1e94,2024-06-20T18:02:00,bug
tkt_e676bbb7,acct_c1895c5f,2024-06-21T08:57:00,bug
tkt_c5dde73b,acct_5f44f7e8,2024-06-21T12:31:00,bug
tkt_a4cb991f,acct_c7cb0d51,2024-06-21T12:53:00,billing
tkt_3980745d,acct_26b12708,2024-06-21T13:06:00,how_to
tkt_40853460,acct_d790cb3d,2024-06-21T14:00:00,bug
tkt_8fc15634,acct_e36abb98,2024-06-21T16:01:00,how_to
tkt_dc2a68ce,acct_518ff93b,2024-06-21T16:48:00,how_to
tkt_f2d1a3ef,acct_87c9600c,2024-06-22T09:54:00,how_to
tkt_ad31e11a,acct_9826c92a,2024-06-22T11:36:00,bug
tkt_79ecbf09,acct_3af9a9bb,2024-06-22T14:51:00,bug
tkt_5fb32a80,acct_5fb3b8d2,2024-06-22T15:38:00,bug
tkt_42f481ff,acct_e4be9f25,2024-06-22T15:41:00,how_to
tkt_abd810df,acct_f522587d,2024-06-22T15:47:00,bug
tkt_06836db2,acct_a90c6b5f,2024-06-22T16:54:00,bug
tkt_da39e9e2,acct_a6800906,2024-06-22T17:45:00,bug
tkt_d44dd147,acct_5fb3b8d2,2024-06-22T18:48:00,bug
tkt_48868927,acct_2351efd6,2024-06-23T08:20:00,bug
tkt_e66e9eef,acct_cc343db1,2024-06-23T09:01:00,billing
tkt_6ba748ac,acct_dc91c137,2024-06-23T09:28:00,bug
tkt_abeed26b,acct_6c41eb7d,2024-06-23T11:09:00,bug
tkt_7f55b143,acct_e2932b91,2024-06-23T13:33:00,bug
tkt_b7f31eee,acct_8c97720f,2024-06-23T14:02:00,bug
tkt_dda24c03,acct_a91ca19a,2024-06-23T16:17:00,bug
tkt_2e87efd1,acct_908b21fd,2024-06-23T17:51:00,how_to
tkt_b99d2546,acct_bdabfee0,2024-06-23T18:26:00,billing
tkt_32e24c93,acct_908b21fd,2024-06-23T18:30:00,bug
tkt_199678fa,acct_abe8f722,2024-06-23T18:48:00,billing
tkt_ec10020b,acct_cc15e32c,2024-06-24T09:28:00,billing
tkt_d92e83d9,acct_2e96dcae,2024-06-24T10:12:00,how_to
tkt_57f16688,acct_b417d116,2024-06-24T11:39:00,bug
tkt_1a80f0ae,acct_062d243d,2024-06-24T12:42:00,bug
tkt_76ff7301,acct_63ccc949,2024-06-24T13:03:00,how_to
tkt_bb75d396,acct_9739c4f2,2024-06-24T15:42:00,how_to
tkt_14407bfc,acct_9e2ca812,2024-06-24T15:58:00,how_to
tkt_7ae7b9de,acct_cef1af78,2024-06-24T17:43:00,bug
tkt_c67507d2,acct_8d3cf134,2024-06-24T17:55:00,how_to
tkt_1c8cf8ff,acct_d4a6eca8,2024-06-24T18:15:00,how_to
tkt_82db63e0,acct_18e6fcfc,2024-06-25T08:09:00,how_to
tkt_3076fd74,acct_37467577,2024-06-25T08:57:00,bug
tkt_c488636e,acct_a4ee64cf,2024-06-25T11:51:00,billing
tkt_e450e89b,acct_d1f8c146,2024-06-25T14:21:00,bug
tkt_b05952aa,acct_9bd01a10,2024-06-25T14:42:00,bug
tkt_ea8ce6fb,acct_cef1af78,2024-06-25T14:46:00,billing
tkt_fed6cdd4,acct_a91ca19a,2024-06-26T08:06:00,bug
tkt_3df06ad6,acct_0e187abc,2024-06-26T09:28:00,billing
tkt_8d44f6bd,acct_dfb1e5b8,2024-06-26T09:41:00,bug
tkt_35af1e73,acct_fe2882dd,2024-06-26T10:49:00,bug
tkt_49de2f8a,acct_c486942b,2024-06-26T11:20:00,how_to
tkt_e7f2a480,acct_eb9e54d1,2024-06-26T11:34:00,bug
tkt_22fa2422,acct_8f87c530,2024-06-26T13:16:00,billing
tkt_6b6c5219,acct_b9f0b984,2024-06-26T14:11:00,how_to
tkt_73d4fecb,acct_c9e5fb5f,2024-06-26T14:15:00,bug
tkt_c7632221,acct_2e96dcae,2024-06-26T15:30:00,bug
tkt_697c957c,acct_acaf2d87,2024-06-26T17:02:00,billing
tkt_bf8fa7ef,acct_7b0149a3,2024-06-26T17:58:00,billing
tkt_4f93d4ea,acct_9bd01a10,2024-06-27T08:19:00,bug
tkt_1a7ec80a,acct_2e96dcae,2024-06-27T09:33:00,how_to
tkt_3f1ca644,acct_0f054678,2024-06-27T10:34:00,how_to
tkt_9fa4ddf9,acct_9826c92a,2024-06-27T11:15:00,bug
tkt_293a4fca,acct_489ca162,2024-06-27T12:58:00,billing
tkt_35caf242,acct_a91ca19a,2024-06-27T13:01:00,bug
tkt_40076a13,acct_7d156be5,2024-06-27T14:32:00,billing
tkt_10cab2fe,acct_add24418,2024-06-27T14:39:00,how_to
tkt_4038ed29,acct_b0234b52,2024-06-27T16:51:00,billing
tkt_66160b85,acct_baf09179,2024-06-27T17:38:00,billing
tkt_c26635f0,acct_e81e4866,2024-06-27T18:38:00,how_to
tkt_c32cb5db,acct_9c2b3b0f,2024-06-28T08:03:00,billing
tkt_061ea502,acct_6c9c19d7,2024-06-28T09:01:00,bug
tkt_71517648,acct_d4c51c84,2024-06-28T12:01:00,billing
tkt_b0e6a764,acct_13633988,2024-06-28T12:38:00,billing
tkt_76b3fb0f,acct_748c56c3,2024-06-28T13:29:00,how_to
tkt_780d2929,acct_af4975aa,2024-06-28T15:20:00,how_to
tkt_65e21994,acct_8ff4e56a,2024-06-28T15:49:00,bug
tkt_a73b3e28,acct_01970ecd,2024-06-29T09:17:00,billing
tkt_2286d5af,acct_c9e5fb5f,2024-06-29T10:11:00,bug
tkt_3473b82b,acct_c1895c5f,2024-06-29T10:44:00,bug
tkt_84e0f899,acct_4f1e6bb4,2024-06-29T11:54:00,bug
tkt_c6b7a384,acct_5e2f1f1a,2024-06-29T14:34:00,bug
tkt_5cf6171a,acct_7b0149a3,2024-06-29T16:35:00,billing
tkt_83b638a5,acct_c188a0f1,2024-06-29T16:47:00,bug
tkt_0b53f79d,acct_d6ab441b,2024-06-29T18:17:00,billing
tkt_d7fb99cb,acct_0a7fd012,2024-06-30T09:42:00,bug
tkt_57a4e11d,acct_1f22e070,2024-06-30T10:00:00,bug
tkt_7ae96327,acct_44810acd,2024-06-30T11:18:00,how_to
tkt_744734b4,acct_37db7b52,2024-06-30T12:34:00,billing
tkt_5c278294,acct_3162b4fd,2024-06-30T12:40:00,bug
tkt_523a31b1,acct_4bfac409,2024-06-30T15:09:00,how_to
tkt_93ab2e84,acct_1fc84ed3,2024-06-30T15:20:00,bug
tkt_ac0309a3,acct_a001fe39,2024-06-30T15:34:00,billing
tkt_5cec01cd,acct_62ef8d73,2024-07-01T08:37:00,how_to
tkt_fd71fed4,acct_e943c430,2024-07-01T11:05:00,how_to
tkt_980a666a,acct_e24a8232,2024-07-01T13:08:00,bug
tkt_20921dff,acct_7cf02d02,2024-07-01T14:14:00,bug
tkt_74e0e1d3,acct_738f8750,2024-07-01T17:00:00,how_to
tkt_a2ef6402,acct_80ba334e,2024-07-01T17:40:00,bug
tkt_cfea22af,acct_cc343db1,2024-07-01T18:13:00,bug
tkt_607f5207,acct_d3ce071f,2024-07-01T18:13:00,how_to
tkt_0df99447,acct_c188a0f1,2024-07-01T18:24:00,bug
tkt_d01260a3,acct_af4975aa,2024-07-01T18:41:00,how_to
tkt_f81a66e9,acct_738f8750,2024-07-02T08:27:00,bug
tkt_7473ba50,acct_41acd2a5,2024-07-02T08:59:00,how_to
tkt_c3675a0f,acct_297a3638,2024-07-02T09:48:00,bug
tkt_44c74ffd,acct_be8be086,2024-07-02T13:09:00,bug
tkt_d3919307,acct_62ef8d73,2024-07-02T13:49:00,bug
tkt_c274d517,acct_35b802f0,2024-07-02T17:56:00,billing
tkt_e0cd6c19,acct_55c13b50,2024-07-02T18:01:00,billing
tkt_7bdc0be5,acct_fb45afc8,2024-07-02T18:56:00,billing
tkt_3ce41e8b,acct_62ef8d73,2024-07-03T08:14:00,how_to
tkt_070657bf,acct_cc15e32c,2024-07-03T08:28:00,how_to
tkt_69311691,acct_eb9e54d1,2024-07-03T10:11:00,how_to
tkt_59bec483,acct_748c56c3,2024-07-03T10:19:00,billing
tkt_7d01709f,acct_3162b4fd,2024-07-03T10:37:00,how_to
tkt_a096612c,acct_e1c0fcaa,2024-07-03T12:30:00,bug
tkt_fd7a3320,acct_2e96dcae,2024-07-03T14:04:00,billing
tkt_fd5256a6,acct_22c920d1,2024-07-03T14:48:00,billing
tkt_cfe157ef,acct_7e98d021,2024-07-03T15:44:00,billing
tkt_e689c012,acct_5b5138d0,2024-07-03T16:49:00,billing
tkt_45f8e136,acct_5aad16e2,2024-07-04T09:27:00,bug
tkt_bfba16dd,acct_b539659a,2024-07-04T09:55:00,billing
tkt_e6b6c91d,acct_92549ac3,2024-07-04T10:23:00,bug
tkt_39b28494,acct_e2bed010,2024-07-04T11:45:00,bug
tkt_a5a253b2,acct_4bf98dd4,2024-07-04T13:19:00,bug
tkt_b2ea42a8,acct_ee6dccad,2024-07-04T13:45:00,billing
tkt_514882d7,acct_16671350,2024-07-04T14:34:00,bug
tkt_1049a2a9,acct_f050bd14,2024-07-04T16:16:00,how_to
tkt_c618fba6,acct_195de5f0,2024-07-05T08:49:00,bug
tkt_cc2dbd42,acct_d4a6eca8,2024-07-05T10:11:00,billing
tkt_7a3a254f,acct_9ffe6239,2024-07-05T10:12:00,bug
tkt_ae680061,acct_8148805f,2024-07-05T13:48:00,billing
tkt_8fc6b89b,acct_5aad16e2,2024-07-05T16:05:00,how_to
tkt_e891ec2e,acct_28189c75,2024-07-05T16:54:00,billing
tkt_9c27ff93,acct_0ae09692,2024-07-05T17:49:00,bug
tkt_848629e1,acct_cc343db1,2024-07-06T10:05:00,bug
tkt_7bc428ab,acct_c4afbec5,2024-07-06T10:30:00,bug
tkt_625057c4,acct_9bd01a10,2024-07-06T10:42:00,bug
tkt_ba722a63,acct_a1a3d711,2024-07-06T12:12:00,how_to
tkt_68e9c5cc,acct_bf703959,2024-07-06T12:55:00,bug
tkt_6828b280,acct_52de0938,2024-07-06T14:02:00,bug
tkt_f4d4ffb6,acct_557a3864,2024-07-06T15:53:00,billing
tkt_b9c4e155,acct_5b5138d0,2024-07-06T16:02:00,how_to
tkt_d3f76e0c,acct_3d35b693,2024-07-06T16:05:00,billing
tkt_d5bc258a,acct_87df04cf,2024-07-06T16:58:00,bug
tkt_e8fa984f,acct_d6ded90c,2024-07-07T08:15:00,how_to
tkt_c679cc35,acct_28014d9b,2024-07-07T10:35:00,bug
tkt_0989ba97,acct_ce4b9d7d,2024-07-07T13:22:00,how_to
tkt_b9d85b92,acct_cc343db1,2024-07-07T15:30:00,billing
tkt_a916f7b8,acct_9739c4f2,2024-07-07T16:55:00,bug
tkt_1d5ee9cd,acct_b9f0b984,2024-07-07T17:30:00,bug
tkt_995bb5dc,acct_560af3b6,2024-07-08T10:06:00,billing
tkt_cd3ad069,acct_8dd17beb,2024-07-08T11:05:00,how_to
tkt_0e859c83,acct_8014a8c3,2024-07-08T11:19:00,how_to
tkt_218dc550,acct_877172df,2024-07-08T11:21:00,how_to
tkt_d1afa872,acct_f522587d,2024-07-08T12:52:00,billing
tkt_582ee766,acct_ea0b9b38,2024-07-08T14:53:00,bug
tkt_4af85465,acct_a001fe39,2024-07-08T17:11:00,billing
tkt_c24cdc17,acct_62ef8d73,2024-07-08T18:22:00,how_to
tkt_f4863307,acct_0a7fd012,2024-07-09T08:41:00,bug
tkt_15e70b2d,acct_4bf98dd4,2024-07-09T14:12:00,billing
tkt_29687189,acct_0888e09b,2024-07-09T14:51:00,billing
tkt_6ec1f61a,acct_e1c0fcaa,2024-07-09T14:51:00,billing
tkt_6540c418,acct_5f44f7e8,2024-07-09T16:14:00,bug
tkt_d4b9f9ce,acct_434540ad,2024-07-09T16:47:00,bug
tkt_570d581b,acct_e62620ae,2024-07-09T17:46:00,billing
tkt_2c3d6960,acct_cc15e32c,2024-07-09T18:14:00,billing
tkt_ca9c0b68,acct_dfb1e5b8,2024-07-10T08:11:00,bug
tkt_02f2ccd2,acct_16671350,2024-07-10T08:52:00,bug
tkt_df40323b,acct_18db2b85,2024-07-10T11:11:00,bug
tkt_30efecff,acct_73f42e1f,2024-07-10T11:24:00,how_to
tkt_90676176,acct_2e96dcae,2024-07-10T12:55:00,bug
tkt_fd062d53,acct_e87e2b8f,2024-07-10T15:48:00,billing
tkt_a31b3018,acct_efdc8ace,2024-07-10T17:29:00,bug
tkt_547043a4,acct_ee5dc008,2024-07-10T18:07:00,how_to
tkt_9d12871f,acct_c299a5aa,2024-07-10T18:54:00,bug
tkt_4ccd069c,acct_2d6c2d92,2024-07-11T08:43:00,bug
tkt_9943290f,acct_efdc8ace,2024-07-11T10:25:00,how_to
tkt_bacf84cc,acct_512c42b6,2024-07-11T11:14:00,bug
tkt_2cba175b,acct_0e187abc,2024-07-11T12:10:00,billing
tkt_20e498d2,acct_9826c92a,2024-07-11T12:30:00,bug
tkt_c9153574,acct_337b7086,2024-07-11T13:16:00,bug
tkt_4c35e3de,acct_877172df,2024-07-11T16:12:00,bug
tkt_c4164b8c,acct_e2932b91,2024-07-11T16:29:00,bug
tkt_005a67d5,acct_8838afc2,2024-07-11T17:39:00,bug
tkt_39cfebe7,acct_557a3864,2024-07-12T08:08:00,bug
tkt_c8015760,acct_ea0b9b38,2024-07-12T08:50:00,how_to
tkt_06126dfb,acct_6a372f71,2024-07-12T10:14:00,billing
tkt_60b946c1,acct_5b5138d0,2024-07-12T10:22:00,billing
tkt_b053d5c0,acct_baf09179,2024-07-12T10:39:00,bug
tkt_72b6a4c4,acct_1c87aed0,2024-07-12T11:02:00,how_to
tkt_c1786eb6,acct_cd192ab6,2024-07-12T12:54:00,bug
tkt_3ed0a50f,acct_73f42e1f,2024-07-12T13:06:00,how_to
tkt_8b0756a2,acct_a721a800,2024-07-12T16:25:00,billing
tkt_c3be33d6,acct_279f76a3,2024-07-12T17:04:00,billing
tkt_bf23556f,acct_9739c4f2,2024-07-12T18:11:00,billing
tkt_454b20a1,acct_bc957fa2,2024-07-13T08:39:00,billing
tkt_41bddd88,acct_ae6851c2,2024-07-13T09:08:00,how_to
tkt_6fbf1886,acct_9d5d1e94,2024-07-13T09:12:00,billing
tkt_d54add06,acct_c17bedea,2024-07-13T09:45:00,bug
tkt_e35e7872,acct_748c56c3,2024-07-13T10:29:00,how_to
tkt_b8dc1a09,acct_f522587d,2024-07-13T11:52:00,bug
tkt_6bcbce87,acct_e4e2b2c0,2024-07-13T14:48:00,billing
tkt_058f7c98,acct_016d5144,2024-07-13T15:11:00,how_to
tkt_fbca08c0,acct_f050bd14,2024-07-13T16:52:00,bug
tkt_42df5602,acct_3337d32e,2024-07-13T18:02:00,bug
tkt_93197563,acct_bdabfee0,2024-07-13T18:02:00,billing
tkt_d749d3cc,acct_1fc84ed3,2024-07-13T18:58:00,bug
tkt_dde51cf0,acct_b1f5273f,2024-07-14T09:04:00,how_to
tkt_0ab316a6,acct_eb9e54d1,2024-07-14T11:35:00,how_to
tkt_50617827,acct_8014a8c3,2024-07-14T13:07:00,billing
tkt_8cc7eb4f,acct_55c13b50,2024-07-14T13:59:00,bug
tkt_205b190b,acct_44775e54,2024-07-14T15:38:00,bug
tkt_b29cd819,acct_3162b4fd,2024-07-14T15:45:00,how_to
tkt_81662cbf,acct_998fcdc3,2024-07-14T18:09:00,how_to
tkt_abcbefc1,acct_8cc49d7b,2024-07-15T08:53:00,bug
tkt_e9d41326,acct_89766391,2024-07-15T09:46:00,billing
tkt_4f735869,acct_bc957fa2,2024-07-15T12:46:00,bug
tkt_c5be11d2,acct_998fcdc3,2024-07-15T14:16:00,billing
tkt_6abf22b4,acct_f050bd14,2024-07-15T16:07:00,bug
tkt_bae0706f,acct_7e533921,2024-07-15T16:48:00,bug
tkt_2ce5e250,acct_25d385d4,2024-07-15T17:37:00,how_to
tkt_854205e6,acct_8014a8c3,2024-07-16T09:45:00,how_to
tkt_726bf1ba,acct_5be6006e,2024-07-16T13:18:00,bug
tkt_c44a004b,acct_18db2b85,2024-07-16T14:11:00,billing
tkt_6b5c8a96,acct_543ba0ba,2024-07-16T14:31:00,bug
tkt_ae88755f,acct_278b5911,2024-07-16T17:04:00,bug
tkt_f1cad1d0,acct_016d5144,2024-07-16T17:18:00,billing
tkt_1f7905d3,acct_7f359e91,2024-07-17T10:24:00,bug
tkt_ac502ec7,acct_cef1af78,2024-07-17T14:22:00,bug
tkt_7052d17b,acct_9f98408e,2024-07-17T14:49:00,billing
tkt_6d0c3d39,acct_68bee84d,2024-07-17T14:53:00,how_to
tkt_7bd66298,acct_1b67aa64,2024-07-17T15:54:00,billing
tkt_db581279,acct_1fabfc9c,2024-07-17T15:55:00,bug
tkt_a345d46f,acct_9d5d1e94,2024-07-17T16:26:00,bug
tkt_50581f93,acct_a6ed9bca,2024-07-17T17:02:00,billing
tkt_5782f6c6,acct_66aeff35,2024-07-17T18:52:00,bug
tkt_9ccc95c6,acct_ee5dc008,2024-07-18T08:51:00,how_to
tkt_a977a51c,acct_4bf98dd4,2024-07-18T09:02:00,bug
tkt_f377477d,acct_12e1f779,2024-07-18T11:43:00,billing
tkt_d002f3ce,acct_e4be9f25,2024-07-18T13:23:00,billing
tkt_35f492fa,acct_4d931910,2024-07-18T14:56:00,how_to
tkt_aaa6ec35,acct_d790cb3d,2024-07-18T18:50:00,billing
tkt_bd8aa12c,acct_901f1068,2024-07-19T08:52:00,how_to
tkt_7e4a824a,acct_c188a0f1,2024-07-19T08:54:00,how_to
tkt_39440409,acct_5c91f869,2024-07-19T10:02:00,bug
tkt_e3a474fa,acct_7e533921,2024-07-19T12:44:00,how_to
tkt_3d0af9e7,acct_a1a3d711,2024-07-19T13:35:00,bug
tkt_afbbd921,acct_9367201e,2024-07-19T14:11:00,bug
tkt_5cce1348,acct_624c520e,2024-07-19T14:14:00,billing
tkt_f1a2a126,acct_44810acd,2024-07-19T14:16:00,bug
tkt_950cb745,acct_d4a6eca8,2024-07-19T14:44:00,bug
tkt_a1c0f361,acct_b1ab049a,2024-07-19T15:18:00,billing
tkt_d7aa29d2,acct_e62620ae,2024-07-19T18:17:00,bug
tkt_bb57b991,acct_4fc1ea13,2024-07-19T18:47:00,bug
tkt_da0bf4d8,acct_b4277bbc,2024-07-20T09:31:00,bug
tkt_4e50bb34,acct_7e98d021,2024-07-20T12:50:00,bug
tkt_5e60b67c,acct_5f44f7e8,2024-07-20T15:27:00,billing
tkt_d687b017,acct_3682fadd,2024-07-20T15:59:00,how_to
tkt_e7979eea,acct_7d156be5,2024-07-20T17:49:00,billing
tkt_5f88d005,acct_d3ce071f,2024-07-20T18:23:00,bug
tkt_f8e25254,acct_9367201e,2024-07-20T18:42:00,how_to
tkt_ab21b7c2,acct_73f42e1f,2024-07-21T09:07:00,bug
tkt_56e63523,acct_c7cb0d51,2024-07-21T10:44:00,billing
tkt_8039755b,acct_a4ee64cf,2024-07-21T10:55:00,billing
tkt_4b6ef2d7,acct_0b2d2b1f,2024-07-21T11:01:00,bug
tkt_240ca28e,acct_4ab1a95d,2024-07-21T11:42:00,bug
tkt_0dad27b2,acct_62c14d2d,2024-07-21T13:01:00,billing
tkt_fb157d93,acct_3682fadd,2024-07-21T13:28:00,billing
tkt_27611ca8,acct_21ec2853,2024-07-21T14:48:00,bug
tkt_eaa57b20,acct_a91ca19a,2024-07-21T15:39:00,bug
tkt_7133b112,acct_4c80bc76,2024-07-21T16:38:00,bug
tkt_10204d84,acct_55c13b50,2024-07-21T17:48:00,bug
tkt_ba9ec91a,acct_8014a8c3,2024-07-21T18:09:00,bug
tkt_05add734,acct_af4975aa,2024-07-21T18:17:00,billing
tkt_ee57ab84,acct_e4be9f25,2024-07-22T08:05:00,billing
tkt_8ce71438,acct_9a17768b,2024-07-22T08:13:00,bug
tkt_56cf9bc8,acct_fb28420f,2024-07-22T08:23:00,how_to
tkt_82a6a407,acct_31c21718,2024-07-22T10:47:00,billing
tkt_4615f45e,acct_12e1f779,2024-07-22T11:28:00,billing
tkt_6b2d9128,acct_d2a00957,2024-07-22T11:39:00,billing
tkt_b15f917d,acct_998fcdc3,2024-07-22T12:04:00,bug
tkt_88b430a5,acct_1a9a6ea5,2024-07-22T13:44:00,how_to
tkt_b3d5696b,acct_b539659a,2024-07-22T15:22:00,bug
tkt_18219dd6,acct_52dc2835,2024-07-22T17:41:00,bug
tkt_925f9a26,acct_8014a8c3,2024-07-22T18:08:00,bug
tkt_f95575e6,acct_8014a8c3,2024-07-22T18:18:00,bug
tkt_6f5e7084,acct_195de5f0,2024-07-23T11:29:00,bug
tkt_b9d340c6,acct_4dfe6473,2024-07-23T11:59:00,bug
tkt_7dc2ff64,acct_cd466e9f,2024-07-23T13:40:00,bug
tkt_4be13881,acct_745a6271,2024-07-23T14:02:00,billing
tkt_6dffacbf,acct_55c13b50,2024-07-23T14:09:00,bug
tkt_f15e3652,acct_55501e30,2024-07-23T14:17:00,bug
tkt_26cfd75e,acct_2d6c2d92,2024-07-23T14:40:00,bug
tkt_ef6b9e5e,acct_4702bc6b,2024-07-23T14:47:00,bug
tkt_0595d72b,acct_a4ee64cf,2024-07-23T16:04:00,how_to
tkt_8b13450b,acct_88acc8b6,2024-07-24T08:55:00,billing
tkt_c5184d66,acct_4ad0e0f7,2024-07-24T10:26:00,bug
tkt_8a639b38,acct_406783b8,2024-07-24T11:38:00,bug
tkt_a7490fbd,acct_7e533921,2024-07-24T12:09:00,how_to
tkt_e3c9e788,acct_d790cb3d,2024-07-24T12:22:00,bug
tkt_b8b242ae,acct_c486942b,2024-07-24T12:55:00,billing
tkt_6b7c69db,acct_99c2af5a,2024-07-24T13:21:00,how_to
tkt_3064eecf,acct_58071db9,2024-07-24T13:28:00,bug
tkt_5500b181,acct_624c520e,2024-07-24T13:36:00,bug
tkt_77e8ab54,acct_2f2f1f24,2024-07-24T15:02:00,bug
tkt_8c513183,acct_8f87c530,2024-07-24T16:02:00,bug
tkt_69752780,acct_5a8127f8,2024-07-24T16:53:00,how_to
tkt_38f93188,acct_32426e02,2024-07-24T17:19:00,bug
tkt_89d07881,acct_c833c59c,2024-07-24T18:47:00,bug
tkt_88ea2419,acct_3e04a612,2024-07-25T08:14:00,bug
tkt_156f782f,acct_c90e3c56,2024-07-25T09:15:00,how_to
tkt_528548c7,acct_016d5144,2024-07-25T10:43:00,how_to
tkt_d0ef3e12,acct_62c14d2d,2024-07-25T11:12:00,bug
tkt_f55bbab8,acct_fc28600b,2024-07-25T13:27:00,billing
tkt_f3a45b63,acct_52de0938,2024-07-25T15:24:00,bug
tkt_30f6e0c4,acct_1b4a4ff4,2024-07-25T15:29:00,bug
tkt_b21482f3,acct_13633988,2024-07-25T15:51:00,bug
tkt_7514092a,acct_c7cb0d51,2024-07-25T16:39:00,bug
tkt_ac7490e6,acct_4b3b332d,2024-07-25T17:51:00,how_to
tkt_113a6c8a,acct_d6ab441b,2024-07-25T18:18:00,bug
tkt_dcf840a8,acct_c90e3c56,2024-07-25T18:56:00,bug
tkt_4e679058,acct_3bc2af10,2024-07-25T18:57:00,billing
tkt_ff4cd4c4,acct_a4ee64cf,2024-07-26T08:04:00,how_to
tkt_917fab8e,acct_2edf1dae,2024-07-26T13:51:00,bug
tkt_7df3698a,acct_7e98d021,2024-07-26T16:01:00,bug
tkt_f2691c84,acct_41acd2a5,2024-07-26T16:08:00,billing
tkt_a8ed3253,acct_daa9fca1,2024-07-26T16:52:00,bug
tkt_974a204e,acct_557a3864,2024-07-27T08:16:00,bug
tkt_2edc10a6,acct_22e9ed5e,2024-07-27T08:55:00,bug
tkt_675a9e91,acct_e4be9f25,2024-07-27T10:11:00,billing
tkt_6d93ba05,acct_ee5dc008,2024-07-27T10:48:00,bug
tkt_66dfbbee,acct_8c97720f,2024-07-27T17:41:00,billing
tkt_3601ac7e,acct_fccfe7e8,2024-07-28T09:56:00,billing
tkt_04789366,acct_80ba334e,2024-07-28T12:59:00,billing
tkt_d17e6383,acct_a4ee64cf,2024-07-28T13:11:00,bug
tkt_5403926e,acct_8ff4e56a,2024-07-28T13:24:00,bug
tkt_2d276897,acct_93e5bf55,2024-07-28T17:41:00,bug
tkt_80d76569,acct_278b5911,2024-07-28T18:02:00,bug
tkt_c3b6725c,acct_cc15e32c,2024-07-28T18:42:00,billing
tkt_4ed2fa03,acct_624c520e,2024-07-29T08:47:00,bug
tkt_ca0f6f2b,acct_b0e9a734,2024-07-29T09:05:00,how_to
tkt_baa30e13,acct_fe2882dd,2024-07-29T09:44:00,bug
tkt_378d0581,acct_13633988,2024-07-29T10:20:00,billing
tkt_527be154,acct_22e9ed5e,2024-07-29T11:09:00,bug
tkt_d502df5b,acct_62ca2704,2024-07-29T11:41:00,how_to
tkt_1dc30c6a,acct_b4277bbc,2024-07-29T12:44:00,how_to
tkt_c139a026,acct_c833c59c,2024-07-29T14:27:00,how_to
tkt_38920510,acct_28014d9b,2024-07-29T14:33:00,billing
tkt_9530e7eb,acct_3ae8d16c,2024-07-29T15:36:00,bug
tkt_21b1ec7f,acct_20433996,2024-07-29T16:37:00,bug
tkt_53b30c45,acct_b771bb83,2024-07-29T16:59:00,billing
tkt_44426edc,acct_52de0938,2024-07-29T18:12:00,bug
tkt_34fe1980,acct_d1f8c146,2024-07-29T18:19:00,bug
tkt_e9d55d5b,acct_b0234b52,2024-07-30T08:06:00,billing
tkt_ef45976f,acct_8014a8c3,2024-07-30T12:12:00,billing
tkt_9938a05a,acct_4dfe6473,2024-07-30T12:20:00,how_to
tkt_3c40aec7,acct_37db7b52,2024-07-30T14:29:00,billing
tkt_4d9f5e9e,acct_1c87aed0,2024-07-30T14:59:00,bug
tkt_4e2d5347,acct_e24a8232,2024-07-30T15:11:00,bug
tkt_9c810ae3,acct_1b4a4ff4,2024-07-30T16:37:00,billing
tkt_4ea8f8ee,acct_d2a00957,2024-07-30T16:46:00,bug
tkt_8ac11a1f,acct_1fc84ed3,2024-07-31T08:27:00,bug
tkt_312dc69c,acct_0f054678,2024-07-31T08:54:00,bug
tkt_65eaff65,acct_31c21718,2024-07-31T09:05:00,how_to
tkt_29de0d4b,acct_cc343db1,2024-07-31T09:49:00,bug
tkt_6e3bd883,acct_c042c39c,2024-07-31T11:08:00,bug
tkt_4ed064c1,acct_3162b4fd,2024-07-31T13:11:00,bug
tkt_da34b165,acct_2edf1dae,2024-07-31T13:32:00,bug
tkt_40677608,acct_18db2b85,2024-07-31T15:42:00,bug
tkt_4e34d422,acct_e62620ae,2024-07-31T18:13:00,bug
tkt_335c032b,acct_8b3c3f51,2024-08-01T08:15:00,bug
tkt_a9da0722,acct_22c920d1,2024-08-01T08:20:00,bug
tkt_07b3e477,acct_2390697f,2024-08-01T09:16:00,bug
tkt_ced5acd5,acct_ca70d937,2024-08-01T09:17:00,bug
tkt_5d24fe3c,acct_d790cb3d,2024-08-01T09:43:00,bug
tkt_081270b9,acct_3337d32e,2024-08-01T11:59:00,bug
tkt_5c97f36f,acct_4db061ef,2024-08-01T12:37:00,bug
tkt_198fa96e,acct_5a8127f8,2024-08-01T12:39:00,how_to
tkt_cca53c2a,acct_c188a0f1,2024-08-01T14:25:00,how_to
tkt_c1201d88,acct_eb9e54d1,2024-08-01T14:31:00,billing
tkt_e9346632,acct_8584c5ad,2024-08-01T15:05:00,bug
tkt_77088584,acct_d790cb3d,2024-08-01T15:13:00,how_to
tkt_ea3234c4,acct_efdc8ace,2024-08-01T15:27:00,bug
tkt_01dabd2f,acct_f8286cbf,2024-08-01T16:49:00,how_to
tkt_64185fbe,acct_3013d70d,2024-08-01T17:01:00,bug
tkt_05ce6fb4,acct_c936d51e,2024-08-01T17:14:00,bug
tkt_f34c6c72,acct_62ef8d73,2024-08-01T17:49:00,bug
tkt_f36a6564,acct_518ff93b,2024-08-02T10:18:00,bug
tkt_e56fa939,acct_4f37c791,2024-08-02T10:23:00,bug
tkt_fe9fa544,acct_fb28420f,2024-08-02T11:33:00,bug
tkt_a911ef26,acct_bd7fb8fe,2024-08-02T12:52:00,billing
tkt_52fbfc98,acct_8f87c530,2024-08-02T13:12:00,bug
tkt_8893e40f,acct_518ff93b,2024-08-02T13:41:00,bug
tkt_135dfedb,acct_a91ca19a,2024-08-02T13:47:00,bug
tkt_c468ac68,acct_dc91c137,2024-08-02T15:36:00,how_to
tkt_5bd1cf4a,acct_cc343db1,2024-08-03T09:58:00,bug
tkt_f953bed4,acct_5f6be90e,2024-08-03T14:50:00,bug
tkt_d4d1204e,acct_434540ad,2024-08-03T14:54:00,billing
tkt_46ca67e7,acct_cc343db1,2024-08-03T15:27:00,bug
tkt_16a694d5,acct_740707a4,2024-08-03T16:07:00,bug
tkt_edad8a15,acct_fc42af41,2024-08-03T18:04:00,bug
tkt_999050d5,acct_22c920d1,2024-08-04T10:23:00,billing
tkt_d87f5f89,acct_908b21fd,2024-08-04T13:29:00,billing
tkt_b6681fbc,acct_04fa262c,2024-08-04T14:14:00,bug
tkt_e79b675c,acct_31a279ec,2024-08-04T14:49:00,billing
tkt_6e6dcd6d,acct_62ef8d73,2024-08-04T14:59:00,bug
tkt_cf36443b,acct_8d3cf134,2024-08-04T18:09:00,bug
tkt_40dbef6e,acct_a1a3d711,2024-08-04T18:28:00,billing
tkt_b9aa3da3,acct_518ff93b,2024-08-05T09:14:00,bug
tkt_5713aed5,acct_cc343db1,2024-08-05T09:58:00,bug
tkt_032a471e,acct_624c520e,2024-08-05T10:24:00,billing
tkt_9f8dd806,acct_daa9fca1,2024-08-05T10:35:00,billing
tkt_1084989e,acct_20433996,2024-08-05T11:06:00,bug
tkt_e3521b69,acct_b771bb83,2024-08-05T12:47:00,bug
tkt_4efc09bd,acct_19006587,2024-08-05T13:03:00,billing
tkt_8a2163c8,acct_58071db9,2024-08-05T14:03:00,bug
tkt_b444e32d,acct_caffcecb,2024-08-05T15:10:00,how_to
tkt_967dc5a4,acct_8cc49d7b,2024-08-05T16:03:00,how_to
tkt_548156e4,acct_7d156be5,2024-08-05T17:39:00,how_to
tkt_0a24a4bd,acct_82d15506,2024-08-05T18:12:00,billing
tkt_03da3de5,acct_d2a00957,2024-08-05T18:21:00,how_to
tkt_05f963f4,acct_baf09179,2024-08-06T08:34:00,bug
tkt_7ea1c885,acct_c7450e6e,2024-08-06T09:19:00,how_to
tkt_dc432b54,acct_18db2b85,2024-08-06T09:32:00,billing
tkt_70d9dd71,acct_a0c5b4fa,2024-08-06T10:33:00,bug
tkt_4beda3af,acct_37467577,2024-08-06T11:26:00,bug
tkt_339f477e,acct_3ae8d16c,2024-08-06T12:00:00,bug
tkt_ebd36600,acct_c4afbec5,2024-08-06T13:10:00,how_to
tkt_aee606dd,acct_e1c0fcaa,2024-08-06T18:30:00,how_to
tkt_01c83093,acct_337b7086,2024-08-07T09:00:00,billing
tkt_f8af2977,acct_e4e2b2c0,2024-08-07T09:50:00,how_to
tkt_c9c6b56a,acct_c90e3c56,2024-08-07T12:07:00,billing
tkt_fcb18c9b,acct_3f061f2c,2024-08-07T15:08:00,bug
tkt_f151e59b,acct_855e0ea6,2024-08-07T16:21:00,bug
tkt_4299dca9,acct_4ad0e0f7,2024-08-07T17:57:00,bug
tkt_1824179d,acct_4db061ef,2024-08-08T08:01:00,bug
tkt_ac101cd6,acct_6a372f71,2024-08-08T09:06:00,bug
tkt_714dad92,acct_740707a4,2024-08-08T10:42:00,how_to
tkt_a22f0477,acct_31c21718,2024-08-08T11:06:00,bug
tkt_e51883ee,acct_6a00ce30,2024-08-08T11:42:00,bug
tkt_afd7e459,acct_28b4e40d,2024-08-08T13:20:00,bug
tkt_af911eb4,acct_4ff1e51b,2024-08-09T09:28:00,how_to
tkt_d6defab6,acct_3b8cbb43,2024-08-09T12:10:00,billing
tkt_ddcf4e50,acct_6a372f71,2024-08-09T12:39:00,bug
tkt_6f41a92a,acct_8fcf9ae4,2024-08-09T13:21:00,billing
tkt_b49a5ae3,acct_d790cb3d,2024-08-09T13:37:00,how_to
tkt_c6dbd2ef,acct_c7cb0d51,2024-08-09T14:45:00,how_to
tkt_4aa57e36,acct_25d385d4,2024-08-09T16:00:00,how_to
tkt_ac906b66,acct_4f37c791,2024-08-09T17:38:00,bug
tkt_48cb73f9,acct_0f054678,2024-08-09T17:56:00,bug
tkt_6eb29438,acct_52dc2835,2024-08-10T08:33:00,bug
tkt_058c86a3,acct_37db7b52,2024-08-10T09:31:00,how_to
tkt_35c016e8,acct_a1a3d711,2024-08-10T10:12:00,bug
tkt_4d00d921,acct_2d6c2d92,2024-08-10T11:36:00,how_to
tkt_9e75fb8a,acct_28b4e40d,2024-08-10T13:11:00,bug
tkt_26f56a94,acct_fc28600b,2024-08-10T16:26:00,billing
tkt_8c52023f,acct_8b3c3f51,2024-08-10T17:47:00,bug
tkt_5739e11b,acct_8584c5ad,2024-08-10T18:32:00,bug
tkt_b3da49fe,acct_557a3864,2024-08-11T08:31:00,how_to
tkt_e6595396,acct_90bb4901,2024-08-11T09:12:00,bug
tkt_aaa2dcdf,acct_33489e68,2024-08-11T09:18:00,bug
tkt_45c69af6,acct_5fb3b8d2,2024-08-11T09:33:00,bug
tkt_ae8e560d,acct_1b35cacd,2024-08-11T11:05:00,bug
tkt_2838fc1d,acct_bef1f861,2024-08-11T11:24:00,bug
tkt_8a8751a8,acct_c90e3c56,2024-08-11T13:08:00,bug
tkt_f6a50213,acct_ca70d937,2024-08-11T13:49:00,how_to
tkt_da61cb26,acct_3eeb6098,2024-08-11T15:14:00,how_to
tkt_15782fdc,acct_a6ed9bca,2024-08-11T15:55:00,bug
tkt_9e65d8d9,acct_431c82c4,2024-08-11T17:28:00,how_to
tkt_ff9d34fa,acct_5fb3b8d2,2024-08-12T08:03:00,billing
tkt_1c5f7ebe,acct_88acc8b6,2024-08-12T10:41:00,billing
tkt_d99d3da3,acct_58071db9,2024-08-12T11:14:00,bug
tkt_67c0a089,acct_58071db9,2024-08-12T11:38:00,bug
tkt_3bd63261,acct_8d3cf134,2024-08-12T12:20:00,bug
tkt_995d49e0,acct_41acd2a5,2024-08-12T12:41:00,bug
tkt_92cafe3b,acct_dc91c137,2024-08-12T12:50:00,bug
tkt_8bf87c23,acct_5a8127f8,2024-08-12T13:02:00,bug
tkt_cbef62b2,acct_ff642d01,2024-08-12T13:50:00,bug
tkt_9d2f41fa,acct_1fc84ed3,2024-08-12T14:35:00,how_to
tkt_631eb15e,acct_e87e2b8f,2024-08-12T15:15:00,billing
tkt_4a287d2a,acct_fbdb883e,2024-08-12T15:45:00,how_to
tkt_1acb5b66,acct_a4e8fb00,2024-08-12T15:51:00,billing
tkt_f815ce0e,acct_740707a4,2024-08-12T16:25:00,how_to
tkt_b7ed661e,acct_a6ed9bca,2024-08-12T17:18:00,bug
tkt_602d69ab,acct_543ba0ba,2024-08-12T18:05:00,bug
tkt_71eb5bdd,acct_3ff83572,2024-08-12T18:49:00,billing
tkt_b53d4280,acct_80ba334e,2024-08-12T18:51:00,how_to
tkt_3a30b786,acct_db122064,2024-08-12T18:59:00,how_to
tkt_fabc9fcc,acct_1c87aed0,2024-08-13T08:01:00,how_to
tkt_5803ef0a,acct_26b12708,2024-08-13T08:24:00,how_to
tkt_13f9209f,acct_a001fe39,2024-08-13T08:51:00,bug
tkt_3da9a265,acct_4797e23b,2024-08-13T09:17:00,bug
tkt_76870d53,acct_a8c15112,2024-08-13T10:09:00,bug
tkt_937c5137,acct_3b050b4a,2024-08-13T12:15:00,billing
tkt_475dea4c,acct_0b2d2b1f,2024-08-13T14:59:00,billing
tkt_131b38e2,acct_fc42af41,2024-08-13T15:15:00,bug
tkt_a2d06c76,acct_6f26008c,2024-08-13T16:26:00,bug
tkt_99cc6152,acct_4f37c791,2024-08-13T17:28:00,bug
tkt_243086eb,acct_59c2f52c,2024-08-14T11:19:00,bug
tkt_1e4a22f3,acct_4ab1a95d,2024-08-15T08:12:00,bug
tkt_feb0c18e,acct_7deca4e3,2024-08-15T08:13:00,how_to
tkt_6414f553,acct_8dd17beb,2024-08-15T09:00:00,bug
tkt_d4cb6b16,acct_06a8f7f7,2024-08-15T09:40:00,bug
tkt_1f6153ea,acct_a16d270a,2024-08-15T09:40:00,how_to
tkt_81ee0223,acct_5fb3b8d2,2024-08-15T10:39:00,billing
tkt_f6e6b29f,acct_5aad16e2,2024-08-15T11:34:00,billing
tkt_8d156dc1,acct_3013d70d,2024-08-15T12:54:00,bug
tkt_45b787f7,acct_cc15e32c,2024-08-15T13:06:00,how_to
tkt_c50a2103,acct_536538ea,2024-08-15T15:32:00,billing
tkt_6d1946bc,acct_80ba334e,2024-08-15T17:47:00,billing
tkt_0be6666d,acct_016d5144,2024-08-15T18:25:00,billing
tkt_5f2a5c1c,acct_28b4e40d,2024-08-15T18:37:00,how_to
tkt_b46fab4f,acct_740707a4,2024-08-16T08:16:00,bug
tkt_64f524d7,acct_3f161f88,2024-08-16T08:22:00,how_to
tkt_6204c893,acct_bef1f861,2024-08-16T11:05:00,billing
tkt_6a927cf5,acct_0b2d2b1f,2024-08-16T11:14:00,billing
tkt_cafa0f98,acct_3ae8d16c,2024-08-16T11:16:00,bug
tkt_69fcd30e,acct_9e2ca812,2024-08-16T11:46:00,bug
tkt_33392b66,acct_3b8cbb43,2024-08-16T13:12:00,bug
tkt_a1e25095,acct_ee5dc008,2024-08-16T13:21:00,billing
tkt_f569f199,acct_8b3c3f51,2024-08-16T14:02:00,bug
tkt_94f1b19c,acct_dfac4e39,2024-08-16T16:07:00,bug
tkt_3935d33f,acct_8c97720f,2024-08-16T16:52:00,bug
tkt_a7a0a008,acct_33489e68,2024-08-16T17:59:00,billing
tkt_e56c07b2,acct_21ec2853,2024-08-16T18:11:00,bug
tkt_7df7bc24,acct_c833c59c,2024-08-16T18:24:00,bug
tkt_ac49dbd5,acct_31c21718,2024-08-17T08:04:00,bug
tkt_c9589627,acct_5f6be90e,2024-08-17T08:46:00,billing
tkt_54e9943c,acct_ff642d01,2024-08-17T08:59:00,bug
tkt_2522f04b,acct_5f6be90e,2024-08-17T09:48:00,billing
tkt_5fcdc36a,acct_80ba334e,2024-08-17T13:15:00,billing
tkt_101c4e9e,acct_bef1f861,2024-08-17T14:23:00,bug
tkt_bed954c0,acct_f9d43c8e,2024-08-17T17:28:00,bug
tkt_3c955d48,acct_3f061f2c,2024-08-18T12:54:00,bug
tkt_a04775ba,acct_1a9a6ea5,2024-08-18T13:03:00,how_to
tkt_99447093,acct_13633988,2024-08-18T14:02:00,bug
tkt_4f9ef999,acct_19006587,2024-08-18T14:52:00,billing
tkt_4b1ce758,acct_fc42af41,2024-08-18T16:18:00,billing
tkt_a1db2911,acct_ff642d01,2024-08-19T08:30:00,how_to
tkt_830c3b58,acct_8242e83e,2024-08-19T08:33:00,bug
tkt_bb43df78,acct_06a8f7f7,2024-08-19T09:09:00,bug
tkt_faf14bd0,acct_99c2af5a,2024-08-19T09:50:00,how_to
tkt_b3941d7b,acct_52dc2835,2024-08-19T09:51:00,billing
tkt_9637d805,acct_560af3b6,2024-08-19T12:49:00,billing
tkt_2927c588,acct_7f647a6b,2024-08-19T13:39:00,how_to
tkt_30a866f6,acct_b771bb83,2024-08-19T13:55:00,billing
tkt_360b82ca,acct_0e187abc,2024-08-19T17:07:00,how_to
tkt_9a90770c,acct_f20ad2a0,2024-08-19T17:12:00,billing
tkt_afd5ac46,acct_eb9e54d1,2024-08-20T09:38:00,billing
tkt_6d8a8d05,acct_4ff1e51b,2024-08-20T09:42:00,bug
tkt_8b6ee8f4,acct_21ec2853,2024-08-20T15:30:00,billing
tkt_ba6f7bb6,acct_220c59ae,2024-08-20T16:33:00,bug
tkt_7fc74e16,acct_fb45afc8,2024-08-20T16:51:00,bug
tkt_0b266e97,acct_cc343db1,2024-08-20T17:16:00,billing
tkt_dc2b2c7a,acct_7b9a7d1c,2024-08-20T17:28:00,bug
tkt_3127a56f,acct_14b4a582,2024-08-21T08:30:00,how_to
tkt_7f53e2f5,acct_3f161f88,2024-08-21T10:49:00,billing
tkt_60b3f15a,acct_077e30f8,2024-08-21T12:37:00,bug
tkt_6dd951a6,acct_3f161f88,2024-08-21T12:54:00,bug
tkt_e16115c3,acct_28b4e40d,2024-08-21T15:41:00,bug
tkt_1832c58e,acct_1144680e,2024-08-21T16:45:00,how_to
tkt_13e14b50,acct_37925430,2024-08-21T17:29:00,how_to
tkt_d8241711,acct_8ff4e56a,2024-08-21T18:28:00,how_to
tkt_c76802ca,acct_fbdb883e,2024-08-22T08:49:00,how_to
tkt_2b8e6924,acct_3013d70d,2024-08-22T09:52:00,bug
tkt_bd9c747f,acct_2390697f,2024-08-22T10:10:00,bug
tkt_15cc73b9,acct_0c283081,2024-08-22T10:50:00,bug
tkt_97f14242,acct_0888e09b,2024-08-22T11:23:00,bug
tkt_36f68ae7,acct_a1a3d711,2024-08-22T12:36:00,billing
tkt_d04a24d5,acct_3013d70d,2024-08-22T13:21:00,how_to
tkt_c0c186ff,acct_63ccc949,2024-08-22T13:32:00,bug
tkt_2dcaf23a,acct_536538ea,2024-08-22T17:04:00,billing
tkt_82e9dd3a,acct_59c2f52c,2024-08-23T08:27:00,billing
tkt_ae25276e,acct_19a14ca6,2024-08-23T09:01:00,bug
tkt_6bf5f68b,acct_7071b243,2024-08-23T12:41:00,how_to
tkt_60f18f3f,acct_12e1f779,2024-08-23T13:29:00,bug
tkt_df3a90a6,acct_de642a23,2024-08-23T16:48:00,bug
tkt_9675d841,acct_a16d270a,2024-08-24T08:37:00,how_to
tkt_7c869763,acct_28b4e40d,2024-08-24T09:23:00,billing
tkt_2918c92c,acct_f9d43c8e,2024-08-24T09:31:00,bug
tkt_f735da22,acct_44810acd,2024-08-24T09:55:00,bug
tkt_3b00e5d2,acct_c7cb0d51,2024-08-24T15:31:00,billing
tkt_6416eb2f,acct_1b67aa64,2024-08-25T10:31:00,how_to
tkt_23543eec,acct_599480f4,2024-08-25T11:44:00,bug
tkt_a2cf6a87,acct_5e2f1f1a,2024-08-25T15:10:00,how_to
tkt_feb596ef,acct_c56818e0,2024-08-25T16:51:00,billing
tkt_8677e064,acct_3f161f88,2024-08-25T18:31:00,bug
tkt_39215ff1,acct_8b3c3f51,2024-08-26T14:28:00,billing
tkt_dfe5168d,acct_88acc8b6,2024-08-26T16:20:00,bug
tkt_3ea7c60b,acct_f88fd84f,2024-08-26T17:20:00,how_to
tkt_ea941972,acct_9a17768b,2024-08-26T17:25:00,bug
tkt_bdfb5750,acct_bef1f861,2024-08-27T08:56:00,bug
tkt_a1315da0,acct_30493096,2024-08-27T09:06:00,bug
tkt_64d5f43c,acct_bc9f1f3d,2024-08-27T09:24:00,billing
tkt_ab82c7fc,acct_7f647a6b,2024-08-27T09:29:00,billing
tkt_46afaf58,acct_12668b9d,2024-08-27T09:35:00,bug
tkt_501bbcba,acct_8d3cf134,2024-08-27T10:34:00,billing
tkt_70e7b338,acct_624c520e,2024-08-27T11:35:00,bug
tkt_b85a399e,acct_02033535,2024-08-27T12:10:00,bug
tkt_d38dbaa3,acct_9fa4eca2,2024-08-27T12:40:00,how_to
tkt_9a443521,acct_fbdb883e,2024-08-27T15:21:00,how_to
tkt_7f00286e,acct_89766391,2024-08-27T17:03:00,billing
tkt_1b40af83,acct_6c41eb7d,2024-08-27T18:36:00,bug
tkt_c7d45e09,acct_a4e8fb00,2024-08-27T18:47:00,how_to
tkt_620662ca,acct_22e9ed5e,2024-08-27T18:55:00,bug
tkt_b423e39b,acct_434540ad,2024-08-28T08:05:00,how_to
tkt_f8df77c9,acct_c17bedea,2024-08-28T08:10:00,bug
tkt_9cbb01cb,acct_99c2af5a,2024-08-28T08:55:00,bug
tkt_6ead3d77,acct_5e2f1181,2024-08-28T11:14:00,bug
tkt_b8f6f717,acct_22c920d1,2024-08-28T11:39:00,billing
tkt_7cbb1529,acct_557a3864,2024-08-28T11:45:00,billing
tkt_d30a78ac,acct_30493096,2024-08-28T12:11:00,bug
tkt_81920e52,acct_b4277bbc,2024-08-28T17:38:00,bug
tkt_a556c86e,acct_be8be086,2024-08-29T08:38:00,how_to
tkt_0d8e7e3c,acct_2d6c2d92,2024-08-29T14:06:00,how_to
tkt_61d0ed05,acct_6f26008c,2024-08-29T16:09:00,how_to
tkt_7a5b7b95,acct_dc91c137,2024-08-29T16:52:00,billing
tkt_95556672,acct_3f161f88,2024-08-30T10:27:00,bug
tkt_dbbf5d6b,acct_062d243d,2024-08-30T13:27:00,how_to
tkt_1152b5f5,acct_e4e2b2c0,2024-08-30T13:43:00,bug
tkt_df88213f,acct_5aad16e2,2024-08-30T13:55:00,billing
tkt_8c6c67a7,acct_4ab2cccf,2024-08-30T15:57:00,bug
tkt_4dd3721d,acct_8fcf9ae4,2024-08-30T17:53:00,bug
tkt_02cfc376,acct_60cdac29,2024-08-30T18:38:00,how_to
tkt_ff8e133e,acct_a001fe39,2024-08-31T08:13:00,billing
tkt_51849aa0,acct_9f98408e,2024-08-31T12:48:00,how_to
tkt_a6068a8a,acct_3b8cbb43,2024-08-31T13:25:00,billing
tkt_e4caf85b,acct_4ab1a95d,2024-08-31T13:52:00,how_to
tkt_605260a2,acct_8b3c3f51,2024-08-31T14:48:00,bug
tkt_41a8df1e,acct_fc42af41,2024-09-01T09:57:00,billing
tkt_0049a6a8,acct_de642a23,2024-09-01T10:03:00,billing
tkt_8e66ae52,acct_a7e4015f,2024-09-01T10:27:00,bug
tkt_95d20a7a,acct_1a9a6ea5,2024-09-01T13:47:00,how_to
tkt_0fb38c99,acct_c40cdc57,2024-09-01T15:21:00,bug
tkt_3f8bd71a,acct_c7450e6e,2024-09-02T09:29:00,billing
tkt_6555367d,acct_0ae09692,2024-09-02T17:51:00,how_to
tkt_91faac30,acct_0e187abc,2024-09-03T08:35:00,how_to
tkt_ad34479a,acct_37925430,2024-09-03T10:28:00,how_to
tkt_0d99ad8b,acct_2c2bf6fd,2024-09-03T11:50:00,billing
tkt_636e2403,acct_0888e09b,2024-09-03T13:21:00,bug
tkt_1c8cf4da,acct_fbdb883e,2024-09-03T14:38:00,bug
tkt_cd7b9351,acct_512c42b6,2024-09-03T17:53:00,bug
tkt_fa1ed8c5,acct_add24418,2024-09-03T18:58:00,bug
tkt_068b46c6,acct_5aad16e2,2024-09-04T10:52:00,bug
tkt_3a223d4c,acct_b1f5273f,2024-09-04T11:45:00,bug
tkt_8c1d6e9d,acct_b44137c5,2024-09-04T12:57:00,how_to
tkt_3e419983,acct_fbdb883e,2024-09-04T14:42:00,billing
tkt_d6a5835a,acct_d2a00957,2024-09-04T14:52:00,bug
tkt_d85aba91,acct_80475f63,2024-09-05T09:09:00,billing
tkt_7a8fa057,acct_85b84cb2,2024-09-05T11:06:00,bug
tkt_76eb6e05,acct_4db061ef,2024-09-05T11:59:00,how_to
tkt_462f73da,acct_c936d51e,2024-09-05T14:29:00,billing
tkt_c7625037,acct_0597250a,2024-09-05T15:35:00,bug
tkt_3c265cd9,acct_5be6006e,2024-09-05T15:52:00,bug
tkt_9f1ca324,acct_5be6006e,2024-09-06T08:30:00,bug
tkt_d00b7353,acct_9739c4f2,2024-09-06T12:17:00,billing
tkt_c912de20,acct_8cc49d7b,2024-09-06T12:48:00,bug
tkt_f2a8bd6f,acct_0ca5e22a,2024-09-06T15:11:00,billing
tkt_a8ff7730,acct_c40cdc57,2024-09-06T15:32:00,bug
tkt_b522dcde,acct_a001fe39,2024-09-06T15:53:00,bug
tkt_98e9410a,acct_3e04a612,2024-09-06T16:18:00,bug
tkt_cdcdc53e,acct_3b050b4a,2024-09-06T16:33:00,bug
tkt_b0af9b7e,acct_d4a6eca8,2024-09-06T18:04:00,billing
tkt_e92995da,acct_03c763d7,2024-09-07T08:00:00,bug
tkt_5dd55374,acct_68fb9abf,2024-09-07T08:15:00,billing
tkt_f2582873,acct_877172df,2024-09-07T08:56:00,how_to
tkt_8559c7d7,acct_21ec2853,2024-09-07T11:14:00,bug
tkt_c2748e98,acct_85b84cb2,2024-09-07T13:16:00,bug
tkt_6bdba2fe,acct_313ffce2,2024-09-07T17:05:00,how_to
tkt_c14b9cf9,acct_52dc2835,2024-09-07T17:16:00,bug
tkt_48d3ac96,acct_89feab94,2024-09-07T18:22:00,bug
tkt_311a2adb,acct_0888e09b,2024-09-08T11:55:00,bug
tkt_756f48a3,acct_5ddf5865,2024-09-08T14:58:00,billing
tkt_cb1b2511,acct_62b2bed1,2024-09-08T16:41:00,bug
tkt_a9165c09,acct_0f133e35,2024-09-08T17:53:00,how_to
tkt_fc43b638,acct_59c2f52c,2024-09-08T18:05:00,bug
tkt_fcda0450,acct_e2932b91,2024-09-09T09:18:00,bug
tkt_9e4184b0,acct_c4afbec5,2024-09-09T11:37:00,billing
tkt_85b1a1b2,acct_4702bc6b,2024-09-09T11:39:00,how_to
tkt_c2892534,acct_c7cb0d51,2024-09-09T12:50:00,bug
tkt_134e0b39,acct_30930d55,2024-09-09T12:59:00,billing
tkt_c64a13c5,acct_60e1079e,2024-09-09T13:15:00,billing
tkt_365b0b22,acct_fc3e2de2,2024-09-09T13:53:00,bug
tkt_46df2233,acct_0b2d2b1f,2024-09-09T14:15:00,billing
tkt_a0767bbe,acct_aa6d4b27,2024-09-09T15:19:00,bug
tkt_9546cd02,acct_b3a1ffe6,2024-09-09T15:38:00,how_to
tkt_d9f6b27d,acct_2f822db4,2024-09-09T16:16:00,how_to
tkt_198e9f43,acct_8242e83e,2024-09-09T18:51:00,bug
tkt_4e32bd13,acct_22be95fd,2024-09-10T10:04:00,bug
tkt_4c14e3ef,acct_4797e23b,2024-09-10T10:48:00,bug
tkt_c5195c21,acct_c40cdc57,2024-09-10T11:06:00,bug
tkt_d3753dca,acct_02033535,2024-09-10T11:36:00,how_to
tkt_8ab1d6bc,acct_41acd2a5,2024-09-10T15:55:00,billing
tkt_de63d1a0,acct_8b3c3f51,2024-09-10T16:22:00,bug
tkt_52af4903,acct_64b128dc,2024-09-11T08:33:00,billing
tkt_9d4ecda2,acct_a90c6b5f,2024-09-11T09:17:00,how_to
tkt_18809c33,acct_19a14ca6,2024-09-11T09:49:00,bug
tkt_6254077f,acct_0ae09692,2024-09-11T10:06:00,bug
tkt_64fd4c1b,acct_6a00ce30,2024-09-11T11:31:00,billing
tkt_e31ed00f,acct_6a00ce30,2024-09-11T13:09:00,bug
tkt_cd09808d,acct_62ef8d73,2024-09-11T13:58:00,bug
tkt_2361bb37,acct_855e0ea6,2024-09-11T14:06:00,how_to
tkt_b0efa344,acct_5fb3b8d2,2024-09-11T14:26:00,bug
tkt_00c30a35,acct_a4e8fb00,2024-09-11T15:31:00,how_to
tkt_c475e190,acct_0888e09b,2024-09-11T17:05:00,bug
tkt_dfd18ddd,acct_1b67aa64,2024-09-11T17:32:00,bug
tkt_aadff24a,acct_fc28600b,2024-09-11T17:36:00,how_to
tkt_066c2439,acct_1b67aa64,2024-09-11T18:34:00,how_to
tkt_78c684ae,acct_b0234b52,2024-09-12T09:28:00,bug
tkt_44a79db9,acct_0b2d2b1f,2024-09-12T13:47:00,billing
tkt_9b7b6ee0,acct_bef1f861,2024-09-12T14:32:00,bug
tkt_0c437ddd,acct_8014a8c3,2024-09-12T14:41:00,bug
tkt_782a6a98,acct_0888e09b,2024-09-12T16:28:00,billing
tkt_ab37bc1f,acct_04fe8839,2024-09-12T16:50:00,how_to
tkt_b553add4,acct_fc3e2de2,2024-09-12T18:40:00,bug
tkt_de37ff87,acct_8e88a4e0,2024-09-13T10:20:00,bug
tkt_10fb37c9,acct_ca947616,2024-09-13T12:40:00,billing
tkt_fe6a0e71,acct_22c920d1,2024-09-13T13:00:00,billing
tkt_ff876535,acct_62b2bed1,2024-09-13T13:19:00,bug
tkt_d7620b83,acct_32426e02,2024-09-13T14:39:00,bug
tkt_d426ffe4,acct_82d15506,2024-09-13T16:02:00,how_to
tkt_3a0f0c9f,acct_7d156be5,2024-09-13T16:10:00,bug
tkt_150f13ca,acct_0c283081,2024-09-14T11:38:00,billing
tkt_1ef2197e,acct_31a279ec,2024-09-14T12:09:00,bug
tkt_341a7750,acct_3f061f2c,2024-09-14T12:44:00,bug
tkt_2294a737,acct_4db061ef,2024-09-14T13:33:00,billing
tkt_6316fd3b,acct_bef1f861,2024-09-14T14:26:00,billing
tkt_7b37d6c6,acct_4c80bc76,2024-09-14T15:30:00,how_to
tkt_327edd79,acct_5aad16e2,2024-09-14T15:54:00,bug
tkt_9178676d,acct_b5edefc3,2024-09-14T17:26:00,bug
tkt_128c5541,acct_9367201e,2024-09-15T08:56:00,billing
tkt_4e59a048,acct_3f161f88,2024-09-15T10:47:00,bug
tkt_12d0b8da,acct_c40cdc57,2024-09-15T10:48:00,billing
tkt_d58f1deb,acct_587a017e,2024-09-15T12:34:00,bug
tkt_964f78d4,acct_a0c5b4fa,2024-09-15T13:32:00,how_to
tkt_2d12abed,acct_6a00ce30,2024-09-15T15:10:00,bug
tkt_c541ac12,acct_31a279ec,2024-09-15T15:52:00,bug
tkt_171590de,acct_e1c0fcaa,2024-09-15T17:55:00,bug
tkt_ca25ae98,acct_543ba0ba,2024-09-16T10:11:00,how_to
tkt_41604645,acct_68bae8ee,2024-09-16T11:10:00,billing
tkt_17d852fc,acct_a4e8fb00,2024-09-16T13:22:00,bug
tkt_8e4824f3,acct_300e62c1,2024-09-16T15:47:00,bug
tkt_e1536338,acct_99c2af5a,2024-09-16T16:38:00,how_to
tkt_5e48be17,acct_fbdb883e,2024-09-16T17:15:00,bug
tkt_e3004709,acct_8fcf9ae4,2024-09-17T12:17:00,bug
tkt_7ef8205c,acct_ec5e52c7,2024-09-17T12:43:00,bug
tkt_b0ca4b75,acct_60e1079e,2024-09-17T13:01:00,billing
tkt_bb8698b6,acct_6a00ce30,2024-09-17T13:40:00,bug
tkt_63f18426,acct_0a2711ee,2024-09-17T14:21:00,billing
tkt_9bc23d35,acct_0f054678,2024-09-17T15:52:00,bug
tkt_ba6e8951,acct_2390697f,2024-09-17T16:55:00,billing
tkt_df5bbc4a,acct_c90e3c56,2024-09-17T18:08:00,bug
tkt_e360de41,acct_8e88a4e0,2024-09-18T08:35:00,how_to
tkt_5dc867a9,acct_206b676f,2024-09-18T09:30:00,bug
tkt_367ec25a,acct_22c920d1,2024-09-18T09:53:00,bug
tkt_8d01d491,acct_e2932b91,2024-09-18T11:04:00,bug
tkt_8c6e3645,acct_1c87aed0,2024-09-18T13:24:00,bug
tkt_8d10a1c2,acct_8014a8c3,2024-09-18T13:41:00,bug
tkt_329b5145,acct_b4277bbc,2024-09-18T15:25:00,billing
tkt_1fe6f53b,acct_9c2b3b0f,2024-09-18T16:20:00,billing
tkt_e34eaead,acct_98ec91c1,2024-09-18T17:03:00,bug
tkt_60f163ac,acct_8ff4e56a,2024-09-18T17:36:00,bug
tkt_7b998aed,acct_b938c1db,2024-09-18T18:32:00,bug
tkt_4a5cf89d,acct_8ff4e56a,2024-09-18T18:36:00,bug
tkt_50d729bc,acct_2ad085b2,2024-09-19T08:16:00,bug
tkt_ff3f1dd5,acct_fbdb883e,2024-09-19T08:18:00,how_to
tkt_c31b3d3d,acct_3e488930,2024-09-19T09:46:00,billing
tkt_5f0b5cf4,acct_300e62c1,2024-09-19T09:48:00,how_to
tkt_0eb7a5c4,acct_1b4a4ff4,2024-09-19T09:52:00,how_to
tkt_a3b929f1,acct_20f2c1aa,2024-09-19T13:31:00,bug
tkt_962ae452,acct_b1f5273f,2024-09-19T16:50:00,bug
tkt_fdca716f,acct_8242e83e,2024-09-19T17:44:00,bug
tkt_a9225d51,acct_a4e8fb00,2024-09-20T08:55:00,how_to
tkt_9c795162,acct_c042c39c,2024-09-20T09:48:00,bug
tkt_6d4d2032,acct_58b26511,2024-09-20T09:52:00,billing
tkt_bf138489,acct_fc28600b,2024-09-20T10:23:00,bug
tkt_e24cedf5,acct_b5edefc3,2024-09-20T11:13:00,how_to
tkt_7b98720b,acct_4797e23b,2024-09-20T12:18:00,bug
tkt_745a27cc,acct_25d385d4,2024-09-20T13:04:00,how_to
tkt_20776248,acct_c936d51e,2024-09-20T15:47:00,billing
tkt_49bc05fa,acct_745a6271,2024-09-20T17:16:00,bug
tkt_0039300f,acct_b0234b52,2024-09-21T09:17:00,how_to
tkt_27e6be11,acct_ca947616,2024-09-21T10:23:00,bug
tkt_a3c2eb56,acct_1ccf3a2c,2024-09-21T11:36:00,bug
tkt_e5a9dcd2,acct_dc91c137,2024-09-21T13:35:00,billing
tkt_b58281d1,acct_8e88a4e0,2024-09-21T18:04:00,bug
tkt_b06f269e,acct_5865be29,2024-09-21T18:05:00,how_to
tkt_f71d0b30,acct_35b802f0,2024-09-22T12:28:00,billing
tkt_596e59d0,acct_c936d51e,2024-09-22T12:50:00,bug
tkt_b8d141f6,acct_60e1079e,2024-09-22T15:17:00,how_to
tkt_b54909bb,acct_32426e02,2024-09-22T18:59:00,bug
tkt_398c55fa,acct_7d156be5,2024-09-23T10:03:00,bug
tkt_2824beca,acct_206b676f,2024-09-23T14:23:00,billing
tkt_917ea628,acct_0ca5e22a,2024-09-23T15:48:00,bug
tkt_8799c440,acct_42af3acb,2024-09-23T18:31:00,how_to
tkt_0561ac09,acct_856626a1,2024-09-24T08:08:00,how_to
tkt_abf981cf,acct_1144680e,2024-09-24T12:47:00,bug
tkt_d5b8f138,acct_077e30f8,2024-09-24T13:26:00,billing
tkt_a7bc2511,acct_1f22e070,2024-09-24T15:06:00,bug
tkt_2431d96c,acct_9367201e,2024-09-24T15:49:00,bug
tkt_d6af167e,acct_1b67aa64,2024-09-24T16:19:00,bug
tkt_e8d0bc27,acct_ca947616,2024-09-24T17:18:00,billing
tkt_87f25b0f,acct_5535013b,2024-09-24T18:06:00,how_to
tkt_b17fde72,acct_206b676f,2024-09-24T18:32:00,bug
tkt_53275887,acct_cf01f4d6,2024-09-25T08:24:00,billing
tkt_24831bfb,acct_60e1079e,2024-09-25T08:54:00,bug
tkt_126b385b,acct_11e7ada6,2024-09-25T09:23:00,how_to
tkt_f7b9ae18,acct_3f061f2c,2024-09-25T10:46:00,bug
tkt_3391b3e2,acct_04fa262c,2024-09-25T12:39:00,billing
tkt_aa3f0687,acct_58b26511,2024-09-25T14:19:00,bug
tkt_6f72279b,acct_8838afc2,2024-09-25T14:29:00,how_to
tkt_534e0df8,acct_624c520e,2024-09-25T15:33:00,bug
tkt_025a32f1,acct_a99c8894,2024-09-25T18:26:00,bug
tkt_fb67f22c,acct_ca947616,2024-09-26T09:44:00,bug
tkt_15a5e462,acct_9367201e,2024-09-26T10:07:00,bug
tkt_76685450,acct_0888e09b,2024-09-26T17:42:00,bug
tkt_38a85206,acct_a4e8fb00,2024-09-26T18:55:00,bug
tkt_c21832d5,acct_4bfac409,2024-09-27T08:38:00,bug
tkt_5e3752c9,acct_52de0938,2024-09-27T09:52:00,bug
tkt_a75ada43,acct_52dc2835,2024-09-27T09:56:00,bug
tkt_53ddec6f,acct_af4975aa,2024-09-27T16:16:00,how_to
tkt_b7d07020,acct_8e88a4e0,2024-09-27T17:45:00,bug
tkt_190fa7fd,acct_dd514b4b,2024-09-27T18:35:00,bug
tkt_f3042c68,acct_2c2bf6fd,2024-09-28T10:31:00,bug
tkt_b0f97842,acct_7934dd8f,2024-09-28T14:52:00,how_to
tkt_1decff31,acct_e1c0fcaa,2024-09-28T16:58:00,bug
tkt_3af1b2d0,acct_3f061f2c,2024-09-29T08:54:00,billing
tkt_e92e0dd9,acct_8ff4e56a,2024-09-29T09:43:00,billing
tkt_8f026865,acct_2390697f,2024-09-29T10:09:00,billing
tkt_05176b7f,acct_3013d70d,2024-09-29T10:37:00,bug
tkt_72d4eb7e,acct_add24418,2024-09-29T16:32:00,bug
tkt_e12c6397,acct_20433996,2024-09-29T17:03:00,billing
tkt_4ba81428,acct_2c2bf6fd,2024-09-29T17:56:00,how_to
tkt_8b979d35,acct_fdd73e37,2024-09-29T18:26:00,bug
tkt_1f479228,acct_1fabfc9c,2024-09-30T08:46:00,how_to
tkt_1f8588c2,acct_5876b0b4,2024-09-30T12:35:00,bug
tkt_91b27294,acct_cd466e9f,2024-09-30T13:36:00,bug
tkt_85574fb2,acct_8dd17beb,2024-09-30T14:13:00,billing
tkt_8ea866c0,acct_f1f2f296,2024-10-01T08:46:00,how_to
tkt_d0873524,acct_b0234b52,2024-10-01T08:47:00,bug
tkt_6ba3f759,acct_1b065969,2024-10-01T12:25:00,billing
tkt_6a4b55f5,acct_0c9e351e,2024-10-02T09:07:00,how_to
tkt_4752a746,acct_e56df3c1,2024-10-02T10:13:00,billing
tkt_2dee8818,acct_68fb9abf,2024-10-02T12:53:00,bug
tkt_9d15acaf,acct_8e30a95e,2024-10-02T14:18:00,bug
tkt_6e49582d,acct_af4975aa,2024-10-02T14:43:00,bug
tkt_693a78aa,acct_c4afbec5,2024-10-02T15:24:00,bug
tkt_b005b44e,acct_6a00ce30,2024-10-02T16:03:00,bug
tkt_b1a7d11b,acct_caffcecb,2024-10-02T17:21:00,billing
tkt_a68ab645,acct_03c763d7,2024-10-03T09:10:00,bug
tkt_28ea10ee,acct_12668b9d,2024-10-03T10:17:00,how_to
tkt_9894ce5a,acct_cd9135ce,2024-10-03T11:22:00,bug
tkt_d3c6a2db,acct_d2a00957,2024-10-03T15:28:00,how_to
tkt_8ffd8375,acct_55bb5415,2024-10-04T10:08:00,billing
tkt_7e321b70,acct_fab80b2a,2024-10-04T10:27:00,billing
tkt_9aa92423,acct_bc5f08a5,2024-10-04T11:17:00,billing
tkt_1f631e24,acct_7071b243,2024-10-04T13:17:00,bug
tkt_544eef8e,acct_b4277bbc,2024-10-04T13:20:00,billing
tkt_a72761bc,acct_cecff3a6,2024-10-04T13:34:00,how_to
tkt_26f181ee,acct_60e1079e,2024-10-04T15:47:00,how_to
tkt_183f9474,acct_eae19cc2,2024-10-04T17:05:00,how_to
tkt_01003530,acct_2c2bf6fd,2024-10-04T18:06:00,billing
tkt_c37d6fa9,acct_a8c15112,2024-10-04T18:40:00,how_to
tkt_c2a537db,acct_1f22e070,2024-10-05T09:13:00,bug
tkt_21a0f617,acct_077e30f8,2024-10-05T09:58:00,bug
tkt_4b5b2b20,acct_db122064,2024-10-05T09:58:00,how_to
tkt_c4fc374d,acct_aa6d4b27,2024-10-05T11:02:00,bug
tkt_0af59b4e,acct_75697561,2024-10-05T11:15:00,bug
tkt_928af86c,acct_4258d161,2024-10-05T11:19:00,bug
tkt_ed440a65,acct_d4c9d713,2024-10-05T17:37:00,billing
tkt_cd0cc233,acct_30493096,2024-10-06T11:20:00,bug
tkt_397c386c,acct_5a67f359,2024-10-06T11:24:00,bug
tkt_6270370a,acct_3f061f2c,2024-10-06T12:46:00,billing
tkt_3520dafc,acct_1f22e070,2024-10-06T14:57:00,billing
tkt_51f61c92,acct_5ddf5865,2024-10-06T17:15:00,billing
tkt_4f9706e0,acct_b4277bbc,2024-10-06T18:02:00,billing
tkt_83c034aa,acct_efdc8ace,2024-10-06T18:19:00,how_to
tkt_ba6a1200,acct_e2cfb1cb,2024-10-07T08:04:00,how_to
tkt_5e903c4f,acct_016d5144,2024-10-07T08:55:00,bug
tkt_171bf38b,acct_12e1f779,2024-10-07T09:52:00,billing
tkt_5581e9bd,acct_75697561,2024-10-07T10:14:00,bug
tkt_92d45e6c,acct_31c21718,2024-10-07T11:09:00,billing
tkt_4f0808a7,acct_4b3b332d,2024-10-07T12:06:00,billing
tkt_17b5da09,acct_99c2af5a,2024-10-07T12:12:00,how_to
tkt_c34c47db,acct_85b84cb2,2024-10-07T17:35:00,billing
tkt_b6f413b7,acct_04fe8839,2024-10-07T18:12:00,how_to
tkt_302b5ff3,acct_3ff83572,2024-10-08T10:03:00,billing
tkt_4a05c19f,acct_c17bedea,2024-10-08T10:42:00,bug
tkt_1b006550,acct_f1f2f296,2024-10-08T14:14:00,bug
tkt_8e02e2d6,acct_19a14ca6,2024-10-08T15:54:00,billing
tkt_44336938,acct_caffcecb,2024-10-08T16:34:00,how_to
tkt_824e5ea6,acct_2ad085b2,2024-10-09T08:37:00,how_to
tkt_9df0eb5c,acct_856626a1,2024-10-09T11:03:00,bug
tkt_d4d7c6b5,acct_1fabfc9c,2024-10-09T11:13:00,billing
tkt_c9cdc747,acct_1f22e070,2024-10-09T11:15:00,bug
tkt_65cb4895,acct_2fdea3d9,2024-10-09T11:39:00,how_to
tkt_54949151,acct_8e88a4e0,2024-10-09T13:40:00,how_to
tkt_cc76ea68,acct_19a14ca6,2024-10-09T16:07:00,bug
tkt_a43530ff,acct_9fa4eca2,2024-10-10T09:49:00,bug
tkt_eb5f7aff,acct_5a67f359,2024-10-10T12:00:00,bug
tkt_1f6588e5,acct_33489e68,2024-10-10T12:20:00,billing
tkt_aee23438,acct_cd466e9f,2024-10-10T16:42:00,bug
tkt_195dcc2c,acct_b4277bbc,2024-10-10T17:19:00,billing
tkt_88be5b13,acct_fab80b2a,2024-10-10T18:14:00,bug
tkt_5ad8b05a,acct_75aa5a12,2024-10-11T12:02:00,bug
tkt_73768698,acct_3ff83572,2024-10-11T15:11:00,how_to
tkt_d36fab4c,acct_d6ab441b,2024-10-11T17:00:00,how_to
tkt_4304661d,acct_0b2d2b1f,2024-10-12T11:49:00,bug
tkt_4e781d67,acct_31a279ec,2024-10-12T12:34:00,how_to
tkt_08cb9395,acct_4bfac409,2024-10-12T12:50:00,how_to
tkt_474826b6,acct_38aad469,2024-10-12T15:44:00,billing
tkt_2d200d72,acct_1b67aa64,2024-10-12T18:34:00,bug
tkt_e15efc23,acct_fd39c292,2024-10-13T08:11:00,bug
tkt_ccad6399,acct_0888e09b,2024-10-13T09:55:00,how_to
tkt_6d7d2baa,acct_5b97eca0,2024-10-13T12:02:00,how_to
tkt_466d188e,acct_58b26511,2024-10-13T12:30:00,how_to
tkt_7f695425,acct_31a279ec,2024-10-13T16:02:00,bug
tkt_efbd38c7,acct_313ffce2,2024-10-14T08:05:00,how_to
tkt_44461079,acct_ee5dc008,2024-10-14T10:18:00,how_to
tkt_371975af,acct_9c2b3b0f,2024-10-14T13:38:00,bug
tkt_c8320763,acct_8d3cf134,2024-10-14T13:47:00,bug
tkt_310488e6,acct_a4e8fb00,2024-10-14T18:05:00,billing
tkt_81cfcabe,acct_cecff3a6,2024-10-14T18:59:00,how_to
tkt_ee9d56f1,acct_e2cfb1cb,2024-10-15T08:05:00,how_to
tkt_dc050f79,acct_63ccc949,2024-10-15T09:02:00,bug
tkt_fd78013e,acct_32426e02,2024-10-15T16:07:00,bug
tkt_c17c7f34,acct_af4975aa,2024-10-15T18:09:00,bug
tkt_6698e996,acct_279f76a3,2024-10-16T08:11:00,billing
tkt_0038e4ca,acct_220c59ae,2024-10-16T08:15:00,billing
tkt_0a46c1b0,acct_25d385d4,2024-10-16T11:15:00,billing
tkt_e422b759,acct_60cdac29,2024-10-16T12:29:00,bug
tkt_ca64cb81,acct_14a7eabe,2024-10-16T15:41:00,how_to
tkt_5bd2184b,acct_b0234b52,2024-10-16T16:18:00,billing
tkt_0ea8ddf7,acct_f6a6a39b,2024-10-16T17:47:00,bug
tkt_1bf7ace8,acct_02033535,2024-10-16T17:59:00,bug
tkt_e6219868,acct_2f2f1f24,2024-10-17T08:58:00,billing
tkt_242756cd,acct_b938c1db,2024-10-17T09:09:00,bug
tkt_b92b4476,acct_c17bedea,2024-10-17T12:51:00,bug
tkt_9ef831b7,acct_f2d9add8,2024-10-17T14:40:00,billing
tkt_0386271b,acct_1a9a6ea5,2024-10-17T16:52:00,bug
tkt_eb563f42,acct_e2cfb1cb,2024-10-17T18:39:00,bug
tkt_b99ba218,acct_4258d161,2024-10-18T08:11:00,how_to
tkt_f04adf74,acct_63ccc949,2024-10-18T10:16:00,billing
tkt_daa85ac6,acct_5be6006e,2024-10-18T14:00:00,how_to
tkt_5fe1f1bd,acct_1b065969,2024-10-18T14:36:00,bug
tkt_7bccfc30,acct_dcc9d3b9,2024-10-18T15:46:00,how_to
tkt_73c02189,acct_aa127580,2024-10-18T15:47:00,how_to
tkt_d814dddf,acct_89af9a66,2024-10-18T18:27:00,bug
tkt_26b14207,acct_22e9ed5e,2024-10-19T08:51:00,bug
tkt_d5125497,acct_04fe8839,2024-10-19T10:00:00,how_to
tkt_8eb35f04,acct_bed48bae,2024-10-19T10:12:00,bug
tkt_a3754944,acct_b3a1ffe6,2024-10-19T10:53:00,bug
tkt_9ff5db14,acct_2f822db4,2024-10-19T11:33:00,billing
tkt_aa6188b1,acct_856626a1,2024-10-19T11:48:00,billing
tkt_8c4e7df0,acct_8cc49d7b,2024-10-19T13:54:00,billing
tkt_4d9142d5,acct_8b3c3f51,2024-10-19T15:07:00,bug
tkt_bd1571e0,acct_15bb11d0,2024-10-19T15:34:00,billing
tkt_80798d67,acct_8b3c3f51,2024-10-19T16:55:00,how_to
tkt_6afb813b,acct_aa6d4b27,2024-10-19T17:11:00,how_to
tkt_d038888a,acct_8584c5ad,2024-10-19T17:55:00,bug
tkt_ccb9d6e2,acct_aa6d4b27,2024-10-19T18:00:00,how_to
tkt_c0977774,acct_bd7aa4f5,2024-10-19T18:41:00,bug
tkt_1c0983d1,acct_d2a00957,2024-10-20T08:08:00,bug
tkt_ce46d059,acct_c40cdc57,2024-10-20T08:15:00,bug
tkt_e772ae2d,acct_b771bb83,2024-10-20T11:31:00,how_to
tkt_8ce01e0b,acct_fc28600b,2024-10-20T11:58:00,how_to
tkt_b5e01dff,acct_35b802f0,2024-10-20T18:18:00,how_to
tkt_51005a75,acct_15bb11d0,2024-10-21T09:16:00,bug
tkt_39ca869f,acct_a8c15112,2024-10-21T10:21:00,how_to
tkt_c2c9bc67,acct_b0e9a734,2024-10-21T13:01:00,bug
tkt_2b9c6530,acct_4c2075b8,2024-10-21T15:01:00,bug
tkt_a8ab0ffc,acct_add24418,2024-10-21T15:57:00,billing
tkt_b0372202,acct_aa127580,2024-10-21T16:18:00,how_to
tkt_d953cac5,acct_4c80bc76,2024-10-21T16:28:00,billing
tkt_9a6d64ff,acct_9739c4f2,2024-10-21T16:51:00,bug
tkt_cf355aa0,acct_5ddf5865,2024-10-21T16:57:00,how_to
tkt_aa6a0deb,acct_3f061f2c,2024-10-22T09:22:00,bug
tkt_b6dbd0f5,acct_efdc8ace,2024-10-22T13:19:00,how_to
tkt_c3f490e4,acct_0888e09b,2024-10-22T13:38:00,bug
tkt_a9f305e9,acct_431c82c4,2024-10-22T16:48:00,bug
tkt_d492c3f4,acct_b771bb83,2024-10-22T18:06:00,billing
tkt_e6998ed1,acct_9a7f7118,2024-10-22T18:18:00,billing
tkt_c7049212,acct_599480f4,2024-10-23T08:16:00,how_to
tkt_efd201f9,acct_abcc0d8c,2024-10-23T10:39:00,bug
tkt_372b08dd,acct_41acd2a5,2024-10-23T11:24:00,bug
tkt_bcfb3fea,acct_dcc9d3b9,2024-10-23T13:38:00,bug
tkt_d4a35e5d,acct_3e488930,2024-10-23T14:55:00,billing
tkt_5079cbed,acct_fc28600b,2024-10-23T16:09:00,how_to
tkt_33752ace,acct_fd39c292,2024-10-23T16:33:00,bug
tkt_a20a155d,acct_fc3e2de2,2024-10-23T16:40:00,bug
tkt_41cc2e0f,acct_856626a1,2024-10-23T17:37:00,how_to
tkt_dcd0b529,acct_8838afc2,2024-10-24T08:38:00,billing
tkt_f515cecc,acct_3e488930,2024-10-24T09:56:00,billing
tkt_b1b2fd4e,acct_1c87aed0,2024-10-24T10:21:00,bug
tkt_0daa5452,acct_a8c15112,2024-10-24T13:52:00,bug
tkt_eebcd37d,acct_0597250a,2024-10-24T15:42:00,bug
tkt_a0d587d8,acct_31a279ec,2024-10-24T17:11:00,billing
tkt_dda815dd,acct_062d243d,2024-10-24T17:35:00,bug
tkt_ec22d582,acct_2f822db4,2024-10-24T18:01:00,bug
tkt_f3ed5807,acct_ce4b9d7d,2024-10-24T18:34:00,bug
tkt_3c4ec4e1,acct_c17bedea,2024-10-25T09:12:00,billing
tkt_8441ec26,acct_31a279ec,2024-10-25T10:51:00,bug
tkt_39ce481d,acct_41acd2a5,2024-10-25T14:15:00,billing
tkt_3776eb35,acct_562fbb0c,2024-10-25T15:07:00,bug
tkt_19ef075d,acct_a90c6b5f,2024-10-25T16:18:00,bug
tkt_d9bf2899,acct_fd39c292,2024-10-25T17:45:00,bug
tkt_fb1de03f,acct_b15365b9,2024-10-25T17:46:00,bug
tkt_e434a202,acct_31a279ec,2024-10-26T08:39:00,bug
tkt_457050f2,acct_12668b9d,2024-10-26T12:50:00,bug
tkt_5de6b6ec,acct_5e2f1181,2024-10-26T15:22:00,bug
tkt_d1fe4a13,acct_9739c4f2,2024-10-26T17:58:00,how_to
tkt_a06b55d8,acct_efdc8ace,2024-10-27T08:00:00,bug
tkt_cd6cb042,acct_7395e5d0,2024-10-27T09:54:00,how_to
tkt_2e12ee3f,acct_ec5e52c7,2024-10-27T12:08:00,billing
tkt_45b53336,acct_3ff83572,2024-10-27T13:17:00,bug
tkt_0d8e3b26,acct_9e1e404c,2024-10-27T15:30:00,bug
tkt_60e6c637,acct_add24418,2024-10-27T16:48:00,how_to
tkt_cdf30092,acct_4d931910,2024-10-28T09:23:00,bug
tkt_13d565ce,acct_8fcf9ae4,2024-10-28T11:03:00,how_to
tkt_5597aa12,acct_5e2f1f1a,2024-10-28T11:49:00,bug
tkt_dc610c99,acct_bd5f46a1,2024-10-28T12:07:00,how_to
tkt_634b0bca,acct_3eeb6098,2024-10-28T15:37:00,bug
tkt_74777ab5,acct_31c21718,2024-10-28T16:04:00,bug
tkt_3c68ee58,acct_8838afc2,2024-10-28T17:41:00,how_to
tkt_9f2878cb,acct_7b9a7d1c,2024-10-28T17:51:00,how_to
tkt_dd064e62,acct_512c42b6,2024-10-29T12:30:00,bug
tkt_33cb58be,acct_8ff4e56a,2024-10-29T14:26:00,billing
tkt_a841d5a2,acct_8cc49d7b,2024-10-29T16:17:00,how_to
tkt_69b9d202,acct_279f76a3,2024-10-29T17:32:00,bug
tkt_623f4d53,acct_3d35b693,2024-10-29T18:04:00,bug
tkt_757280f9,acct_d4c51c84,2024-10-30T08:09:00,billing
tkt_0039197f,acct_c188a0f1,2024-10-30T09:10:00,how_to
tkt_236ff172,acct_8863b4c3,2024-10-30T10:57:00,billing
tkt_42180a03,acct_bc9f1f3d,2024-10-30T12:38:00,how_to
tkt_02ef0297,acct_92a97cda,2024-10-30T13:53:00,how_to
tkt_d48ff133,acct_2fdea3d9,2024-10-31T11:20:00,bug
tkt_a3a9f88d,acct_4ab2cccf,2024-10-31T13:38:00,how_to
tkt_a00a2f90,acct_a1177311,2024-10-31T13:53:00,bug
tkt_cbe1f240,acct_62ca2704,2024-10-31T14:18:00,bug
tkt_cf2a97f5,acct_62c14d2d,2024-10-31T15:16:00,bug
tkt_a8391151,acct_b938c1db,2024-10-31T16:27:00,bug
tkt_fdcbf1cf,acct_3682fadd,2024-10-31T16:38:00,billing
tkt_2134386b,acct_bc5f08a5,2024-10-31T16:43:00,how_to
tkt_4f080bb8,acct_1b4a4ff4,2024-11-01T11:28:00,bug
tkt_2a2f8ca0,acct_b5edefc3,2024-11-01T13:16:00,bug
tkt_bb568869,acct_b1f5273f,2024-11-01T13:17:00,bug
tkt_6f98ac57,acct_3eeb6098,2024-11-01T14:40:00,bug
tkt_43ecd782,acct_52dc2835,2024-11-01T17:48:00,how_to
tkt_b29340cf,acct_7b9a7d1c,2024-11-01T18:47:00,billing
tkt_174734fa,acct_0c9e351e,2024-11-02T12:01:00,billing
tkt_d59790dc,acct_0ca5e22a,2024-11-02T13:10:00,how_to
tkt_3fd2f5a2,acct_5e2f1181,2024-11-02T16:02:00,billing
tkt_f29ba887,acct_b938c1db,2024-11-02T16:26:00,bug
tkt_78e5572b,acct_5e2f1f1a,2024-11-03T08:30:00,bug
tkt_9dc88edc,acct_740707a4,2024-11-03T08:34:00,bug
tkt_06396299,acct_12668b9d,2024-11-03T08:37:00,billing
tkt_919274e3,acct_dee0b253,2024-11-03T10:45:00,how_to
tkt_d54256de,acct_14b4a582,2024-11-03T11:19:00,billing
tkt_616b94b0,acct_6f26008c,2024-11-03T11:26:00,how_to
tkt_7534bc41,acct_fe2882dd,2024-11-03T15:02:00,bug
tkt_9c3f5f10,acct_3d70aa3a,2024-11-03T15:28:00,how_to
tkt_2204a20a,acct_ebad13c1,2024-11-03T17:23:00,bug
tkt_d670d0c8,acct_fc28600b,2024-11-03T17:24:00,billing
tkt_3cc500df,acct_d6ab441b,2024-11-03T18:24:00,bug
tkt_1b83553e,acct_60e1079e,2024-11-04T08:22:00,bug
tkt_34edfe6a,acct_52de0938,2024-11-04T12:51:00,how_to
tkt_142ec820,acct_ebad13c1,2024-11-04T15:20:00,bug
tkt_03645ce9,acct_feaa9037,2024-11-04T15:25:00,how_to
tkt_cbbb0cb2,acct_d3ce071f,2024-11-05T08:20:00,how_to
tkt_798b2777,acct_d6ab441b,2024-11-05T08:52:00,billing
tkt_654aa508,acct_4d931910,2024-11-05T10:20:00,billing
tkt_7586525b,acct_85b84cb2,2024-11-05T14:17:00,billing
tkt_b2005db7,acct_ca2a2850,2024-11-05T15:08:00,how_to
tkt_f4385805,acct_ee5dc008,2024-11-05T15:45:00,billing
tkt_03d70b63,acct_d6ded90c,2024-11-05T17:23:00,bug
tkt_e070d777,acct_a3dac097,2024-11-06T09:21:00,bug
tkt_f63ca829,acct_1ccf3a2c,2024-11-06T10:30:00,bug
tkt_ab1d5478,acct_a7e4015f,2024-11-06T14:30:00,bug
tkt_0a2f82db,acct_b1f5273f,2024-11-06T15:41:00,billing
tkt_aa4f3fac,acct_431c82c4,2024-11-06T15:55:00,bug
tkt_bf133931,acct_5e2f1f1a,2024-11-06T16:01:00,bug
tkt_6685ee29,acct_599480f4,2024-11-07T12:27:00,how_to
tkt_c47b5f5e,acct_aa127580,2024-11-07T13:40:00,how_to
tkt_7158f65f,acct_fe2882dd,2024-11-08T08:57:00,bug
tkt_b306c2da,acct_52dc2835,2024-11-08T09:19:00,bug
tkt_ba74ab85,acct_dee0b253,2024-11-08T12:31:00,how_to
tkt_eec71d71,acct_0c9e351e,2024-11-08T13:01:00,bug
tkt_dd9ffd4d,acct_8fcf9ae4,2024-11-09T08:27:00,billing
tkt_631c5fbd,acct_19a14ca6,2024-11-09T08:51:00,bug
tkt_682476b6,acct_58b26511,2024-11-09T09:13:00,billing
tkt_91d78c19,acct_3e04a612,2024-11-09T18:34:00,how_to
tkt_088a063b,acct_92a97cda,2024-11-10T09:33:00,bug
tkt_b007496c,acct_300e62c1,2024-11-10T10:55:00,billing
tkt_13517969,acct_1fabfc9c,2024-11-10T13:18:00,how_to
tkt_cc13e3f1,acct_a4e8fb00,2024-11-10T15:20:00,bug
tkt_232c72d3,acct_f6a6a39b,2024-11-10T17:15:00,bug
tkt_99e12cfe,acct_ca2a2850,2024-11-10T18:48:00,how_to
tkt_7bdd9780,acct_ae6851c2,2024-11-11T08:57:00,bug
tkt_9973558e,acct_7e466c33,2024-11-11T10:13:00,bug
tkt_32fbae93,acct_2351efd6,2024-11-11T13:02:00,how_to
tkt_3456786f,acct_a8c15112,2024-11-11T15:47:00,bug
tkt_9194281e,acct_add24418,2024-11-11T16:52:00,bug
tkt_1dadd2bc,acct_3e488930,2024-11-12T08:43:00,bug
tkt_47b91ed2,acct_fa82236a,2024-11-12T08:47:00,how_to
tkt_71287159,acct_7e533921,2024-11-12T11:47:00,bug
tkt_7c54b182,acct_8e88a4e0,2024-11-12T12:30:00,billing
tkt_d0883910,acct_b15365b9,2024-11-12T14:17:00,how_to
tkt_298ac67b,acct_b938c1db,2024-11-12T17:50:00,bug
tkt_f5bbc560,acct_8d3cf134,2024-11-13T08:48:00,bug
tkt_54d8d4a4,acct_a1177311,2024-11-13T09:45:00,bug
tkt_848426ec,acct_9367201e,2024-11-13T11:46:00,bug
tkt_06f125db,acct_5ab4a8d3,2024-11-13T16:50:00,bug
tkt_90cb93bc,acct_2ad085b2,2024-11-14T08:45:00,bug
tkt_8bf54a6d,acct_60cdac29,2024-11-14T09:04:00,bug
tkt_2579caef,acct_3682fadd,2024-11-15T09:17:00,bug
tkt_f8e2329b,acct_f2d9add8,2024-11-15T09:28:00,how_to
tkt_40a79ea2,acct_599480f4,2024-11-15T09:49:00,billing
tkt_d8fc5e82,acct_9367201e,2024-11-15T10:03:00,bug
tkt_688ffbbb,acct_3682fadd,2024-11-15T10:33:00,billing
tkt_ecbe9d91,acct_60cdac29,2024-11-15T12:42:00,bug
tkt_6f8c7d03,acct_62ef8d73,2024-11-15T14:53:00,bug
tkt_d3c6ab9c,acct_b8e07cb2,2024-11-15T15:22:00,billing
tkt_58fe3880,acct_dee0b253,2024-11-15T16:21:00,how_to
tkt_aad77f7c,acct_3162b4fd,2024-11-16T10:26:00,billing
tkt_339f18aa,acct_52dc2835,2024-11-16T12:23:00,bug
tkt_4d14f375,acct_d3a81e40,2024-11-16T13:59:00,billing
tkt_693d5547,acct_e87e2b8f,2024-11-16T15:30:00,how_to
tkt_57cb475b,acct_a1177311,2024-11-16T17:18:00,bug
tkt_6239a810,acct_93e5bf55,2024-11-16T18:09:00,bug
tkt_70a69692,acct_af4975aa,2024-11-17T09:07:00,bug
tkt_6bfbd691,acct_62c14d2d,2024-11-17T12:09:00,bug
tkt_6f802749,acct_add24418,2024-11-17T12:26:00,bug
tkt_6b489264,acct_2ad085b2,2024-11-17T12:50:00,how_to
tkt_7279178e,acct_eeccbeef,2024-11-17T12:54:00,how_to
tkt_d05fe078,acct_fab80b2a,2024-11-17T13:31:00,billing
tkt_d89428ae,acct_d6ded90c,2024-11-17T13:53:00,bug
tkt_b8308b31,acct_587a017e,2024-11-17T15:58:00,billing
tkt_191ab8a6,acct_53cc89fe,2024-11-17T16:56:00,how_to
tkt_022b7913,acct_62ef8d73,2024-11-18T08:20:00,billing
tkt_cc84efea,acct_44d3e4b1,2024-11-18T08:37:00,how_to
tkt_a1345b41,acct_4bfac409,2024-11-18T10:24:00,bug
tkt_bd7701da,acct_745a6271,2024-11-18T17:36:00,how_to
tkt_4d87f6cc,acct_30930d55,2024-11-18T17:45:00,how_to
tkt_6a9e6d29,acct_a0c5b4fa,2024-11-18T18:11:00,billing
tkt_64c1d933,acct_3f061f2c,2024-11-19T14:06:00,bug
tkt_f9de93e0,acct_eae19cc2,2024-11-20T08:30:00,billing
tkt_41bd23b5,acct_dee0b253,2024-11-20T08:48:00,bug
tkt_b242eae1,acct_44810acd,2024-11-20T11:43:00,bug
tkt_e3ccc796,acct_a90c6b5f,2024-11-20T13:51:00,billing
tkt_6013ec23,acct_67a4202b,2024-11-20T16:52:00,how_to
tkt_0f870d6b,acct_062d243d,2024-11-21T11:05:00,how_to
tkt_3381543a,acct_3f061f2c,2024-11-21T14:54:00,bug
tkt_fdb3279a,acct_22e9ed5e,2024-11-21T15:41:00,bug
tkt_b1a7712c,acct_cf01f4d6,2024-11-21T18:40:00,bug
tkt_9716e05d,acct_d6ded90c,2024-11-22T08:10:00,billing
tkt_7f5f0b6f,acct_062d243d,2024-11-22T10:51:00,bug
tkt_1503572a,acct_5e2f1f1a,2024-11-22T13:23:00,how_to
tkt_83bcfab8,acct_d6ded90c,2024-11-22T18:25:00,how_to
tkt_353d4824,acct_0f054678,2024-11-23T08:28:00,bug
tkt_d9e83e5b,acct_2c2bf6fd,2024-11-23T13:05:00,bug
tkt_7fed451b,acct_a90c6b5f,2024-11-23T13:18:00,billing
tkt_929db9dd,acct_add24418,2024-11-23T16:55:00,bug
tkt_e9f924ff,acct_b0234b52,2024-11-24T08:07:00,bug
tkt_383ad39b,acct_3eeb6098,2024-11-24T08:31:00,how_to
tkt_fe8de323,acct_6c41eb7d,2024-11-24T09:27:00,how_to
tkt_8dc99310,acct_062d243d,2024-11-24T09:34:00,bug
tkt_fc51bb82,acct_d6ded90c,2024-11-24T09:57:00,how_to
tkt_edff24f2,acct_720e1aff,2024-11-24T10:16:00,how_to
tkt_170eab4d,acct_9a7f7118,2024-11-24T10:21:00,bug
tkt_8441bf76,acct_a5f493da,2024-11-24T10:32:00,how_to
tkt_a1ee689e,acct_cf01f4d6,2024-11-24T10:45:00,bug
tkt_45ec6981,acct_0f054678,2024-11-24T11:43:00,bug
tkt_25803270,acct_543ba0ba,2024-11-24T13:44:00,bug
tkt_fed58147,acct_8d767a19,2024-11-24T14:45:00,bug
tkt_0cbfce90,acct_5e2f1f1a,2024-11-24T14:49:00,bug
tkt_ff27389a,acct_5e2f1f1a,2024-11-25T09:36:00,bug
tkt_6b072e4d,acct_0888e09b,2024-11-25T12:56:00,bug
tkt_ca005903,acct_c1d0faa4,2024-11-25T13:02:00,how_to
tkt_1f0be69f,acct_4b3b332d,2024-11-25T18:18:00,bug
tkt_4aa82502,acct_eae19cc2,2024-11-26T08:30:00,billing
tkt_676121c2,acct_ce4b9d7d,2024-11-26T08:34:00,billing
tkt_d86b318b,acct_7fb75e2a,2024-11-26T10:21:00,bug
tkt_cd74a968,acct_4bfac409,2024-11-26T14:44:00,bug
tkt_72bd2351,acct_a8c15112,2024-11-27T08:16:00,billing
tkt_df507da0,acct_53cc89fe,2024-11-27T09:16:00,bug
tkt_4ecb313b,acct_ae6851c2,2024-11-27T09:16:00,how_to
tkt_905a36dd,acct_1a9a6ea5,2024-11-27T09:57:00,bug
tkt_fa8c7691,acct_53d509fb,2024-11-27T13:22:00,how_to
tkt_f252ed3e,acct_26b12708,2024-11-27T13:25:00,bug
tkt_b111e7ea,acct_bd7aa4f5,2024-11-27T13:44:00,how_to
tkt_26752270,acct_c188a0f1,2024-11-27T16:53:00,bug
tkt_b094de2d,acct_8e30a95e,2024-11-27T17:53:00,billing
tkt_8d78ab60,acct_bed48bae,2024-11-27T18:07:00,bug
tkt_24177650,acct_ce4b9d7d,2024-11-28T09:51:00,how_to
tkt_7f19ac1c,acct_7fb75e2a,2024-11-28T11:28:00,how_to
tkt_ef909e3c,acct_2ad085b2,2024-11-28T11:53:00,how_to
tkt_8bafd8fd,acct_c1d0faa4,2024-11-28T12:57:00,bug
tkt_801153c3,acct_62ef8d73,2024-11-28T13:56:00,bug
tkt_249fc348,acct_ab34388b,2024-11-28T16:48:00,bug
tkt_286c0016,acct_f88fd84f,2024-11-28T17:23:00,bug
tkt_1c5f1b48,acct_8400c319,2024-11-28T17:46:00,bug
tkt_a1bda044,acct_1b35cacd,2024-11-29T11:27:00,bug
tkt_3da84f74,acct_accabb76,2024-11-29T12:16:00,how_to
tkt_9fec3c15,acct_a5f493da,2024-11-29T13:44:00,bug
tkt_dad24b27,acct_8400c319,2024-11-30T09:15:00,billing
tkt_df79f274,acct_1b4a4ff4,2024-11-30T10:14:00,bug
tkt_b0391c64,acct_61635eda,2024-11-30T13:30:00,bug
tkt_6d187e41,acct_8d767a19,2024-11-30T14:57:00,how_to
tkt_dd3b17ab,acct_0b8ff294,2024-11-30T16:14:00,bug
tkt_03f61f2d,acct_62ca2704,2024-11-30T18:46:00,billing
tkt_49a1930e,acct_687628e9,2024-12-01T08:55:00,bug
tkt_df8e6255,acct_d4c73643,2024-12-01T09:11:00,how_to
tkt_e48c4e50,acct_44810acd,2024-12-01T12:03:00,how_to
tkt_b319f8af,acct_38aad469,2024-12-01T14:43:00,bug
tkt_d8c9539d,acct_b843276f,2024-12-01T18:22:00,bug
tkt_03914cb1,acct_b1f5273f,2024-12-02T10:03:00,bug
tkt_4483e5a6,acct_512c42b6,2024-12-02T10:47:00,how_to
tkt_b46e35a5,acct_03c763d7,2024-12-02T12:12:00,how_to
tkt_87cee54f,acct_b843276f,2024-12-02T13:54:00,how_to
tkt_a11cc200,acct_dee0b253,2024-12-02T14:01:00,how_to
tkt_16c46a4d,acct_fd39c292,2024-12-03T11:29:00,billing
tkt_5be4a5f8,acct_31a279ec,2024-12-03T13:06:00,bug
tkt_3618aa53,acct_62ca2704,2024-12-03T15:08:00,billing
tkt_ad53e0d7,acct_22be95fd,2024-12-03T17:08:00,bug
tkt_1bd08d3f,acct_1b4a4ff4,2024-12-03T17:33:00,how_to
tkt_49b1cb41,acct_3d316fcc,2024-12-03T17:55:00,bug
tkt_af1c596e,acct_279f76a3,2024-12-04T08:17:00,billing
tkt_0a87443d,acct_be891f7b,2024-12-04T08:56:00,bug
tkt_d63b68b6,acct_5b5c550c,2024-12-04T09:33:00,bug
tkt_b50f13ce,acct_53d509fb,2024-12-04T12:22:00,bug
tkt_0f824be8,acct_c188a0f1,2024-12-04T14:09:00,bug
tkt_22048f18,acct_b0234b52,2024-12-04T15:42:00,billing
tkt_326e31a3,acct_3ae38d66,2024-12-04T18:07:00,bug
tkt_84e95bed,acct_98ec91c1,2024-12-05T08:19:00,bug
tkt_5ed7742c,acct_313ffce2,2024-12-05T14:19:00,bug
tkt_1198fdab,acct_1a9a6ea5,2024-12-05T16:28:00,bug
tkt_ed84392c,acct_b8e07cb2,2024-12-05T17:10:00,billing
tkt_404d1ba0,acct_2f2f1f24,2024-12-06T09:16:00,bug
tkt_fd9b084a,acct_53cc89fe,2024-12-06T13:18:00,bug
tkt_f00353b5,acct_4ab2cccf,2024-12-06T13:39:00,bug
tkt_898d2db4,acct_c1d0faa4,2024-12-06T13:48:00,bug
tkt_e5cb0474,acct_1b35cacd,2024-12-06T17:31:00,how_to
tkt_b9f1b6ea,acct_1745cee5,2024-12-06T18:37:00,how_to
tkt_431d3ed0,acct_0a1cd629,2024-12-07T09:29:00,how_to
tkt_60027af7,acct_b417d116,2024-12-07T10:29:00,bug
tkt_70bbe677,acct_be891f7b,2024-12-07T13:31:00,how_to
tkt_cc591018,acct_1ed669c5,2024-12-07T15:24:00,billing
tkt_41480988,acct_ca2a2850,2024-12-07T16:03:00,how_to
tkt_25f8f954,acct_a99c8894,2024-12-07T16:17:00,bug
tkt_e7ceb578,acct_0b8ff294,2024-12-07T16:24:00,billing
tkt_490133b6,acct_feaa9037,2024-12-08T09:20:00,billing
tkt_66960b77,acct_c1d0faa4,2024-12-08T15:39:00,billing
tkt_17fc9b31,acct_b3a1ffe6,2024-12-08T18:17:00,bug
tkt_0f1f78b6,acct_04fa262c,2024-12-08T18:54:00,billing
tkt_21053f62,acct_9e1e404c,2024-12-09T10:58:00,how_to
tkt_53475db2,acct_b21f7313,2024-12-09T11:30:00,billing
tkt_486b6dfc,acct_5e2f1f1a,2024-12-09T13:08:00,billing
tkt_c5a29c33,acct_caffcecb,2024-12-09T13:21:00,billing
tkt_6e775a88,acct_7baa5d5b,2024-12-09T15:03:00,how_to
tkt_3f1b17a7,acct_60cdac29,2024-12-09T15:09:00,bug
tkt_0f04e49e,acct_1b77dade,2024-12-09T16:23:00,how_to
tkt_ce12144f,acct_bed48bae,2024-12-09T17:28:00,billing
tkt_1e4f7233,acct_a1177311,2024-12-10T09:48:00,bug
tkt_f7b43a88,acct_30930d55,2024-12-10T10:03:00,billing
tkt_5c7ee9cf,acct_64b128dc,2024-12-10T10:26:00,billing
tkt_ec335832,acct_164751d0,2024-12-10T11:19:00,how_to
tkt_3adc5fb1,acct_6e08a2ae,2024-12-10T11:36:00,billing
tkt_0d3ecea9,acct_0acaed6b,2024-12-10T18:45:00,billing
tkt_fc4cac65,acct_62ef8d73,2024-12-10T18:45:00,billing
tkt_4c069667,acct_22e9ed5e,2024-12-11T08:22:00,bug
tkt_82774488,acct_0acaed6b,2024-12-11T08:52:00,how_to
tkt_d631ab21,acct_53d509fb,2024-12-11T08:57:00,bug
tkt_618fb3f5,acct_2f822db4,2024-12-11T09:04:00,bug
tkt_ebaf865f,acct_7e533921,2024-12-11T13:02:00,bug
tkt_60166329,acct_3d70aa3a,2024-12-11T13:43:00,bug
tkt_05fe6c9a,acct_44810acd,2024-12-12T10:06:00,billing
tkt_b1869bf2,acct_5b5c550c,2024-12-12T10:35:00,bug
tkt_c5bed255,acct_b0234b52,2024-12-12T11:40:00,bug
tkt_449aac94,acct_3162b4fd,2024-12-12T11:59:00,billing
tkt_b3098025,acct_a363778c,2024-12-12T14:54:00,billing
tkt_9e1d60e5,acct_9a8c7a1b,2024-12-13T11:56:00,billing
tkt_2ebb0f26,acct_67a4202b,2024-12-13T12:05:00,how_to
tkt_6a243150,acct_80475f63,2024-12-13T12:41:00,how_to
tkt_a04770a7,acct_8400c319,2024-12-13T14:07:00,billing
tkt_523c3e6d,acct_a9af4e22,2024-12-13T16:58:00,bug
tkt_e96afcba,acct_85b84cb2,2024-12-13T17:33:00,bug
tkt_8b41c3d4,acct_8400c319,2024-12-13T17:54:00,bug
tkt_1e42e64a,acct_26b12708,2024-12-13T17:56:00,bug
tkt_a717bb75,acct_3f061f2c,2024-12-13T18:13:00,billing
tkt_a4f5171e,acct_b7125efd,2024-12-14T10:37:00,how_to
tkt_43b30594,acct_5b97eca0,2024-12-14T14:09:00,bug
tkt_9773d83a,acct_6950a2ae,2024-12-14T14:27:00,how_to
tkt_fe8d6a8d,acct_31c21718,2024-12-14T15:14:00,bug
tkt_08fcca79,acct_ca2a2850,2024-12-14T15:50:00,how_to
tkt_80ccd893,acct_3d316fcc,2024-12-14T18:24:00,bug
tkt_7b92b77c,acct_8d767a19,2024-12-15T15:29:00,how_to
tkt_7c95cab2,acct_b0234b52,2024-12-16T12:27:00,bug
tkt_ab71a016,acct_9739c4f2,2024-12-16T15:37:00,bug
tkt_9a11dd1f,acct_3f061f2c,2024-12-16T16:52:00,bug
tkt_355c5a8b,acct_f9d43c8e,2024-12-17T13:38:00,bug
tkt_f48c0969,acct_67a4202b,2024-12-17T16:07:00,how_to
tkt_6c5533e9,acct_b843276f,2024-12-17T16:13:00,bug
tkt_11582eb7,acct_ae6851c2,2024-12-17T17:19:00,bug
tkt_ecdf6cb7,acct_cf01f4d6,2024-12-17T18:08:00,billing
tkt_02be50d2,acct_911b55b5,2024-12-18T10:07:00,bug
tkt_799bbcb3,acct_d3ce071f,2024-12-18T10:18:00,bug
tkt_f81d1ebb,acct_2e150cd0,2024-12-18T11:30:00,how_to
tkt_7f4fe362,acct_6e08a2ae,2024-12-18T12:45:00,billing
tkt_e30e9a9d,acct_8d3cf134,2024-12-18T13:33:00,billing
tkt_65180378,acct_7fb75e2a,2024-12-18T14:43:00,bug
tkt_455205a2,acct_d3a81e40,2024-12-18T15:54:00,billing
tkt_928dcb7e,acct_3162b4fd,2024-12-18T16:13:00,bug
tkt_189ec0ab,acct_687628e9,2024-12-18T17:22:00,bug
tkt_96b4d0b6,acct_d3ce071f,2024-12-19T08:02:00,how_to
tkt_14f11b72,acct_20f2c1aa,2024-12-19T09:46:00,billing
tkt_b41f5623,acct_53d509fb,2024-12-19T09:47:00,how_to
tkt_192df599,acct_482081a4,2024-12-19T10:32:00,billing
tkt_9e9e72bd,acct_9e1e404c,2024-12-19T10:55:00,bug
tkt_31f83d8a,acct_786de48c,2024-12-19T12:15:00,how_to
tkt_b31b812c,acct_6fc0b54f,2024-12-19T13:00:00,bug
tkt_331734dc,acct_220c59ae,2024-12-19T15:20:00,bug
tkt_88a16a4b,acct_68bae8ee,2024-12-19T18:42:00,billing
tkt_735fc7a0,acct_b8e07cb2,2024-12-20T08:03:00,billing
tkt_7b41f292,acct_280fd939,2024-12-20T08:24:00,how_to
tkt_c1be8c7b,acct_0acaed6b,2024-12-20T08:35:00,how_to
tkt_21cfa2d5,acct_a90c6b5f,2024-12-20T11:19:00,how_to
tkt_e899a4a2,acct_61635eda,2024-12-20T14:16:00,bug
tkt_96fed67c,acct_2e150cd0,2024-12-20T14:37:00,bug
tkt_6b9af386,acct_a363778c,2024-12-20T17:34:00,how_to
tkt_9593ecb5,acct_fc28600b,2024-12-21T08:51:00,bug
tkt_d5243329,acct_e7c5fb1e,2024-12-21T09:00:00,bug
tkt_aeafd7a3,acct_c042c39c,2024-12-21T09:02:00,bug
tkt_6aa798bb,acct_59c2f52c,2024-12-21T09:28:00,billing
tkt_37a27063,acct_0acaed6b,2024-12-21T15:03:00,how_to
tkt_2c5f4661,acct_9e087481,2024-12-21T16:13:00,bug
tkt_4126a2a3,acct_0a1cd629,2024-12-22T08:10:00,how_to
tkt_d4bd5967,acct_599480f4,2024-12-22T10:39:00,bug
tkt_8893ba9a,acct_91702026,2024-12-22T15:20:00,bug
tkt_c4f35fd1,acct_8e30a95e,2024-12-22T17:16:00,bug
tkt_6fd04e00,acct_c188a0f1,2024-12-22T17:28:00,billing
tkt_73a0dc79,acct_9e1e404c,2024-12-23T09:48:00,bug
tkt_291d1419,acct_7f647a6b,2024-12-23T10:09:00,bug
tkt_9b2265a9,acct_4258d161,2024-12-23T11:20:00,bug
tkt_6de8471c,acct_786de48c,2024-12-23T11:27:00,bug
tkt_7f87af79,acct_22e9ed5e,2024-12-23T11:34:00,how_to
tkt_fef06097,acct_60cdac29,2024-12-23T15:28:00,bug
tkt_047e345a,acct_c188a0f1,2024-12-23T15:42:00,bug
tkt_37f48707,acct_297a3638,2024-12-23T16:21:00,bug
tkt_acfeb282,acct_30134a58,2024-12-24T08:15:00,how_to
tkt_b0aa1d67,acct_a90c6b5f,2024-12-24T08:47:00,bug
tkt_59ec8833,acct_c17bedea,2024-12-24T09:05:00,billing
tkt_faa1bcbf,acct_f88fd84f,2024-12-24T09:23:00,billing
tkt_86551594,acct_efdc8ace,2024-12-24T10:32:00,bug
tkt_48718a99,acct_80475f63,2024-12-24T11:58:00,bug
tkt_04ad62e5,acct_0c9e351e,2024-12-24T12:11:00,billing
tkt_db707b18,acct_8fcf9ae4,2024-12-24T15:35:00,billing
tkt_bb9366c3,acct_b3a1ffe6,2024-12-24T16:55:00,how_to
tkt_f95b756e,acct_4f37c791,2024-12-24T17:58:00,how_to
tkt_8e50e367,acct_6e072f79,2024-12-25T10:02:00,bug
tkt_a4cd5ee4,acct_b44137c5,2024-12-25T13:34:00,how_to
tkt_8ffd9720,acct_5b5c550c,2024-12-25T16:08:00,bug
tkt_c88a8c2b,acct_9739c4f2,2024-12-25T17:35:00,bug
tkt_7eadeca1,acct_b3a1ffe6,2024-12-25T18:57:00,billing
tkt_f199dded,acct_64b128dc,2024-12-26T09:43:00,billing
tkt_79b062f7,acct_7baa5d5b,2024-12-26T10:57:00,bug
tkt_4984c27d,acct_62c14d2d,2024-12-26T17:41:00,bug
tkt_49acb8fe,acct_3f061f2c,2024-12-26T18:09:00,bug
tkt_7e040782,acct_3d316fcc,2024-12-27T08:44:00,billing
tkt_64bfa453,acct_53d509fb,2024-12-27T09:32:00,bug
tkt_e510e449,acct_efdc8ace,2024-12-27T10:31:00,billing
tkt_042fdb1b,acct_6e072f79,2024-12-27T10:40:00,how_to
tkt_38bad300,acct_313ffce2,2024-12-27T14:15:00,how_to
tkt_4177a718,acct_90bb4901,2024-12-28T08:30:00,bug
tkt_1ea03703,acct_3f061f2c,2024-12-28T09:11:00,how_to
tkt_e743ac07,acct_e2cfb1cb,2024-12-28T09:25:00,bug
tkt_193602ef,acct_9e087481,2024-12-28T13:23:00,how_to
tkt_899a1cd0,acct_7b9a7d1c,2024-12-28T15:45:00,billing
tkt_7f1bf051,acct_cd466e9f,2024-12-29T08:37:00,how_to
tkt_c7ec386b,acct_37925430,2024-12-29T09:02:00,bug
tkt_50a326a0,acct_cad4cfff,2024-12-29T11:21:00,how_to
tkt_d49e7da7,acct_b0234b52,2024-12-29T13:12:00,bug
tkt_2035bdb3,acct_8838afc2,2024-12-29T13:53:00,bug
tkt_d7d5cf1b,acct_d4c51c84,2024-12-29T15:48:00,bug
tkt_c708f29c,acct_0c9e351e,2024-12-29T17:32:00,bug
tkt_5883cf65,acct_164751d0,2024-12-30T10:42:00,bug
tkt_a4e6ad91,acct_22be95fd,2024-12-30T16:53:00,bug
tkt_474d9e7d,acct_3d35b693,2024-12-31T08:36:00,how_to
tkt_1d606322,acct_15bb11d0,2024-12-31T10:09:00,bug
tkt_763d1027,acct_b60d2151,2024-12-31T12:27:00,bug
tkt_0211afbd,acct_68bae8ee,2024-12-31T14:42:00,bug
tkt_209e77a5,acct_2e150cd0,2024-12-31T14:49:00,bug
tkt_da12b602,acct_8e30a95e,2024-12-31T15:27:00,bug
tkt_9f28f971,acct_1745cee5,2024-12-31T17:25:00,bug
tkt_3e44b312,acct_4eefdfde,2025-01-01T08:09:00,bug
tkt_4c1415ca,acct_d3ce071f,2025-01-01T08:21:00,bug
tkt_70583b1e,acct_8838afc2,2025-01-01T08:41:00,bug
tkt_4062e778,acct_9fa4eca2,2025-01-01T08:55:00,how_to
tkt_c470e4f1,acct_0acaed6b,2025-01-01T09:44:00,how_to
tkt_c9c927e0,acct_90bb4901,2025-01-01T10:06:00,bug
tkt_9eb24459,acct_3d316fcc,2025-01-01T11:21:00,how_to
tkt_8e8bed76,acct_667e98e3,2025-01-01T12:53:00,bug
tkt_797e22fa,acct_9739c4f2,2025-01-01T14:21:00,how_to
tkt_79281ce1,acct_786de48c,2025-01-01T15:33:00,bug
tkt_a5643255,acct_3f3a51e7,2025-01-01T17:08:00,how_to
tkt_ec1c6b49,acct_b0234b52,2025-01-01T17:57:00,bug
tkt_e56cef3a,acct_f57de496,2025-01-02T11:10:00,how_to
tkt_4ddc2c93,acct_22e9ed5e,2025-01-02T11:58:00,bug
tkt_561ab84a,acct_3effb7ad,2025-01-02T14:16:00,bug
tkt_74fcdc03,acct_d3ce071f,2025-01-02T16:29:00,bug
tkt_a49123d7,acct_280fd939,2025-01-02T16:47:00,how_to
tkt_eb9fff67,acct_80475f63,2025-01-02T18:00:00,billing
tkt_65ebb264,acct_bc9f1f3d,2025-01-02T18:10:00,bug
tkt_43afd7f2,acct_7baa5d5b,2025-01-03T09:20:00,bug
tkt_626d9421,acct_0acaed6b,2025-01-03T10:36:00,how_to
tkt_36827957,acct_a0b6c704,2025-01-03T11:13:00,how_to
tkt_f0d8322e,acct_04fe8839,2025-01-03T12:21:00,bug
tkt_23fb3164,acct_32426e02,2025-01-03T12:23:00,bug
tkt_7a4d4b10,acct_5c91f869,2025-01-03T14:11:00,bug
tkt_1d92d76e,acct_cb8cf47e,2025-01-03T16:20:00,bug
tkt_12cb8e54,acct_9e1e404c,2025-01-04T08:42:00,billing
tkt_1d6fd078,acct_6c41eb7d,2025-01-04T08:46:00,bug
tkt_1d3e96a4,acct_8838afc2,2025-01-04T11:33:00,billing
tkt_3a447c20,acct_b0234b52,2025-01-04T12:59:00,billing
tkt_e919846e,acct_7e466c33,2025-01-04T14:00:00,how_to
tkt_c4abc0e3,acct_482081a4,2025-01-04T15:58:00,how_to
tkt_afe9118d,acct_3162b4fd,2025-01-04T17:59:00,bug
tkt_64e9e6e3,acct_2f822db4,2025-01-05T10:00:00,bug
tkt_eb5524de,acct_12668b9d,2025-01-05T12:28:00,how_to
tkt_8d13717d,acct_482081a4,2025-01-05T15:30:00,bug
tkt_0c317f69,acct_22be95fd,2025-01-05T18:33:00,bug
tkt_f652b3d6,acct_c188a0f1,2025-01-06T09:27:00,billing
tkt_61f65aed,acct_b0e9a734,2025-01-06T12:07:00,bug
tkt_799f86f8,acct_543ba0ba,2025-01-06T13:06:00,billing
tkt_69a67de3,acct_3474bbe1,2025-01-06T14:53:00,how_to
tkt_c764b7e9,acct_6fc0b54f,2025-01-06T17:21:00,billing
tkt_2f75a1b6,acct_ead877b9,2025-01-07T09:44:00,how_to
tkt_e93d33cb,acct_856626a1,2025-01-07T13:53:00,bug
tkt_a3e3c8e1,acct_3cc6de4a,2025-01-07T17:19:00,bug
tkt_35bd7adb,acct_ee5dc008,2025-01-08T11:24:00,bug
tkt_c66408c7,acct_11e7ada6,2025-01-08T11:37:00,billing
tkt_46d7306f,acct_36e723e0,2025-01-08T16:43:00,bug
tkt_4a109f9e,acct_8400c319,2025-01-08T16:47:00,bug
tkt_14cff30a,acct_0e5728d5,2025-01-08T18:48:00,bug
tkt_b6638adf,acct_5b97eca0,2025-01-09T09:06:00,bug
tkt_fc37e41f,acct_5b5c550c,2025-01-09T09:29:00,bug
tkt_ffb4946c,acct_0387a4c5,2025-01-09T11:39:00,billing
tkt_2d734820,acct_efdc8ace,2025-01-09T11:48:00,bug
tkt_5c36da9f,acct_e70ccba5,2025-01-09T12:15:00,how_to
tkt_b42295ee,acct_37925430,2025-01-09T14:51:00,how_to
tkt_56e10854,acct_bd5f46a1,2025-01-09T16:48:00,bug
tkt_25f89b57,acct_4f1e6bb4,2025-01-10T08:59:00,billing
tkt_a35cc6c9,acct_44810acd,2025-01-10T10:25:00,how_to
tkt_731fc27a,acct_de0e1471,2025-01-10T12:31:00,how_to
tkt_86c33107,acct_6f26008c,2025-01-10T14:17:00,bug
tkt_ce5fc0c7,acct_e4bc8ae8,2025-01-10T16:28:00,how_to
tkt_56117a25,acct_2f2f1f24,2025-01-10T18:02:00,bug
tkt_97419503,acct_fc28600b,2025-01-10T18:03:00,billing
tkt_be6a25c2,acct_8838afc2,2025-01-11T08:52:00,billing
tkt_251c01bc,acct_8e30a95e,2025-01-11T11:42:00,bug
tkt_c60ab10d,acct_5535013b,2025-01-11T14:55:00,bug
tkt_795357ee,acct_fc28600b,2025-01-11T15:33:00,how_to
tkt_9dab4762,acct_44810acd,2025-01-11T17:17:00,bug
tkt_86fca8f5,acct_6e08a2ae,2025-01-11T18:18:00,how_to
tkt_5968ac82,acct_c188a0f1,2025-01-12T08:19:00,bug
tkt_d1497fdf,acct_59c2f52c,2025-01-12T09:44:00,bug
tkt_8a147d5a,acct_911b55b5,2025-01-12T11:52:00,bug
tkt_c55ebd72,acct_91702026,2025-01-12T14:26:00,billing
tkt_dfc5ab96,acct_75697561,2025-01-12T18:56:00,billing
tkt_53f45084,acct_587a017e,2025-01-13T09:34:00,bug
tkt_8323c9e6,acct_4dfe6473,2025-01-13T09:38:00,how_to
tkt_868a1839,acct_32426e02,2025-01-13T13:22:00,how_to
tkt_f2659ab2,acct_ae3e2a58,2025-01-13T14:10:00,how_to
tkt_83b5f980,acct_b938c1db,2025-01-13T14:58:00,bug
tkt_2a4183fd,acct_acaf2d87,2025-01-13T16:42:00,billing
tkt_a2161f5f,acct_0f054678,2025-01-13T18:34:00,bug
tkt_409d5401,acct_3cc6de4a,2025-01-14T09:07:00,how_to
tkt_3ad73ead,acct_5b97eca0,2025-01-15T08:57:00,bug
tkt_af8577ec,acct_82d15506,2025-01-15T12:34:00,bug
tkt_0671057e,acct_5535013b,2025-01-15T16:00:00,how_to
tkt_e2ca9eab,acct_0acaed6b,2025-01-15T16:59:00,billing
tkt_6903dbc2,acct_911b55b5,2025-01-15T17:16:00,bug
tkt_948ba5a7,acct_75aa5a12,2025-01-16T08:17:00,bug
tkt_d9b54abb,acct_ae6851c2,2025-01-16T09:15:00,bug
tkt_8f61f4d7,acct_1b065969,2025-01-16T09:49:00,how_to
tkt_82cdbf21,acct_75aa5a12,2025-01-16T10:31:00,how_to
tkt_2cf38fcf,acct_37925430,2025-01-16T10:35:00,how_to
tkt_09e00e2f,acct_164751d0,2025-01-16T12:20:00,how_to
tkt_1f4539b1,acct_adf8f50e,2025-01-16T13:54:00,how_to
tkt_a39ddd35,acct_0ed25ea9,2025-01-16T14:48:00,bug
tkt_6b1acee0,acct_3f061f2c,2025-01-16T15:44:00,billing
tkt_63fb5d32,acct_75aa5a12,2025-01-16T15:44:00,bug
tkt_89718569,acct_b7125efd,2025-01-16T16:29:00,billing
tkt_cf226314,acct_2f2f1f24,2025-01-16T17:42:00,bug
tkt_4a8d7c85,acct_2fdea3d9,2025-01-17T08:00:00,how_to
tkt_67b3371a,acct_4258d161,2025-01-17T12:52:00,bug
tkt_a049356e,acct_14b4a582,2025-01-17T14:11:00,bug
tkt_25c077d1,acct_599480f4,2025-01-17T15:40:00,billing
tkt_7a989e7d,acct_ca6bf1e7,2025-01-17T17:17:00,bug
tkt_79892c75,acct_adf8f50e,2025-01-17T18:24:00,how_to
tkt_115144d1,acct_7fb75e2a,2025-01-17T18:49:00,bug
tkt_21e91f52,acct_d3ce071f,2025-01-18T12:56:00,how_to
tkt_d4732c00,acct_7934dd8f,2025-01-18T13:12:00,billing
tkt_20b524f8,acct_22e9ed5e,2025-01-18T14:19:00,bug
tkt_77345e71,acct_1b065969,2025-01-19T08:50:00,bug
tkt_8533782a,acct_1a9a6ea5,2025-01-19T09:03:00,billing
tkt_cbd4dbc4,acct_4dfe6473,2025-01-19T10:49:00,billing
tkt_2137fe1c,acct_c188a0f1,2025-01-19T11:03:00,bug
tkt_6c662693,acct_8838afc2,2025-01-19T11:38:00,bug
tkt_fff86828,acct_062b8c4c,2025-01-19T11:39:00,billing
tkt_5a5d823b,acct_62c14d2d,2025-01-19T15:00:00,billing
tkt_0ebc8df3,acct_f6a6a39b,2025-01-19T15:20:00,bug
tkt_8a891686,acct_0e5728d5,2025-01-19T17:59:00,how_to
tkt_41f04507,acct_2c041bfc,2025-01-20T08:23:00,how_to
tkt_8cc2a899,acct_2c041bfc,2025-01-20T10:01:00,how_to
tkt_ae722f06,acct_9a8c7a1b,2025-01-20T11:45:00,how_to
tkt_dfd69562,acct_2fdea3d9,2025-01-20T12:54:00,how_to
tkt_61050944,acct_512c42b6,2025-01-20T14:08:00,bug
tkt_49e68589,acct_44810acd,2025-01-20T14:27:00,bug
tkt_217def8f,acct_482081a4,2025-01-20T16:49:00,how_to
tkt_eefab702,acct_44810acd,2025-01-20T17:02:00,billing
tkt_aab99c0a,acct_fc28600b,2025-01-21T14:40:00,billing
tkt_7a6a89f6,acct_28b4e40d,2025-01-21T15:25:00,bug
tkt_21c341d5,acct_eae19cc2,2025-01-21T18:19:00,bug
tkt_50706928,acct_adf8f50e,2025-01-22T08:43:00,bug
tkt_8e2e44a3,acct_2c041bfc,2025-01-22T10:09:00,how_to
tkt_68c463cb,acct_de0e1471,2025-01-22T12:20:00,how_to
tkt_b27bbf64,acct_8838afc2,2025-01-22T14:27:00,bug
tkt_f2183214,acct_9fa4eca2,2025-01-22T14:58:00,billing
tkt_e2340f8e,acct_b417d116,2025-01-22T16:17:00,how_to
tkt_04e59c1f,acct_efdc8ace,2025-01-23T09:45:00,bug
tkt_12b82aa9,acct_3dca9762,2025-01-23T12:30:00,how_to
tkt_736eac3d,acct_3cc6de4a,2025-01-23T13:07:00,how_to
tkt_aa4bcc89,acct_7e466c33,2025-01-23T17:15:00,bug
tkt_d9bd30d6,acct_26b12708,2025-01-24T10:22:00,bug
tkt_b76adcea,acct_280fd939,2025-01-24T11:36:00,bug
tkt_76346ddf,acct_aa6d4b27,2025-01-24T11:57:00,billing
tkt_e253a5e3,acct_fdb5c37a,2025-01-24T12:02:00,how_to
tkt_889a53ab,acct_856626a1,2025-01-24T12:59:00,billing
tkt_3a508513,acct_924144d2,2025-01-24T14:49:00,bug
tkt_2d95ab3f,acct_9e1e404c,2025-01-24T17:11:00,bug
tkt_1420d77a,acct_ae6851c2,2025-01-25T09:34:00,billing
tkt_2f2854d8,acct_fc28600b,2025-01-25T11:53:00,bug
tkt_9a1a622c,acct_22e9ed5e,2025-01-25T12:51:00,bug
tkt_c4410f11,acct_9fa4eca2,2025-01-25T16:09:00,how_to
tkt_44d203c5,acct_7b9a7d1c,2025-01-25T16:22:00,billing
tkt_f01d1945,acct_9fa4eca2,2025-01-25T18:36:00,bug
tkt_11e14969,acct_8838afc2,2025-01-26T09:25:00,bug
tkt_6d7e2028,acct_7b9a7d1c,2025-01-26T13:19:00,billing
tkt_054f25d6,acct_a0b6c704,2025-01-26T17:42:00,bug
tkt_4b97bf79,acct_31c21718,2025-01-26T18:06:00,bug
tkt_baa77e51,acct_5c91f869,2025-01-26T18:28:00,billing
tkt_c4b66d7e,acct_f57de496,2025-01-27T09:20:00,how_to
tkt_e7b0b77e,acct_2e150cd0,2025-01-27T10:03:00,billing
tkt_25485744,acct_b843276f,2025-01-27T10:26:00,bug
tkt_4c8067c6,acct_3474bbe1,2025-01-27T11:01:00,bug
tkt_9b930df7,acct_a3dac097,2025-01-27T11:11:00,bug
tkt_4d5afd0e,acct_b15365b9,2025-01-27T12:00:00,billing
tkt_9c822f25,acct_a3dac097,2025-01-27T12:26:00,how_to
tkt_7f419bc8,acct_1a7400de,2025-01-27T13:46:00,how_to
tkt_9b7a5fbc,acct_6f26008c,2025-01-27T14:54:00,bug
tkt_0102c5e6,acct_04fa262c,2025-01-28T08:38:00,how_to
tkt_6fe8995e,acct_c17bedea,2025-01-28T11:37:00,bug
tkt_a74b2b20,acct_154f523b,2025-01-28T12:01:00,billing
tkt_0a20a460,acct_2c041bfc,2025-01-28T12:04:00,how_to
tkt_fef81ab3,acct_e2e07805,2025-01-28T12:32:00,how_to
tkt_a60cff11,acct_da60a271,2025-01-28T13:04:00,bug
tkt_02746c65,acct_599480f4,2025-01-28T17:08:00,bug
tkt_80dc1a8e,acct_feaa9037,2025-01-28T18:25:00,bug
tkt_8bf475fc,acct_3d35b693,2025-01-29T09:06:00,bug
tkt_78786f2b,acct_3474bbe1,2025-01-29T10:56:00,billing
tkt_8fb72ead,acct_64b128dc,2025-01-29T12:00:00,bug
tkt_61bd305f,acct_10d3b063,2025-01-29T12:31:00,how_to
tkt_64326ba7,acct_90bb4901,2025-01-29T14:48:00,billing
tkt_b4d345d8,acct_04fe8839,2025-01-29T15:49:00,bug
tkt_1b559003,acct_68fb9abf,2025-01-29T16:45:00,bug
tkt_05ca5f13,acct_1b77dade,2025-01-29T17:48:00,bug
tkt_54173727,acct_062b8c4c,2025-01-30T08:24:00,how_to
tkt_2b0f44f1,acct_1a7400de,2025-01-30T08:33:00,how_to
tkt_2735d672,acct_3d316fcc,2025-01-30T08:41:00,bug
tkt_192b788e,acct_2e1fef9c,2025-01-30T09:47:00,bug
tkt_ddf32e35,acct_641bb5b9,2025-01-30T10:22:00,bug
tkt_ac4943e7,acct_fc28600b,2025-01-30T10:59:00,billing
tkt_b7ea996d,acct_745a6271,2025-01-30T11:58:00,billing
tkt_2fec1678,acct_c042c39c,2025-01-30T13:00:00,billing
tkt_a389b972,acct_b0e9a734,2025-01-30T16:58:00,how_to
tkt_e57c4cd8,acct_efdc8ace,2025-01-31T09:13:00,bug
tkt_ab52318e,acct_61efe938,2025-01-31T09:38:00,how_to
tkt_e2e4f8e2,acct_7fb75e2a,2025-01-31T09:56:00,bug
tkt_0c635baa,acct_d0e4dddb,2025-01-31T11:09:00,bug
tkt_9e6c4275,acct_d3ce071f,2025-01-31T12:38:00,bug
tkt_964ec574,acct_aa127580,2025-01-31T15:48:00,billing
tkt_b4393ce1,acct_1b35cacd,2025-01-31T17:23:00,bug
tkt_cf12a11b,acct_570c730f,2025-01-31T18:41:00,billing
tkt_8804913c,acct_0f133e35,2025-02-01T10:01:00,how_to
tkt_1ac19e3c,acct_2e150cd0,2025-02-01T10:02:00,bug
tkt_b6677524,acct_3d35b693,2025-02-01T10:42:00,how_to
tkt_ab71385e,acct_3474bbe1,2025-02-01T15:10:00,how_to
tkt_f1af4f11,acct_3162b4fd,2025-02-01T16:15:00,bug
tkt_d0405f49,acct_15b43b81,2025-02-01T17:03:00,bug
tkt_b0bb8eb6,acct_9e1e404c,2025-02-02T12:46:00,bug
tkt_dda75d00,acct_e36abb98,2025-02-02T14:54:00,bug
tkt_603fd695,acct_1745cee5,2025-02-03T08:01:00,how_to
tkt_c0ddf3b6,acct_8838afc2,2025-02-03T08:08:00,bug
tkt_0d36760f,acct_9e1e404c,2025-02-03T13:05:00,billing
tkt_e60d9103,acct_efdc8ace,2025-02-04T13:09:00,bug
tkt_9355c680,acct_b5edefc3,2025-02-04T13:51:00,bug
tkt_ea734cb4,acct_e70ccba5,2025-02-04T14:34:00,bug
tkt_c40f75f3,acct_2a12fdb9,2025-02-04T15:20:00,billing
tkt_1172ad35,acct_7f647a6b,2025-02-04T17:36:00,billing
tkt_e2b7fc1d,acct_28737266,2025-02-05T08:40:00,how_to
tkt_303663c6,acct_062b8c4c,2025-02-05T11:06:00,how_to
tkt_bf74e385,acct_607a4f39,2025-02-05T11:07:00,bug
tkt_7e2cc776,acct_9995a13e,2025-02-05T12:38:00,billing
tkt_4ccbd7ff,acct_6c9c19d7,2025-02-05T15:42:00,bug
tkt_8a45079d,acct_c1d0faa4,2025-02-05T18:01:00,bug
tkt_3875cc39,acct_2de4c93b,2025-02-05T18:34:00,bug
tkt_2a86fb71,acct_3d70aa3a,2025-02-05T18:40:00,bug
tkt_71d88dd4,acct_1ed669c5,2025-02-06T08:20:00,bug
tkt_ec7ef38c,acct_154f523b,2025-02-06T08:21:00,how_to
tkt_28b5a03e,acct_28b4e40d,2025-02-06T10:44:00,bug
tkt_d3e5bc26,acct_482081a4,2025-02-06T14:24:00,bug
tkt_aba6a407,acct_745a6271,2025-02-06T16:15:00,billing
tkt_19f2af8c,acct_5876b0b4,2025-02-07T09:39:00,bug
tkt_33597ce0,acct_64b128dc,2025-02-07T10:01:00,bug
tkt_c1f9eaa5,acct_53cc89fe,2025-02-07T12:02:00,bug
tkt_22515822,acct_3162b4fd,2025-02-07T14:46:00,bug
tkt_33d70774,acct_9e087481,2025-02-07T18:49:00,billing
tkt_7b2d55e0,acct_da60a271,2025-02-08T12:14:00,bug
tkt_a4c0514a,acct_856626a1,2025-02-08T15:44:00,billing
tkt_38942b68,acct_2de4c93b,2025-02-08T17:15:00,bug
tkt_c6a2c48d,acct_4258d161,2025-02-09T08:40:00,how_to
tkt_84cfbe6d,acct_0a050950,2025-02-09T09:25:00,how_to
tkt_c3794662,acct_588c836b,2025-02-09T09:44:00,how_to
tkt_b3348748,acct_3162b4fd,2025-02-09T10:23:00,billing
tkt_daf99d97,acct_61efe938,2025-02-09T11:31:00,billing
tkt_a36f4674,acct_d3a81e40,2025-02-09T11:45:00,billing
tkt_17ad32dc,acct_1c87aed0,2025-02-09T14:32:00,how_to
tkt_2a1b737e,acct_57230b3f,2025-02-09T18:29:00,billing
tkt_1f4e20b8,acct_313ffce2,2025-02-10T08:31:00,how_to
tkt_164f6de9,acct_2fdea3d9,2025-02-10T09:43:00,how_to
tkt_8575f45b,acct_82d15506,2025-02-10T13:41:00,billing
tkt_d837ace1,acct_9995a13e,2025-02-10T14:39:00,how_to
tkt_21b1a58d,acct_4258d161,2025-02-11T09:07:00,bug
tkt_a830c1a9,acct_c042c39c,2025-02-11T11:43:00,bug
tkt_0d5beedd,acct_b5edefc3,2025-02-11T13:22:00,bug
tkt_91269617,acct_d0e4dddb,2025-02-11T16:59:00,bug
tkt_ea733640,acct_0a1cd629,2025-02-11T18:08:00,billing
tkt_bab6d844,acct_9e087481,2025-02-12T11:02:00,billing
tkt_d5eb09e5,acct_8838afc2,2025-02-12T12:07:00,bug
tkt_bd3b9a06,acct_a7e4015f,2025-02-12T13:11:00,bug
tkt_c56b2b88,acct_9995a13e,2025-02-12T14:18:00,how_to
tkt_80a68662,acct_be891f7b,2025-02-12T14:32:00,how_to
tkt_fe0f3c2b,acct_8dd17beb,2025-02-12T16:15:00,billing
tkt_0e94731f,acct_1a7400de,2025-02-12T16:22:00,how_to
tkt_7028b814,acct_5a67f359,2025-02-12T17:37:00,billing
tkt_e8fe54e0,acct_8863b4c3,2025-02-13T11:11:00,billing
tkt_187b1d44,acct_b9f0b984,2025-02-13T12:51:00,bug
tkt_45bead69,acct_25d385d4,2025-02-13T12:52:00,bug
tkt_ce59278d,acct_1c87aed0,2025-02-13T13:16:00,bug
tkt_d7598128,acct_b417d116,2025-02-13T14:31:00,billing
tkt_3d9032d1,acct_8e30a95e,2025-02-13T17:22:00,bug
tkt_d25c3a82,acct_14a7eabe,2025-02-13T17:23:00,bug
tkt_026d682a,acct_cecff3a6,2025-02-14T17:41:00,bug
tkt_4c861126,acct_5b97eca0,2025-02-14T18:08:00,bug
tkt_ec8ae03f,acct_856626a1,2025-02-14T18:44:00,how_to
tkt_4fde4fc1,acct_c188a0f1,2025-02-15T09:25:00,bug
tkt_26559dc6,acct_0a1cd629,2025-02-15T11:11:00,bug
tkt_d0397988,acct_9995a13e,2025-02-15T11:26:00,bug
tkt_2e46da87,acct_482081a4,2025-02-15T12:38:00,how_to
tkt_31c4b38e,acct_c042c39c,2025-02-15T14:09:00,billing
tkt_e1d9cfa6,acct_57230b3f,2025-02-15T14:21:00,how_to
tkt_774bdf85,acct_5c91f869,2025-02-15T15:09:00,bug
tkt_ff022893,acct_22e9ed5e,2025-02-15T17:29:00,bug
tkt_dceb4875,acct_6c9c19d7,2025-02-15T18:46:00,bug
tkt_25c5613b,acct_3effb7ad,2025-02-16T14:10:00,bug
tkt_5b12a46c,acct_03c763d7,2025-02-16T14:28:00,billing
tkt_ee190327,acct_92a97cda,2025-02-16T16:58:00,billing
tkt_c29872ed,acct_587a017e,2025-02-16T17:04:00,billing
tkt_8607668c,acct_641bb5b9,2025-02-17T08:39:00,bug
tkt_8ebb3676,acct_22bbc84a,2025-02-17T10:45:00,bug
tkt_5132e6b7,acct_9e1e404c,2025-02-17T13:34:00,bug
tkt_cde2b665,acct_6e072f79,2025-02-17T13:48:00,how_to
tkt_742ac8d7,acct_20115fdb,2025-02-17T14:39:00,how_to
tkt_547e6486,acct_0a050950,2025-02-17T15:41:00,bug
tkt_b8f4f19b,acct_f451bcdc,2025-02-17T16:19:00,billing
tkt_0d09a97f,acct_76794231,2025-02-17T16:47:00,bug
tkt_f6230e10,acct_18e6fcfc,2025-02-17T17:40:00,how_to
tkt_eb729112,acct_9995a13e,2025-02-18T09:19:00,how_to
tkt_7349bd2a,acct_e2e07805,2025-02-18T09:34:00,bug
tkt_c19ef107,acct_feaa9037,2025-02-18T09:59:00,how_to
tkt_33afb9a0,acct_017ccc49,2025-02-18T10:20:00,bug
tkt_11ce45a2,acct_1b35cacd,2025-02-18T12:26:00,how_to
tkt_f8e4fa73,acct_64b128dc,2025-02-18T17:27:00,billing
tkt_863acdce,acct_fdb5c37a,2025-02-18T18:40:00,how_to
tkt_7ff4d5bc,acct_37925430,2025-02-19T09:30:00,how_to
tkt_6fce3d9b,acct_856626a1,2025-02-19T13:03:00,how_to
tkt_c63aa6a9,acct_b0e9a734,2025-02-19T13:47:00,how_to
tkt_94501353,acct_1c4d6637,2025-02-19T14:18:00,how_to
tkt_8a81b604,acct_93e5bf55,2025-02-19T14:25:00,bug
tkt_dd28b572,acct_1a9a6ea5,2025-02-19T15:43:00,how_to
tkt_15f3e638,acct_9a7f7118,2025-02-19T17:04:00,bug
tkt_cc30d00f,acct_22bbc84a,2025-02-20T09:49:00,billing
tkt_ee9defbc,acct_bd7aa4f5,2025-02-20T11:49:00,bug
tkt_eed85d19,acct_2a12fdb9,2025-02-20T14:30:00,bug
tkt_06006967,acct_856626a1,2025-02-20T14:54:00,bug
tkt_e26f9564,acct_5c91f869,2025-02-20T15:12:00,bug
tkt_37a80ee3,acct_2a82360f,2025-02-20T17:15:00,how_to
tkt_b2ae48c3,acct_28b4e40d,2025-02-20T17:36:00,billing
tkt_9991384b,acct_7f647a6b,2025-02-21T08:58:00,bug
tkt_63cc81de,acct_1144680e,2025-02-21T15:50:00,bug
tkt_118cc82d,acct_a3dac097,2025-02-21T18:00:00,bug
tkt_5cee47d7,acct_22e9ed5e,2025-02-22T08:41:00,bug
tkt_9a5b93e9,acct_53cc89fe,2025-02-22T09:14:00,bug
tkt_2d605929,acct_3162b4fd,2025-02-22T09:20:00,bug
tkt_93801d75,acct_02033535,2025-02-22T13:21:00,how_to
tkt_91cac07d,acct_12668b9d,2025-02-22T15:33:00,bug
tkt_e48650ad,acct_37925430,2025-02-22T15:39:00,bug
tkt_0984714b,acct_1d33eaed,2025-02-22T16:18:00,how_to
tkt_15728d0c,acct_687628e9,2025-02-22T17:27:00,how_to
tkt_b9a050a8,acct_e4bc8ae8,2025-02-23T09:22:00,billing
tkt_7e5e3c56,acct_856626a1,2025-02-23T10:06:00,bug
tkt_6de17061,acct_4258d161,2025-02-23T10:39:00,bug
tkt_2ae31644,acct_5876b0b4,2025-02-23T11:15:00,bug
tkt_e58a54c3,acct_03c763d7,2025-02-23T11:57:00,bug
tkt_7b0aec67,acct_a1177311,2025-02-23T12:30:00,how_to
tkt_36004a4c,acct_2351efd6,2025-02-24T12:06:00,bug
tkt_e6f16b6b,acct_30493096,2025-02-24T13:35:00,how_to
tkt_bbdee7dd,acct_85b84cb2,2025-02-24T13:37:00,how_to
tkt_2d07ac47,acct_aa6d4b27,2025-02-24T15:46:00,bug
tkt_4cfcc0cb,acct_3f3a51e7,2025-02-24T17:22:00,bug
tkt_4d85edbb,acct_7f647a6b,2025-02-25T11:01:00,how_to
tkt_1e53910c,acct_8838afc2,2025-02-25T11:09:00,bug
tkt_7c1e8478,acct_89feab94,2025-02-25T13:32:00,bug
tkt_44fb73cf,acct_2e1fef9c,2025-02-25T13:48:00,bug
tkt_1569ccb8,acct_0387a4c5,2025-02-25T18:16:00,bug
tkt_8c8f2ca1,acct_0f133e35,2025-02-26T10:24:00,bug
tkt_e25caf48,acct_786de48c,2025-02-26T11:07:00,how_to
tkt_8fb17c56,acct_5b97eca0,2025-02-26T12:57:00,billing
tkt_d6263b32,acct_6749595a,2025-02-26T15:57:00,billing
tkt_fd71edc3,acct_313ffce2,2025-02-26T17:26:00,bug
tkt_a29796fe,acct_062b8c4c,2025-02-27T09:07:00,bug
tkt_2d3e35fd,acct_5876b0b4,2025-02-27T14:03:00,billing
tkt_a4fe5c71,acct_0b8ff294,2025-02-27T16:49:00,how_to
tkt_ee171d28,acct_85b84cb2,2025-02-27T17:38:00,bug
tkt_854135de,acct_3162b4fd,2025-02-27T17:47:00,billing
tkt_d9cfbf48,acct_c692aeaa,2025-02-28T08:15:00,billing
tkt_5b4aeb6f,acct_22e9ed5e,2025-02-28T08:48:00,bug
tkt_958bb975,acct_feaa9037,2025-02-28T11:50:00,billing
tkt_0930a6e8,acct_2351efd6,2025-02-28T13:41:00,bug
tkt_57c111c9,acct_cfc37534,2025-02-28T14:19:00,billing
tkt_2aebf3e3,acct_1b35cacd,2025-03-01T08:33:00,how_to
tkt_a8791d19,acct_28b4e40d,2025-03-01T09:37:00,bug
tkt_a4651955,acct_607a4f39,2025-03-01T14:38:00,how_to
tkt_f9a7eedb,acct_588c836b,2025-03-01T17:47:00,how_to
tkt_1262b9e7,acct_588c836b,2025-03-01T18:15:00,bug
tkt_65dd42c1,acct_0acaed6b,2025-03-02T08:11:00,how_to
tkt_e3b5fd60,acct_30134a58,2025-03-02T11:55:00,bug
tkt_4622a3ff,acct_9e087481,2025-03-02T13:24:00,bug
tkt_8dcafcb9,acct_3162b4fd,2025-03-02T13:32:00,billing
tkt_49a5c415,acct_61efe938,2025-03-02T14:11:00,bug
tkt_0fd63e1f,acct_4dfe6473,2025-03-02T17:11:00,bug
tkt_b8a5564d,acct_57230b3f,2025-03-02T17:42:00,bug
tkt_ab0a1453,acct_15b43b81,2025-03-02T18:57:00,bug
tkt_90e14dfc,acct_e2e07805,2025-03-03T08:25:00,bug
tkt_75d6672f,acct_e2e07805,2025-03-03T08:25:00,bug
tkt_4863471a,acct_c692aeaa,2025-03-03T09:34:00,billing
tkt_72599c73,acct_1144680e,2025-03-03T13:53:00,billing
tkt_e7ba61ed,acct_d4c51c84,2025-03-03T14:31:00,how_to
tkt_eb5e17bc,acct_30493096,2025-03-03T16:27:00,bug
tkt_7f498a48,acct_c042c39c,2025-03-03T17:51:00,billing
tkt_da93ca43,acct_4dfe6473,2025-03-04T09:11:00,how_to
tkt_3e75f816,acct_fcb65758,2025-03-04T10:30:00,billing
tkt_33ffc9d7,acct_c042c39c,2025-03-04T11:02:00,how_to
tkt_40d9a30e,acct_062b8c4c,2025-03-04T11:07:00,bug
tkt_3bf73376,acct_14a7eabe,2025-03-04T14:17:00,how_to
tkt_c1466580,acct_c042c39c,2025-03-04T14:44:00,billing
tkt_be05d39b,acct_02033535,2025-03-04T15:03:00,billing
tkt_ad0c6c55,acct_28737266,2025-03-04T15:48:00,how_to
tkt_c4553fcd,acct_aa6d4b27,2025-03-04T16:59:00,bug
tkt_920e1185,acct_3474bbe1,2025-03-05T08:57:00,how_to
tkt_28b4410b,acct_5876b0b4,2025-03-05T10:39:00,how_to
tkt_af0166b9,acct_7fb75e2a,2025-03-05T10:55:00,bug
tkt_ad5094e6,acct_6f26008c,2025-03-05T14:10:00,bug
tkt_8d35f54d,acct_da60a271,2025-03-05T17:40:00,bug
tkt_c623089a,acct_7fb75e2a,2025-03-05T18:10:00,billing
tkt_57dd3a9e,acct_9fa4eca2,2025-03-06T12:45:00,billing
tkt_60f62bac,acct_6aaa5c97,2025-03-06T14:10:00,bug
tkt_22e4001f,acct_14a7eabe,2025-03-06T14:31:00,billing
tkt_e22fe5d2,acct_5535013b,2025-03-06T15:46:00,how_to
tkt_893cfc7d,acct_1b35cacd,2025-03-07T09:23:00,billing
tkt_ea0e4bc7,acct_ec1001cf,2025-03-07T09:53:00,bug
tkt_5f7da6a1,acct_f451bcdc,2025-03-07T11:36:00,bug
tkt_0a9d3e01,acct_7fb75e2a,2025-03-07T15:13:00,billing
tkt_a4a307b3,acct_1d33eaed,2025-03-07T15:24:00,bug
tkt_ac39c6f0,acct_61efe938,2025-03-07T18:54:00,bug
tkt_d61887e3,acct_1fdc9e9a,2025-03-08T08:21:00,billing
tkt_1ce2663c,acct_3dca9762,2025-03-08T09:02:00,how_to
tkt_c0372fbe,acct_1b77dade,2025-03-08T15:47:00,bug
tkt_256dc760,acct_b0e9a734,2025-03-09T11:35:00,bug
tkt_c334b476,acct_911b55b5,2025-03-09T14:55:00,bug
tkt_770c7fea,acct_aa6d4b27,2025-03-10T11:59:00,billing
tkt_d92e3bce,acct_bd08958c,2025-03-10T13:33:00,how_to
tkt_ae8726ba,acct_60cdac29,2025-03-10T14:54:00,how_to
tkt_9e6fd12a,acct_f2d9add8,2025-03-11T09:20:00,billing
tkt_9eaa30f8,acct_20115fdb,2025-03-11T16:11:00,bug
tkt_cdfd5160,acct_28737266,2025-03-11T16:37:00,how_to
tkt_c1cedfa2,acct_017ccc49,2025-03-11T17:47:00,how_to
tkt_a38c0511,acct_8838afc2,2025-03-11T18:24:00,billing
tkt_2ca9e35d,acct_5535013b,2025-03-12T08:02:00,billing
tkt_3bc773b6,acct_f451bcdc,2025-03-12T13:58:00,bug
tkt_7a2a6226,acct_60e1079e,2025-03-12T15:48:00,how_to
tkt_6106e5b2,acct_3f3a51e7,2025-03-12T16:57:00,bug
tkt_636679df,acct_3d316fcc,2025-03-12T18:49:00,bug
tkt_a2102e75,acct_eeccbeef,2025-03-12T18:57:00,bug
tkt_93e5d179,acct_5535013b,2025-03-13T08:54:00,billing
tkt_4bdcf6bf,acct_bc5f08a5,2025-03-13T08:56:00,billing
tkt_fd4b6998,acct_ebad13c1,2025-03-13T10:44:00,bug
tkt_c53d0eee,acct_b153cf26,2025-03-13T11:25:00,bug
tkt_1875cd07,acct_4ff1e51b,2025-03-13T12:39:00,how_to
tkt_3ab6e575,acct_5535013b,2025-03-13T17:23:00,billing
tkt_3382a43f,acct_1b35cacd,2025-03-13T18:08:00,how_to
tkt_e28a4a44,acct_fcb65758,2025-03-14T12:49:00,bug
tkt_d4c7eae1,acct_607a4f39,2025-03-14T13:14:00,how_to
tkt_0aead8b8,acct_313ffce2,2025-03-14T13:59:00,billing
tkt_66fe510e,acct_d0e4dddb,2025-03-14T16:17:00,bug
tkt_b78b3229,acct_12668b9d,2025-03-14T17:53:00,how_to
tkt_a3a4f086,acct_bd08958c,2025-03-15T10:54:00,how_to
tkt_fc3b1236,acct_8838afc2,2025-03-15T11:19:00,bug
tkt_db2058b1,acct_04fa262c,2025-03-15T13:30:00,billing
tkt_ef4b58e8,acct_570c730f,2025-03-15T17:57:00,how_to
tkt_935a97dc,acct_017ccc49,2025-03-15T18:15:00,how_to
tkt_85afeb57,acct_60cdac29,2025-03-16T10:00:00,how_to
tkt_606cfad3,acct_ec1001cf,2025-03-16T11:31:00,billing
tkt_31d66703,acct_60e1079e,2025-03-16T15:06:00,how_to
tkt_689ea1c0,acct_14a7eabe,2025-03-16T16:33:00,billing
tkt_e0bb812e,acct_9a8c7a1b,2025-03-16T18:13:00,bug
tkt_7532235b,acct_bd7fb8fe,2025-03-17T10:26:00,how_to
tkt_7f41226f,acct_b938c1db,2025-03-17T11:34:00,bug
tkt_71f7024b,acct_57230b3f,2025-03-17T14:34:00,bug
tkt_042562c2,acct_f57de496,2025-03-17T14:48:00,how_to
tkt_2ede6fca,acct_bc5f08a5,2025-03-17T15:25:00,how_to
tkt_3693237b,acct_2fdea3d9,2025-03-18T08:28:00,bug
tkt_fdec1711,acct_6f26008c,2025-03-18T09:24:00,billing
tkt_e5a9725f,acct_fcb65758,2025-03-18T14:20:00,billing
tkt_8b0c25cc,acct_6749595a,2025-03-18T14:43:00,how_to
tkt_e6cb7d83,acct_00ba1c72,2025-03-18T14:54:00,how_to
tkt_28a6b53e,acct_4dfe6473,2025-03-18T14:58:00,bug
tkt_2d1adfc9,acct_9adf878f,2025-03-18T16:00:00,bug
tkt_0c36b9ef,acct_bd5f46a1,2025-03-19T08:41:00,bug
tkt_d92b2273,acct_6749595a,2025-03-19T10:32:00,how_to
tkt_550a0d1d,acct_61efe938,2025-03-19T16:19:00,bug
tkt_adf2ac51,acct_caffcecb,2025-03-19T17:33:00,how_to
tkt_83075cb1,acct_53d509fb,2025-03-19T18:17:00,billing
tkt_79676de8,acct_b843276f,2025-03-20T14:01:00,how_to
tkt_c19a6f6c,acct_9e087481,2025-03-20T15:02:00,how_to
tkt_8f621570,acct_f1f2f296,2025-03-20T16:10:00,bug
tkt_18cd0a97,acct_a1177311,2025-03-20T18:00:00,how_to
tkt_86496ecc,acct_b938c1db,2025-03-21T08:03:00,bug
tkt_5ce1fcee,acct_911b55b5,2025-03-21T10:00:00,billing
tkt_23a10769,acct_28b4e40d,2025-03-21T12:31:00,billing
tkt_3657e967,acct_062b8c4c,2025-03-21T12:48:00,bug
tkt_02adf23f,acct_03c763d7,2025-03-21T17:47:00,how_to
tkt_ef14f7f8,acct_fbc13c47,2025-03-22T08:43:00,how_to
tkt_3d568926,acct_7f647a6b,2025-03-22T13:05:00,bug
tkt_20f8f378,acct_5876b0b4,2025-03-22T16:40:00,billing
tkt_c43b3501,acct_fcb65758,2025-03-22T17:00:00,bug
tkt_4e336c91,acct_1c87aed0,2025-03-22T18:14:00,bug
tkt_6d46359d,acct_ab06eaea,2025-03-23T10:49:00,bug
tkt_503b829c,acct_3474bbe1,2025-03-23T13:16:00,bug
tkt_3feb0517,acct_2e150cd0,2025-03-23T13:37:00,bug
tkt_bda73295,acct_12668b9d,2025-03-23T15:32:00,bug
tkt_0b9eac00,acct_901b4f9a,2025-03-23T17:31:00,bug
tkt_99b844e7,acct_ec1001cf,2025-03-23T17:31:00,how_to
tkt_5d84fc97,acct_7fb75e2a,2025-03-23T18:34:00,bug
tkt_d177bb73,acct_ade8f7bf,2025-03-24T08:44:00,how_to
tkt_76eda4ad,acct_7fb75e2a,2025-03-24T10:23:00,bug
tkt_bf8d9401,acct_1b35cacd,2025-03-24T11:19:00,bug
tkt_a964e9c2,acct_687628e9,2025-03-24T15:45:00,how_to
tkt_2ddd685b,acct_efdc8ace,2025-03-24T17:31:00,bug
tkt_0222d98b,acct_6749595a,2025-03-25T08:50:00,how_to
tkt_373772ec,acct_8dd17beb,2025-03-25T09:11:00,how_to
tkt_0e61d629,acct_32426e02,2025-03-25T09:53:00,bug
tkt_d34430d0,acct_123cbc30,2025-03-25T10:08:00,billing
tkt_5d7652c6,acct_ced179da,2025-03-25T12:43:00,bug
tkt_0e784624,acct_b7125efd,2025-03-25T13:38:00,bug
tkt_bccbcd30,acct_1b35cacd,2025-03-25T18:18:00,bug
tkt_86a769cf,acct_c692aeaa,2025-03-26T08:54:00,bug
tkt_374122c7,acct_30493096,2025-03-26T09:01:00,how_to
tkt_aca28113,acct_6f26008c,2025-03-26T16:58:00,billing
tkt_d51f598f,acct_04fa262c,2025-03-26T18:25:00,billing
tkt_6a43da02,acct_2e1fef9c,2025-03-27T12:19:00,how_to
tkt_c3c0a9b3,acct_6c9c19d7,2025-03-27T15:35:00,billing
tkt_a2641a23,acct_21cf21ee,2025-03-27T16:37:00,bug
tkt_39bd7954,acct_1b35cacd,2025-03-28T08:12:00,how_to
tkt_dcea2337,acct_0f133e35,2025-03-28T10:16:00,billing
tkt_3892c02d,acct_c1d0faa4,2025-03-28T11:34:00,bug
tkt_2b5918a9,acct_03c763d7,2025-03-28T12:03:00,how_to
tkt_06eb38c4,acct_0f133e35,2025-03-28T16:33:00,bug
tkt_19af0841,acct_bc5f08a5,2025-03-28T17:05:00,how_to
tkt_1c8b02f1,acct_924144d2,2025-03-28T17:13:00,billing
tkt_2dfea16c,acct_d55ac617,2025-03-28T17:35:00,how_to
tkt_712627d9,acct_1ccf3a2c,2025-03-29T08:37:00,billing
tkt_732d6944,acct_901b4f9a,2025-03-29T09:48:00,bug
tkt_e7c7e4b0,acct_8737eac8,2025-03-29T11:06:00,bug
tkt_b5b5cc7d,acct_fcb65758,2025-03-29T13:12:00,billing
tkt_b3a895a8,acct_2e1fef9c,2025-03-30T11:09:00,bug
tkt_4d7d0480,acct_0e5728d5,2025-03-30T11:19:00,billing
tkt_62b2c2d8,acct_4eefdfde,2025-03-30T11:26:00,bug
tkt_9e7f0c5c,acct_ca2a2850,2025-03-30T13:55:00,bug
tkt_31e0cd1c,acct_d4c73643,2025-03-30T14:15:00,billing
tkt_11e5ba2d,acct_21cf21ee,2025-03-30T15:34:00,how_to
tkt_c2531320,acct_8737eac8,2025-03-30T16:03:00,bug
tkt_d39cd3cf,acct_18e6fcfc,2025-03-30T17:37:00,bug
tkt_ff8162d7,acct_5b97eca0,2025-03-30T18:23:00,billing
tkt_18bdc4bd,acct_587a017e,2025-03-31T08:53:00,billing
tkt_144e8ae5,acct_6cbc257d,2025-03-31T09:27:00,billing
tkt_3687050f,acct_e2cfb1cb,2025-03-31T12:22:00,bug
tkt_bc1a7485,acct_caffcecb,2025-03-31T15:52:00,billing
tkt_4e554cad,acct_b0e9a734,2025-03-31T18:03:00,billing
tkt_69d5d7f3,acct_f1f2f296,2025-04-01T08:17:00,bug
tkt_eb0191c0,acct_4dfe6473,2025-04-01T09:42:00,billing
tkt_85ab4872,acct_844f019a,2025-04-01T15:17:00,billing
tkt_9c680236,acct_7f50731a,2025-04-01T17:18:00,billing
tkt_e4641fea,acct_c692aeaa,2025-04-01T18:42:00,how_to
tkt_dd5c8d27,acct_bec11014,2025-04-02T09:09:00,bug
tkt_767306b5,acct_8e88a4e0,2025-04-02T09:27:00,bug
tkt_6bc605f4,acct_5b97eca0,2025-04-02T10:17:00,how_to
tkt_990d44b6,acct_1c7e8731,2025-04-02T12:04:00,billing
tkt_d1c1e157,acct_3e007634,2025-04-02T12:28:00,bug
tkt_bbc040f9,acct_313ffce2,2025-04-02T12:53:00,bug
tkt_6388d209,acct_e7e0db43,2025-04-02T13:34:00,how_to
tkt_c5418326,acct_881a279e,2025-04-02T14:19:00,how_to
tkt_d5783609,acct_ced179da,2025-04-02T14:27:00,bug
tkt_ea2742a6,acct_bd5f46a1,2025-04-02T14:46:00,how_to
tkt_92784b43,acct_6749595a,2025-04-02T15:49:00,bug
tkt_176d8fff,acct_37a166bd,2025-04-02T16:07:00,bug
tkt_b3bae2ce,acct_abcc0d8c,2025-04-02T16:18:00,billing
tkt_8ee8eecf,acct_27e16547,2025-04-02T18:53:00,bug
tkt_7d1b8bdd,acct_1b35cacd,2025-04-03T08:16:00,bug
tkt_76e13c5a,acct_57230b3f,2025-04-03T15:39:00,how_to
tkt_a1481bd6,acct_5876b0b4,2025-04-04T08:21:00,billing
tkt_0efa7538,acct_6cbc257d,2025-04-04T10:50:00,bug
tkt_cf89f52e,acct_8737eac8,2025-04-04T16:30:00,bug
tkt_8c9bbf45,acct_0f133e35,2025-04-04T17:38:00,billing
tkt_e6c8bbcb,acct_60174a4d,2025-04-05T08:24:00,how_to
tkt_706d81a6,acct_7fb75e2a,2025-04-05T10:14:00,billing
tkt_fcc8e72e,acct_8737eac8,2025-04-05T12:09:00,bug
tkt_2e99988f,acct_30493096,2025-04-05T12:20:00,how_to
tkt_ccbe3eba,acct_1b35cacd,2025-04-05T12:31:00,bug
tkt_bb3d66ae,acct_8737eac8,2025-04-05T12:55:00,how_to
tkt_1df87bc5,acct_0a1cd629,2025-04-05T14:15:00,bug
tkt_d3bf7b23,acct_e7e0db43,2025-04-05T17:53:00,bug
tkt_e223a71d,acct_8863b4c3,2025-04-06T17:50:00,billing
tkt_c501f40f,acct_32426e02,2025-04-07T12:36:00,bug
tkt_3c8431b5,acct_4dfe6473,2025-04-07T12:53:00,bug
tkt_1b6422a0,acct_fdd73e37,2025-04-07T14:24:00,bug
tkt_dcf5af37,acct_3474bbe1,2025-04-07T16:51:00,bug
tkt_e797e5db,acct_8863b4c3,2025-04-08T08:17:00,bug
tkt_9bdc4ff7,acct_b23b36ea,2025-04-08T12:53:00,bug
tkt_735030c5,acct_1b35cacd,2025-04-08T14:47:00,bug
tkt_3e9bb790,acct_8863b4c3,2025-04-08T15:55:00,bug
tkt_a1e925c1,acct_82d15506,2025-04-08T18:29:00,billing
tkt_97f3db14,acct_f9d43c8e,2025-04-09T10:11:00,bug
tkt_cd7a8fff,acct_bf703959,2025-04-09T11:34:00,bug
tkt_d9c8c04a,acct_e7c5fb1e,2025-04-09T12:26:00,bug
tkt_2cdbc68d,acct_f9d43c8e,2025-04-09T13:06:00,billing
tkt_fe4d2539,acct_30134a58,2025-04-09T14:22:00,billing
tkt_61b806f6,acct_f9d43c8e,2025-04-09T16:41:00,bug
tkt_fe613759,acct_3dca9762,2025-04-09T17:02:00,bug
tkt_3e9c4a41,acct_bc5f08a5,2025-04-09T18:07:00,billing
tkt_154499c7,acct_588c836b,2025-04-09T18:51:00,how_to
tkt_789e01c2,acct_bd08958c,2025-04-10T10:03:00,bug
tkt_7db54ac8,acct_73a4cad3,2025-04-10T11:28:00,how_to
tkt_54c7b25a,acct_0acaed6b,2025-04-10T14:43:00,bug
tkt_e6c6aa8f,acct_f9d43c8e,2025-04-10T15:59:00,how_to
tkt_808ec42b,acct_123cbc30,2025-04-10T17:58:00,how_to
tkt_ad09a0cd,acct_6c41eb7d,2025-04-11T08:31:00,bug
tkt_342144a3,acct_570c730f,2025-04-11T08:46:00,bug
tkt_4526b4e8,acct_3e007634,2025-04-11T09:39:00,billing
tkt_8a067980,acct_8c647d2d,2025-04-11T18:26:00,how_to
tkt_70c75cd0,acct_7e466c33,2025-04-12T08:36:00,bug
tkt_b4060796,acct_27e16547,2025-04-12T08:59:00,how_to
tkt_031a389f,acct_e4bc8ae8,2025-04-12T09:23:00,bug
tkt_63353d84,acct_efb9cad7,2025-04-12T12:45:00,bug
tkt_1a33b0cb,acct_bd7fb8fe,2025-04-12T17:02:00,billing
tkt_deed5745,acct_efb9cad7,2025-04-13T08:03:00,bug
tkt_f26cf6ef,acct_12668b9d,2025-04-13T09:20:00,bug
tkt_ba9f0a92,acct_220c59ae,2025-04-13T11:11:00,bug
tkt_7e959ef4,acct_b153cf26,2025-04-13T12:36:00,bug
tkt_7b877c50,acct_66aeff35,2025-04-13T12:52:00,bug
tkt_2f9a907f,acct_3e007634,2025-04-13T15:56:00,how_to
tkt_cd8e57f7,acct_10d3b063,2025-04-13T16:00:00,how_to
tkt_1a08d5ed,acct_3ae38d66,2025-04-13T16:08:00,billing
tkt_f49629f3,acct_a3dac097,2025-04-13T16:19:00,how_to
tkt_fc79b7a7,acct_e7c5fb1e,2025-04-13T16:51:00,bug
tkt_f0aae37e,acct_5865be29,2025-04-13T17:37:00,bug
tkt_74753beb,acct_1745cee5,2025-04-13T18:33:00,how_to
tkt_d03ed30c,acct_1b35cacd,2025-04-14T09:14:00,bug
tkt_cd73a131,acct_0c283081,2025-04-14T10:46:00,bug
tkt_55ad8141,acct_21cf21ee,2025-04-14T13:50:00,bug
tkt_d4681d7a,acct_e5a96da2,2025-04-14T15:45:00,how_to
tkt_eadb8620,acct_bec11014,2025-04-14T17:26:00,how_to
tkt_1eb81353,acct_a363778c,2025-04-14T17:37:00,how_to
tkt_89fdefb2,acct_dd514b4b,2025-04-15T10:50:00,bug
tkt_cde5ce6f,acct_0387a4c5,2025-04-15T12:54:00,bug
tkt_d74baa7a,acct_64b128dc,2025-04-15T13:31:00,bug
tkt_ba1e2485,acct_12668b9d,2025-04-15T14:38:00,bug
tkt_ebb0268e,acct_fdd73e37,2025-04-15T14:48:00,bug
tkt_0085e95e,acct_b938c1db,2025-04-16T11:53:00,billing
tkt_e9b25e47,acct_687628e9,2025-04-16T15:19:00,bug
tkt_2e7679bb,acct_1c7e8731,2025-04-16T15:55:00,billing
tkt_e2e6d5f9,acct_57230b3f,2025-04-16T17:49:00,bug
tkt_cb0a50e2,acct_30493096,2025-04-16T17:52:00,bug
tkt_16f9b380,acct_81aca38d,2025-04-17T08:29:00,bug
tkt_e29cc665,acct_1c7e8731,2025-04-17T09:30:00,how_to
tkt_ceebe932,acct_745a6271,2025-04-17T11:52:00,bug
tkt_d88717d9,acct_3e007634,2025-04-17T12:10:00,bug
tkt_3f925b77,acct_37a166bd,2025-04-17T12:25:00,billing
tkt_170c7a69,acct_6e072f79,2025-04-17T12:52:00,bug
tkt_da31c209,acct_2a12fdb9,2025-04-17T13:09:00,bug
tkt_87eb0ea0,acct_1745cee5,2025-04-17T17:08:00,billing
tkt_f66cf2c6,acct_b06741a6,2025-04-17T18:47:00,bug
tkt_02b1317f,acct_1a7400de,2025-04-18T10:03:00,bug
tkt_5c130b79,acct_f9d43c8e,2025-04-18T12:43:00,billing
tkt_7231c2c5,acct_6f26008c,2025-04-18T15:10:00,billing
tkt_65ab7d65,acct_a363778c,2025-04-18T15:28:00,bug
tkt_32def74a,acct_3cc6de4a,2025-04-18T16:17:00,billing
tkt_903bcc85,acct_313ffce2,2025-04-18T16:41:00,bug
tkt_a7774210,acct_6c9c19d7,2025-04-19T08:25:00,bug
tkt_543c2df8,acct_b153cf26,2025-04-19T08:28:00,how_to
tkt_7a6340a7,acct_30493096,2025-04-19T10:53:00,billing
tkt_bd8ee1f6,acct_6f26008c,2025-04-19T14:11:00,bug
tkt_8d7ef7b1,acct_b15365b9,2025-04-19T14:27:00,bug
tkt_2049d717,acct_8e88a4e0,2025-04-19T14:54:00,bug
tkt_9419a734,acct_7f647a6b,2025-04-19T15:07:00,bug
tkt_1a980152,acct_280fd939,2025-04-19T15:59:00,how_to
tkt_124225a2,acct_ec1001cf,2025-04-19T17:01:00,bug
tkt_cd81fc53,acct_acaf2d87,2025-04-20T09:35:00,bug
tkt_4f707ea1,acct_60e1079e,2025-04-20T11:15:00,how_to
tkt_8a7e842d,acct_93e5bf55,2025-04-20T13:49:00,bug
tkt_debb6a23,acct_7f647a6b,2025-04-20T15:26:00,billing
tkt_d0c3a407,acct_09b2ac2b,2025-04-20T15:43:00,how_to
tkt_5155da7c,acct_e5a96da2,2025-04-20T18:39:00,bug
tkt_1d050d54,acct_7baa5d5b,2025-04-21T11:24:00,how_to
tkt_45dd2284,acct_09b2ac2b,2025-04-21T11:58:00,bug
tkt_a975e6c1,acct_b153cf26,2025-04-21T12:51:00,how_to
tkt_cb37c53c,acct_81aca38d,2025-04-22T09:46:00,how_to
tkt_7fdec8a5,acct_ebad13c1,2025-04-22T10:03:00,bug
tkt_63b26e9d,acct_8863b4c3,2025-04-22T13:23:00,bug
tkt_cb6eb8a1,acct_b23b36ea,2025-04-22T14:50:00,how_to
tkt_08cfb452,acct_313ffce2,2025-04-22T15:10:00,bug
tkt_e150e460,acct_c0db0def,2025-04-22T16:46:00,bug
tkt_06105bad,acct_6f26008c,2025-04-22T16:50:00,billing
tkt_a31acfe6,acct_f451bcdc,2025-04-23T09:02:00,billing
tkt_32c6f205,acct_fdd73e37,2025-04-23T09:47:00,bug
tkt_2705eb4f,acct_92a97cda,2025-04-23T11:30:00,bug
tkt_2e3722fc,acct_0ed25ea9,2025-04-23T12:49:00,bug
tkt_92f2751b,acct_ade8f7bf,2025-04-24T11:20:00,billing
tkt_09dcbf03,acct_6f26008c,2025-04-24T13:01:00,bug
tkt_5a48d7e7,acct_0b8ff294,2025-04-24T14:09:00,how_to
tkt_e35a51a6,acct_21cf21ee,2025-04-25T09:31:00,billing
tkt_8590dd22,acct_6aaa5c97,2025-04-25T10:59:00,billing
tkt_fd2036c2,acct_745a6271,2025-04-25T18:14:00,bug
tkt_1ce0e6c0,acct_e87e2b8f,2025-04-26T08:09:00,bug
tkt_203b85ba,acct_73a4cad3,2025-04-26T13:01:00,how_to
tkt_d31c114e,acct_7dfaf9db,2025-04-26T14:21:00,bug
tkt_85f30da7,acct_69e339a4,2025-04-26T16:01:00,billing
tkt_d922b725,acct_e781bc26,2025-04-26T16:36:00,how_to
tkt_9e869fef,acct_7dfaf9db,2025-04-26T18:04:00,how_to
tkt_4cbb2669,acct_e2cfb1cb,2025-04-27T08:14:00,billing
tkt_ce965678,acct_a1177311,2025-04-27T08:20:00,bug
tkt_1555de40,acct_1745cee5,2025-04-27T08:43:00,billing
tkt_4f8eb522,acct_d3a81e40,2025-04-27T10:12:00,billing
tkt_0e704671,acct_f57de496,2025-04-27T10:12:00,how_to
tkt_a8ecd2f9,acct_0c283081,2025-04-27T11:06:00,bug
tkt_d1b5ea14,acct_2e150cd0,2025-04-27T13:40:00,billing
tkt_8b21149f,acct_f1f2f296,2025-04-27T16:14:00,bug
tkt_e318b03c,acct_f2808d77,2025-04-28T09:48:00,bug
tkt_ebb0c10c,acct_3e007634,2025-04-28T10:10:00,bug
tkt_d517252f,acct_bd5f46a1,2025-04-28T10:24:00,bug
tkt_fa84bed4,acct_4dfe6473,2025-04-28T17:16:00,how_to
tkt_b36e0e20,acct_62d83fb8,2025-04-29T11:45:00,how_to
tkt_1c295eea,acct_0e5728d5,2025-04-29T12:16:00,bug
tkt_863b57e2,acct_f2808d77,2025-04-29T14:13:00,how_to
tkt_20ed307a,acct_8e88a4e0,2025-04-29T14:41:00,billing
tkt_c9fd275c,acct_1a7400de,2025-04-29T17:58:00,bug
tkt_c4c239fd,acct_ca2a2850,2025-04-30T08:03:00,how_to
tkt_cf2dd8ba,acct_8863b4c3,2025-04-30T08:57:00,billing
tkt_d353a5e7,acct_efb9cad7,2025-04-30T09:04:00,bug
tkt_9b2e0033,acct_09b2ac2b,2025-04-30T13:45:00,bug
tkt_3141fb9b,acct_e2cfb1cb,2025-04-30T14:34:00,bug
tkt_eee23c5d,acct_e2e07805,2025-05-01T09:13:00,bug
tkt_541b23fa,acct_acaf2d87,2025-05-01T09:22:00,bug
tkt_b93fe55e,acct_27e16547,2025-05-01T12:45:00,bug
tkt_14a361b5,acct_0ed25ea9,2025-05-01T14:26:00,bug
tkt_54484104,acct_bc5f08a5,2025-05-01T15:24:00,how_to
tkt_e9ac339b,acct_e87e2b8f,2025-05-01T16:03:00,billing
tkt_fdc980a7,acct_7395e5d0,2025-05-01T18:38:00,billing
tkt_d2d6710a,acct_9184b558,2025-05-02T08:58:00,bug
tkt_9e71135c,acct_68fb9abf,2025-05-02T10:35:00,bug
tkt_1263fb9d,acct_04fa262c,2025-05-02T12:46:00,bug
tkt_431c75f2,acct_c56818e0,2025-05-02T14:06:00,bug
tkt_48b76ed6,acct_b938c1db,2025-05-02T15:39:00,billing
tkt_c3b1ea57,acct_02033535,2025-05-02T17:57:00,bug
tkt_4f34cc17,acct_e2e07805,2025-05-03T08:57:00,billing
tkt_59037d76,acct_3d70aa3a,2025-05-03T11:28:00,bug
tkt_2fdac5f2,acct_8dd17beb,2025-05-03T11:32:00,billing
tkt_990bd004,acct_611153a9,2025-05-03T16:30:00,how_to
tkt_426ab26a,acct_60e1079e,2025-05-04T13:09:00,bug
tkt_d8bd61f2,acct_570c730f,2025-05-04T18:30:00,bug
tkt_f0091a22,acct_7395e5d0,2025-05-05T09:20:00,bug
tkt_f5c044f0,acct_3f3a51e7,2025-05-05T09:37:00,bug
tkt_9d3d86e7,acct_609df45f,2025-05-05T10:30:00,how_to
tkt_687a9793,acct_f2808d77,2025-05-05T10:48:00,how_to
tkt_540bba89,acct_7dfaf9db,2025-05-05T10:59:00,how_to
tkt_78e3599c,acct_6c9c19d7,2025-05-05T12:44:00,bug
tkt_e4a3d8b3,acct_482081a4,2025-05-05T13:54:00,bug
tkt_4b4fdc9c,acct_6f48490a,2025-05-06T08:17:00,bug
tkt_a91f76af,acct_93e5bf55,2025-05-06T10:25:00,billing
tkt_82a452c5,acct_d0e4dddb,2025-05-06T16:00:00,how_to
tkt_19f662b2,acct_53d509fb,2025-05-06T16:17:00,how_to
tkt_8ebaf3c7,acct_d3a81e40,2025-05-06T16:54:00,bug
tkt_1b6a199a,acct_2de4c93b,2025-05-07T09:01:00,bug
tkt_72ea7a32,acct_c1d0faa4,2025-05-07T10:25:00,bug
tkt_a812afd2,acct_1ccf3a2c,2025-05-07T11:50:00,billing
tkt_97b2596e,acct_529d9f40,2025-05-07T14:49:00,how_to
tkt_1b7b4b29,acct_786de48c,2025-05-07T16:40:00,how_to
tkt_40de2113,acct_bdc79303,2025-05-08T10:01:00,billing
tkt_f1420809,acct_562fbb0c,2025-05-08T11:18:00,bug
tkt_00a41eb3,acct_280fd939,2025-05-08T11:23:00,bug
tkt_3ba9e9e3,acct_15b43b81,2025-05-08T12:05:00,bug
tkt_331446d8,acct_30493096,2025-05-08T14:18:00,how_to
tkt_3d0d493c,acct_b06741a6,2025-05-09T13:24:00,bug
tkt_75480f66,acct_3e007634,2025-05-09T18:33:00,bug
tkt_131702d3,acct_66aeff35,2025-05-10T09:46:00,bug
tkt_b3cf1304,acct_3474bbe1,2025-05-10T11:21:00,billing
tkt_f85dada2,acct_2e150cd0,2025-05-10T14:57:00,bug
tkt_3ee36b25,acct_b153cf26,2025-05-10T15:09:00,how_to
tkt_ecde9acb,acct_8e88a4e0,2025-05-10T18:40:00,billing
tkt_8c10c52f,acct_a3dac097,2025-05-10T18:49:00,bug
tkt_fe469e2a,acct_4702bc6b,2025-05-11T09:54:00,how_to
tkt_8b86bd00,acct_8e88a4e0,2025-05-11T10:18:00,how_to
tkt_dfae3b73,acct_4f320089,2025-05-11T12:17:00,how_to
tkt_36384b96,acct_6e08a2ae,2025-05-11T12:20:00,how_to
tkt_100e9e4d,acct_2a12fdb9,2025-05-11T17:18:00,bug
tkt_4f37ed83,acct_f451bcdc,2025-05-11T17:58:00,bug
tkt_99e9f0d4,acct_d0e4dddb,2025-05-12T11:07:00,billing
tkt_2f67a865,acct_687628e9,2025-05-12T13:23:00,how_to
tkt_73bddd28,acct_bdb7cac5,2025-05-13T08:54:00,how_to
tkt_299dd1cc,acct_10eecc7e,2025-05-13T10:04:00,how_to
tkt_6286a138,acct_efb9cad7,2025-05-13T11:24:00,billing
tkt_e7ffb72f,acct_611153a9,2025-05-13T11:54:00,how_to
tkt_a9986c73,acct_a363778c,2025-05-13T12:25:00,billing
tkt_df34ad83,acct_667e98e3,2025-05-13T13:02:00,how_to
tkt_0d626796,acct_b06741a6,2025-05-13T17:30:00,how_to
tkt_6593e886,acct_0f054678,2025-05-13T18:56:00,bug
tkt_3dbdc6e0,acct_611153a9,2025-05-14T08:11:00,billing
tkt_66ca525f,acct_5470db7b,2025-05-14T11:17:00,how_to
tkt_9165c734,acct_abcc0d8c,2025-05-14T12:57:00,billing
tkt_874eb6c8,acct_00ba1c72,2025-05-15T09:12:00,how_to
tkt_370a22a0,acct_27e16547,2025-05-15T17:49:00,how_to
tkt_d79fc265,acct_a7e4015f,2025-05-16T08:12:00,how_to
tkt_2da9ce27,acct_d44d68eb,2025-05-16T17:34:00,bug
tkt_f748176c,acct_609df45f,2025-05-17T09:24:00,how_to
tkt_d9520554,acct_10eecc7e,2025-05-17T12:12:00,bug
tkt_15cac031,acct_7395e5d0,2025-05-17T12:31:00,billing
tkt_e496fd47,acct_1c4d6637,2025-05-17T16:14:00,bug
tkt_a733de9d,acct_acaf2d87,2025-05-18T09:02:00,how_to
tkt_75804eb6,acct_a402cd8c,2025-05-18T09:37:00,how_to
tkt_d305dd3b,acct_3d316fcc,2025-05-18T13:23:00,billing
tkt_22ff0356,acct_da60a271,2025-05-18T15:46:00,billing
tkt_a34dd109,acct_e7c5fb1e,2025-05-18T16:06:00,bug
tkt_8a1f936b,acct_2de4c93b,2025-05-19T11:37:00,bug
tkt_cbd492cb,acct_588c836b,2025-05-19T11:48:00,bug
tkt_6ebae9a3,acct_bc3e743f,2025-05-19T12:17:00,bug
tkt_0f3e1d50,acct_611153a9,2025-05-19T14:52:00,bug
tkt_57abcff7,acct_bdb7cac5,2025-05-19T16:55:00,bug
tkt_4e70d571,acct_61635eda,2025-05-19T17:30:00,bug
tkt_eb79363b,acct_ade8f7bf,2025-05-19T18:05:00,how_to
tkt_f568c469,acct_b0e9a734,2025-05-20T08:17:00,bug
tkt_274b20d2,acct_00ba1c72,2025-05-20T11:27:00,bug
tkt_d958246a,acct_ec1001cf,2025-05-20T14:14:00,billing
tkt_fbc2169c,acct_3474bbe1,2025-05-21T08:46:00,billing
tkt_6abb4bef,acct_e781bc26,2025-05-21T09:04:00,bug
tkt_6853bad5,acct_9184b558,2025-05-21T09:14:00,how_to
tkt_b39a2e00,acct_bdc79303,2025-05-21T09:32:00,how_to
tkt_d91e574e,acct_0c283081,2025-05-21T10:35:00,bug
tkt_3582c4d9,acct_b5edefc3,2025-05-21T12:44:00,bug
tkt_cbd149b2,acct_66aeff35,2025-05-21T15:00:00,billing
tkt_f363ff06,acct_a1177311,2025-05-21T18:51:00,how_to
tkt_1ee27798,acct_d3a81e40,2025-05-22T11:05:00,bug
tkt_9f5235c9,acct_b9f0b984,2025-05-22T15:17:00,billing
tkt_cccd49d4,acct_c0199727,2025-05-22T18:12:00,how_to
tkt_7ef52940,acct_6c9c19d7,2025-05-23T09:19:00,bug
tkt_74c01c6b,acct_6f48490a,2025-05-23T09:59:00,bug
tkt_26f6a1d9,acct_e87e2b8f,2025-05-23T11:16:00,bug
tkt_bbcfb283,acct_dd514b4b,2025-05-23T14:15:00,bug
tkt_bcb0266c,acct_09b2ac2b,2025-05-23T16:43:00,how_to
tkt_3e1f573a,acct_81aca38d,2025-05-23T18:11:00,bug
tkt_51e78b0d,acct_a402cd8c,2025-05-24T08:47:00,billing
tkt_825ba5ff,acct_220c59ae,2025-05-24T12:00:00,how_to
tkt_c615dee5,acct_8f20af1b,2025-05-24T12:08:00,bug
tkt_277c1eaf,acct_881a279e,2025-05-24T12:09:00,bug
tkt_5426a675,acct_786de48c,2025-05-24T12:42:00,billing
tkt_a17bfd78,acct_7f50731a,2025-05-24T12:44:00,billing
tkt_ee56b96c,acct_21cf21ee,2025-05-24T15:17:00,bug
tkt_6a92d007,acct_69e339a4,2025-05-24T16:25:00,bug
tkt_fbc75d5c,acct_0f133e35,2025-05-24T18:37:00,how_to
tkt_66fe8d21,acct_00ba1c72,2025-05-25T08:16:00,bug
tkt_21034b95,acct_f9d43c8e,2025-05-25T11:27:00,billing
tkt_b18f1896,acct_3effb7ad,2025-05-25T15:03:00,how_to
tkt_2f7ad65b,acct_ade8f7bf,2025-05-25T15:15:00,bug
tkt_7e68d9cb,acct_66aeff35,2025-05-25T16:14:00,bug
tkt_ddef42e5,acct_280fd939,2025-05-25T16:41:00,bug
tkt_fd6b0480,acct_be891f7b,2025-05-26T08:00:00,how_to
tkt_8c1fea20,acct_8f20af1b,2025-05-26T08:22:00,bug
tkt_1ea6eb3b,acct_ade8f7bf,2025-05-26T09:14:00,how_to
tkt_fac8bda5,acct_e87e2b8f,2025-05-26T10:52:00,bug
tkt_06e853ef,acct_d4c73643,2025-05-26T11:21:00,billing
tkt_c4b479d8,acct_61efe938,2025-05-26T12:39:00,bug
tkt_a24d7842,acct_c8695ea8,2025-05-26T14:04:00,how_to
tkt_6edd8fc8,acct_92a97cda,2025-05-26T15:00:00,billing
tkt_f23978f6,acct_c56818e0,2025-05-26T15:33:00,bug
tkt_8775a745,acct_fdd73e37,2025-05-26T15:39:00,billing
tkt_2f714100,acct_21cf21ee,2025-05-26T17:36:00,bug
tkt_b32c310a,acct_1ccf3a2c,2025-05-27T08:13:00,how_to
tkt_579214e2,acct_c278133e,2025-05-27T10:02:00,how_to
tkt_cd8ae6f1,acct_f7cf8c3b,2025-05-27T13:20:00,how_to
tkt_b138870b,acct_b843276f,2025-05-27T13:31:00,how_to
tkt_edf5b52f,acct_f1f2f296,2025-05-27T14:52:00,bug
tkt_4d5a57f5,acct_6c9c19d7,2025-05-27T15:48:00,bug
tkt_5e3885e9,acct_15b43b81,2025-05-27T18:09:00,bug
tkt_1c746a23,acct_2e150cd0,2025-05-28T08:37:00,how_to
tkt_39c64a8e,acct_2a12fdb9,2025-05-28T08:43:00,how_to
tkt_9d1edb81,acct_7f50731a,2025-05-28T12:07:00,bug
tkt_84dfe78e,acct_3dca9762,2025-05-28T15:53:00,bug
tkt_1f1759fe,acct_a3dac097,2025-05-28T16:31:00,bug
tkt_11675bd4,acct_911b55b5,2025-05-28T18:23:00,bug
tkt_6b9a369e,acct_35df331c,2025-05-29T08:38:00,how_to
tkt_cb813674,acct_57230b3f,2025-05-29T11:29:00,bug
tkt_4eafd121,acct_4f37c791,2025-05-29T14:30:00,how_to
tkt_02d3d468,acct_a1177311,2025-05-29T14:50:00,how_to
tkt_169a999f,acct_bdc79303,2025-05-29T16:03:00,how_to
tkt_58629c6e,acct_f1f2f296,2025-05-29T18:17:00,bug
tkt_a3dc92a5,acct_4ff1e51b,2025-05-30T09:47:00,billing
tkt_5f26e92a,acct_21cf21ee,2025-05-30T12:33:00,billing
tkt_1e8ce66e,acct_bd7fb8fe,2025-05-30T15:33:00,billing
tkt_b9e1b0a6,acct_f1f2f296,2025-05-31T09:27:00,bug
tkt_640e20d1,acct_18c0ed29,2025-05-31T09:46:00,billing
tkt_88ec0d0f,acct_786de48c,2025-05-31T10:14:00,bug
tkt_53e54c22,acct_745a6271,2025-05-31T12:43:00,billing
tkt_8dcfc5a4,acct_7f756cd3,2025-05-31T15:00:00,billing
tkt_a44d6ad5,acct_1c4d6637,2025-05-31T15:21:00,how_to
tkt_2b111921,acct_caffcecb,2025-05-31T18:55:00,bug
tkt_fd92b0b4,acct_da60a271,2025-06-01T08:04:00,billing
tkt_d7077a5e,acct_fefc2fff,2025-06-01T11:21:00,how_to
tkt_cb7c5f96,acct_f571ffd7,2025-06-01T18:17:00,how_to
tkt_35757e66,acct_f2d9add8,2025-06-01T18:56:00,how_to
tkt_71b66a27,acct_8f20af1b,2025-06-02T12:55:00,bug
tkt_c98a51c7,acct_4eefdfde,2025-06-02T14:48:00,how_to
tkt_6ec3e833,acct_fefc2fff,2025-06-02T17:21:00,billing
tkt_6de16559,acct_27e16547,2025-06-02T18:14:00,bug
tkt_4d1ec185,acct_28737266,2025-06-03T08:40:00,bug
tkt_0ff715ec,acct_a402cd8c,2025-06-03T08:46:00,bug
tkt_bff91bf1,acct_00ba1c72,2025-06-03T18:03:00,bug
tkt_449d006d,acct_12a1f28c,2025-06-03T18:38:00,bug
tkt_37241c8d,acct_3f3a51e7,2025-06-04T09:11:00,bug
tkt_32129f4e,acct_e781bc26,2025-06-04T12:23:00,bug
tkt_7e398066,acct_da60a271,2025-06-04T15:04:00,bug
tkt_0d9d5036,acct_bd7fb8fe,2025-06-04T15:54:00,bug
tkt_4201645e,acct_d8da4f34,2025-06-04T16:03:00,bug
tkt_6d1f225a,acct_caffcecb,2025-06-04T17:04:00,bug
tkt_e500eab2,acct_9adf878f,2025-06-05T08:00:00,bug
tkt_0c9e5a9d,acct_f7cf8c3b,2025-06-06T10:26:00,how_to
tkt_b0aefc43,acct_5470db7b,2025-06-06T10:38:00,bug
tkt_f80478c2,acct_a3dac097,2025-06-06T12:49:00,bug
tkt_d0dbf89d,acct_3474bbe1,2025-06-06T13:06:00,bug
tkt_a32ed50c,acct_61635eda,2025-06-06T13:54:00,how_to
tkt_b08dffb2,acct_cec981b5,2025-06-06T18:59:00,bug
tkt_ee3368b0,acct_123cbc30,2025-06-07T08:19:00,how_to
tkt_8d7dac41,acct_69e339a4,2025-06-07T08:29:00,how_to
tkt_b6e386e6,acct_8c647d2d,2025-06-07T09:13:00,billing
tkt_8bcdb825,acct_6f48490a,2025-06-07T11:32:00,bug
tkt_a87c7018,acct_f451bcdc,2025-06-07T12:34:00,bug
tkt_3325c688,acct_d587ea33,2025-06-07T17:36:00,bug
tkt_15677a27,acct_b843276f,2025-06-07T18:49:00,billing
tkt_9c1b0eb4,acct_dd514b4b,2025-06-08T08:06:00,bug
tkt_a305ee65,acct_abcc0d8c,2025-06-08T12:47:00,bug
tkt_6148bef2,acct_8f0fe9cb,2025-06-08T13:56:00,how_to
tkt_891d5ff9,acct_1a7400de,2025-06-08T13:59:00,billing
tkt_58a5f7bb,acct_4c2075b8,2025-06-08T14:00:00,billing
tkt_4b644e00,acct_2de4c93b,2025-06-08T14:55:00,how_to
tkt_3aa3b50b,acct_30134a58,2025-06-08T16:19:00,bug
tkt_e53cf2d1,acct_b153cf26,2025-06-09T12:42:00,how_to
tkt_8b4e7a68,acct_881a279e,2025-06-09T13:59:00,billing
tkt_92a9d8c8,acct_5f4aa06b,2025-06-09T14:23:00,how_to
tkt_63fd4bc6,acct_cec981b5,2025-06-09T15:36:00,bug
tkt_d6a92b5d,acct_e2e07805,2025-06-09T17:18:00,how_to
tkt_9eb53914,acct_10eecc7e,2025-06-10T08:37:00,bug
tkt_f62c5086,acct_a1177311,2025-06-10T12:06:00,how_to
tkt_30364c3c,acct_fdd73e37,2025-06-10T14:18:00,bug
tkt_87313857,acct_deaf0cd1,2025-06-10T17:02:00,how_to
tkt_0f5676a8,acct_2a12fdb9,2025-06-10T18:19:00,bug
tkt_a037b3b3,acct_d4c73643,2025-06-11T09:44:00,bug
tkt_4ef8a9e5,acct_da60a271,2025-06-11T11:04:00,how_to
tkt_5868267e,acct_28737266,2025-06-11T12:49:00,bug
tkt_a596a4a0,acct_3d70aa3a,2025-06-11T17:17:00,billing
tkt_e2f720c1,acct_90df2d81,2025-06-11T17:55:00,billing
tkt_49df194a,acct_ade8f7bf,2025-06-12T08:14:00,bug
tkt_91459628,acct_f57de496,2025-06-12T09:02:00,billing
tkt_35dd85b7,acct_57230b3f,2025-06-12T09:27:00,bug
tkt_c94e6172,acct_52de0938,2025-06-12T10:35:00,billing
tkt_d4cc12f6,acct_0387a4c5,2025-06-12T11:14:00,bug
tkt_bfc47c9c,acct_2e150cd0,2025-06-12T12:27:00,how_to
tkt_69456881,acct_f9d43c8e,2025-06-12T13:29:00,bug
tkt_e4cf1a43,acct_bd5f46a1,2025-06-12T14:20:00,bug
tkt_153ee6ae,acct_e2e07805,2025-06-12T14:31:00,billing
tkt_e07b1fe9,acct_5ead07e8,2025-06-12T15:03:00,how_to
tkt_9fe289d1,acct_66aeff35,2025-06-12T16:28:00,how_to
tkt_2e1047f6,acct_60a12700,2025-06-12T17:22:00,billing
tkt_e68fa44d,acct_00ba1c72,2025-06-12T18:25:00,bug
tkt_9bd7bf2d,acct_2e1fef9c,2025-06-13T16:51:00,bug
tkt_989fefb2,acct_37a166bd,2025-06-13T17:36:00,bug
tkt_6d6d7ff1,acct_062b8c4c,2025-06-14T08:36:00,bug
tkt_64d7c31d,acct_d0e4dddb,2025-06-14T13:59:00,bug
tkt_0a5d78d5,acct_e70ccba5,2025-06-14T17:17:00,billing
tkt_487249b6,acct_4c2075b8,2025-06-15T08:34:00,bug
tkt_f6db6275,acct_f1f2f296,2025-06-15T11:54:00,bug
tkt_07448e5f,acct_9184b558,2025-06-15T12:18:00,bug
tkt_770cb06d,acct_e2cfb1cb,2025-06-15T17:00:00,how_to
tkt_c61bba77,acct_687628e9,2025-06-15T17:11:00,billing
tkt_05187c9d,acct_10d3b063,2025-06-16T09:24:00,billing
tkt_78f38b34,acct_69e339a4,2025-06-16T09:27:00,how_to
tkt_5c060b97,acct_90df2d81,2025-06-16T11:30:00,how_to
tkt_b5e9ac1c,acct_482081a4,2025-06-16T12:43:00,bug
tkt_35d30fab,acct_f451bcdc,2025-06-16T12:57:00,how_to
tkt_c4e04358,acct_bc3e743f,2025-06-16T14:21:00,bug
tkt_b3d3d3d2,acct_d0e4dddb,2025-06-16T16:43:00,billing
tkt_e5506b65,acct_1ccf3a2c,2025-06-16T16:50:00,bug
tkt_7f7e6f7d,acct_607a4f39,2025-06-16T17:22:00,how_to
tkt_5d493fc8,acct_786de48c,2025-06-17T09:34:00,bug
tkt_09142df7,acct_d0e4dddb,2025-06-17T10:38:00,bug
tkt_8fc47e61,acct_09b2ac2b,2025-06-17T12:07:00,bug
tkt_65d05690,acct_60a12700,2025-06-17T16:20:00,bug
tkt_f0b26a2c,acct_1a9a6ea5,2025-06-17T16:24:00,bug
tkt_aa883f35,acct_4be22488,2025-06-17T17:36:00,bug
tkt_6e0ebf4d,acct_b06741a6,2025-06-17T18:57:00,bug
tkt_81b18e12,acct_1ccf3a2c,2025-06-18T09:12:00,billing
tkt_fe3eba23,acct_deaf0cd1,2025-06-18T10:35:00,bug
tkt_2c7f13ab,acct_52de0938,2025-06-18T13:26:00,billing
tkt_a512e4a0,acct_00ba1c72,2025-06-18T14:51:00,bug
tkt_e342d0e7,acct_786de48c,2025-06-18T15:39:00,billing
tkt_3d241347,acct_9a8c7a1b,2025-06-18T17:16:00,bug
tkt_042ffb34,acct_18c0ed29,2025-06-19T10:22:00,how_to
tkt_832ee12b,acct_5ead07e8,2025-06-19T10:53:00,bug
tkt_6dc0746d,acct_1da74f85,2025-06-19T12:12:00,how_to
tkt_32ef99d8,acct_a402cd8c,2025-06-19T14:01:00,billing
tkt_44fa4b3a,acct_881a279e,2025-06-19T17:30:00,billing
tkt_c36e1507,acct_687628e9,2025-06-19T18:31:00,bug
tkt_c2bf6339,acct_9fe1da53,2025-06-20T09:32:00,billing
tkt_22454e83,acct_09b2ac2b,2025-06-21T14:48:00,bug
tkt_fe57bf0a,acct_f2808d77,2025-06-21T15:57:00,bug
tkt_b53b4b30,acct_4f1e6bb4,2025-06-21T16:37:00,billing
tkt_1330cd54,acct_a402cd8c,2025-06-22T11:39:00,how_to
tkt_fef661c5,acct_8f0fe9cb,2025-06-22T13:32:00,how_to
tkt_c5d1f150,acct_a402cd8c,2025-06-22T14:08:00,how_to
tkt_7fb413cc,acct_8f0fe9cb,2025-06-22T14:58:00,billing
tkt_67ccd5a3,acct_2351efd6,2025-06-22T15:31:00,billing
tkt_1b176604,acct_ae715a68,2025-06-22T16:59:00,how_to
tkt_a7ccdf44,acct_66aeff35,2025-06-23T09:38:00,bug
tkt_d8946985,acct_57230b3f,2025-06-23T11:10:00,how_to
tkt_586ab07e,acct_d0e4dddb,2025-06-23T11:13:00,bug
tkt_faff0c64,acct_7dfaf9db,2025-06-23T11:23:00,how_to
tkt_4e7de7b7,acct_65bacf92,2025-06-23T11:44:00,billing
tkt_2af89e31,acct_62d83fb8,2025-06-23T12:33:00,billing
tkt_c8322cf3,acct_8f0fe9cb,2025-06-23T14:11:00,bug
tkt_1bf7d189,acct_9adf878f,2025-06-23T17:14:00,bug
tkt_965b8991,acct_4542fe1f,2025-06-23T17:43:00,bug
tkt_79b18477,acct_fefc2fff,2025-06-24T09:17:00,how_to
tkt_c9946d1d,acct_fdd73e37,2025-06-24T11:35:00,bug
tkt_d085994e,acct_60de50c7,2025-06-24T12:08:00,bug
tkt_98740aa9,acct_90df2d81,2025-06-24T13:58:00,how_to
tkt_c7b39cfa,acct_28737266,2025-06-24T15:00:00,bug
tkt_84233386,acct_b06741a6,2025-06-25T11:53:00,billing
tkt_88f07fe6,acct_fefc2fff,2025-06-25T12:06:00,bug
tkt_41a91dbf,acct_0211e329,2025-06-25T12:19:00,bug
tkt_aeae9fb3,acct_e70ccba5,2025-06-25T15:01:00,bug
tkt_3a347347,acct_18c0ed29,2025-06-25T15:24:00,how_to
tkt_337abe25,acct_4542fe1f,2025-06-25T17:09:00,how_to
tkt_2d25b08a,acct_6ae57cfd,2025-06-25T17:32:00,how_to
tkt_4b424608,acct_9995a13e,2025-06-26T14:21:00,billing
tkt_9c0d6a45,acct_c278133e,2025-06-27T10:53:00,bug
tkt_275ea13e,acct_18e6fcfc,2025-06-27T14:32:00,billing
tkt_8dc8ae96,acct_7dfaf9db,2025-06-27T14:59:00,bug
tkt_5cc34916,acct_911b55b5,2025-06-28T10:11:00,bug
tkt_bd1d8359,acct_562fbb0c,2025-06-28T13:05:00,bug
tkt_cdfb3036,acct_89766391,2025-06-28T14:08:00,bug
tkt_96f67812,acct_da60a271,2025-06-28T15:42:00,billing
tkt_53e4c6f8,acct_1ff6b754,2025-06-29T13:25:00,billing
tkt_c6e7e1bb,acct_cec981b5,2025-06-29T14:05:00,billing
tkt_100cf8ef,acct_12a1f28c,2025-06-29T16:50:00,how_to
tkt_177b475b,acct_4542fe1f,2025-06-29T18:08:00,bug
tkt_433a163f,acct_1ff6b754,2025-06-30T08:12:00,bug
tkt_af90fc41,acct_607a4f39,2025-06-30T09:11:00,billing
tkt_3deaa5fa,acct_9184b558,2025-06-30T10:53:00,billing
tkt_2bf438db,acct_ec1001cf,2025-06-30T12:17:00,bug
tkt_a68f4feb,acct_3d5e6282,2025-06-30T12:40:00,bug
tkt_260f0a4e,acct_8f0fe9cb,2025-06-30T17:10:00,billing
tkt_ec7937e8,acct_84f98992,2025-07-01T08:50:00,bug
tkt_596cf063,acct_fdd73e37,2025-07-01T09:01:00,billing
tkt_83cd7e21,acct_2c041bfc,2025-07-01T11:41:00,how_to
tkt_d9a77cb4,acct_9adf878f,2025-07-01T17:29:00,how_to
tkt_20be45fb,acct_2b71d374,2025-07-02T08:35:00,billing
tkt_48e669c8,acct_f1f2f296,2025-07-02T08:37:00,bug
tkt_75bbe935,acct_911b55b5,2025-07-02T15:19:00,how_to
tkt_ec677f12,acct_280fd939,2025-07-02T15:22:00,bug
tkt_d55f7883,acct_90df2d81,2025-07-02T16:45:00,bug
tkt_322adf6b,acct_6aaa5c97,2025-07-02T18:14:00,bug
tkt_a39929dd,acct_c0199727,2025-07-02T18:56:00,how_to
tkt_9fcfd797,acct_3cc6de4a,2025-07-03T08:00:00,how_to
tkt_3e706368,acct_ca51c832,2025-07-03T09:02:00,billing
tkt_2ba9d612,acct_25b4e388,2025-07-03T09:09:00,bug
tkt_49d9e2bc,acct_e781bc26,2025-07-03T15:04:00,billing
tkt_1a6551af,acct_5ead07e8,2025-07-04T08:37:00,bug
tkt_f4fb5e40,acct_21cf21ee,2025-07-04T14:02:00,bug
tkt_fad320bf,acct_3474bbe1,2025-07-05T10:08:00,bug
tkt_ee28e1d9,acct_21cf21ee,2025-07-05T10:17:00,billing
tkt_b5139592,acct_87df04cf,2025-07-05T14:13:00,billing
tkt_99f505b7,acct_5ead07e8,2025-07-05T18:56:00,billing
tkt_f58454a5,acct_61efe938,2025-07-06T08:08:00,bug
tkt_bb3131df,acct_83bf288d,2025-07-06T09:06:00,bug
tkt_4ac15c45,acct_0387a4c5,2025-07-06T09:10:00,billing
tkt_552de3d7,acct_bec11014,2025-07-06T09:44:00,bug
tkt_f1d4c4d9,acct_4eefdfde,2025-07-06T11:47:00,bug
tkt_7fdca1c6,acct_2b71d374,2025-07-06T15:43:00,bug
tkt_a5cf3f79,acct_3e04a612,2025-07-06T16:54:00,bug
tkt_f17f22f0,acct_ca6bf1e7,2025-07-07T12:54:00,billing
tkt_66cf271d,acct_4702bc6b,2025-07-07T14:45:00,billing
tkt_604751f3,acct_3474bbe1,2025-07-08T09:09:00,how_to
tkt_19981a2b,acct_482081a4,2025-07-08T11:02:00,bug
tkt_a25fcc6c,acct_4eefdfde,2025-07-08T17:00:00,bug
tkt_57a55234,acct_c8ecbf3c,2025-07-09T10:12:00,bug
tkt_015cbf40,acct_1d33eaed,2025-07-09T12:17:00,bug
tkt_5ff3b01e,acct_3cc6de4a,2025-07-09T14:48:00,billing
tkt_bce47c8b,acct_4f1e6bb4,2025-07-09T15:49:00,how_to
tkt_552447e1,acct_b06741a6,2025-07-09T16:05:00,how_to
tkt_1065b6ee,acct_8c647d2d,2025-07-09T16:53:00,bug
tkt_34e9626a,acct_00ba1c72,2025-07-09T16:54:00,billing
tkt_e1b02b31,acct_80475f63,2025-07-09T18:32:00,billing
tkt_ef2f84e5,acct_0387a4c5,2025-07-10T10:21:00,billing
tkt_10cb7048,acct_1b7da790,2025-07-10T11:36:00,how_to
tkt_bb3e25be,acct_60de50c7,2025-07-10T11:42:00,bug
tkt_ba9da00b,acct_5b5c550c,2025-07-10T11:58:00,how_to
tkt_7bfa1186,acct_6ae57cfd,2025-07-10T12:18:00,how_to
tkt_984bcea5,acct_f571ffd7,2025-07-11T10:48:00,billing
tkt_1b4f05a0,acct_7934dd8f,2025-07-11T15:27:00,bug
tkt_d51c0d99,acct_28737266,2025-07-11T18:31:00,billing
tkt_5294cba9,acct_a2a276ea,2025-07-11T18:33:00,bug
tkt_210ba6dc,acct_8c647d2d,2025-07-12T08:50:00,bug
tkt_1c9190bf,acct_3e04a612,2025-07-12T09:32:00,billing
tkt_29ffc0ff,acct_1c7e8731,2025-07-12T09:43:00,bug
tkt_d9782f48,acct_4c2075b8,2025-07-12T11:54:00,billing
tkt_959974b8,acct_21cf21ee,2025-07-12T12:02:00,bug
tkt_020b49f1,acct_9b563abf,2025-07-12T12:54:00,how_to
tkt_4fb46eb6,acct_1b7da790,2025-07-12T13:22:00,how_to
tkt_2ee0095d,acct_0acaed6b,2025-07-12T13:49:00,bug
tkt_a423e665,acct_4f1e6bb4,2025-07-12T16:25:00,billing
tkt_b19acb8b,acct_3effb7ad,2025-07-12T16:36:00,bug
tkt_4a6f9774,acct_84f98992,2025-07-12T17:18:00,bug
tkt_767bfb14,acct_280fd939,2025-07-13T13:08:00,bug
tkt_6935f935,acct_8f0fe9cb,2025-07-13T14:00:00,bug
tkt_50a2a71e,acct_aa4cf0e7,2025-07-13T14:50:00,bug
tkt_b9052956,acct_e7af7d17,2025-07-14T08:38:00,how_to
tkt_7a4755fa,acct_30134a58,2025-07-14T08:54:00,billing
tkt_37fa5db5,acct_b06741a6,2025-07-14T10:13:00,bug
tkt_0e15f13d,acct_1da74f85,2025-07-14T10:24:00,billing
tkt_255322ef,acct_786de48c,2025-07-14T11:34:00,billing
tkt_1473f9b0,acct_4f1e6bb4,2025-07-14T14:04:00,bug
tkt_19179fdf,acct_4797a6bf,2025-07-14T14:57:00,bug
tkt_32958925,acct_abcc0d8c,2025-07-15T08:49:00,bug
tkt_a017c93b,acct_d587ea33,2025-07-15T10:25:00,bug
tkt_034576ff,acct_30493096,2025-07-15T10:40:00,bug
tkt_dd1a1628,acct_90765237,2025-07-15T16:26:00,bug
tkt_d4d2913a,acct_2e150cd0,2025-07-15T18:31:00,how_to
tkt_83b0626d,acct_90765237,2025-07-16T13:32:00,bug
tkt_a5308400,acct_1a7400de,2025-07-16T15:32:00,how_to
tkt_58eb75a8,acct_5ab4a8d3,2025-07-17T08:42:00,bug
tkt_cc0b5722,acct_b1d31bf1,2025-07-17T10:04:00,bug
tkt_4e4694f7,acct_f7d131fc,2025-07-17T11:21:00,bug
tkt_b4c51996,acct_2351efd6,2025-07-17T11:54:00,bug
tkt_405e895b,acct_4da21416,2025-07-17T13:31:00,how_to
tkt_bbae0928,acct_30134a58,2025-07-17T15:14:00,bug
tkt_670008cb,acct_68fb9abf,2025-07-17T15:15:00,bug
tkt_5372a44a,acct_745a6271,2025-07-17T16:22:00,bug
tkt_bcbbd282,acct_1bd507f9,2025-07-17T16:23:00,bug
tkt_8f090270,acct_786de48c,2025-07-17T17:28:00,bug
tkt_d3718a94,acct_61efe938,2025-07-18T11:21:00,bug
tkt_befde20c,acct_09b2ac2b,2025-07-18T12:07:00,billing
tkt_a8c09e15,acct_1c7e8731,2025-07-18T12:52:00,billing
tkt_7e0006b3,acct_fc3e2de2,2025-07-18T14:58:00,billing
tkt_853ed32f,acct_60de50c7,2025-07-19T08:44:00,how_to
tkt_c9dffd64,acct_ec1001cf,2025-07-20T11:53:00,billing
tkt_05b697ba,acct_8c647d2d,2025-07-20T11:59:00,billing
tkt_0dfa484d,acct_2a12fdb9,2025-07-20T16:13:00,bug
tkt_29723a0a,acct_6ff6c08c,2025-07-20T16:59:00,how_to
tkt_1b5717fd,acct_ae715a68,2025-07-20T17:14:00,how_to
tkt_14ddfb91,acct_3d316fcc,2025-07-20T17:17:00,how_to
tkt_6f2524bd,acct_28737266,2025-07-21T11:14:00,bug
tkt_a2391dc7,acct_52de0938,2025-07-21T13:54:00,how_to
tkt_d5cc20a1,acct_220c59ae,2025-07-21T15:49:00,how_to
tkt_dfb9c009,acct_bd5f46a1,2025-07-22T16:50:00,billing
tkt_86f695c3,acct_667e98e3,2025-07-22T17:25:00,bug
tkt_def524a0,acct_b754d40a,2025-07-22T18:51:00,bug
tkt_efc28859,acct_b5edefc3,2025-07-23T09:14:00,billing
tkt_38893cd9,acct_f57de496,2025-07-23T11:32:00,bug
tkt_96aa7a6f,acct_2196d6d4,2025-07-23T12:41:00,how_to
tkt_729fc175,acct_6c9c19d7,2025-07-23T15:03:00,how_to
tkt_c96b6c06,acct_0f054678,2025-07-23T18:24:00,how_to
tkt_7861cf15,acct_be891f7b,2025-07-24T08:27:00,how_to
tkt_34919830,acct_02033535,2025-07-24T10:18:00,bug
tkt_382000dc,acct_6f2b146f,2025-07-24T11:07:00,billing
tkt_8ef3bf5c,acct_5ead07e8,2025-07-24T12:43:00,bug
tkt_4dcab734,acct_6d5a6151,2025-07-24T14:47:00,bug
tkt_41b824bf,acct_28737266,2025-07-24T16:59:00,bug
tkt_94d9b580,acct_280fd939,2025-07-25T11:27:00,bug
tkt_c4ae47aa,acct_be891f7b,2025-07-25T12:32:00,bug
tkt_e8e1a365,acct_68fb9abf,2025-07-25T14:16:00,billing
tkt_13e63800,acct_7934dd8f,2025-07-25T14:44:00,how_to
tkt_0ad9839f,acct_28737266,2025-07-26T09:19:00,bug
tkt_f7cb97d3,acct_89766391,2025-07-26T11:26:00,bug
tkt_4e9e18dd,acct_562fbb0c,2025-07-26T12:41:00,bug
tkt_df90925b,acct_63bd6067,2025-07-26T14:23:00,bug
tkt_021961d1,acct_5ab4a8d3,2025-07-26T17:15:00,how_to
tkt_7575ac2d,acct_be8be086,2025-07-27T09:02:00,how_to
tkt_1e732ce3,acct_017ccc49,2025-07-27T09:33:00,bug
tkt_032ada7e,acct_35df331c,2025-07-27T12:31:00,how_to
tkt_ec08271e,acct_6749595a,2025-07-27T17:08:00,bug
tkt_2a8ddeca,acct_23f49ea3,2025-07-27T17:21:00,bug
tkt_9292c4fd,acct_e92353de,2025-07-28T09:12:00,how_to
tkt_a9e1ed88,acct_f57de496,2025-07-28T13:35:00,billing
tkt_851445f3,acct_83bf288d,2025-07-28T15:46:00,how_to
tkt_f56ef169,acct_ae715a68,2025-07-29T10:40:00,bug
tkt_d1edbb87,acct_73a4cad3,2025-07-29T11:02:00,how_to
tkt_3ff08702,acct_c7450e6e,2025-07-29T14:32:00,bug
tkt_0ca42718,acct_b60d2151,2025-07-29T18:25:00,bug
tkt_4dc17ddc,acct_f13b0f27,2025-07-30T08:18:00,billing
tkt_d9b88ba1,acct_cdce3583,2025-07-30T12:49:00,billing
tkt_e8df6f6a,acct_20115fdb,2025-07-30T13:36:00,how_to
tkt_9165cd53,acct_bdc79303,2025-07-30T15:23:00,bug
tkt_8699de0b,acct_482081a4,2025-07-30T18:13:00,how_to
tkt_78e6ae63,acct_254ceaf4,2025-07-31T09:04:00,bug
tkt_e0751e87,acct_743341c8,2025-07-31T10:19:00,billing
tkt_6bbeb224,acct_18e6fcfc,2025-07-31T17:40:00,bug
tkt_6e55de6b,acct_bd08958c,2025-08-01T09:30:00,how_to
tkt_f2ed8750,acct_6f2b146f,2025-08-01T12:44:00,bug
tkt_c863d103,acct_d587ea33,2025-08-01T17:24:00,bug
tkt_942534f8,acct_84f98992,2025-08-01T17:35:00,how_to
tkt_29f8e612,acct_f7d131fc,2025-08-01T18:23:00,bug
tkt_21ec870e,acct_d55ac617,2025-08-02T10:22:00,bug
tkt_a17f8378,acct_a4f5ac86,2025-08-02T10:37:00,bug
tkt_43006fc1,acct_1d33eaed,2025-08-02T14:40:00,billing
tkt_9c250f6a,acct_1ed669c5,2025-08-02T18:32:00,how_to
tkt_3311aa14,acct_6f48490a,2025-08-03T08:21:00,bug
tkt_f92cfb95,acct_da60a271,2025-08-03T09:50:00,billing
tkt_f969420b,acct_2cbcc6d7,2025-08-03T11:45:00,how_to
tkt_95ffa329,acct_fc3e2de2,2025-08-03T11:59:00,bug
tkt_344f7201,acct_bf703959,2025-08-03T12:24:00,how_to
tkt_5b26a1b9,acct_8c647d2d,2025-08-03T12:55:00,billing
tkt_4e642668,acct_b06741a6,2025-08-03T13:21:00,billing
tkt_3246a9f1,acct_4f1e6bb4,2025-08-03T18:44:00,bug
tkt_24e004a4,acct_562fbb0c,2025-08-04T13:28:00,billing
tkt_fab80eb2,acct_6f2b146f,2025-08-04T16:32:00,bug
tkt_b50a3af4,acct_63bd6067,2025-08-04T17:40:00,how_to
tkt_3d6352b4,acct_3bad5d30,2025-08-05T08:08:00,bug
tkt_859047f5,acct_e70ccba5,2025-08-05T10:48:00,how_to
tkt_8a5e45ca,acct_28737266,2025-08-05T10:49:00,how_to
tkt_c517f34b,acct_280fd939,2025-08-05T12:39:00,bug
tkt_6eb907ae,acct_6f2b146f,2025-08-05T12:40:00,how_to
tkt_e3cb4ba5,acct_e781bc26,2025-08-05T13:01:00,bug
tkt_0711b702,acct_6ae57cfd,2025-08-05T14:43:00,bug
tkt_6ba04acd,acct_b06741a6,2025-08-05T15:34:00,bug
tkt_7e56b57d,acct_60de50c7,2025-08-05T16:15:00,how_to
tkt_6294f41c,acct_18e6fcfc,2025-08-06T16:50:00,bug
tkt_47c27e25,acct_ebad13c1,2025-08-06T17:20:00,bug
tkt_6c378755,acct_d4c73643,2025-08-07T11:17:00,billing
tkt_523e7d40,acct_6c9c19d7,2025-08-07T11:28:00,billing
tkt_67b676a1,acct_6c41eb7d,2025-08-07T18:34:00,bug
tkt_6ac746e4,acct_f7d131fc,2025-08-08T09:04:00,bug
tkt_13035dd9,acct_6c9c19d7,2025-08-08T09:54:00,how_to
tkt_92f39f65,acct_c5009e0f,2025-08-08T10:22:00,bug
tkt_8cdf8c2c,acct_28737266,2025-08-08T10:34:00,bug
tkt_11a29ade,acct_1c7e8731,2025-08-08T12:15:00,billing
tkt_0df7ed24,acct_4f1e6bb4,2025-08-08T16:19:00,bug
tkt_a4be8a36,acct_28737266,2025-08-08T17:51:00,bug
tkt_63f68d95,acct_7dfaf9db,2025-08-09T08:52:00,how_to
tkt_e018a3bd,acct_b1d31bf1,2025-08-09T10:56:00,bug
tkt_f26d4c3f,acct_dd5a8593,2025-08-09T12:17:00,how_to
tkt_debd3bfc,acct_529d9f40,2025-08-09T13:20:00,how_to
tkt_0e84fd27,acct_5f4aa06b,2025-08-09T15:21:00,bug
tkt_e32419d4,acct_80475f63,2025-08-09T16:17:00,billing
tkt_367c270f,acct_9135d623,2025-08-10T08:47:00,bug
tkt_32c40af1,acct_dee0b253,2025-08-10T09:17:00,bug
tkt_a9017c7e,acct_25b4e388,2025-08-10T10:16:00,bug
tkt_1e590d86,acct_1c4d6637,2025-08-10T13:49:00,bug
tkt_55321e72,acct_b754d40a,2025-08-10T14:43:00,bug
tkt_91e421cb,acct_de0e1471,2025-08-10T16:51:00,bug
tkt_97f367c0,acct_0c283081,2025-08-10T17:50:00,how_to
tkt_aa7450f2,acct_10d3b063,2025-08-10T17:51:00,billing
tkt_3b38711b,acct_63bd6067,2025-08-10T17:59:00,bug
tkt_be25913c,acct_80475f63,2025-08-10T18:16:00,how_to
tkt_cd411039,acct_1c7e8731,2025-08-11T10:11:00,bug
tkt_6fe4df84,acct_3d316fcc,2025-08-11T13:53:00,billing
tkt_cf9fd077,acct_61efe938,2025-08-12T09:28:00,billing
tkt_fa437509,acct_bd08958c,2025-08-12T12:58:00,bug
tkt_0e89be0a,acct_ab34388b,2025-08-13T13:30:00,bug
tkt_bb2991b3,acct_1c4d6637,2025-08-13T14:20:00,billing
tkt_738829fb,acct_3d316fcc,2025-08-13T15:02:00,billing
tkt_b244b8cf,acct_90765237,2025-08-13T15:03:00,bug
tkt_c459a44e,acct_d55ac617,2025-08-13T17:01:00,billing
tkt_5aa6c963,acct_3bad5d30,2025-08-13T17:48:00,bug
tkt_f4f05247,acct_e2cfb1cb,2025-08-13T17:52:00,billing
tkt_491029f5,acct_3f3a51e7,2025-08-13T18:39:00,bug
tkt_acbbbc6e,acct_c8695ea8,2025-08-13T18:40:00,billing
tkt_383df16c,acct_6e08a2ae,2025-08-14T09:13:00,bug
tkt_e7b36e2b,acct_280fd939,2025-08-14T11:32:00,bug
tkt_af2d6fee,acct_1c7e8731,2025-08-14T11:54:00,bug
tkt_ed5299f4,acct_e4bc8ae8,2025-08-14T15:18:00,how_to
tkt_5c6d2726,acct_fd39c292,2025-08-14T15:21:00,bug
tkt_08f81ca8,acct_d55ac617,2025-08-14T18:08:00,billing
tkt_ddd17d26,acct_1bd507f9,2025-08-14T18:22:00,billing
tkt_a9453e60,acct_3d316fcc,2025-08-15T09:42:00,bug
tkt_35c5d878,acct_1bd507f9,2025-08-15T10:38:00,bug
tkt_1a91c68f,acct_90765237,2025-08-15T10:47:00,billing
tkt_ce23d66c,acct_d587ea33,2025-08-15T11:09:00,billing
tkt_6004fe1c,acct_881a279e,2025-08-15T14:03:00,billing
tkt_37bd6c4d,acct_c56818e0,2025-08-15T14:16:00,how_to
tkt_f49f59ec,acct_6d5a6151,2025-08-15T17:08:00,how_to
tkt_ef9ce2e5,acct_9a8c7a1b,2025-08-15T17:52:00,billing
tkt_b74485c4,acct_3d316fcc,2025-08-15T18:53:00,bug
tkt_9a02864c,acct_b06741a6,2025-08-16T08:32:00,bug
tkt_65088311,acct_4b3d6f06,2025-08-16T12:19:00,how_to
tkt_796555e8,acct_d55ac617,2025-08-16T13:29:00,bug
tkt_9c3de2bb,acct_18c0ed29,2025-08-16T16:19:00,bug
tkt_17dad40f,acct_4eefdfde,2025-08-16T16:54:00,billing
tkt_70495926,acct_b8345bb0,2025-08-17T10:29:00,bug
tkt_c31927de,acct_e2cfb1cb,2025-08-17T15:17:00,how_to
tkt_3827fcbe,acct_b153cf26,2025-08-17T16:53:00,how_to
tkt_96ab6932,acct_a9af4e22,2025-08-18T08:05:00,bug
tkt_842ba4a1,acct_062b8c4c,2025-08-18T09:22:00,bug
tkt_f10b849d,acct_254ceaf4,2025-08-18T10:06:00,how_to
tkt_242e62bf,acct_9184b558,2025-08-18T10:45:00,bug
tkt_e1465072,acct_e781bc26,2025-08-20T15:09:00,bug
tkt_c3da5c5d,acct_e781bc26,2025-08-20T16:25:00,bug
tkt_fc52c6b8,acct_80475f63,2025-08-20T16:32:00,how_to
tkt_caa1c5fe,acct_6ff6c08c,2025-08-20T16:37:00,how_to
tkt_c6e96b44,acct_e9212b0f,2025-08-21T09:12:00,how_to
tkt_3bd91e2c,acct_c56818e0,2025-08-21T09:45:00,bug
tkt_32cddef9,acct_e9212b0f,2025-08-21T11:01:00,bug
tkt_a2579e42,acct_4eefdfde,2025-08-21T11:57:00,bug
tkt_4f993908,acct_0e902fb3,2025-08-21T12:36:00,bug
tkt_2914d637,acct_1bd507f9,2025-08-21T14:25:00,billing
tkt_cba3815b,acct_bec11014,2025-08-21T16:28:00,how_to
tkt_ffde4930,acct_3376d04f,2025-08-22T08:41:00,how_to
tkt_946d9636,acct_6282c916,2025-08-22T11:41:00,how_to
tkt_127bcc3e,acct_a7e4015f,2025-08-22T11:41:00,bug
tkt_6758686d,acct_b754d40a,2025-08-22T12:00:00,bug
tkt_b95c0fcd,acct_b8345bb0,2025-08-22T12:54:00,bug
tkt_40cc26bb,acct_562fbb0c,2025-08-22T13:36:00,bug
tkt_d5f1a3a4,acct_b754d40a,2025-08-23T09:02:00,billing
tkt_a55b2b38,acct_2cbcc6d7,2025-08-23T13:26:00,how_to
tkt_73600dae,acct_89766391,2025-08-23T14:01:00,bug
tkt_0590a675,acct_9a8c7a1b,2025-08-23T14:06:00,how_to
tkt_0ff0fbc2,acct_fc3e2de2,2025-08-24T08:29:00,billing
tkt_ebf62109,acct_5ead07e8,2025-08-24T10:09:00,bug
tkt_42a4525e,acct_dd5a8593,2025-08-24T10:24:00,bug
tkt_c194757d,acct_2cbcc6d7,2025-08-24T14:46:00,how_to
tkt_ee297bdf,acct_b5edefc3,2025-08-25T14:25:00,bug
tkt_e3a7a612,acct_c56818e0,2025-08-25T16:50:00,billing
tkt_accfa5cd,acct_254ceaf4,2025-08-26T09:30:00,billing
tkt_67a77250,acct_3bad5d30,2025-08-26T09:44:00,how_to
tkt_347c9066,acct_9fe1da53,2025-08-26T10:16:00,bug
tkt_ccc822b5,acct_098ce6f2,2025-08-26T13:10:00,how_to
tkt_5917e947,acct_0e902fb3,2025-08-26T13:14:00,bug
tkt_1e46763d,acct_10eecc7e,2025-08-26T15:41:00,bug
tkt_e430dfde,acct_ce894bc2,2025-08-26T16:06:00,bug
tkt_96c3c5ef,acct_4e6be6f9,2025-08-26T18:53:00,bug
tkt_0fa19196,acct_ce894bc2,2025-08-27T16:48:00,bug
tkt_89f0d45d,acct_22bbc84a,2025-08-27T17:32:00,how_to
tkt_985427b0,acct_bc3e743f,2025-08-27T18:57:00,bug
tkt_7e958981,acct_3bad5d30,2025-08-28T08:21:00,bug
tkt_52871dae,acct_b5edefc3,2025-08-28T08:36:00,bug
tkt_2fc9ebb3,acct_83bf288d,2025-08-28T09:55:00,how_to
tkt_84ab56f9,acct_75697561,2025-08-28T12:49:00,how_to
tkt_67766ed2,acct_b15365b9,2025-08-29T09:40:00,bug
tkt_e3870646,acct_25d385d4,2025-08-29T10:04:00,how_to
tkt_1257afb6,acct_a9af4e22,2025-08-29T11:04:00,bug
tkt_8d8bb6a1,acct_9b563abf,2025-08-30T10:50:00,billing
tkt_9a1b59a0,acct_f1f5ec25,2025-08-30T12:12:00,bug
tkt_89eae28a,acct_c56818e0,2025-08-30T12:49:00,bug
tkt_73bf8923,acct_e70ccba5,2025-08-30T13:22:00,billing
tkt_b4c7e75e,acct_fdb5c37a,2025-08-30T13:56:00,bug
tkt_cbf7ce09,acct_b754d40a,2025-08-30T15:09:00,bug
tkt_311046fe,acct_3376d04f,2025-08-30T15:14:00,how_to
tkt_ed265254,acct_09b2ac2b,2025-08-30T16:10:00,billing
tkt_2cf7b435,acct_0c283081,2025-08-30T16:47:00,billing
tkt_0d5a1caa,acct_3e007634,2025-08-30T18:51:00,bug
tkt_1718a586,acct_6282c916,2025-08-31T10:51:00,bug
tkt_9121b6b7,acct_28737266,2025-08-31T12:38:00,bug
tkt_4536615c,acct_f57de496,2025-08-31T15:36:00,billing
tkt_f56f5df2,acct_4f37c791,2025-08-31T16:09:00,bug
tkt_2c58f3cc,acct_a9af4e22,2025-08-31T18:34:00,bug
tkt_6c474d7c,acct_e1d92223,2025-09-01T08:58:00,bug
tkt_71ada8b0,acct_482081a4,2025-09-01T10:13:00,billing
tkt_6bdd532a,acct_f57de496,2025-09-01T11:32:00,bug
tkt_e83791e7,acct_f57de496,2025-09-02T11:38:00,bug
tkt_c3478d74,acct_63bd6067,2025-09-02T14:44:00,bug
tkt_a16a8d39,acct_2b71d374,2025-09-02T14:45:00,bug
tkt_e4aeb2a9,acct_9135d623,2025-09-02T14:50:00,billing
tkt_3d3874e3,acct_3f656a89,2025-09-02T15:26:00,how_to
tkt_8edb6254,acct_5b5c550c,2025-09-02T17:59:00,bug
tkt_bc6ff7a4,acct_f7579aab,2025-09-03T08:49:00,bug
tkt_c1a8d799,acct_e98ed036,2025-09-03T09:50:00,how_to
tkt_733f5243,acct_3376d04f,2025-09-03T13:31:00,bug
tkt_b6b3d651,acct_35df331c,2025-09-03T13:33:00,billing
tkt_e3c22e6b,acct_d587ea33,2025-09-03T18:26:00,bug
tkt_edf72b1b,acct_641bb5b9,2025-09-03T18:59:00,how_to
tkt_bc0c1ea1,acct_18e6fcfc,2025-09-04T08:04:00,billing
tkt_e7586670,acct_87df04cf,2025-09-04T10:56:00,bug
tkt_c3786e65,acct_b18d56d3,2025-09-04T11:06:00,billing
tkt_97227871,acct_fa82236a,2025-09-04T15:09:00,billing
tkt_715badf9,acct_e1d92223,2025-09-05T14:32:00,bug
tkt_51cb7945,acct_2cbcc6d7,2025-09-05T15:15:00,bug
tkt_e41285a1,acct_28737266,2025-09-05T15:47:00,bug
tkt_0c57e509,acct_4f1e6bb4,2025-09-05T16:44:00,how_to
tkt_17c232f2,acct_ce894bc2,2025-09-06T09:22:00,bug
tkt_d4a113fa,acct_3e007634,2025-09-06T13:34:00,bug
tkt_19958f1b,acct_473b6de8,2025-09-06T17:39:00,how_to
tkt_8b48e8a3,acct_28737266,2025-09-07T14:35:00,billing
tkt_a0f42665,acct_0f054678,2025-09-07T15:19:00,bug
tkt_afd08338,acct_10d3b063,2025-09-07T17:23:00,bug
tkt_84d7afe7,acct_5d8ebb84,2025-09-07T18:18:00,bug
tkt_cc3f1af8,acct_65bacf92,2025-09-08T08:20:00,bug
tkt_aab99295,acct_0c283081,2025-09-08T09:20:00,bug
tkt_ab9a55c0,acct_4e6be6f9,2025-09-08T17:44:00,how_to
tkt_5ae05a81,acct_0f054678,2025-09-09T08:32:00,bug
tkt_12aa880f,acct_61efe938,2025-09-09T09:07:00,billing
tkt_189442bb,acct_482081a4,2025-09-09T18:34:00,bug
tkt_823f71ed,acct_b754d40a,2025-09-09T18:51:00,how_to
tkt_d6e1220e,acct_3bd4cade,2025-09-10T08:35:00,how_to
tkt_e1058021,acct_1bd507f9,2025-09-10T11:23:00,billing
tkt_b5077d80,acct_35df331c,2025-09-10T15:55:00,billing
tkt_9baa9bcd,acct_f7579aab,2025-09-10T18:05:00,bug
tkt_bc7c508a,acct_2de4c93b,2025-09-11T08:01:00,how_to
tkt_bc690ace,acct_7f4e969a,2025-09-11T08:36:00,how_to
tkt_24926e2b,acct_28737266,2025-09-11T08:52:00,bug
tkt_6405600e,acct_1eba1750,2025-09-11T09:56:00,how_to
tkt_be8d97e2,acct_e92353de,2025-09-11T14:00:00,bug
tkt_adef6fd2,acct_ca6bf1e7,2025-09-12T12:57:00,bug
tkt_354196c9,acct_3e007634,2025-09-12T14:32:00,bug
tkt_7a6c0c64,acct_ae715a68,2025-09-12T15:36:00,how_to
tkt_2e508142,acct_4e6be6f9,2025-09-12T16:16:00,bug
tkt_51c61407,acct_bc3e743f,2025-09-13T08:19:00,how_to
tkt_7c30ed63,acct_ebad13c1,2025-09-13T11:08:00,billing
tkt_6ec49e26,acct_0e902fb3,2025-09-13T11:36:00,how_to
tkt_0a46c81b,acct_30493096,2025-09-13T12:55:00,bug
tkt_db7b8fc7,acct_2fc55f19,2025-09-13T13:59:00,how_to
tkt_43aee154,acct_1ed669c5,2025-09-13T14:12:00,bug
tkt_1022c5be,acct_0e902fb3,2025-09-13T17:23:00,how_to
tkt_5b4e4e8e,acct_1c7e8731,2025-09-14T08:30:00,bug
tkt_36be5987,acct_bb4797b3,2025-09-14T09:39:00,bug
tkt_410821a6,acct_35df331c,2025-09-14T14:32:00,billing
tkt_a25b2f81,acct_26bf3d1d,2025-09-14T17:43:00,bug
tkt_fbceddfe,acct_1ed669c5,2025-09-14T18:37:00,bug
tkt_e6acc965,acct_c56818e0,2025-09-15T10:43:00,billing
tkt_dd8a3c89,acct_5d8ebb84,2025-09-15T15:47:00,bug
tkt_1113fcbf,acct_f8e816ff,2025-09-15T16:41:00,bug
tkt_00ce05d6,acct_3d5e6282,2025-09-15T17:01:00,bug
tkt_3540f6c5,acct_6749595a,2025-09-16T10:23:00,bug
tkt_ec7cdad7,acct_f7579aab,2025-09-16T11:18:00,bug
tkt_06f5d82d,acct_4be22488,2025-09-16T14:37:00,billing
tkt_fb5a7927,acct_bdc79303,2025-09-16T15:22:00,bug
tkt_317350c3,acct_63bd6067,2025-09-16T17:08:00,bug
tkt_bc14b11f,acct_229c71a0,2025-09-16T18:11:00,billing
tkt_f2c0c34a,acct_440a71a8,2025-09-16T18:14:00,bug
tkt_f3da58ff,acct_ca51c832,2025-09-17T08:25:00,bug
tkt_c3fb1dad,acct_5d8ebb84,2025-09-17T12:50:00,bug
tkt_f7c14666,acct_fcb65758,2025-09-18T08:05:00,bug
tkt_63edc57f,acct_61635eda,2025-09-18T11:43:00,billing
tkt_6bf38a5a,acct_e9212b0f,2025-09-18T12:32:00,bug
tkt_caec5c4b,acct_3bad5d30,2025-09-18T12:50:00,billing
tkt_c72c2d62,acct_3d316fcc,2025-09-18T15:24:00,bug
tkt_a22b2f37,acct_09b2ac2b,2025-09-18T16:25:00,bug
tkt_9bece7ce,acct_881a279e,2025-09-19T12:45:00,how_to
tkt_04c40cac,acct_fbc13c47,2025-09-19T14:43:00,bug
tkt_7aa0663f,acct_ebad13c1,2025-09-20T08:06:00,bug
tkt_ccc890ea,acct_e781bc26,2025-09-20T10:07:00,bug
tkt_fc053bb7,acct_5d8ebb84,2025-09-20T10:27:00,bug
tkt_a86f20bc,acct_deaf0cd1,2025-09-20T16:01:00,bug
tkt_d584dcb2,acct_0e902fb3,2025-09-21T08:30:00,how_to
tkt_c1fc54b3,acct_d8da4f34,2025-09-21T11:20:00,bug
tkt_24ba43f5,acct_c56818e0,2025-09-21T12:29:00,how_to
tkt_f7dba01c,acct_28737266,2025-09-21T12:57:00,bug
tkt_64ae56b7,acct_3d5e6282,2025-09-21T14:38:00,bug
tkt_47bcedf2,acct_473b6de8,2025-09-21T15:01:00,how_to
tkt_9cc201cb,acct_0ab57b1f,2025-09-21T17:39:00,how_to
tkt_3c928ba9,acct_90df2d81,2025-09-22T08:20:00,how_to
tkt_85f7804e,acct_83bf288d,2025-09-22T08:52:00,bug
tkt_6dd11f71,acct_ae715a68,2025-09-22T09:58:00,bug
tkt_8d1fb14a,acct_7dd7612f,2025-09-22T12:34:00,how_to
tkt_026dcaf9,acct_0c283081,2025-09-22T15:42:00,how_to
tkt_ea0e0663,acct_3bad5d30,2025-09-22T16:45:00,how_to
tkt_c40b4ce9,acct_a7e4015f,2025-09-23T08:29:00,how_to
tkt_b29e53cc,acct_1bd507f9,2025-09-23T16:49:00,bug
tkt_a25e5647,acct_440a71a8,2025-09-23T17:39:00,bug
tkt_9e2d2a1e,acct_e5a96da2,2025-09-23T17:56:00,bug
tkt_7484040d,acct_b5edefc3,2025-09-23T18:49:00,billing
tkt_b568a5c6,acct_3e007634,2025-09-24T16:55:00,bug
tkt_7404b7ab,acct_ca10dbb7,2025-09-24T17:04:00,billing
tkt_4737e324,acct_deaf0cd1,2025-09-24T17:07:00,billing
tkt_6db7cb18,acct_ae84e07f,2025-09-25T08:47:00,bug
tkt_1cbc4b4c,acct_a9af4e22,2025-09-25T12:50:00,bug
tkt_66d36e30,acct_0ab57b1f,2025-09-25T15:32:00,bug
tkt_30fdbf25,acct_e2cfb1cb,2025-09-25T16:44:00,how_to
tkt_4690b1c6,acct_fc3e2de2,2025-09-25T17:10:00,bug
tkt_fad77bfd,acct_bb4797b3,2025-09-25T18:03:00,bug
tkt_03d15612,acct_80475f63,2025-09-26T09:22:00,bug
tkt_c9cc52cb,acct_28737266,2025-09-26T09:33:00,billing
tkt_140be6b8,acct_e92353de,2025-09-26T13:37:00,how_to
tkt_4c8fc297,acct_26bf3d1d,2025-09-26T15:40:00,bug
tkt_60259e02,acct_0e902fb3,2025-09-27T09:57:00,how_to
tkt_3cc45dd3,acct_3376d04f,2025-09-27T11:41:00,bug
tkt_55726a2d,acct_0e902fb3,2025-09-27T12:49:00,how_to
tkt_78d6fbe3,acct_fe26953e,2025-09-27T14:38:00,how_to
tkt_eefc67ef,acct_062b8c4c,2025-09-27T15:21:00,bug
tkt_0208523f,acct_0f054678,2025-09-27T16:26:00,billing
tkt_36e04f4b,acct_b18d56d3,2025-09-28T10:07:00,bug
tkt_61e11e77,acct_0f054678,2025-09-28T15:05:00,bug
tkt_33f51c24,acct_098ce6f2,2025-09-28T16:34:00,billing
tkt_0b3f4aa0,acct_0ab57b1f,2025-09-29T08:38:00,how_to
tkt_9301112d,acct_fbc13c47,2025-09-29T09:09:00,how_to
tkt_74a816d5,acct_bc9f1f3d,2025-09-29T10:12:00,bug
tkt_4dd67181,acct_b754d40a,2025-09-29T12:00:00,billing
tkt_f0ff0f1f,acct_6550d4db,2025-09-29T13:52:00,bug
tkt_8c1ca492,acct_09b2ac2b,2025-09-29T14:20:00,billing
tkt_7e09f9cb,acct_35df331c,2025-09-29T17:37:00,bug
tkt_66f6aaeb,acct_9135d623,2025-09-30T08:02:00,billing
tkt_51e1312a,acct_1ed669c5,2025-09-30T08:18:00,bug
tkt_2a5014e6,acct_338c1ab5,2025-09-30T15:34:00,how_to
tkt_d3f139cc,acct_3f656a89,2025-09-30T16:22:00,bug
tkt_32853607,acct_a5f493da,2025-09-30T17:19:00,bug
tkt_722efe15,acct_20115fdb,2025-10-01T08:01:00,how_to
tkt_580d66e4,acct_11e7ada6,2025-10-01T14:07:00,how_to
tkt_b58e15ba,acct_0ab57b1f,2025-10-01T18:46:00,how_to
tkt_5a79f262,acct_1ed669c5,2025-10-02T09:24:00,how_to
tkt_0210e58b,acct_73a4cad3,2025-10-02T11:53:00,how_to
tkt_82ed07c9,acct_cd466e9f,2025-10-02T12:56:00,bug
tkt_2e158f73,acct_30493096,2025-10-02T15:09:00,bug
tkt_702957b5,acct_db4e87db,2025-10-02T15:46:00,how_to
tkt_c6d024af,acct_bb4797b3,2025-10-02T17:11:00,bug
tkt_ead1d8b4,acct_59954b42,2025-10-02T17:16:00,bug
tkt_4ee84f23,acct_fe26953e,2025-10-03T12:08:00,how_to
tkt_9920942d,acct_63bd6067,2025-10-03T12:34:00,how_to
tkt_e00abe14,acct_96fc5bec,2025-10-03T12:37:00,bug
tkt_d60a0983,acct_1ed669c5,2025-10-03T12:49:00,how_to
tkt_c0ab4c29,acct_3e007634,2025-10-03T14:05:00,how_to
tkt_b0b991c0,acct_75f117ab,2025-10-04T08:08:00,bug
tkt_19c36f00,acct_ebad13c1,2025-10-04T10:30:00,bug
tkt_8c7b9fdb,acct_52de0938,2025-10-04T12:05:00,how_to
tkt_0914004c,acct_dd5a8593,2025-10-04T12:40:00,how_to
tkt_f1e66164,acct_22bbc84a,2025-10-05T08:18:00,how_to
tkt_800cce9c,acct_440a71a8,2025-10-05T09:28:00,bug
tkt_23160ae1,acct_6ff6c08c,2025-10-05T11:09:00,bug
tkt_1f4a3112,acct_fc3e2de2,2025-10-05T18:09:00,bug
tkt_f8b463da,acct_9184b558,2025-10-06T08:56:00,bug
tkt_51ca38f3,acct_0c283081,2025-10-07T11:45:00,bug
tkt_d72bda62,acct_d8da4f34,2025-10-07T14:37:00,bug
tkt_8d730fe2,acct_87df04cf,2025-10-07T18:36:00,bug
tkt_eba4345c,acct_bb4797b3,2025-10-07T18:48:00,bug
tkt_f5e81e2d,acct_09b2ac2b,2025-10-08T08:30:00,billing
tkt_d04ba160,acct_2e00eed5,2025-10-08T10:31:00,bug
tkt_eade1969,acct_ca51c832,2025-10-08T12:28:00,bug
tkt_06a88c06,acct_e1d92223,2025-10-08T13:28:00,bug
tkt_bf165ab8,acct_db4e87db,2025-10-08T16:52:00,how_to
tkt_8ab10c30,acct_fbc13c47,2025-10-09T08:35:00,how_to
tkt_a57808c1,acct_8f20af1b,2025-10-09T10:28:00,billing
tkt_2982bd31,acct_b1d31bf1,2025-10-09T11:23:00,bug
tkt_4e006fa2,acct_8f0fe9cb,2025-10-09T15:21:00,bug
tkt_0290d300,acct_b21f7313,2025-10-09T16:22:00,bug
tkt_7d43d9da,acct_482081a4,2025-10-09T17:08:00,bug
tkt_04a38f50,acct_02033535,2025-10-10T08:09:00,how_to
tkt_56c713ec,acct_bc3e743f,2025-10-10T10:43:00,bug
tkt_04068bfe,acct_7e8e910b,2025-10-10T10:59:00,bug
tkt_736baeab,acct_be8be086,2025-10-10T13:22:00,how_to
tkt_b5a915b4,acct_338c1ab5,2025-10-11T08:20:00,how_to
tkt_b3f73cc6,acct_1a9a6ea5,2025-10-11T11:03:00,bug
tkt_9c6e2243,acct_3e007634,2025-10-11T12:44:00,bug
tkt_192dea3e,acct_440a71a8,2025-10-11T13:59:00,how_to
tkt_582afa96,acct_08a76e1d,2025-10-11T15:17:00,bug
tkt_8e9b418b,acct_cd466e9f,2025-10-11T16:30:00,bug
tkt_e0428fc8,acct_98c3af94,2025-10-12T10:20:00,bug
tkt_31f642da,acct_0e902fb3,2025-10-12T15:11:00,bug
tkt_99303007,acct_7e8e910b,2025-10-12T15:53:00,bug
tkt_c2da10fb,acct_ba14b802,2025-10-13T08:47:00,bug
tkt_df6a39df,acct_2b71d374,2025-10-13T08:53:00,bug
tkt_01e1ffee,acct_d44d68eb,2025-10-13T14:32:00,how_to
tkt_ef0a2889,acct_482081a4,2025-10-14T13:19:00,billing
tkt_0939c9bc,acct_062b8c4c,2025-10-14T16:52:00,billing
tkt_342f2813,acct_6749595a,2025-10-14T18:12:00,bug
tkt_32a8e3ab,acct_61635eda,2025-10-14T18:13:00,billing
tkt_0546a992,acct_b8bc4efc,2025-10-15T09:40:00,bug
tkt_1d196803,acct_54ff043f,2025-10-15T14:22:00,how_to
tkt_64490e25,acct_229c71a0,2025-10-15T16:12:00,how_to
tkt_6c26fea7,acct_098ce6f2,2025-10-15T17:54:00,how_to
tkt_891398ac,acct_08a76e1d,2025-10-15T18:33:00,bug
tkt_1ded8695,acct_08a76e1d,2025-10-16T12:18:00,bug
tkt_685b7379,acct_229c71a0,2025-10-16T12:28:00,how_to
tkt_41972d85,acct_35df331c,2025-10-16T12:58:00,billing
tkt_6b853bbd,acct_ce894bc2,2025-10-16T13:40:00,bug
tkt_5f5540a8,acct_3e007634,2025-10-16T14:23:00,billing
tkt_ec34198f,acct_1a9a6ea5,2025-10-16T14:45:00,billing
tkt_3660962c,acct_b153cf26,2025-10-16T16:59:00,bug
tkt_31f7de9a,acct_098ce6f2,2025-10-16T18:19:00,how_to
tkt_dd2d9ba1,acct_fe26953e,2025-10-16T18:47:00,billing
tkt_3cf29bfb,acct_30493096,2025-10-17T09:26:00,billing
tkt_3114ee2c,acct_b153cf26,2025-10-17T11:36:00,how_to
tkt_4686d184,acct_844f019a,2025-10-17T13:15:00,bug
tkt_0b9005ad,acct_deaf0cd1,2025-10-17T14:11:00,bug
tkt_65c2e4a6,acct_2df6950f,2025-10-17T18:35:00,billing
tkt_64eb5140,acct_4f320089,2025-10-17T18:52:00,how_to
tkt_d97ce76d,acct_ca51c832,2025-10-18T08:09:00,bug
tkt_6dea1420,acct_9fd91b0c,2025-10-18T08:14:00,billing
tkt_e72eb208,acct_be0e69d4,2025-10-18T11:17:00,how_to
tkt_1f741fb0,acct_b754d40a,2025-10-18T12:22:00,how_to
tkt_8e0d5284,acct_7baa5d5b,2025-10-18T15:27:00,how_to
tkt_7c7f14be,acct_18e6fcfc,2025-10-18T18:17:00,billing
tkt_6ea297eb,acct_80475f63,2025-10-18T18:28:00,bug
tkt_d14115c7,acct_9184b558,2025-10-19T09:43:00,billing
tkt_a12f916d,acct_e9212b0f,2025-10-19T13:28:00,bug
tkt_d0d7d0c0,acct_99eb42f1,2025-10-19T14:41:00,bug
tkt_dee71475,acct_a4f5ac86,2025-10-20T14:40:00,how_to
tkt_5c6f0643,acct_a9af4e22,2025-10-20T15:06:00,bug
tkt_0a1a66ec,acct_bec11014,2025-10-21T10:20:00,how_to
tkt_140c6b78,acct_482081a4,2025-10-21T12:12:00,billing
tkt_ad6357df,acct_35df331c,2025-10-21T12:24:00,billing
tkt_4c8ebc49,acct_fcb65758,2025-10-21T13:12:00,billing
tkt_f7c12f53,acct_ebad13c1,2025-10-21T16:44:00,billing
tkt_49b7db94,acct_1eba1750,2025-10-21T17:10:00,bug
tkt_79a116c5,acct_fc3e2de2,2025-10-22T10:21:00,billing
tkt_03b32d86,acct_e98ed036,2025-10-22T11:11:00,bug
tkt_f68cd3b0,acct_7dfaf9db,2025-10-22T12:09:00,bug
tkt_89829478,acct_ae715a68,2025-10-23T08:11:00,bug
tkt_98a3b7df,acct_e70ccba5,2025-10-23T09:42:00,bug
tkt_24e267c3,acct_b1d31bf1,2025-10-23T10:01:00,bug
tkt_b5003103,acct_db4e87db,2025-10-23T11:26:00,how_to
tkt_1f9ba08a,acct_e781bc26,2025-10-23T11:56:00,how_to
tkt_67141213,acct_75f117ab,2025-10-23T13:54:00,how_to
tkt_4c9787a8,acct_f7cf8c3b,2025-10-23T14:26:00,bug
tkt_13bfdd50,acct_ab34388b,2025-10-23T14:53:00,billing
tkt_5218d8b9,acct_2fc55f19,2025-10-23T17:43:00,bug
tkt_6ef8d801,acct_cdce3583,2025-10-23T17:46:00,bug
tkt_1ce09f76,acct_3e007634,2025-10-23T17:47:00,billing
tkt_be433f1e,acct_a9af4e22,2025-10-23T17:50:00,billing
tkt_9b16a498,acct_bc3e743f,2025-10-24T08:59:00,bug
tkt_1bd741a4,acct_641bb5b9,2025-10-24T09:05:00,bug
tkt_3aa540a0,acct_529d9f40,2025-10-24T10:14:00,bug
tkt_01ac5ac5,acct_8f0fe9cb,2025-10-24T14:51:00,bug
tkt_5189096f,acct_6749595a,2025-10-24T16:27:00,bug
tkt_bddbeb39,acct_5bbfa75f,2025-10-25T10:29:00,bug
tkt_201a9acb,acct_1eba1750,2025-10-25T10:31:00,bug
tkt_dabc8dde,acct_54ff043f,2025-10-25T14:11:00,how_to
tkt_1510a5d1,acct_b153cf26,2025-10-25T16:47:00,bug
tkt_6659daaf,acct_a9af4e22,2025-10-25T17:12:00,billing
tkt_3b9b290a,acct_cfc37534,2025-10-25T18:07:00,bug
tkt_ea36fe66,acct_96fc5bec,2025-10-26T12:45:00,billing
tkt_03ff77f9,acct_e9212b0f,2025-10-26T17:19:00,bug
tkt_5c4472be,acct_8f0fe9cb,2025-10-26T18:11:00,bug
tkt_03441386,acct_90df2d81,2025-10-26T18:59:00,how_to
tkt_02b04e9c,acct_18c0ed29,2025-10-27T11:01:00,bug
tkt_206dc895,acct_b9f0b984,2025-10-27T11:54:00,how_to
tkt_8eaca689,acct_30493096,2025-10-27T16:08:00,bug
tkt_eb4b3158,acct_0e902fb3,2025-10-27T16:15:00,bug
tkt_b04df243,acct_09b2ac2b,2025-10-27T16:40:00,bug
tkt_ca738969,acct_fcb65758,2025-10-27T17:31:00,billing
tkt_e88b43a3,acct_fe26953e,2025-10-27T18:02:00,how_to
tkt_2880add5,acct_9a8c7a1b,2025-10-28T11:17:00,bug
tkt_fa47a42b,acct_255bba8d,2025-10-28T11:26:00,bug
tkt_da15aead,acct_0e902fb3,2025-10-28T11:47:00,billing
tkt_ed3349a1,acct_54ff043f,2025-10-28T12:46:00,how_to
tkt_6e82517b,acct_87c6b950,2025-10-28T14:15:00,how_to
tkt_0b03e187,acct_bdc79303,2025-10-28T18:02:00,bug
tkt_598bafe4,acct_62d83fb8,2025-10-28T18:19:00,bug
tkt_f7a2722a,acct_ebad13c1,2025-10-29T08:16:00,bug
tkt_f915ed29,acct_181b3bf4,2025-10-29T09:40:00,how_to
tkt_e01e4624,acct_87c6b950,2025-10-29T10:07:00,bug
tkt_3798d1fb,acct_75f117ab,2025-10-29T10:24:00,bug
tkt_ddf519f5,acct_cde51969,2025-10-29T13:14:00,how_to
tkt_b9f6fb4a,acct_bd08958c,2025-10-29T15:07:00,bug
tkt_fcb263d7,acct_bb4797b3,2025-10-29T15:56:00,how_to
tkt_b142ef43,acct_09b2ac2b,2025-10-29T17:24:00,bug
tkt_9ad027e4,acct_cfc37534,2025-10-29T17:39:00,bug
tkt_828e5d72,acct_59954b42,2025-10-31T08:17:00,how_to
tkt_cc8e6027,acct_5470db7b,2025-10-31T08:44:00,billing
tkt_f48787ea,acct_60a12700,2025-10-31T10:30:00,how_to
tkt_a3629c4b,acct_23072c13,2025-10-31T12:04:00,bug
tkt_78e1d26c,acct_9b563abf,2025-10-31T12:38:00,billing
tkt_5145c94e,acct_a5f493da,2025-10-31T14:40:00,bug
tkt_c2353762,acct_98c3af94,2025-10-31T15:00:00,how_to
tkt_6ce6c39e,acct_ebad13c1,2025-10-31T15:25:00,billing
tkt_856fff84,acct_8f20af1b,2025-10-31T18:07:00,billing
tkt_5ccc9b0a,acct_1eba1750,2025-11-01T08:22:00,bug
tkt_f87481df,acct_0e902fb3,2025-11-01T13:51:00,billing
tkt_cf9c350f,acct_5f4aa06b,2025-11-01T15:44:00,bug
tkt_4a3cf101,acct_609df45f,2025-11-01T16:28:00,billing
tkt_efe97eb2,acct_75697561,2025-11-01T16:31:00,bug
tkt_c30753e1,acct_2b71d374,2025-11-01T16:39:00,billing
tkt_22255a6f,acct_99eb42f1,2025-11-01T18:00:00,how_to
tkt_d95b42ad,acct_99eb42f1,2025-11-01T18:44:00,bug
tkt_757a607f,acct_be0e69d4,2025-11-02T09:06:00,bug
tkt_b8e59acd,acct_bc9f1f3d,2025-11-02T13:10:00,bug
tkt_3fa1207b,acct_2c041bfc,2025-11-02T14:03:00,how_to
tkt_56137f80,acct_b60d2151,2025-11-03T08:47:00,bug
tkt_b27e1914,acct_3bad5d30,2025-11-03T09:25:00,bug
tkt_5c8f2c4e,acct_6749595a,2025-11-03T10:35:00,bug
tkt_41127191,acct_9184b558,2025-11-03T14:27:00,bug
tkt_fbe9b059,acct_8f20af1b,2025-11-04T08:58:00,billing
tkt_e7d746bb,acct_bbf8d76d,2025-11-04T09:17:00,billing
tkt_b058bcbf,acct_1bd507f9,2025-11-04T10:20:00,bug
tkt_78389ba1,acct_2de4c93b,2025-11-04T13:44:00,bug
tkt_e4239d17,acct_be2e7066,2025-11-05T09:47:00,how_to
tkt_f8725b2a,acct_ae715a68,2025-11-05T11:04:00,bug
tkt_90c5e45c,acct_e2cfb1cb,2025-11-05T12:29:00,bug
tkt_9a47a46f,acct_4797a6bf,2025-11-06T12:34:00,bug
tkt_a7e77e8b,acct_db122064,2025-11-06T17:16:00,how_to
tkt_7d3ab359,acct_5865be29,2025-11-07T10:29:00,billing
tkt_7626391e,acct_3bd4cade,2025-11-07T12:25:00,how_to
tkt_97e82d90,acct_5f4aa06b,2025-11-07T12:41:00,billing
tkt_71ce42ea,acct_bc3e743f,2025-11-07T14:48:00,billing
tkt_cb814200,acct_2b71d374,2025-11-08T10:59:00,billing
tkt_85e68b90,acct_218f8ca7,2025-11-09T08:16:00,how_to
tkt_1c872986,acct_23f49ea3,2025-11-09T10:05:00,bug
tkt_0bb77cdc,acct_2196d6d4,2025-11-09T10:38:00,how_to
tkt_b0808b42,acct_e98ed036,2025-11-09T14:48:00,bug
tkt_8966cd73,acct_4e53d04c,2025-11-09T15:32:00,bug
tkt_f6ff146d,acct_297a3638,2025-11-09T16:30:00,billing
tkt_e24ada8f,acct_2fc55f19,2025-11-09T18:15:00,bug
tkt_80c2997e,acct_8f20af1b,2025-11-10T10:07:00,bug
tkt_80857d83,acct_be8be086,2025-11-10T10:14:00,bug
tkt_60095102,acct_1bd507f9,2025-11-10T11:27:00,billing
tkt_92c0233b,acct_ea8491da,2025-11-10T12:10:00,bug
tkt_8d51ae33,acct_99eb42f1,2025-11-10T14:23:00,bug
tkt_fd747d7d,acct_4542fe1f,2025-11-10T17:42:00,how_to
tkt_a34949cb,acct_65bacf92,2025-11-10T18:31:00,billing
tkt_b24f1231,acct_be2e7066,2025-11-11T08:58:00,bug
tkt_6d0a9208,acct_5f4aa06b,2025-11-11T10:28:00,how_to
tkt_9d5c6009,acct_73a4cad3,2025-11-11T15:09:00,bug
tkt_0f94c798,acct_e9212b0f,2025-11-12T09:38:00,bug
tkt_05aa3d82,acct_61635eda,2025-11-12T15:27:00,bug
tkt_54b23e28,acct_23072c13,2025-11-12T16:05:00,bug
tkt_f993c8f0,acct_5f4aa06b,2025-11-12T16:45:00,bug
tkt_02d9ed16,acct_229c71a0,2025-11-13T09:35:00,billing
tkt_f9a9ea19,acct_bbf8d76d,2025-11-13T15:19:00,how_to
tkt_e3467211,acct_2957a0b9,2025-11-14T09:19:00,how_to
tkt_b61d5487,acct_2957a0b9,2025-11-14T09:51:00,billing
tkt_59d12e05,acct_ce894bc2,2025-11-14T10:29:00,billing
tkt_0aef45bb,acct_6550d4db,2025-11-14T11:22:00,bug
tkt_e34e2897,acct_2fc55f19,2025-11-14T11:25:00,bug
tkt_0abcc4b1,acct_ae715a68,2025-11-14T12:42:00,how_to
tkt_fdcf6639,acct_cde51969,2025-11-15T11:52:00,bug
tkt_c2103ff1,acct_ae715a68,2025-11-15T11:58:00,how_to
tkt_5a33c798,acct_062b8c4c,2025-11-15T12:13:00,bug
tkt_603675bf,acct_87c6b950,2025-11-15T14:46:00,bug
tkt_4be8af2f,acct_e2cfb1cb,2025-11-16T08:23:00,bug
tkt_e2b11f3f,acct_cde51969,2025-11-16T08:44:00,bug
tkt_6a690c64,acct_12a1f28c,2025-11-16T11:39:00,billing
tkt_365ec852,acct_1a9a6ea5,2025-11-16T16:02:00,bug
tkt_a268f693,acct_9b563abf,2025-11-16T16:54:00,bug
tkt_8db5025c,acct_be0e69d4,2025-11-17T09:20:00,how_to
tkt_979ace89,acct_26bf3d1d,2025-11-17T09:48:00,how_to
tkt_cb76ac15,acct_60a12700,2025-11-17T11:29:00,bug
tkt_c38f25ae,acct_3bd4cade,2025-11-17T13:57:00,bug
tkt_875f1274,acct_2b71d374,2025-11-17T17:27:00,bug
tkt_971d7e03,acct_677f4c76,2025-11-17T17:54:00,how_to
tkt_b1727c57,acct_9a8c7a1b,2025-11-17T18:36:00,bug
tkt_4ee8a57d,acct_60de50c7,2025-11-18T08:57:00,bug
tkt_073315b4,acct_60de50c7,2025-11-18T09:41:00,how_to
tkt_01079ca3,acct_098ce6f2,2025-11-18T10:12:00,bug
tkt_41919b1d,acct_b71d8c4d,2025-11-18T11:25:00,bug
tkt_d7a0775a,acct_7baa5d5b,2025-11-18T12:29:00,bug
tkt_920c9f3c,acct_cd466e9f,2025-11-18T12:49:00,how_to
tkt_28c97cf0,acct_60a12700,2025-11-18T15:10:00,how_to
tkt_8f0f46e6,acct_5d8ebb84,2025-11-18T16:32:00,bug
tkt_d33ad4c7,acct_4b3d6f06,2025-11-18T16:43:00,how_to
tkt_fcbb2bcd,acct_0869eeb1,2025-11-19T10:41:00,bug
tkt_7469c10b,acct_60a12700,2025-11-19T10:53:00,billing
tkt_6677ec65,acct_81aca38d,2025-11-19T16:37:00,how_to
tkt_13515fe2,acct_12a1f28c,2025-11-20T12:17:00,bug
tkt_a21f1da3,acct_60a12700,2025-11-20T14:04:00,bug
tkt_d8e51699,acct_accabb76,2025-11-20T15:41:00,how_to
tkt_f0f119b6,acct_62d83fb8,2025-11-20T15:53:00,how_to
tkt_9bd1dd29,acct_71524fb2,2025-11-20T18:44:00,how_to
tkt_ea55818c,acct_4797a6bf,2025-11-21T09:07:00,how_to
tkt_81455946,acct_677f4c76,2025-11-21T11:04:00,how_to
tkt_d1254bf8,acct_ae715a68,2025-11-21T11:16:00,bug
tkt_c629547f,acct_b71d8c4d,2025-11-21T12:24:00,how_to
tkt_9df4fd32,acct_bc9f1f3d,2025-11-21T16:30:00,bug
tkt_f066f286,acct_3907b553,2025-11-22T08:13:00,billing
tkt_43f90f06,acct_c56818e0,2025-11-22T09:13:00,billing
tkt_d1781624,acct_60a12700,2025-11-22T09:23:00,bug
tkt_b687a0a1,acct_720e1aff,2025-11-22T10:22:00,bug
tkt_25182b62,acct_7efcf03a,2025-11-22T10:33:00,billing
tkt_098be3c2,acct_42537923,2025-11-22T14:02:00,how_to
tkt_842c8891,acct_b153cf26,2025-11-22T14:12:00,bug
tkt_aee6a6a0,acct_c56818e0,2025-11-22T15:31:00,bug
tkt_f91664e9,acct_7efcf03a,2025-11-22T15:55:00,how_to
tkt_976987f8,acct_bd08958c,2025-11-23T09:42:00,how_to
tkt_9f739dac,acct_7b0149a3,2025-11-23T13:16:00,billing
tkt_7d7d4818,acct_7efcf03a,2025-11-23T16:47:00,bug
tkt_88d55132,acct_96fc5bec,2025-11-23T18:51:00,how_to
tkt_06cd11bd,acct_f7cf8c3b,2025-11-24T10:47:00,billing
tkt_e268bf3b,acct_4797a6bf,2025-11-24T14:44:00,how_to
tkt_1dd1a7e6,acct_f8e816ff,2025-11-24T17:42:00,bug
tkt_5973fba2,acct_218f8ca7,2025-11-25T08:06:00,how_to
tkt_e98eb91c,acct_9fd91b0c,2025-11-25T08:55:00,bug
tkt_b38982b7,acct_30493096,2025-11-25T09:56:00,billing
tkt_f15079bb,acct_0e2dca59,2025-11-25T10:12:00,how_to
tkt_90bc3122,acct_743341c8,2025-11-25T13:50:00,how_to
tkt_cc6c8428,acct_062b8c4c,2025-11-25T14:57:00,bug
tkt_4db28825,acct_96fc5bec,2025-11-25T16:49:00,billing
tkt_30ccf89f,acct_0ab57b1f,2025-11-25T17:51:00,bug
tkt_7fadb6ce,acct_75f117ab,2025-11-26T10:06:00,bug
tkt_c49e62c1,acct_bc9f1f3d,2025-11-27T13:18:00,bug
tkt_387b70bb,acct_2b71d374,2025-11-27T15:11:00,bug
tkt_fe19192b,acct_c8695ea8,2025-11-27T17:17:00,how_to
tkt_c880d48b,acct_61635eda,2025-11-27T18:37:00,bug
tkt_0eb8de69,acct_cfc37534,2025-11-27T18:57:00,bug
tkt_2d5dc3e4,acct_6749595a,2025-11-28T08:27:00,billing
tkt_e1d2fe9c,acct_1bd507f9,2025-11-28T10:14:00,bug
tkt_8c3942af,acct_ea8491da,2025-11-28T10:34:00,how_to
tkt_ea279f6c,acct_ae84e07f,2025-11-28T11:09:00,bug
tkt_e71eed18,acct_bd08958c,2025-11-29T11:14:00,how_to
tkt_c82dfcb1,acct_2b71d374,2025-11-30T08:49:00,billing
tkt_c7a02e17,acct_4e53d04c,2025-11-30T10:23:00,how_to
tkt_8b125ff3,acct_bb4797b3,2025-11-30T11:56:00,billing
tkt_1a5926b4,acct_846a02fb,2025-11-30T16:25:00,how_to
