asset_id,ts,vibration,temp_c,pressure_psi,current_a,maintenance_due,event_type,event_start,event_end
asset_000,2026-04-01T00:00:00,1.4498,56.979,57.536,1.0593,1,,,
asset_001,2026-04-01T00:00:00,0.9828,57.126,62.135,1.1357,0,,,
asset_002,2026-04-01T00:00:00,1.2657,65.081,54.187,0.9797,0,,,
asset_003,2026-04-01T00:00:00,1.1049,57.536,58.224,0.982,0,,,
asset_004,2026-04-01T00:00:00,1.1688,62.65,42.573,0.9337,0,,,
asset_005,2026-04-01T00:00:00,1.327,60.266,56.078,1.1761,0,,,
asset_006,2026-04-01T00:00:00,1.0706,54.28,47.502,0.9436,0,,,
asset_007,2026-04-01T00:00:00,0.7675,65.491,41.438,1.1034,0,,,
asset_008,2026-04-01T00:00:00,0.753,70.53,59.616,0.9985,0,,,
asset_009,2026-04-01T00:00:00,1.2032,66.9,56.1,0.9936,0,,,
asset_010,2026-04-01T00:00:00,1.0834,70.225,59.71,1.0036,0,,,
asset_011,2026-04-01T00:00:00,0.8536,61.744,58.068,1.1249,1,,,
asset_012,2026-04-01T00:00:00,1.5618,58.822,47.953,0.9326,0,,,
asset_013,2026-04-01T00:00:00,1.4786,64.971,43.427,1.1008,0,,,
asset_014,2026-04-01T00:00:00,1.6402,55.057,50.883,0.9642,1,,,
asset_015,2026-04-01T00:00:00,2.2056,61.397,49.232,1.1191,0,,,
asset_016,2026-04-01T00:00:00,1.0258,67.632,57.054,0.9927,0,,,
asset_017,2026-04-01T00:00:00,1.347,62.095,48.658,0.944,0,,,
asset_018,2026-04-01T00:00:00,1.1437,66.305,55.187,0.9999,0,,,
asset_019,2026-04-01T00:00:00,1.5132,59.117,56.858,1.0617,0,,,
asset_020,2026-04-01T00:00:00,1.6927,66.521,51.838,0.8424,0,,,
asset_021,2026-04-01T00:00:00,1.6925,53.048,47.463,1.0063,0,,,
asset_022,2026-04-01T00:00:00,0.6112,59.808,43.678,0.9244,0,,,
asset_023,2026-04-01T00:00:00,1.1939,49.176,58.756,0.9825,0,,,
asset_024,2026-04-01T00:00:00,1.1035,68.261,59.185,1.0194,0,,,
asset_025,2026-04-01T00:00:00,1.519,53.871,57.985,1.0899,0,,,
asset_026,2026-04-01T00:00:00,1.3891,60.666,42.585,0.9712,0,,,
asset_027,2026-04-01T00:00:00,0.9966,63.145,53.145,0.9919,0,,,
asset_028,2026-04-01T00:00:00,1.4254,64.598,58.005,0.8648,1,,,
asset_029,2026-04-01T00:00:00,1.4215,51.699,50.923,0.9975,0,,,
asset_030,2026-04-01T00:00:00,1.2294,69.336,49.093,1.0479,0,,,
asset_031,2026-04-01T00:00:00,1.2603,62.017,50.919,0.9308,0,,,
asset_032,2026-04-01T00:00:00,1.7678,56.792,39.908,0.921,0,,,
asset_033,2026-04-01T00:00:00,0.7686,62.603,49.029,0.9372,0,,,
asset_034,2026-04-01T00:00:00,0.9279,66.819,43.692,1.0568,0,,,
asset_035,2026-04-01T00:00:00,1.6066,57.58,56.56,0.9056,0,,,
asset_036,2026-04-01T00:00:00,1.4636,58.83,48.559,1.076,0,,,
asset_037,2026-04-01T00:00:00,1.0971,51.859,59.276,0.9565,0,,,
asset_038,2026-04-01T00:00:00,1.1564,67.806,48.28,0.9718,0,,,
asset_039,2026-04-01T00:00:00,1.1394,69.968,54.952,1.1722,0,,,
asset_000,2026-04-01T06:00:00,1.3347,57.434,45.25,0.8677,0,,,
asset_001,2026-04-01T06:00:00,0.9281,56.39,41.371,1.087,0,,,
asset_002,2026-04-01T06:00:00,1.7122,68.268,58.615,0.9155,0,,,
asset_003,2026-04-01T06:00:00,1.399,59.498,54.721,0.8265,0,,,
asset_004,2026-04-01T06:00:00,1.3782,60.973,39.874,1.0064,0,,,
asset_005,2026-04-01T06:00:00,0.9186,57.603,42.262,0.8957,0,,,
asset_006,2026-04-01T06:00:00,1.136,50.814,57.96,0.9132,0,,,
asset_007,2026-04-01T06:00:00,0.9302,63.648,53.651,0.8607,0,,,
asset_008,2026-04-01T06:00:00,1.1801,69.914,47.96,0.8597,0,,,
asset_009,2026-04-01T06:00:00,1.6984,61.877,47.526,1.1679,0,,,
asset_010,2026-04-01T06:00:00,1.2808,70.483,54.995,0.9925,0,,,
asset_011,2026-04-01T06:00:00,0.9949,62.762,48.766,0.9842,0,,,
asset_012,2026-04-01T06:00:00,1.6699,56.392,48.23,0.9785,0,,,
asset_013,2026-04-01T06:00:00,1.0079,62.938,57.862,1.0482,0,,,
asset_014,2026-04-01T06:00:00,0.9663,55.471,51.509,1.0126,0,,,
asset_015,2026-04-01T06:00:00,1.6351,59.037,51.045,0.9678,0,,,
asset_016,2026-04-01T06:00:00,0.7439,69.066,58.921,0.9919,0,,,
asset_017,2026-04-01T06:00:00,1.7862,55.616,46.534,0.91,1,,,
asset_018,2026-04-01T06:00:00,1.0016,65.279,53.352,1.0371,0,,,
asset_019,2026-04-01T06:00:00,1.5519,56.819,56.1,1.0954,0,,,
asset_020,2026-04-01T06:00:00,1.5694,61.598,42.319,1.083,0,,,
asset_021,2026-04-01T06:00:00,1.5741,54.492,52.947,0.9142,1,,,
asset_022,2026-04-01T06:00:00,0.7495,63.367,53.627,0.9678,0,,,
asset_023,2026-04-01T06:00:00,1.4294,50.298,49.07,1.0806,0,,,
asset_024,2026-04-01T06:00:00,0.5822,70.917,46.562,0.9631,0,,,
asset_025,2026-04-01T06:00:00,1.5759,57.788,46.152,0.8644,0,,,
asset_026,2026-04-01T06:00:00,1.3833,56.034,44.713,1.0628,0,,,
asset_027,2026-04-01T06:00:00,1.0196,63.328,57.027,0.9857,1,,,
asset_028,2026-04-01T06:00:00,1.6521,60.756,51.826,0.9604,0,,,
asset_029,2026-04-01T06:00:00,1.1972,51.33,44.643,0.9657,0,,,
asset_030,2026-04-01T06:00:00,1.6444,65.981,45.006,1.1315,0,,,
asset_031,2026-04-01T06:00:00,1.1461,63.95,57.657,0.9263,0,,,
asset_032,2026-04-01T06:00:00,1.8439,49.366,52.605,1.0392,1,,,
asset_033,2026-04-01T06:00:00,0.8678,60.804,56.143,0.9661,1,,,
asset_034,2026-04-01T06:00:00,1.2422,68.368,49.072,0.9033,0,,,
asset_035,2026-04-01T06:00:00,1.2122,57.933,57.274,1.0879,0,,,
asset_036,2026-04-01T06:00:00,1.1573,56.329,59.026,1.0201,0,,,
asset_037,2026-04-01T06:00:00,1.1269,52.133,43.037,0.9268,0,,,
asset_038,2026-04-01T06:00:00,1.018,68.714,50.77,0.8809,0,,,
asset_039,2026-04-01T06:00:00,1.4774,67.383,47.923,1.1523,0,,,
asset_000,2026-04-01T12:00:00,1.2652,51.381,50.259,1.1034,0,,,
asset_001,2026-04-01T12:00:00,0.952,58.015,57.978,0.9386,1,,,
asset_002,2026-04-01T12:00:00,1.1182,67.321,42.56,1.0296,0,,,
asset_003,2026-04-01T12:00:00,1.2934,66.399,51.919,1.0674,0,,,
asset_004,2026-04-01T12:00:00,0.8198,60.91,59.984,0.9237,0,,,
asset_005,2026-04-01T12:00:00,1.0174,58.478,42.452,1.0931,0,,,
asset_006,2026-04-01T12:00:00,1.3448,48.188,52.415,0.9737,0,,,
asset_007,2026-04-01T12:00:00,0.9566,71.329,49.671,1.0216,0,,,
asset_008,2026-04-01T12:00:00,0.3772,66.876,59.99,1.1072,1,,,
asset_009,2026-04-01T12:00:00,1.6358,67.328,50.885,0.9942,0,,,
asset_010,2026-04-01T12:00:00,1.074,68.526,43.64,0.9779,0,,,
asset_011,2026-04-01T12:00:00,1.0482,60.765,56.414,0.995,1,,,
asset_012,2026-04-01T12:00:00,1.8993,58.128,43.686,0.8739,0,,,
asset_013,2026-04-01T12:00:00,1.2105,64.46,48.121,0.8712,0,,,
asset_014,2026-04-01T12:00:00,1.3943,57.314,41.416,1.0849,0,,,
asset_015,2026-04-01T12:00:00,1.4212,61.088,58.834,0.9308,0,,,
asset_016,2026-04-01T12:00:00,1.0369,69.361,52.573,1.0943,0,,,
asset_017,2026-04-01T12:00:00,0.935,60.827,57.971,0.967,0,,,
asset_018,2026-04-01T12:00:00,1.1439,69.782,49.641,1.0499,0,,,
asset_019,2026-04-01T12:00:00,1.9203,57.842,55.904,1.0435,0,,,
asset_020,2026-04-01T12:00:00,1.9207,65.084,60.4,1.0386,0,,,
asset_021,2026-04-01T12:00:00,1.4347,53.829,46.705,0.889,0,,,
asset_022,2026-04-01T12:00:00,1.1675,61.062,41.813,1.1401,0,,,
asset_023,2026-04-01T12:00:00,1.3098,52.844,48.704,0.9586,0,,,
asset_024,2026-04-01T12:00:00,0.9477,70.735,41.009,1.0165,0,,,
asset_025,2026-04-01T12:00:00,2.0037,51.686,48.774,0.9036,0,,,
asset_026,2026-04-01T12:00:00,1.0714,62.586,40.774,0.9721,0,,,
asset_027,2026-04-01T12:00:00,1.5302,61.633,53.022,0.9891,1,,,
asset_028,2026-04-01T12:00:00,1.301,59.771,40.586,0.9262,0,,,
asset_029,2026-04-01T12:00:00,1.411,51.944,56.844,1.0019,1,,,
asset_030,2026-04-01T12:00:00,1.4885,64.466,52.832,0.9501,0,,,
asset_031,2026-04-01T12:00:00,1.8303,63.105,49.716,1.1183,0,,,
asset_032,2026-04-01T12:00:00,0.9332,51.805,39.463,1.1072,0,,,
asset_033,2026-04-01T12:00:00,1.0076,64.239,56.166,0.9552,0,,,
asset_034,2026-04-01T12:00:00,1.0749,69.453,53.907,1.0158,0,,,
asset_035,2026-04-01T12:00:00,2.0448,57.479,58.868,0.9089,0,,,
asset_036,2026-04-01T12:00:00,0.9598,56.689,48.48,1.0681,0,,,
asset_037,2026-04-01T12:00:00,0.3666,54.689,56.344,0.9338,0,,,
asset_038,2026-04-01T12:00:00,0.5197,75.306,53.106,0.9248,0,,,
asset_039,2026-04-01T12:00:00,1.2518,71.69,46.728,1.0152,0,,,
asset_000,2026-04-01T18:00:00,1.3615,52.027,56.395,1.0547,0,,,
asset_001,2026-04-01T18:00:00,1.2841,59.048,55.439,0.9887,0,,,
asset_002,2026-04-01T18:00:00,1.0618,64.861,58.58,0.9903,0,,,
asset_003,2026-04-01T18:00:00,1.3391,61.268,42.406,0.9598,0,,,
asset_004,2026-04-01T18:00:00,1.424,65.704,46.759,0.8854,0,,,
asset_005,2026-04-01T18:00:00,1.8921,58.39,55.442,1.0386,0,,,
asset_006,2026-04-01T18:00:00,1.1512,55.107,45.572,1.1526,0,,,
asset_007,2026-04-01T18:00:00,0.8897,68.487,52.449,0.9518,0,,,
asset_008,2026-04-01T18:00:00,0.8917,73.673,42.168,1.0043,0,,,
asset_009,2026-04-01T18:00:00,1.5792,62.533,48.658,0.9048,0,,,
asset_010,2026-04-01T18:00:00,1.2735,68.764,39.336,0.9035,0,,,
asset_011,2026-04-01T18:00:00,0.958,59.046,41.726,1.0665,0,,,
asset_012,2026-04-01T18:00:00,1.881,60.268,43.33,1.0481,1,,,
asset_013,2026-04-01T18:00:00,1.0128,63.238,47.231,1.0548,0,,,
asset_014,2026-04-01T18:00:00,1.6686,56.397,55.695,1.0156,0,,,
asset_015,2026-04-01T18:00:00,1.2813,61.016,48.763,1.0881,0,,,
asset_016,2026-04-01T18:00:00,0.7974,68.168,54.049,0.9379,0,,,
asset_017,2026-04-01T18:00:00,1.1446,57.87,59.433,1.0136,0,,,
asset_018,2026-04-01T18:00:00,1.2631,67.088,45.715,1.0326,0,,,
asset_019,2026-04-01T18:00:00,1.1904,59.806,48.72,0.9397,0,,,
asset_020,2026-04-01T18:00:00,1.5639,69.23,59.323,0.9565,1,,,
asset_021,2026-04-01T18:00:00,1.3965,56.686,52.589,0.8766,1,,,
asset_022,2026-04-01T18:00:00,1.0847,58.983,55.79,1.0152,0,,,
asset_023,2026-04-01T18:00:00,1.5028,48.084,47.479,1.1075,0,,,
asset_024,2026-04-01T18:00:00,0.9254,66.722,57.571,1.0657,0,,,
asset_025,2026-04-01T18:00:00,1.4144,53.879,39.403,1.0415,1,,,
asset_026,2026-04-01T18:00:00,1.4079,62.733,45.425,1.0539,0,,,
asset_027,2026-04-01T18:00:00,0.9572,58.655,57.058,0.9242,0,,,
asset_028,2026-04-01T18:00:00,2.0769,59.905,44.473,0.9476,0,,,
asset_029,2026-04-01T18:00:00,1.1518,52.889,47.775,0.8976,0,,,
asset_030,2026-04-01T18:00:00,1.3445,67.069,44.799,0.901,0,,,
asset_031,2026-04-01T18:00:00,1.209,63.317,45.19,1.0219,0,,,
asset_032,2026-04-01T18:00:00,1.3856,55.046,41.303,1.0714,0,,,
asset_033,2026-04-01T18:00:00,0.7997,64.016,52.31,1.1257,0,,,
asset_034,2026-04-01T18:00:00,0.75,65.189,50.192,1.0227,0,,,
asset_035,2026-04-01T18:00:00,1.5335,59.133,52.319,0.8382,0,,,
asset_036,2026-04-01T18:00:00,1.9774,53.818,45.809,0.9406,0,,,
asset_037,2026-04-01T18:00:00,0.6064,54.908,62.23,0.9877,0,,,
asset_038,2026-04-01T18:00:00,1.0387,68.969,53.142,0.9655,0,,,
asset_039,2026-04-01T18:00:00,1.872,69.115,43.94,1.103,0,,,
asset_000,2026-04-02T00:00:00,1.5437,52.034,51.522,0.974,0,,,
asset_001,2026-04-02T00:00:00,1.1613,58.091,39.856,1.0405,0,,,
asset_002,2026-04-02T00:00:00,0.8793,64.346,56.23,0.9961,0,,,
asset_003,2026-04-02T00:00:00,1.2458,64.033,44.043,1.0384,0,,,
asset_004,2026-04-02T00:00:00,1.7455,66.149,45.437,1.0818,0,,,
asset_005,2026-04-02T00:00:00,1.6551,54.183,45.944,0.9097,0,,,
asset_006,2026-04-02T00:00:00,1.0429,52.714,44.161,0.8625,0,,,
asset_007,2026-04-02T00:00:00,0.8993,70.837,52.392,1.0555,0,,,
asset_008,2026-04-02T00:00:00,0.9711,71.306,45.955,0.8532,0,,,
asset_009,2026-04-02T00:00:00,1.2748,66.017,44.673,1.0593,0,,,
asset_010,2026-04-02T00:00:00,1.2919,66.727,41.87,0.9268,0,,,
asset_011,2026-04-02T00:00:00,0.9487,59.819,46.953,1.1146,0,,,
asset_012,2026-04-02T00:00:00,1.3565,59.003,44.623,1.1038,0,,,
asset_013,2026-04-02T00:00:00,1.1123,63.862,54.935,0.974,0,,,
asset_014,2026-04-02T00:00:00,1.1154,56.271,43.067,1.0878,1,,,
asset_015,2026-04-02T00:00:00,1.659,60.382,56.725,1.0939,0,,,
asset_016,2026-04-02T00:00:00,1.1756,70.737,58.871,1.0403,0,,,
asset_017,2026-04-02T00:00:00,1.8987,57.311,44.298,1.0557,0,,,
asset_018,2026-04-02T00:00:00,1.4649,66.875,52.243,0.9948,0,,,
asset_019,2026-04-02T00:00:00,1.3864,57.181,46.309,0.9118,0,,,
asset_020,2026-04-02T00:00:00,1.7574,66.311,47.183,1.0686,0,,,
asset_021,2026-04-02T00:00:00,1.696,57.146,53.082,1.1126,0,,,
asset_022,2026-04-02T00:00:00,1.2775,61.969,53.119,1.0071,0,,,
asset_023,2026-04-02T00:00:00,1.3347,49.354,55.043,1.0729,0,,,
asset_024,2026-04-02T00:00:00,1.1705,70.348,47.419,1.1367,0,,,
asset_025,2026-04-02T00:00:00,1.7759,56.443,50.977,1.0087,0,,,
asset_026,2026-04-02T00:00:00,1.61,60.517,60.056,1.1145,0,,,
asset_027,2026-04-02T00:00:00,1.1676,62.766,43.45,0.8743,0,,,
asset_028,2026-04-02T00:00:00,1.9689,63.593,43.012,1.0305,0,,,
asset_029,2026-04-02T00:00:00,1.5004,52.941,44.84,0.9078,0,,,
asset_030,2026-04-02T00:00:00,1.4959,67.834,47.896,1.0964,0,,,
asset_031,2026-04-02T00:00:00,1.1639,62.512,47.985,1.0486,0,,,
asset_032,2026-04-02T00:00:00,1.3551,53.773,47.827,1.0055,0,,,
asset_033,2026-04-02T00:00:00,0.6996,62.054,59.609,1.0379,0,,,
asset_034,2026-04-02T00:00:00,0.9081,70.758,46.674,0.9561,0,,,
asset_035,2026-04-02T00:00:00,1.5905,54.817,48.351,0.9163,0,,,
asset_036,2026-04-02T00:00:00,1.7189,57.818,51.549,0.9425,1,,,
asset_037,2026-04-02T00:00:00,0.8574,55.53,62.173,0.9371,1,,,
asset_038,2026-04-02T00:00:00,0.8973,72.213,41.135,0.9988,0,,,
asset_039,2026-04-02T00:00:00,1.8057,66.267,43.022,0.9484,0,,,
asset_000,2026-04-02T06:00:00,1.3629,56.056,58.491,0.9091,0,,,
asset_001,2026-04-02T06:00:00,0.887,56.6,50.561,1.0603,1,,,
asset_002,2026-04-02T06:00:00,1.1904,64.724,51.594,1.0382,0,,,
asset_003,2026-04-02T06:00:00,1.3968,61.913,58.913,1.0191,0,,,
asset_004,2026-04-02T06:00:00,1.4147,61.386,46.637,0.8614,0,,,
asset_005,2026-04-02T06:00:00,1.646,57.868,53.473,1.1126,1,,,
asset_006,2026-04-02T06:00:00,1.2525,53.85,50.744,1.036,0,,,
asset_007,2026-04-02T06:00:00,0.4605,68.717,49.548,0.8953,0,,,
asset_008,2026-04-02T06:00:00,1.0277,70.478,48.541,0.9215,0,,,
asset_009,2026-04-02T06:00:00,2.2493,67.399,43.924,1.0789,0,,,
asset_010,2026-04-02T06:00:00,1.0355,64.174,41.484,1.015,1,,,
asset_011,2026-04-02T06:00:00,1.2849,61.692,44.897,1.0721,0,,,
asset_012,2026-04-02T06:00:00,1.5457,55.552,57.803,1.0146,0,,,
asset_013,2026-04-02T06:00:00,1.1819,64.468,41.38,1.0572,0,,,
asset_014,2026-04-02T06:00:00,2.0084,55.798,46.154,1.0573,0,,,
asset_015,2026-04-02T06:00:00,1.7894,62.672,44.312,0.9442,0,,,
asset_016,2026-04-02T06:00:00,0.6031,68.501,50.048,1.0402,0,,,
asset_017,2026-04-02T06:00:00,1.5366,58.975,41.455,0.9528,1,,,
asset_018,2026-04-02T06:00:00,1.2691,64.752,53.387,1.0462,0,,,
asset_019,2026-04-02T06:00:00,1.8846,56.361,54.92,1.0992,0,,,
asset_020,2026-04-02T06:00:00,1.4588,65.532,39.45,0.9836,0,,,
asset_021,2026-04-02T06:00:00,1.9137,54.156,60.605,1.0222,0,,,
asset_022,2026-04-02T06:00:00,1.0958,60.966,38.798,1.0378,0,,,
asset_023,2026-04-02T06:00:00,0.9915,52.153,54.191,1.0197,0,,,
asset_024,2026-04-02T06:00:00,0.8195,68.882,49.221,1.0905,0,,,
asset_025,2026-04-02T06:00:00,1.8309,59.48,48.008,0.8146,0,,,
asset_026,2026-04-02T06:00:00,1.8188,53.295,60.949,1.0453,1,,,
asset_027,2026-04-02T06:00:00,1.1088,67.152,45.222,1.1284,0,,,
asset_028,2026-04-02T06:00:00,1.5572,64.883,57.179,1.1521,0,,,
asset_029,2026-04-02T06:00:00,0.354,52.545,49.208,1.0609,0,,,
asset_030,2026-04-02T06:00:00,1.5229,67.88,45.767,0.9203,0,,,
asset_031,2026-04-02T06:00:00,1.3263,63.4,57.163,1.0374,0,,,
asset_032,2026-04-02T06:00:00,0.9655,52.877,46.556,1.0459,0,,,
asset_033,2026-04-02T06:00:00,1.0124,65.848,52.491,0.9705,0,,,
asset_034,2026-04-02T06:00:00,1.2592,65.047,51.489,1.0153,0,,,
asset_035,2026-04-02T06:00:00,1.6791,57.192,51.597,0.92,0,,,
asset_036,2026-04-02T06:00:00,0.6387,55.91,47.049,0.8573,0,,,
asset_037,2026-04-02T06:00:00,0.5772,51.148,38.653,1.127,1,,,
asset_038,2026-04-02T06:00:00,1.1856,67.482,49.254,0.98,0,,,
asset_039,2026-04-02T06:00:00,1.3762,66.53,53.054,1.054,0,,,
asset_000,2026-04-02T12:00:00,0.7854,49.55,53.468,0.9205,0,,,
asset_001,2026-04-02T12:00:00,1.4643,56.803,55.083,0.9284,0,,,
asset_002,2026-04-02T12:00:00,1.2921,62.169,53.16,1.0827,0,,,
asset_003,2026-04-02T12:00:00,1.4189,62.245,46.328,0.996,0,,,
asset_004,2026-04-02T12:00:00,1.3016,58.547,52.273,1.0234,0,,,
asset_005,2026-04-02T12:00:00,1.1392,59.943,45.676,0.9895,1,,,
asset_006,2026-04-02T12:00:00,1.6016,54.561,50.586,0.9346,0,,,
asset_007,2026-04-02T12:00:00,0.9077,65.619,61.058,1.1005,0,,,
asset_008,2026-04-02T12:00:00,1.0484,68.852,49.893,0.8504,0,,,
asset_009,2026-04-02T12:00:00,1.2808,67.28,52.938,0.9905,1,,,
asset_010,2026-04-02T12:00:00,1.0354,68.666,53.831,1.162,0,,,
asset_011,2026-04-02T12:00:00,0.6803,59.917,50.986,1.1173,0,,,
asset_012,2026-04-02T12:00:00,1.4308,52.378,55.287,1.1787,0,,,
asset_013,2026-04-02T12:00:00,1.4292,59.668,46.823,0.9243,0,,,
asset_014,2026-04-02T12:00:00,1.6255,56.913,57.534,0.8772,1,,,
asset_015,2026-04-02T12:00:00,1.8752,64.282,51.955,1.061,0,,,
asset_016,2026-04-02T12:00:00,0.9038,69.84,54.421,1.0112,0,,,
asset_017,2026-04-02T12:00:00,1.4445,57.561,56.656,0.9961,0,,,
asset_018,2026-04-02T12:00:00,1.2237,67.462,50.063,1.1164,1,,,
asset_019,2026-04-02T12:00:00,1.9657,58.273,46.244,1.0142,0,,,
asset_020,2026-04-02T12:00:00,1.575,64.171,58.16,1.1221,1,,,
asset_021,2026-04-02T12:00:00,1.5324,55.931,52.999,0.9563,0,,,
asset_022,2026-04-02T12:00:00,0.9349,61.052,54.887,0.8562,1,,,
asset_023,2026-04-02T12:00:00,1.1832,52.746,50.116,1.0909,0,,,
asset_024,2026-04-02T12:00:00,0.7903,68.7,49.821,0.9992,0,,,
asset_025,2026-04-02T12:00:00,1.5633,56.08,48.587,1.1478,0,,,
asset_026,2026-04-02T12:00:00,1.4651,61.471,54.438,1.0064,0,,,
asset_027,2026-04-02T12:00:00,1.0519,61.76,58.223,0.9444,0,,,
asset_028,2026-04-02T12:00:00,1.475,63.259,46.63,1.0868,0,,,
asset_029,2026-04-02T12:00:00,0.5401,51.069,53.759,0.9994,0,,,
asset_030,2026-04-02T12:00:00,1.5576,63.899,50.963,1.0131,0,,,
asset_031,2026-04-02T12:00:00,1.7972,60.94,46.182,1.0086,0,,,
asset_032,2026-04-02T12:00:00,1.5342,49.412,41.454,0.8937,1,,,
asset_033,2026-04-02T12:00:00,0.6336,64.706,58.863,0.9048,1,,,
asset_034,2026-04-02T12:00:00,0.7706,68.769,41.464,0.8198,0,,,
asset_035,2026-04-02T12:00:00,2.1549,56.197,43.751,1.0452,0,,,
asset_036,2026-04-02T12:00:00,1.267,54.749,59.464,0.8309,0,,,
asset_037,2026-04-02T12:00:00,1.1777,54.036,42.016,0.8652,0,,,
asset_038,2026-04-02T12:00:00,1.066,71.876,50.064,0.9518,0,,,
asset_039,2026-04-02T12:00:00,1.6646,68.553,58.346,0.9143,0,,,
asset_000,2026-04-02T18:00:00,1.2001,49.335,42.244,0.9292,0,,,
asset_001,2026-04-02T18:00:00,0.9576,56.932,43.526,0.951,0,,,
asset_002,2026-04-02T18:00:00,1.0993,63.437,42.402,1.0663,0,,,
asset_003,2026-04-02T18:00:00,1.3274,61.002,54.298,1.0166,1,,,
asset_004,2026-04-02T18:00:00,1.2921,63.862,55.855,1.0076,0,,,
asset_005,2026-04-02T18:00:00,1.4805,60.32,42.449,1.0442,0,,,
asset_006,2026-04-02T18:00:00,0.9165,54.807,47.789,0.9574,0,,,
asset_007,2026-04-02T18:00:00,0.6434,66.3,48.611,1.0267,0,,,
asset_008,2026-04-02T18:00:00,0.8901,73.646,57.529,0.8312,0,,,
asset_009,2026-04-02T18:00:00,1.276,64.995,43.759,1.0441,1,,,
asset_010,2026-04-02T18:00:00,1.1526,64.121,46.59,0.9525,1,,,
asset_011,2026-04-02T18:00:00,0.8988,61.548,58.881,1.1221,0,,,
asset_012,2026-04-02T18:00:00,1.8221,56.999,54.988,0.9648,0,,,
asset_013,2026-04-02T18:00:00,1.4766,66.417,42.521,0.8614,0,,,
asset_014,2026-04-02T18:00:00,1.5525,54.575,43.614,1.101,0,,,
asset_015,2026-04-02T18:00:00,2.164,63.596,48.814,1.0241,0,,,
asset_016,2026-04-02T18:00:00,0.7113,70.008,55.223,0.9141,0,,,
asset_017,2026-04-02T18:00:00,1.4589,57.75,52.913,1.0438,0,,,
asset_018,2026-04-02T18:00:00,1.3036,68.404,56.917,0.9797,0,,,
asset_019,2026-04-02T18:00:00,1.5859,58.696,41.215,0.9286,0,,,
asset_020,2026-04-02T18:00:00,1.5437,67.224,49.499,0.9486,0,,,
asset_021,2026-04-02T18:00:00,1.2804,57.363,44.33,0.9862,0,,,
asset_022,2026-04-02T18:00:00,0.6021,59.838,39.064,1.0067,0,,,
asset_023,2026-04-02T18:00:00,1.3669,49.27,58.003,1.0275,0,,,
asset_024,2026-04-02T18:00:00,1.2974,66.455,61.455,1.0128,0,,,
asset_025,2026-04-02T18:00:00,1.4093,57.242,41.814,1.0153,0,,,
asset_026,2026-04-02T18:00:00,1.7534,56.012,44.339,0.9778,0,,,
asset_027,2026-04-02T18:00:00,1.2658,61.423,49.007,0.9424,0,,,
asset_028,2026-04-02T18:00:00,1.683,64.235,40.748,0.8295,0,,,
asset_029,2026-04-02T18:00:00,1.498,50.128,54.864,1.0353,0,,,
asset_030,2026-04-02T18:00:00,1.8451,66.278,47.83,0.8948,0,,,
asset_031,2026-04-02T18:00:00,1.3566,61.196,47.358,1.0845,0,,,
asset_032,2026-04-02T18:00:00,1.8331,49.957,44.629,0.902,0,,,
asset_033,2026-04-02T18:00:00,0.6048,65.71,58.847,0.9383,0,,,
asset_034,2026-04-02T18:00:00,1.2186,65.805,40.542,0.9846,0,,,
asset_035,2026-04-02T18:00:00,1.2659,55.442,55.733,1.0041,0,,,
asset_036,2026-04-02T18:00:00,2.0604,59.163,45.83,1.0266,1,,,
asset_037,2026-04-02T18:00:00,1.2092,50.029,52.031,0.9885,0,,,
asset_038,2026-04-02T18:00:00,1.0171,66.326,47.15,1.0254,0,,,
asset_039,2026-04-02T18:00:00,1.207,70.091,46.24,1.0627,0,,,
asset_000,2026-04-03T00:00:00,0.918,55.352,54.608,0.9643,0,,,
asset_001,2026-04-03T00:00:00,0.9289,53.966,54.553,0.9031,0,,,
asset_002,2026-04-03T00:00:00,1.045,65.305,40.542,1.0045,0,,,
asset_003,2026-04-03T00:00:00,1.4129,60.297,59.245,1.1442,1,,,
asset_004,2026-04-03T00:00:00,1.4328,62.423,49.62,1.1047,0,,,
asset_005,2026-04-03T00:00:00,1.7106,59.273,44.049,1.0378,0,,,
asset_006,2026-04-03T00:00:00,1.1718,51.679,50.491,1.1523,0,,,
asset_007,2026-04-03T00:00:00,1.08,70.551,37.245,0.8764,0,,,
asset_008,2026-04-03T00:00:00,1.1385,69.885,57.893,1.1275,0,,,
asset_009,2026-04-03T00:00:00,1.5053,60.167,41.338,0.8711,0,,,
asset_010,2026-04-03T00:00:00,0.9357,68.401,45.705,0.9329,0,,,
asset_011,2026-04-03T00:00:00,1.1105,64.307,48.31,1.014,0,,,
asset_012,2026-04-03T00:00:00,1.3636,56.042,41.723,0.9715,0,,,
asset_013,2026-04-03T00:00:00,1.4281,64.268,40.051,0.9573,0,,,
asset_014,2026-04-03T00:00:00,1.4219,54.63,47.757,0.9601,0,,,
asset_015,2026-04-03T00:00:00,1.6917,61.727,52.577,0.9514,0,,,
asset_016,2026-04-03T00:00:00,0.9628,72.182,52.414,0.8886,0,,,
asset_017,2026-04-03T00:00:00,1.6754,58.426,39.064,0.8792,0,,,
asset_018,2026-04-03T00:00:00,1.5249,65.799,56.347,0.8756,0,,,
asset_019,2026-04-03T00:00:00,1.2238,60.419,42.048,1.0846,1,,,
asset_020,2026-04-03T00:00:00,1.5489,69.075,44.867,0.9625,0,,,
asset_021,2026-04-03T00:00:00,1.1779,56.626,49.906,0.9634,0,,,
asset_022,2026-04-03T00:00:00,0.9208,61.928,40.232,1.0021,0,,,
asset_023,2026-04-03T00:00:00,1.764,50.156,40.259,0.9833,0,,,
asset_024,2026-04-03T00:00:00,0.7095,67.373,46.242,1.0148,0,,,
asset_025,2026-04-03T00:00:00,1.4251,56.541,46.96,1.0073,0,,,
asset_026,2026-04-03T00:00:00,1.4321,61.18,47.238,0.9375,0,,,
asset_027,2026-04-03T00:00:00,0.5398,62.832,51.789,1.019,0,,,
asset_028,2026-04-03T00:00:00,1.5157,68.946,55.312,0.9073,0,,,
asset_029,2026-04-03T00:00:00,1.3197,51.777,56.128,1.0594,1,,,
asset_030,2026-04-03T00:00:00,0.7894,68.172,48.095,1.0327,0,,,
asset_031,2026-04-03T00:00:00,0.6559,62.734,56.272,0.9359,0,,,
asset_032,2026-04-03T00:00:00,1.4219,50.782,44.624,0.9128,0,,,
asset_033,2026-04-03T00:00:00,0.5116,65.981,49.695,0.917,0,,,
asset_034,2026-04-03T00:00:00,1.4173,68.939,47.349,1.0156,0,,,
asset_035,2026-04-03T00:00:00,1.682,56.862,46.89,0.9603,0,,,
asset_036,2026-04-03T00:00:00,1.5244,54.054,48.615,0.9604,0,,,
asset_037,2026-04-03T00:00:00,1.4568,50.582,51.55,1.0838,0,,,
asset_038,2026-04-03T00:00:00,0.9016,72.797,52.281,0.8783,0,,,
asset_039,2026-04-03T00:00:00,1.4846,66.018,45.93,0.91,0,,,
asset_000,2026-04-03T06:00:00,1.2948,51.371,50.643,0.925,0,,,
asset_001,2026-04-03T06:00:00,0.9551,52.747,42.467,0.8847,0,,,
asset_002,2026-04-03T06:00:00,0.9425,67.015,58.38,0.8624,0,,,
asset_003,2026-04-03T06:00:00,1.1688,62.436,51.058,1.0511,0,,,
asset_004,2026-04-03T06:00:00,1.3669,62.901,47.77,0.8763,1,,,
asset_005,2026-04-03T06:00:00,1.2513,60.918,55.083,0.8928,0,,,
asset_006,2026-04-03T06:00:00,1.1014,56.636,55.773,0.9943,0,,,
asset_007,2026-04-03T06:00:00,1.2228,71.004,56.787,1.0636,0,,,
asset_008,2026-04-03T06:00:00,0.8199,69.489,45.685,0.9266,1,,,
asset_009,2026-04-03T06:00:00,1.5609,63.477,45.003,0.947,0,,,
asset_010,2026-04-03T06:00:00,1.1443,70.09,39.713,1.0297,0,,,
asset_011,2026-04-03T06:00:00,1.3639,62.159,59.286,0.9183,0,,,
asset_012,2026-04-03T06:00:00,2.1893,53.224,46.965,0.9008,0,,,
asset_013,2026-04-03T06:00:00,1.5889,62.034,51.524,0.9545,0,,,
asset_014,2026-04-03T06:00:00,1.3526,57.616,61.167,0.9697,0,,,
asset_015,2026-04-03T06:00:00,1.4394,60.302,52.751,0.9809,0,,,
asset_016,2026-04-03T06:00:00,1.2221,68.829,54.814,1.1284,1,,,
asset_017,2026-04-03T06:00:00,1.3511,56.869,50.175,1.045,0,,,
asset_018,2026-04-03T06:00:00,1.1663,71.607,51.119,0.9959,0,,,
asset_019,2026-04-03T06:00:00,1.7512,57.676,59.95,1.0053,0,,,
asset_020,2026-04-03T06:00:00,1.6787,67.068,50.25,1.1172,0,,,
asset_021,2026-04-03T06:00:00,1.8213,52.568,43.948,0.9519,1,,,
asset_022,2026-04-03T06:00:00,0.5793,59.871,46.501,0.84,1,,,
asset_023,2026-04-03T06:00:00,1.3545,51.432,43.337,0.8651,0,,,
asset_024,2026-04-03T06:00:00,0.9148,67.876,50.139,1.0777,0,,,
asset_025,2026-04-03T06:00:00,1.7735,55.097,54.621,1.0068,0,,,
asset_026,2026-04-03T06:00:00,1.5009,63.12,49.743,1.0515,0,,,
asset_027,2026-04-03T06:00:00,0.8566,67.588,49.824,0.94,1,,,
asset_028,2026-04-03T06:00:00,1.1511,62.469,43.85,1.0692,0,,,
asset_029,2026-04-03T06:00:00,0.7943,51.054,56.229,1.0015,0,,,
asset_030,2026-04-03T06:00:00,1.7627,70.912,59.19,1.0436,1,,,
asset_031,2026-04-03T06:00:00,1.3329,59.561,55.321,0.9633,0,,,
asset_032,2026-04-03T06:00:00,1.3695,53.104,49.594,1.0145,0,,,
asset_033,2026-04-03T06:00:00,0.7474,61.923,51.804,1.1329,0,,,
asset_034,2026-04-03T06:00:00,0.8764,68.599,53.151,1.0087,0,,,
asset_035,2026-04-03T06:00:00,1.217,58.307,40.107,0.8583,0,,,
asset_036,2026-04-03T06:00:00,1.5264,56.619,59.628,1.0046,0,,,
asset_037,2026-04-03T06:00:00,0.4418,55.73,40.011,0.9777,0,,,
asset_038,2026-04-03T06:00:00,1.4214,70.199,60.412,1.1163,0,,,
asset_039,2026-04-03T06:00:00,1.28,65.754,47.343,1.0145,0,,,
asset_000,2026-04-03T12:00:00,1.0612,50.111,42.01,1.0466,1,,,
asset_001,2026-04-03T12:00:00,1.1474,59.761,53.995,1.0154,0,,,
asset_002,2026-04-03T12:00:00,1.5077,66.059,56.309,1.0405,0,,,
asset_003,2026-04-03T12:00:00,1.6824,64.279,46.338,0.8979,0,,,
asset_004,2026-04-03T12:00:00,1.2844,62.793,41.639,1.0515,0,,,
asset_005,2026-04-03T12:00:00,1.0023,58.623,40.727,1.0145,0,,,
asset_006,2026-04-03T12:00:00,1.0422,53.473,59.879,1.0479,0,,,
asset_007,2026-04-03T12:00:00,1.0721,69.649,51.919,0.9707,0,,,
asset_008,2026-04-03T12:00:00,0.6834,69.419,45.065,0.9287,0,,,
asset_009,2026-04-03T12:00:00,1.6621,71.471,56.549,0.9906,0,,,
asset_010,2026-04-03T12:00:00,1.1715,69.806,51.518,1.0408,0,,,
asset_011,2026-04-03T12:00:00,0.816,62.391,50.96,1.0837,0,,,
asset_012,2026-04-03T12:00:00,1.8167,56.862,40.403,0.8775,0,,,
asset_013,2026-04-03T12:00:00,1.1691,68.207,54.108,1.091,1,,,
asset_014,2026-04-03T12:00:00,1.9263,56.565,47.402,0.9133,0,,,
asset_015,2026-04-03T12:00:00,1.8714,65.492,44.789,0.9749,0,,,
asset_016,2026-04-03T12:00:00,0.9658,66.476,45.555,1.066,0,,,
asset_017,2026-04-03T12:00:00,1.6976,58.904,44.414,1.0781,0,,,
asset_018,2026-04-03T12:00:00,1.1543,69.142,51.436,1.0598,0,,,
asset_019,2026-04-03T12:00:00,1.6656,55.379,43.957,0.9229,0,,,
asset_020,2026-04-03T12:00:00,1.3293,64.197,59.38,0.9558,0,,,
asset_021,2026-04-03T12:00:00,1.5953,56.861,43.442,0.9432,0,,,
asset_022,2026-04-03T12:00:00,0.9079,61.739,52.077,0.8973,0,,,
asset_023,2026-04-03T12:00:00,1.8063,50.033,51.761,1.1478,0,,,
asset_024,2026-04-03T12:00:00,1.468,67.081,40.466,0.954,0,,,
asset_025,2026-04-03T12:00:00,1.4939,53.985,56.99,1.0097,0,,,
asset_026,2026-04-03T12:00:00,1.5131,58.399,53.038,0.8803,0,,,
asset_027,2026-04-03T12:00:00,1.1674,61.093,55.22,0.9148,0,,,
asset_028,2026-04-03T12:00:00,1.2605,64.641,55.073,0.958,0,,,
asset_029,2026-04-03T12:00:00,0.8275,52.727,43.817,0.9785,0,,,
asset_030,2026-04-03T12:00:00,1.8962,68.046,40.285,0.9179,0,,,
asset_031,2026-04-03T12:00:00,0.553,63.19,58.178,1.0381,0,,,
asset_032,2026-04-03T12:00:00,1.779,51.928,54.358,0.9976,0,,,
asset_033,2026-04-03T12:00:00,0.7968,64.657,52.325,1.1372,0,,,
asset_034,2026-04-03T12:00:00,1.0297,72.341,60.109,1.0249,0,,,
asset_035,2026-04-03T12:00:00,1.217,57.63,42.316,0.9084,0,,,
asset_036,2026-04-03T12:00:00,1.2929,54.715,58.217,1.0093,0,,,
asset_037,2026-04-03T12:00:00,0.7398,56.447,52.782,0.9675,0,,,
asset_038,2026-04-03T12:00:00,1.3049,73.147,58.994,1.1737,0,,,
asset_039,2026-04-03T12:00:00,1.3991,68.166,57.578,0.8712,0,,,
asset_000,2026-04-03T18:00:00,1.183,51.402,59.373,1.0397,0,,,
asset_001,2026-04-03T18:00:00,0.9712,55.552,54.309,0.9459,0,,,
asset_002,2026-04-03T18:00:00,1.051,64.046,50.117,0.9668,0,,,
asset_003,2026-04-03T18:00:00,1.3426,65.974,43.347,1.1271,0,,,
asset_004,2026-04-03T18:00:00,1.2831,62.451,55.674,0.8715,0,,,
asset_005,2026-04-03T18:00:00,1.9423,59.651,56.681,0.9724,0,,,
asset_006,2026-04-03T18:00:00,0.9484,51.796,59.465,0.9247,0,,,
asset_007,2026-04-03T18:00:00,1.2484,68.719,52.722,0.9948,0,,,
asset_008,2026-04-03T18:00:00,1.2768,69.135,46.924,1.1035,0,,,
asset_009,2026-04-03T18:00:00,1.728,69.215,56.489,0.9837,0,,,
asset_010,2026-04-03T18:00:00,1.0485,65.413,42.05,0.828,0,,,
asset_011,2026-04-03T18:00:00,1.3839,58.93,53.385,0.9394,0,,,
asset_012,2026-04-03T18:00:00,1.1682,55.23,56.016,0.9743,0,,,
asset_013,2026-04-03T18:00:00,1.2214,65.325,54.381,0.9754,0,,,
asset_014,2026-04-03T18:00:00,1.0248,61.115,43.938,1.0772,0,,,
asset_015,2026-04-03T18:00:00,1.2804,63.005,40.279,1.0691,0,,,
asset_016,2026-04-03T18:00:00,0.9891,68.033,54.326,0.9048,0,,,
asset_017,2026-04-03T18:00:00,1.3678,55.655,59.141,1.1088,0,,,
asset_018,2026-04-03T18:00:00,1.2459,67.842,52.471,1.0668,0,,,
asset_019,2026-04-03T18:00:00,1.6121,58.824,46.3,1.0306,0,,,
asset_020,2026-04-03T18:00:00,1.4531,71.438,60.817,0.9809,0,,,
asset_021,2026-04-03T18:00:00,1.6065,56.849,57.4,0.9689,0,,,
asset_022,2026-04-03T18:00:00,0.9673,60.177,41.633,0.9044,0,,,
asset_023,2026-04-03T18:00:00,1.5212,51.768,57.489,0.9456,0,,,
asset_024,2026-04-03T18:00:00,0.7866,68.982,43.517,1.0898,0,,,
asset_025,2026-04-03T18:00:00,1.4392,57.149,41.986,0.9622,0,,,
asset_026,2026-04-03T18:00:00,1.228,59.593,47.804,1.0088,0,,,
asset_027,2026-04-03T18:00:00,0.6754,65.296,57.207,0.9243,0,,,
asset_028,2026-04-03T18:00:00,1.6196,63.273,43.871,1.1211,1,,,
asset_029,2026-04-03T18:00:00,1.1161,52.631,49.048,1.0636,0,,,
asset_030,2026-04-03T18:00:00,1.4231,66.596,59.506,1.0005,0,,,
asset_031,2026-04-03T18:00:00,1.3533,63.132,52.535,0.8826,0,,,
asset_032,2026-04-03T18:00:00,1.149,52.483,43.268,1.0911,0,,,
asset_033,2026-04-03T18:00:00,0.7351,63.93,42.881,1.1248,0,,,
asset_034,2026-04-03T18:00:00,0.9952,65.222,56.679,1.1026,0,,,
asset_035,2026-04-03T18:00:00,1.6588,55.042,53.517,0.9779,0,,,
asset_036,2026-04-03T18:00:00,1.6592,58.698,52.376,1.1591,0,,,
asset_037,2026-04-03T18:00:00,0.7507,56.69,57.61,1.1536,0,,,
asset_038,2026-04-03T18:00:00,1.3274,67.314,59.161,0.9702,0,,,
asset_039,2026-04-03T18:00:00,1.6088,68.88,54.31,1.1457,0,,,
asset_000,2026-04-04T00:00:00,1.3546,51.811,58.91,1.0121,0,,,
asset_001,2026-04-04T00:00:00,0.9121,56.493,47.123,0.9611,0,,,
asset_002,2026-04-04T00:00:00,1.0213,66.719,45.407,1.1068,0,,,
asset_003,2026-04-04T00:00:00,1.463,62.209,57.35,1.0086,0,,,
asset_004,2026-04-04T00:00:00,1.3691,64.603,44.136,1.033,0,,,
asset_005,2026-04-04T00:00:00,1.5623,56.967,55.615,1.0513,0,,,
asset_006,2026-04-04T00:00:00,1.2233,52.052,54.657,1.0452,0,,,
asset_007,2026-04-04T00:00:00,0.8485,68.373,45.505,1.0055,0,,,
asset_008,2026-04-04T00:00:00,0.6577,68.237,41.29,1.1855,0,,,
asset_009,2026-04-04T00:00:00,1.4925,67.872,57.556,1.0299,0,,,
asset_010,2026-04-04T00:00:00,1.326,67.754,59.931,0.9407,1,,,
asset_011,2026-04-04T00:00:00,1.3608,62.804,58.313,0.8807,0,,,
asset_012,2026-04-04T00:00:00,1.8362,56.422,51.348,1.134,0,,,
asset_013,2026-04-04T00:00:00,1.4859,62.66,53.175,0.9228,1,,,
asset_014,2026-04-04T00:00:00,1.8363,53.843,44.4,1.0375,0,,,
asset_015,2026-04-04T00:00:00,1.799,66.136,52.045,1.1093,0,,,
asset_016,2026-04-04T00:00:00,1.0627,71.632,48.394,0.9569,0,,,
asset_017,2026-04-04T00:00:00,1.6327,57.743,48.559,0.94,0,,,
asset_018,2026-04-04T00:00:00,1.4003,66.61,47.933,0.8956,0,,,
asset_019,2026-04-04T00:00:00,1.3697,58.299,47.852,0.9328,0,,,
asset_020,2026-04-04T00:00:00,1.4065,66.741,42.888,0.8579,0,,,
asset_021,2026-04-04T00:00:00,1.1286,55.543,42.22,1.0338,0,,,
asset_022,2026-04-04T00:00:00,1.1905,60.609,59.208,1.0208,0,,,
asset_023,2026-04-04T00:00:00,1.377,54.244,48.683,1.2053,0,,,
asset_024,2026-04-04T00:00:00,0.669,68.381,51.523,1.0588,1,,,
asset_025,2026-04-04T00:00:00,1.7016,59.36,49.284,1.0649,0,,,
asset_026,2026-04-04T00:00:00,1.9724,59.968,41.525,0.9686,0,,,
asset_027,2026-04-04T00:00:00,1.119,60.179,43.302,0.9986,0,,,
asset_028,2026-04-04T00:00:00,1.0707,66.116,44.832,1.1217,0,,,
asset_029,2026-04-04T00:00:00,1.2939,51.564,44.054,1.0541,0,,,
asset_030,2026-04-04T00:00:00,1.0543,70.778,62.295,1.0541,0,,,
asset_031,2026-04-04T00:00:00,1.049,61.983,40.273,1.0978,0,,,
asset_032,2026-04-04T00:00:00,1.6382,55.79,39.942,1.0501,0,,,
asset_033,2026-04-04T00:00:00,0.47,65.813,55.038,1.0105,1,,,
asset_034,2026-04-04T00:00:00,1.2998,68.002,44.129,1.1206,0,,,
asset_035,2026-04-04T00:00:00,1.2614,55.686,60.599,1.0611,0,,,
asset_036,2026-04-04T00:00:00,0.7832,55.024,58.043,0.8772,0,,,
asset_037,2026-04-04T00:00:00,0.8449,54.09,54.996,0.9249,1,,,
asset_038,2026-04-04T00:00:00,1.2648,69.312,43.67,0.9492,1,,,
asset_039,2026-04-04T00:00:00,1.2341,70.09,57.861,1.0141,1,,,
asset_000,2026-04-04T06:00:00,1.8137,52.413,56.416,1.0305,0,,,
asset_001,2026-04-04T06:00:00,0.7501,58.693,58.228,1.0377,0,,,
asset_002,2026-04-04T06:00:00,1.3865,64.246,49.877,0.95,0,,,
asset_003,2026-04-04T06:00:00,1.4741,62.022,58.883,1.0829,0,,,
asset_004,2026-04-04T06:00:00,1.3911,61.76,50.036,0.9943,0,,,
asset_005,2026-04-04T06:00:00,1.3053,56.528,42.641,1.023,0,,,
asset_006,2026-04-04T06:00:00,0.9255,52.05,51.948,1.0222,0,,,
asset_007,2026-04-04T06:00:00,0.8968,69.283,47.791,1.0442,0,,,
asset_008,2026-04-04T06:00:00,1.2245,70.785,47.262,0.9133,0,,,
asset_009,2026-04-04T06:00:00,1.4506,61.259,56.33,1.0166,0,,,
asset_010,2026-04-04T06:00:00,1.2943,68.997,55.421,1.1193,1,,,
asset_011,2026-04-04T06:00:00,1.1539,62.659,39.223,1.0325,0,,,
asset_012,2026-04-04T06:00:00,1.4528,55.154,45.02,1.1269,0,,,
asset_013,2026-04-04T06:00:00,1.5143,68.635,57.286,1.146,0,,,
asset_014,2026-04-04T06:00:00,1.1088,58.66,42.527,0.8575,0,,,
asset_015,2026-04-04T06:00:00,1.2904,66.07,44.836,0.9408,0,,,
asset_016,2026-04-04T06:00:00,0.9663,69.465,44.077,1.0242,0,,,
asset_017,2026-04-04T06:00:00,1.2704,59.193,55.994,0.9716,0,,,
asset_018,2026-04-04T06:00:00,1.0779,68.741,40.484,1.0392,0,,,
asset_019,2026-04-04T06:00:00,1.7704,55.344,48.748,0.9189,1,,,
asset_020,2026-04-04T06:00:00,1.9428,66.784,41.41,1.0695,0,,,
asset_021,2026-04-04T06:00:00,1.6154,57.624,38.403,0.9228,0,,,
asset_022,2026-04-04T06:00:00,0.8591,59.249,57.02,0.8921,0,,,
asset_023,2026-04-04T06:00:00,1.0333,53.697,42.963,1.073,0,,,
asset_024,2026-04-04T06:00:00,1.0862,72.027,46.479,0.8924,0,,,
asset_025,2026-04-04T06:00:00,1.7314,54.84,43.416,0.9767,0,,,
asset_026,2026-04-04T06:00:00,1.1062,57.358,53.354,0.9756,0,,,
asset_027,2026-04-04T06:00:00,0.9881,60.611,45.363,0.9933,0,,,
asset_028,2026-04-04T06:00:00,1.4859,60.074,54.564,0.9898,1,,,
asset_029,2026-04-04T06:00:00,1.0484,52.504,50.077,1.0737,0,,,
asset_030,2026-04-04T06:00:00,1.9074,66.51,42.55,1.1541,0,,,
asset_031,2026-04-04T06:00:00,0.8733,63.688,40.74,0.9895,0,,,
asset_032,2026-04-04T06:00:00,0.8391,52.079,50.149,0.9523,0,,,
asset_033,2026-04-04T06:00:00,0.7318,64.02,54.001,0.9237,0,,,
asset_034,2026-04-04T06:00:00,0.9741,68.111,54.665,1.0009,0,,,
asset_035,2026-04-04T06:00:00,1.4709,60.71,56.052,0.9738,0,,,
asset_036,2026-04-04T06:00:00,1.6678,58.293,44.769,1.1597,0,,,
asset_037,2026-04-04T06:00:00,0.7699,53.859,60.469,1.1238,0,,,
asset_038,2026-04-04T06:00:00,1.2549,70.271,47.644,0.9361,0,,,
asset_039,2026-04-04T06:00:00,1.8382,67.574,52.517,1.0424,0,,,
asset_000,2026-04-04T12:00:00,1.2616,47.861,41.197,1.0977,0,,,
asset_001,2026-04-04T12:00:00,1.0567,58.776,59.85,1.0075,0,,,
asset_002,2026-04-04T12:00:00,0.7293,64.825,57.157,0.8996,0,,,
asset_003,2026-04-04T12:00:00,1.5224,61.351,39.568,0.9704,0,,,
asset_004,2026-04-04T12:00:00,1.4776,64.041,45.466,1.055,0,,,
asset_005,2026-04-04T12:00:00,1.6997,59.834,55.921,1.0919,0,,,
asset_006,2026-04-04T12:00:00,1.4653,52.306,50.325,1.0295,0,,,
asset_007,2026-04-04T12:00:00,0.9142,66.644,47.358,1.092,0,,,
asset_008,2026-04-04T12:00:00,0.8622,70.745,41.727,0.9448,0,,,
asset_009,2026-04-04T12:00:00,1.0628,69.569,58.959,1.0676,0,,,
asset_010,2026-04-04T12:00:00,1.1801,69.358,52.578,0.9886,0,,,
asset_011,2026-04-04T12:00:00,1.0935,59.651,49.136,1.0495,0,,,
asset_012,2026-04-04T12:00:00,1.923,55.315,43.179,1.0163,0,,,
asset_013,2026-04-04T12:00:00,0.9552,65.531,45.923,0.9918,0,,,
asset_014,2026-04-04T12:00:00,1.8947,55.7,53.11,0.9798,1,,,
asset_015,2026-04-04T12:00:00,2.0011,62.979,51.217,0.948,0,,,
asset_016,2026-04-04T12:00:00,0.9841,67.196,57.452,0.981,0,,,
asset_017,2026-04-04T12:00:00,1.3802,60.061,54.38,1.1702,1,,,
asset_018,2026-04-04T12:00:00,1.258,65.997,49.947,1.0038,0,,,
asset_019,2026-04-04T12:00:00,1.7893,60.405,56.159,1.0769,0,,,
asset_020,2026-04-04T12:00:00,1.7117,65.135,58.948,0.9339,0,,,
asset_021,2026-04-04T12:00:00,1.2479,57.369,53.751,0.9336,0,,,
asset_022,2026-04-04T12:00:00,0.5466,59.796,41.405,1.0475,0,,,
asset_023,2026-04-04T12:00:00,1.4789,52.233,52.676,0.9485,0,,,
asset_024,2026-04-04T12:00:00,1.1825,72.011,44.234,0.9183,0,,,
asset_025,2026-04-04T12:00:00,1.6407,53.763,40.67,0.9738,0,,,
asset_026,2026-04-04T12:00:00,1.3716,59.982,56.748,0.8515,0,,,
asset_027,2026-04-04T12:00:00,0.7526,62.574,43.713,1.0385,0,,,
asset_028,2026-04-04T12:00:00,1.5713,60.32,46.494,1.0001,0,,,
asset_029,2026-04-04T12:00:00,1.1302,57.049,41.75,0.8942,0,,,
asset_030,2026-04-04T12:00:00,1.2777,66.159,57.607,1.0158,0,,,
asset_031,2026-04-04T12:00:00,1.5599,63.89,58.971,1.0239,0,,,
asset_032,2026-04-04T12:00:00,1.3963,56.591,51.873,0.9038,0,,,
asset_033,2026-04-04T12:00:00,0.9839,62.397,46.955,1.1073,0,,,
asset_034,2026-04-04T12:00:00,1.0531,71.409,54.579,1.0155,0,,,
asset_035,2026-04-04T12:00:00,1.4755,55.266,54.007,0.8819,1,,,
asset_036,2026-04-04T12:00:00,1.3337,55.723,52.635,1.0383,0,,,
asset_037,2026-04-04T12:00:00,0.9759,56.369,52.26,0.9057,0,,,
asset_038,2026-04-04T12:00:00,1.1722,72.345,43.019,1.0606,0,,,
asset_039,2026-04-04T12:00:00,1.5315,70.22,44.718,0.9273,0,,,
asset_000,2026-04-04T18:00:00,1.1348,54.873,43.581,1.08,0,,,
asset_001,2026-04-04T18:00:00,1.0272,54.627,54.993,1.0266,0,,,
asset_002,2026-04-04T18:00:00,1.2028,66.087,40.314,1.0521,0,,,
asset_003,2026-04-04T18:00:00,1.752,61.62,47.93,1.0542,0,,,
asset_004,2026-04-04T18:00:00,1.3314,67.368,50.123,0.9695,1,,,
asset_005,2026-04-04T18:00:00,1.562,57.467,46.686,0.9205,0,,,
asset_006,2026-04-04T18:00:00,1.0425,52.693,53.951,0.9771,0,,,
asset_007,2026-04-04T18:00:00,1.1037,67.85,56.142,1.0401,0,,,
asset_008,2026-04-04T18:00:00,0.8911,66.17,42.66,1.0277,0,,,
asset_009,2026-04-04T18:00:00,1.0039,65.499,49.405,1.0863,0,,,
asset_010,2026-04-04T18:00:00,1.2441,65.311,54.148,0.9215,0,,,
asset_011,2026-04-04T18:00:00,0.9663,62.845,54.963,1.1008,0,,,
asset_012,2026-04-04T18:00:00,0.8648,55.394,58.469,1.0248,0,,,
asset_013,2026-04-04T18:00:00,0.9985,61.029,47.35,0.961,0,,,
asset_014,2026-04-04T18:00:00,1.7898,55.607,40.995,0.8898,0,,,
asset_015,2026-04-04T18:00:00,1.326,63.415,45.185,1.0207,0,,,
asset_016,2026-04-04T18:00:00,1.0931,70.547,57.396,0.9976,0,,,
asset_017,2026-04-04T18:00:00,1.1661,59.269,54.426,0.996,0,,,
asset_018,2026-04-04T18:00:00,1.4121,67.45,56.466,0.9058,0,,,
asset_019,2026-04-04T18:00:00,1.7303,63.84,40.811,0.8471,0,,,
asset_020,2026-04-04T18:00:00,1.5569,68.218,41.938,1.0796,0,,,
asset_021,2026-04-04T18:00:00,1.1798,59.184,54.715,1.0442,1,,,
asset_022,2026-04-04T18:00:00,0.9222,61.011,57.225,1.0378,0,,,
asset_023,2026-04-04T18:00:00,1.0614,51.349,47.961,1.0319,0,,,
asset_024,2026-04-04T18:00:00,0.8335,67.414,49.437,1.0332,0,,,
asset_025,2026-04-04T18:00:00,1.1775,62.456,56.497,0.9615,0,,,
asset_026,2026-04-04T18:00:00,1.5177,60.403,43.498,1.0831,1,,,
asset_027,2026-04-04T18:00:00,1.1253,61.374,59.963,0.9978,1,,,
asset_028,2026-04-04T18:00:00,1.562,64.691,53.418,0.9324,0,,,
asset_029,2026-04-04T18:00:00,0.9213,55.144,52.312,1.136,0,,,
asset_030,2026-04-04T18:00:00,1.1146,67.044,39.274,1.0709,0,,,
asset_031,2026-04-04T18:00:00,1.1148,64.33,58.454,0.9741,0,,,
asset_032,2026-04-04T18:00:00,1.0894,54.91,50.559,0.9399,0,,,
asset_033,2026-04-04T18:00:00,0.6828,63.231,44.97,0.9683,0,,,
asset_034,2026-04-04T18:00:00,1.033,70.175,56.557,0.9281,0,,,
asset_035,2026-04-04T18:00:00,1.3707,55.593,39.442,0.9201,0,,,
asset_036,2026-04-04T18:00:00,1.2275,58.136,46.403,1.0419,0,,,
asset_037,2026-04-04T18:00:00,0.6079,50.722,57.352,1.0331,0,,,
asset_038,2026-04-04T18:00:00,0.8914,71.812,47.026,1.0086,0,,,
asset_039,2026-04-04T18:00:00,1.151,67.673,40.86,0.9612,0,,,
asset_000,2026-04-05T00:00:00,1.2105,52.434,51.339,1.0176,0,,,
asset_001,2026-04-05T00:00:00,1.0572,56.391,42.054,0.9798,0,,,
asset_002,2026-04-05T00:00:00,1.1655,64.442,44.806,1.1047,0,,,
asset_003,2026-04-05T00:00:00,1.5785,62.828,50.437,1.0008,0,,,
asset_004,2026-04-05T00:00:00,1.154,61.033,39.948,1.1208,1,,,
asset_005,2026-04-05T00:00:00,1.6693,62.068,56.138,0.9108,0,,,
asset_006,2026-04-05T00:00:00,1.3852,47.98,40.608,1.0564,0,,,
asset_007,2026-04-05T00:00:00,1.1973,73.471,50.639,1.0025,0,,,
asset_008,2026-04-05T00:00:00,1.1268,67.317,53.038,1.0484,0,,,
asset_009,2026-04-05T00:00:00,1.3598,63.121,58.883,0.8873,0,,,
asset_010,2026-04-05T00:00:00,0.9868,62.911,54.112,1.0748,0,,,
asset_011,2026-04-05T00:00:00,1.2082,61.822,42.919,0.9427,0,,,
asset_012,2026-04-05T00:00:00,1.2496,54.455,59.924,0.9863,0,,,
asset_013,2026-04-05T00:00:00,1.3349,62.256,41.209,1.0212,0,,,
asset_014,2026-04-05T00:00:00,1.1883,56.468,57.918,0.9629,0,,,
asset_015,2026-04-05T00:00:00,1.3798,62.787,44.02,0.972,0,,,
asset_016,2026-04-05T00:00:00,0.703,66.369,49.631,1.1637,0,,,
asset_017,2026-04-05T00:00:00,1.0319,58.463,43.588,1.0615,0,,,
asset_018,2026-04-05T00:00:00,1.3758,68.285,52.592,1.0855,0,,,
asset_019,2026-04-05T00:00:00,1.7128,60.485,44.221,1.0563,0,,,
asset_020,2026-04-05T00:00:00,1.4671,69.581,48.106,0.9474,0,,,
asset_021,2026-04-05T00:00:00,1.5493,58.985,56.357,0.9771,0,,,
asset_022,2026-04-05T00:00:00,0.7307,61.06,48.583,0.9864,1,,,
asset_023,2026-04-05T00:00:00,1.1223,50.43,53.555,0.8969,0,,,
asset_024,2026-04-05T00:00:00,0.9332,65.125,58.242,0.9997,1,,,
asset_025,2026-04-05T00:00:00,1.7847,56.783,53.177,1.05,0,,,
asset_026,2026-04-05T00:00:00,1.7026,58.783,38.787,1.0622,0,,,
asset_027,2026-04-05T00:00:00,1.2469,62.949,56.8,0.9656,0,,,
asset_028,2026-04-05T00:00:00,1.2593,65.887,43.508,1.0746,0,,,
asset_029,2026-04-05T00:00:00,0.8845,51.962,48.233,1.0764,0,,,
asset_030,2026-04-05T00:00:00,1.1228,68.905,45.037,0.9792,0,,,
asset_031,2026-04-05T00:00:00,1.2186,60.358,45.212,0.915,0,,,
asset_032,2026-04-05T00:00:00,1.4782,52.123,43.733,1.11,0,,,
asset_033,2026-04-05T00:00:00,0.9001,61.97,44.906,1.0628,0,,,
asset_034,2026-04-05T00:00:00,1.0748,67.167,41.842,1.1676,0,,,
asset_035,2026-04-05T00:00:00,1.4708,52.891,56.64,0.925,0,,,
asset_036,2026-04-05T00:00:00,1.1572,55.505,47.359,1.1045,0,,,
asset_037,2026-04-05T00:00:00,1.0164,52.414,57.533,1.0839,0,,,
asset_038,2026-04-05T00:00:00,1.342,71.469,39.157,0.9472,0,,,
asset_039,2026-04-05T00:00:00,1.0312,65.356,43.436,0.9707,0,,,
asset_000,2026-04-05T06:00:00,1.5176,48.427,57.65,1.096,0,,,
asset_001,2026-04-05T06:00:00,1.3919,56.239,41.361,0.9291,0,,,
asset_002,2026-04-05T06:00:00,1.0338,67.559,49.921,1.0412,0,,,
asset_003,2026-04-05T06:00:00,1.0209,60.605,59.977,1.0013,0,,,
asset_004,2026-04-05T06:00:00,1.7185,62.295,57.043,1.1377,0,,,
asset_005,2026-04-05T06:00:00,1.2856,62.195,51.72,0.9803,0,,,
asset_006,2026-04-05T06:00:00,0.7478,52.513,49.766,1.0418,0,,,
asset_007,2026-04-05T06:00:00,1.371,67.761,50.2,1.0527,0,,,
asset_008,2026-04-05T06:00:00,0.7773,71.09,44.607,1.0176,0,,,
asset_009,2026-04-05T06:00:00,0.9155,59.853,41.136,1.0155,1,,,
asset_010,2026-04-05T06:00:00,1.4697,66.685,44.375,1.0513,0,,,
asset_011,2026-04-05T06:00:00,0.7973,60.24,56.195,1.0999,0,,,
asset_012,2026-04-05T06:00:00,1.4223,53.521,53.615,1.0009,0,,,
asset_013,2026-04-05T06:00:00,0.8502,64.453,50.181,0.9295,0,,,
asset_014,2026-04-05T06:00:00,1.197,58.003,47.741,1.0932,0,,,
asset_015,2026-04-05T06:00:00,1.8208,61.76,54.508,0.9674,0,,,
asset_016,2026-04-05T06:00:00,0.7387,72.616,55.49,1.0877,0,,,
asset_017,2026-04-05T06:00:00,1.1066,56.656,46.329,0.8556,0,,,
asset_018,2026-04-05T06:00:00,1.3108,67.071,53.642,1.0821,0,,,
asset_019,2026-04-05T06:00:00,1.0988,59.225,49.411,1.0478,0,,,
asset_020,2026-04-05T06:00:00,1.7302,66.365,48.172,0.9776,0,,,
asset_021,2026-04-05T06:00:00,1.679,55.504,49.4,0.9893,0,,,
asset_022,2026-04-05T06:00:00,0.6888,61.065,47.744,0.9361,0,,,
asset_023,2026-04-05T06:00:00,1.6678,52.443,46.139,1.0751,0,,,
asset_024,2026-04-05T06:00:00,0.4529,71.246,61.869,0.9383,0,,,
asset_025,2026-04-05T06:00:00,1.7571,58.93,44.714,1.0815,0,,,
asset_026,2026-04-05T06:00:00,1.3938,53.58,55.342,0.8915,0,,,
asset_027,2026-04-05T06:00:00,1.1868,64.972,55.316,1.0587,0,,,
asset_028,2026-04-05T06:00:00,1.3598,64.122,56.728,1.1414,0,,,
asset_029,2026-04-05T06:00:00,1.2906,52.239,45.243,0.8872,0,,,
asset_030,2026-04-05T06:00:00,1.6888,72.433,44.601,1.0476,0,,,
asset_031,2026-04-05T06:00:00,1.2159,62.678,54.567,0.9651,1,,,
asset_032,2026-04-05T06:00:00,1.0308,53.577,51.84,0.9909,0,,,
asset_033,2026-04-05T06:00:00,0.6677,69.429,60.075,0.97,0,,,
asset_034,2026-04-05T06:00:00,0.8887,66.01,46.117,1.0289,1,,,
asset_035,2026-04-05T06:00:00,0.8593,55.943,45.987,0.9444,1,,,
asset_036,2026-04-05T06:00:00,1.0959,57.18,46.915,1.0658,0,,,
asset_037,2026-04-05T06:00:00,0.3822,52.062,52.479,0.8798,0,,,
asset_038,2026-04-05T06:00:00,1.179,69.022,58.378,1.0294,1,,,
asset_039,2026-04-05T06:00:00,1.5671,65.528,49.381,0.8107,0,,,
asset_000,2026-04-05T12:00:00,1.0938,55.02,50.465,0.9033,0,,,
asset_001,2026-04-05T12:00:00,1.0769,60.255,57.836,0.8509,0,,,
asset_002,2026-04-05T12:00:00,1.7525,65.628,46.919,1.0133,0,,,
asset_003,2026-04-05T12:00:00,1.5524,63.448,44.264,1.0303,0,,,
asset_004,2026-04-05T12:00:00,1.329,62.531,62.392,0.9444,0,,,
asset_005,2026-04-05T12:00:00,1.0784,55.662,45.114,0.8887,0,,,
asset_006,2026-04-05T12:00:00,0.947,56.098,51.211,1.0744,0,,,
asset_007,2026-04-05T12:00:00,0.5175,66.962,43.437,1.0033,0,,,
asset_008,2026-04-05T12:00:00,0.9712,66.358,52.998,0.8526,0,,,
asset_009,2026-04-05T12:00:00,0.9895,68.533,48.935,1.1248,1,,,
asset_010,2026-04-05T12:00:00,0.9971,70.104,41.832,1.0184,0,,,
asset_011,2026-04-05T12:00:00,1.127,60.735,49.76,1.122,0,,,
asset_012,2026-04-05T12:00:00,1.9368,60.288,53.687,1.0352,0,,,
asset_013,2026-04-05T12:00:00,0.8091,66.038,58.023,0.9456,0,,,
asset_014,2026-04-05T12:00:00,1.252,55.093,58.427,1.0128,0,,,
asset_015,2026-04-05T12:00:00,1.598,62.882,52.207,0.867,1,,,
asset_016,2026-04-05T12:00:00,0.8174,68.531,54.31,0.9295,0,,,
asset_017,2026-04-05T12:00:00,1.5832,57.381,47.531,0.9697,0,,,
asset_018,2026-04-05T12:00:00,1.4749,62.66,48.835,0.9101,1,,,
asset_019,2026-04-05T12:00:00,1.8348,60.455,42.573,0.901,0,,,
asset_020,2026-04-05T12:00:00,1.4982,69.103,43.988,0.9221,0,,,
asset_021,2026-04-05T12:00:00,1.6489,54.056,56.862,1.022,0,,,
asset_022,2026-04-05T12:00:00,0.6966,61.273,45.678,1.0368,0,,,
asset_023,2026-04-05T12:00:00,1.0522,51.516,55.014,1.0452,1,,,
asset_024,2026-04-05T12:00:00,1.372,71.193,49.124,1.1439,0,,,
asset_025,2026-04-05T12:00:00,1.6774,56.419,41.531,1.0163,0,,,
asset_026,2026-04-05T12:00:00,1.5351,63.255,58.01,0.8666,0,,,
asset_027,2026-04-05T12:00:00,0.7073,67.241,56.659,1.1783,0,,,
asset_028,2026-04-05T12:00:00,1.3364,60.466,41.064,0.9789,0,,,
asset_029,2026-04-05T12:00:00,1.1818,50.92,42.754,0.9628,0,,,
asset_030,2026-04-05T12:00:00,1.2151,66.087,50.863,1.0462,1,,,
asset_031,2026-04-05T12:00:00,1.3762,65.09,39.412,1.1552,0,,,
asset_032,2026-04-05T12:00:00,1.9049,53.463,56.737,1.1349,0,,,
asset_033,2026-04-05T12:00:00,0.6166,61.096,49.738,1.0413,0,,,
asset_034,2026-04-05T12:00:00,0.9292,67.432,46.088,1.0308,0,,,
asset_035,2026-04-05T12:00:00,0.9626,53.081,51.117,0.884,0,,,
asset_036,2026-04-05T12:00:00,1.6648,56.09,48.75,1.0536,0,,,
asset_037,2026-04-05T12:00:00,0.6604,55.562,59.247,0.9418,0,,,
asset_038,2026-04-05T12:00:00,1.1131,69.196,56.735,1.0421,0,,,
asset_039,2026-04-05T12:00:00,1.3372,69.338,53.288,1.1733,1,,,
asset_000,2026-04-05T18:00:00,0.9335,53.21,46.011,1.0684,0,,,
asset_001,2026-04-05T18:00:00,1.2941,56.214,52.252,0.8996,0,,,
asset_002,2026-04-05T18:00:00,1.2319,68.188,56.021,1.0089,0,,,
asset_003,2026-04-05T18:00:00,1.3654,65.985,58.502,0.9554,0,,,
asset_004,2026-04-05T18:00:00,1.5548,62.439,45.484,0.936,0,,,
asset_005,2026-04-05T18:00:00,1.5248,60.942,44.856,1.0534,0,,,
asset_006,2026-04-05T18:00:00,0.8165,57.119,46.017,0.9894,0,,,
asset_007,2026-04-05T18:00:00,0.8723,68.914,39.6,0.9162,0,,,
asset_008,2026-04-05T18:00:00,0.9263,69.691,59.206,0.9859,0,,,
asset_009,2026-04-05T18:00:00,1.6425,69.823,43.336,0.9523,0,,,
asset_010,2026-04-05T18:00:00,0.9498,68.219,54.752,0.9396,0,,,
asset_011,2026-04-05T18:00:00,1.3835,61.481,54.414,0.9908,0,,,
asset_012,2026-04-05T18:00:00,1.0088,56.649,47.223,0.8113,0,,,
asset_013,2026-04-05T18:00:00,1.2263,66.578,41.671,1.0014,1,,,
asset_014,2026-04-05T18:00:00,1.616,52.134,43.172,1.002,0,,,
asset_015,2026-04-05T18:00:00,1.2221,62.077,43.055,1.0264,0,,,
asset_016,2026-04-05T18:00:00,1.0282,71.696,48.026,1.0924,0,,,
asset_017,2026-04-05T18:00:00,1.3459,59.862,55.061,1.087,0,,,
asset_018,2026-04-05T18:00:00,1.5646,66.027,55.802,1.0065,0,,,
asset_019,2026-04-05T18:00:00,2.1389,57.295,57.263,1.0126,1,,,
asset_020,2026-04-05T18:00:00,0.8362,67.544,55.311,1.0595,0,,,
asset_021,2026-04-05T18:00:00,1.2635,52.597,55.751,1.0222,0,,,
asset_022,2026-04-05T18:00:00,0.9376,62.464,53.523,0.998,0,,,
asset_023,2026-04-05T18:00:00,1.1622,53.793,47.744,1.1868,1,,,
asset_024,2026-04-05T18:00:00,0.8749,67.975,43.661,1.1243,0,,,
asset_025,2026-04-05T18:00:00,1.9035,58.59,49.959,0.8874,0,,,
asset_026,2026-04-05T18:00:00,1.4169,59.911,54.569,1.0323,0,,,
asset_027,2026-04-05T18:00:00,1.2004,62.226,42.017,1.0214,0,,,
asset_028,2026-04-05T18:00:00,1.5119,63.863,55.267,0.8432,0,,,
asset_029,2026-04-05T18:00:00,1.0568,51.321,50.666,1.0509,0,,,
asset_030,2026-04-05T18:00:00,1.5868,63.464,40.514,1.0535,1,,,
asset_031,2026-04-05T18:00:00,1.1744,63.05,54.294,0.9093,0,,,
asset_032,2026-04-05T18:00:00,1.3765,51.518,49.296,1.0747,0,,,
asset_033,2026-04-05T18:00:00,1.0145,63.548,41.483,0.9567,0,,,
asset_034,2026-04-05T18:00:00,0.7672,69.195,57.263,1.0364,0,,,
asset_035,2026-04-05T18:00:00,1.1904,58.939,49.263,0.9129,0,,,
asset_036,2026-04-05T18:00:00,1.1442,57.835,55.981,1.1126,0,,,
asset_037,2026-04-05T18:00:00,1.0586,52.201,42.88,0.9998,0,,,
asset_038,2026-04-05T18:00:00,1.2546,68.151,52.612,0.9798,0,,,
asset_039,2026-04-05T18:00:00,1.4255,71.836,43.042,1.0768,0,,,
asset_000,2026-04-06T00:00:00,1.3484,50.736,38.425,1.0867,0,,,
asset_001,2026-04-06T00:00:00,0.6862,58.668,53.372,1.0378,1,,,
asset_002,2026-04-06T00:00:00,1.117,64.732,46.081,1.0389,0,,,
asset_003,2026-04-06T00:00:00,1.564,60.966,45.489,0.9544,0,,,
asset_004,2026-04-06T00:00:00,1.4771,63.506,50.336,0.9937,0,,,
asset_005,2026-04-06T00:00:00,1.6928,56.246,41.607,0.9122,0,,,
asset_006,2026-04-06T00:00:00,1.18,58.679,61.788,1.0873,0,,,
asset_007,2026-04-06T00:00:00,1.009,70.968,54.956,0.9681,1,,,
asset_008,2026-04-06T00:00:00,1.0165,70.407,38.396,0.9662,0,,,
asset_009,2026-04-06T00:00:00,1.0872,63.743,42.028,1.1208,0,,,
asset_010,2026-04-06T00:00:00,1.3546,68.095,44.311,0.9246,0,,,
asset_011,2026-04-06T00:00:00,1.0406,59.781,57.925,0.9361,0,,,
asset_012,2026-04-06T00:00:00,1.6805,60.321,43.773,1.1999,0,,,
asset_013,2026-04-06T00:00:00,1.141,63.47,41.085,1.1148,0,,,
asset_014,2026-04-06T00:00:00,1.1491,56.538,41.308,1.1013,0,,,
asset_015,2026-04-06T00:00:00,1.3815,61.457,46.118,0.9668,0,,,
asset_016,2026-04-06T00:00:00,1.3903,71.023,55.36,0.9511,0,,,
asset_017,2026-04-06T00:00:00,1.7038,56.575,56.026,0.9997,0,,,
asset_018,2026-04-06T00:00:00,1.265,69.9,51.729,0.9864,0,,,
asset_019,2026-04-06T00:00:00,1.6481,57.166,46.495,0.9293,0,,,
asset_020,2026-04-06T00:00:00,1.7551,67.98,46.341,1.0003,0,,,
asset_021,2026-04-06T00:00:00,1.5068,60.619,55.92,0.9343,0,,,
asset_022,2026-04-06T00:00:00,0.7632,61.561,48.543,1.0547,0,,,
asset_023,2026-04-06T00:00:00,1.6452,51.544,48.346,1.0888,0,,,
asset_024,2026-04-06T00:00:00,1.0877,70.992,60.854,0.9652,0,,,
asset_025,2026-04-06T00:00:00,1.4762,56.3,45.306,0.8347,0,,,
asset_026,2026-04-06T00:00:00,1.4332,57.635,60.384,0.9565,0,,,
asset_027,2026-04-06T00:00:00,0.8243,64.066,53.767,1.0434,0,,,
asset_028,2026-04-06T00:00:00,1.1331,62.097,47.409,1.0342,0,,,
asset_029,2026-04-06T00:00:00,1.4402,52.834,53.156,0.9544,0,,,
asset_030,2026-04-06T00:00:00,1.5895,69.205,48.055,0.9858,0,,,
asset_031,2026-04-06T00:00:00,0.5114,61.225,49.506,1.0569,0,,,
asset_032,2026-04-06T00:00:00,1.1659,56.329,49.768,0.9847,0,,,
asset_033,2026-04-06T00:00:00,0.8607,62.785,56.778,0.9668,0,,,
asset_034,2026-04-06T00:00:00,0.8759,66.659,54.969,1.0549,0,,,
asset_035,2026-04-06T00:00:00,1.2075,54.703,60.668,0.8547,0,,,
asset_036,2026-04-06T00:00:00,0.7492,56.948,51.097,1.057,0,,,
asset_037,2026-04-06T00:00:00,0.1264,53.922,49.725,1.0562,0,,,
asset_038,2026-04-06T00:00:00,0.7019,71.862,49.74,0.9405,0,,,
asset_039,2026-04-06T00:00:00,1.9055,67.339,49.3,1.008,0,,,
asset_000,2026-04-06T06:00:00,1.2776,58.22,40.852,0.9925,0,,,
asset_001,2026-04-06T06:00:00,1.205,57.245,54.483,0.9675,0,,,
asset_002,2026-04-06T06:00:00,1.1784,65.611,56.762,0.9623,0,,,
asset_003,2026-04-06T06:00:00,1.4081,72.382,38.623,0.9309,0,,,
asset_004,2026-04-06T06:00:00,1.6014,62.829,51.688,0.9694,1,,,
asset_005,2026-04-06T06:00:00,1.5608,61.91,52.038,1.0181,0,,,
asset_006,2026-04-06T06:00:00,1.2587,52.881,41.025,1.0987,0,,,
asset_007,2026-04-06T06:00:00,0.6915,73.443,57.629,1.0352,0,,,
asset_008,2026-04-06T06:00:00,0.919,69.835,55.555,1.0506,0,,,
asset_009,2026-04-06T06:00:00,0.9977,65.196,61.404,0.9052,0,,,
asset_010,2026-04-06T06:00:00,1.0212,67.215,50.977,1.0067,0,,,
asset_011,2026-04-06T06:00:00,1.1531,61.671,38.801,1.0383,0,,,
asset_012,2026-04-06T06:00:00,1.4738,59.244,44.127,0.9953,1,,,
asset_013,2026-04-06T06:00:00,1.3301,66.717,60.223,1.0029,0,,,
asset_014,2026-04-06T06:00:00,1.4224,56.38,59.782,1.1011,0,,,
asset_015,2026-04-06T06:00:00,2.0724,62.281,57.149,1.0398,0,,,
asset_016,2026-04-06T06:00:00,0.959,66.567,55.969,0.9937,0,,,
asset_017,2026-04-06T06:00:00,1.0829,58.242,43.198,0.8898,0,,,
asset_018,2026-04-06T06:00:00,0.9836,70.391,46.736,0.9839,0,,,
asset_019,2026-04-06T06:00:00,1.405,58.863,50.233,1.0154,0,,,
asset_020,2026-04-06T06:00:00,1.4229,71.096,43.161,1.0555,0,,,
asset_021,2026-04-06T06:00:00,1.395,54.069,44.245,0.9174,0,,,
asset_022,2026-04-06T06:00:00,0.7075,60.075,53.208,0.9559,0,,,
asset_023,2026-04-06T06:00:00,1.9269,51.457,48.109,1.0164,0,,,
asset_024,2026-04-06T06:00:00,0.6023,67.823,56.537,0.994,0,,,
asset_025,2026-04-06T06:00:00,1.533,55.996,57.014,1.1196,0,,,
asset_026,2026-04-06T06:00:00,1.5879,56.468,42.58,0.9394,0,,,
asset_027,2026-04-06T06:00:00,1.3388,59.356,43.059,1.0814,0,,,
asset_028,2026-04-06T06:00:00,1.5777,60.085,51.014,0.9283,0,,,
asset_029,2026-04-06T06:00:00,1.1822,52.064,51.891,1.1589,0,,,
asset_030,2026-04-06T06:00:00,1.6941,67.825,55.981,1.0412,0,,,
asset_031,2026-04-06T06:00:00,1.285,61.964,57.141,0.8794,0,,,
asset_032,2026-04-06T06:00:00,1.593,51.599,45.127,0.9068,0,,,
asset_033,2026-04-06T06:00:00,0.5994,63.86,48.685,0.9407,1,,,
asset_034,2026-04-06T06:00:00,0.8277,65.822,47.628,0.9337,0,,,
asset_035,2026-04-06T06:00:00,1.5057,51.996,44.678,0.9205,0,,,
asset_036,2026-04-06T06:00:00,1.4654,57.267,55.278,1.0366,0,,,
asset_037,2026-04-06T06:00:00,0.7179,52.805,40.944,0.8987,0,,,
asset_038,2026-04-06T06:00:00,0.9311,68.701,57.772,1.0415,0,,,
asset_039,2026-04-06T06:00:00,1.6665,69.28,43.419,0.9978,0,,,
asset_000,2026-04-06T12:00:00,1.4255,52.147,50.11,1.0713,1,,,
asset_001,2026-04-06T12:00:00,0.9076,58.911,47.545,1.0438,0,,,
asset_002,2026-04-06T12:00:00,0.9845,68.658,50.468,1.0044,1,,,
asset_003,2026-04-06T12:00:00,1.2596,68.126,54.209,1.0957,0,,,
asset_004,2026-04-06T12:00:00,1.1722,62.711,46.478,0.9467,0,,,
asset_005,2026-04-06T12:00:00,1.1826,57.335,55.242,1.001,0,,,
asset_006,2026-04-06T12:00:00,1.0089,55.297,45.782,0.991,1,,,
asset_007,2026-04-06T12:00:00,0.884,66.135,40.715,0.8829,0,,,
asset_008,2026-04-06T12:00:00,0.9491,70.476,55.727,0.9981,0,,,
asset_009,2026-04-06T12:00:00,1.6285,64.947,53.244,0.8534,0,,,
asset_010,2026-04-06T12:00:00,1.1029,69.175,60.709,1.115,0,,,
asset_011,2026-04-06T12:00:00,1.0873,59.305,59.211,1.0371,0,,,
asset_012,2026-04-06T12:00:00,1.8388,48.472,44.851,1.0924,0,,,
asset_013,2026-04-06T12:00:00,1.5063,61.99,54.698,0.9571,0,,,
asset_014,2026-04-06T12:00:00,0.9564,59.649,60.859,1.0231,0,,,
asset_015,2026-04-06T12:00:00,1.7541,64.954,55.603,1.019,0,,,
asset_016,2026-04-06T12:00:00,1.2168,72.003,53.258,0.9895,0,,,
asset_017,2026-04-06T12:00:00,1.6867,58.997,39.856,1.0957,0,,,
asset_018,2026-04-06T12:00:00,0.8625,66.669,54.442,1.0698,1,,,
asset_019,2026-04-06T12:00:00,1.5335,58.843,43.21,1.0292,0,,,
asset_020,2026-04-06T12:00:00,1.5759,70.724,52.233,1.0119,1,,,
asset_021,2026-04-06T12:00:00,1.6213,55.963,54.368,0.8782,0,,,
asset_022,2026-04-06T12:00:00,0.7863,59.538,48.689,0.9745,0,,,
asset_023,2026-04-06T12:00:00,1.3797,50.978,43.603,0.9289,0,,,
asset_024,2026-04-06T12:00:00,1.2257,65.067,46.026,1.0688,1,,,
asset_025,2026-04-06T12:00:00,1.5912,54.729,48.756,1.0142,0,,,
asset_026,2026-04-06T12:00:00,1.1623,62.1,55.036,1.008,0,,,
asset_027,2026-04-06T12:00:00,0.7585,56.516,59.524,1.0952,0,,,
asset_028,2026-04-06T12:00:00,1.8749,63.0,59.333,1.0327,0,,,
asset_029,2026-04-06T12:00:00,1.1037,52.888,60.077,0.9441,0,,,
asset_030,2026-04-06T12:00:00,1.6677,69.792,49.504,1.0443,0,,,
asset_031,2026-04-06T12:00:00,1.1144,61.97,47.074,1.0542,0,,,
asset_032,2026-04-06T12:00:00,1.4997,55.04,55.068,0.9507,0,,,
asset_033,2026-04-06T12:00:00,0.9792,66.716,44.515,1.0138,0,,,
asset_034,2026-04-06T12:00:00,0.9835,68.296,46.196,0.9507,0,,,
asset_035,2026-04-06T12:00:00,0.5475,58.088,49.932,0.9101,1,,,
asset_036,2026-04-06T12:00:00,1.387,56.028,44.724,0.915,0,,,
asset_037,2026-04-06T12:00:00,1.2899,51.915,56.923,0.9086,0,,,
asset_038,2026-04-06T12:00:00,0.5244,70.304,42.544,1.0466,0,,,
asset_039,2026-04-06T12:00:00,1.9019,66.596,41.549,1.1055,0,,,
asset_000,2026-04-06T18:00:00,0.7868,52.093,50.637,1.0335,0,,,
asset_001,2026-04-06T18:00:00,1.0343,54.819,59.385,1.0077,1,,,
asset_002,2026-04-06T18:00:00,1.3924,63.314,59.625,0.9803,0,,,
asset_003,2026-04-06T18:00:00,1.5312,61.514,50.684,0.9811,0,,,
asset_004,2026-04-06T18:00:00,1.4386,65.377,50.646,1.0482,0,,,
asset_005,2026-04-06T18:00:00,1.5055,55.973,53.537,0.9429,0,,,
asset_006,2026-04-06T18:00:00,1.7244,52.219,47.718,0.9516,0,,,
asset_007,2026-04-06T18:00:00,0.8752,67.049,52.677,0.9722,0,,,
asset_008,2026-04-06T18:00:00,0.5505,71.671,54.239,0.8627,0,,,
asset_009,2026-04-06T18:00:00,0.9085,63.967,43.126,0.9362,0,,,
asset_010,2026-04-06T18:00:00,1.0207,68.442,47.702,1.0485,0,,,
asset_011,2026-04-06T18:00:00,1.155,63.308,42.284,0.881,0,,,
asset_012,2026-04-06T18:00:00,2.0124,52.088,58.948,0.8817,0,,,
asset_013,2026-04-06T18:00:00,1.6345,61.67,43.197,0.8978,1,,,
asset_014,2026-04-06T18:00:00,1.4849,55.726,47.47,1.07,0,,,
asset_015,2026-04-06T18:00:00,1.7099,63.091,54.575,0.9567,0,,,
asset_016,2026-04-06T18:00:00,0.6065,72.519,45.246,0.9221,0,,,
asset_017,2026-04-06T18:00:00,1.5656,59.383,54.341,0.9231,1,,,
asset_018,2026-04-06T18:00:00,0.997,68.393,55.614,1.0085,0,,,
asset_019,2026-04-06T18:00:00,1.6523,58.657,50.032,0.8422,0,,,
asset_020,2026-04-06T18:00:00,0.9519,64.026,40.384,1.0354,0,,,
asset_021,2026-04-06T18:00:00,1.5827,52.703,55.456,0.9414,0,,,
asset_022,2026-04-06T18:00:00,0.8006,61.061,47.863,1.0705,0,,,
asset_023,2026-04-06T18:00:00,1.1612,52.284,56.869,0.9599,1,,,
asset_024,2026-04-06T18:00:00,0.6482,66.873,42.141,1.0635,1,,,
asset_025,2026-04-06T18:00:00,1.6259,57.702,49.118,0.9027,0,,,
asset_026,2026-04-06T18:00:00,1.5544,60.975,52.108,0.9849,0,,,
asset_027,2026-04-06T18:00:00,0.7326,64.582,55.12,1.0549,0,,,
asset_028,2026-04-06T18:00:00,1.651,63.849,41.611,0.8375,0,,,
asset_029,2026-04-06T18:00:00,1.1028,52.65,56.022,1.0882,0,,,
asset_030,2026-04-06T18:00:00,1.6413,65.6,43.296,1.0162,0,,,
asset_031,2026-04-06T18:00:00,1.0011,63.726,47.716,1.038,0,,,
asset_032,2026-04-06T18:00:00,1.3543,53.72,48.91,1.0494,0,,,
asset_033,2026-04-06T18:00:00,0.6943,64.233,50.402,0.9954,0,,,
asset_034,2026-04-06T18:00:00,1.2288,67.346,58.059,1.0299,0,,,
asset_035,2026-04-06T18:00:00,1.5293,61.525,41.544,0.9121,0,,,
asset_036,2026-04-06T18:00:00,1.6745,56.679,41.501,0.9646,0,,,
asset_037,2026-04-06T18:00:00,0.7561,50.56,56.683,0.9869,0,,,
asset_038,2026-04-06T18:00:00,1.1509,66.002,57.856,0.9937,0,,,
asset_039,2026-04-06T18:00:00,1.7747,68.029,48.19,0.9916,0,,,
asset_000,2026-04-07T00:00:00,1.3713,48.89,52.087,1.0895,0,,,
asset_001,2026-04-07T00:00:00,1.1278,55.29,58.751,0.9198,0,,,
asset_002,2026-04-07T00:00:00,0.8221,64.075,52.268,1.1219,1,,,
asset_003,2026-04-07T00:00:00,1.0338,62.178,56.584,1.1793,0,,,
asset_004,2026-04-07T00:00:00,1.3402,59.803,47.831,1.0,0,,,
asset_005,2026-04-07T00:00:00,1.9201,58.088,60.833,0.9335,0,,,
asset_006,2026-04-07T00:00:00,1.1083,51.923,59.407,0.9103,0,,,
asset_007,2026-04-07T00:00:00,0.8852,68.732,46.791,1.0304,0,,,
asset_008,2026-04-07T00:00:00,1.15,69.295,42.941,0.9836,0,,,
asset_009,2026-04-07T00:00:00,1.117,63.892,49.494,1.0912,0,,,
asset_010,2026-04-07T00:00:00,1.1468,67.464,55.692,0.9284,1,,,
asset_011,2026-04-07T00:00:00,1.477,66.187,57.58,1.0774,0,,,
asset_012,2026-04-07T00:00:00,1.2909,56.804,59.058,1.0093,1,,,
asset_013,2026-04-07T00:00:00,1.3164,65.222,51.875,0.8245,0,,,
asset_014,2026-04-07T00:00:00,1.5331,50.867,57.754,0.8966,0,,,
asset_015,2026-04-07T00:00:00,1.4451,62.683,37.977,0.8886,0,,,
asset_016,2026-04-07T00:00:00,1.1637,70.293,44.745,1.1777,0,,,
asset_017,2026-04-07T00:00:00,1.1573,60.345,48.025,1.1723,0,,,
asset_018,2026-04-07T00:00:00,1.1218,68.082,53.291,0.9412,0,,,
asset_019,2026-04-07T00:00:00,1.2695,56.116,46.851,0.9502,0,,,
asset_020,2026-04-07T00:00:00,1.6966,63.446,43.176,1.1119,0,,,
asset_021,2026-04-07T00:00:00,1.8157,53.359,53.525,0.918,0,,,
asset_022,2026-04-07T00:00:00,0.6528,62.261,59.615,1.1782,0,,,
asset_023,2026-04-07T00:00:00,1.0631,53.971,57.468,0.9152,0,,,
asset_024,2026-04-07T00:00:00,0.7576,71.525,44.861,1.047,1,,,
asset_025,2026-04-07T00:00:00,1.5034,58.991,42.377,0.8941,0,,,
asset_026,2026-04-07T00:00:00,1.8832,57.821,53.948,0.9899,0,,,
asset_027,2026-04-07T00:00:00,1.3396,65.09,43.43,0.9811,0,,,
asset_028,2026-04-07T00:00:00,1.2326,62.103,39.351,0.887,1,,,
asset_029,2026-04-07T00:00:00,1.0118,52.826,53.272,1.0653,0,,,
asset_030,2026-04-07T00:00:00,1.5125,66.996,49.077,0.9809,0,,,
asset_031,2026-04-07T00:00:00,0.9578,62.879,54.598,0.9237,0,,,
asset_032,2026-04-07T00:00:00,1.4597,49.931,41.562,0.9991,1,,,
asset_033,2026-04-07T00:00:00,0.9149,61.888,46.172,1.0369,0,,,
asset_034,2026-04-07T00:00:00,0.4879,70.808,53.877,0.9604,0,,,
asset_035,2026-04-07T00:00:00,1.5896,55.036,43.298,1.0074,0,,,
asset_036,2026-04-07T00:00:00,1.59,57.982,44.26,1.0397,0,,,
asset_037,2026-04-07T00:00:00,1.1553,56.244,53.219,0.9662,0,,,
asset_038,2026-04-07T00:00:00,0.8882,67.46,43.109,1.1408,0,,,
asset_039,2026-04-07T00:00:00,1.3394,69.803,59.189,1.0895,0,,,
asset_000,2026-04-07T06:00:00,1.4166,52.364,46.8,0.9938,0,,,
asset_001,2026-04-07T06:00:00,0.921,58.789,49.257,0.9311,0,,,
asset_002,2026-04-07T06:00:00,0.9605,64.428,49.458,1.047,0,,,
asset_003,2026-04-07T06:00:00,1.4884,64.646,54.993,1.0161,0,,,
asset_004,2026-04-07T06:00:00,1.3694,61.573,54.478,1.1254,0,,,
asset_005,2026-04-07T06:00:00,1.6136,58.152,50.605,0.921,0,,,
asset_006,2026-04-07T06:00:00,1.6159,58.38,46.756,1.0726,0,,,
asset_007,2026-04-07T06:00:00,1.0364,67.935,58.013,0.9237,0,,,
asset_008,2026-04-07T06:00:00,1.1606,68.256,57.386,0.9943,0,,,
asset_009,2026-04-07T06:00:00,1.1868,62.006,51.543,1.0214,0,,,
asset_010,2026-04-07T06:00:00,1.2134,70.41,55.335,1.0465,0,,,
asset_011,2026-04-07T06:00:00,1.4634,61.455,52.637,0.901,0,,,
asset_012,2026-04-07T06:00:00,1.5051,57.008,53.518,1.1019,0,,,
asset_013,2026-04-07T06:00:00,1.6934,64.905,55.05,0.9779,0,,,
asset_014,2026-04-07T06:00:00,1.953,58.259,53.914,0.9586,0,,,
asset_015,2026-04-07T06:00:00,1.8001,60.739,46.942,1.067,0,,,
asset_016,2026-04-07T06:00:00,0.6961,69.917,57.319,1.0676,0,,,
asset_017,2026-04-07T06:00:00,1.3811,56.888,46.063,0.9978,0,,,
asset_018,2026-04-07T06:00:00,1.4779,64.826,51.691,0.9648,0,,,
asset_019,2026-04-07T06:00:00,1.4014,58.361,48.064,1.0443,0,,,
asset_020,2026-04-07T06:00:00,1.9501,65.694,55.533,0.9895,0,,,
asset_021,2026-04-07T06:00:00,1.7109,54.465,61.184,1.0437,0,,,
asset_022,2026-04-07T06:00:00,0.7775,61.995,48.388,1.0197,0,,,
asset_023,2026-04-07T06:00:00,1.4976,51.024,43.253,1.0935,0,,,
asset_024,2026-04-07T06:00:00,0.7281,69.362,54.764,0.9902,0,,,
asset_025,2026-04-07T06:00:00,1.6963,56.657,48.458,0.9408,0,,,
asset_026,2026-04-07T06:00:00,1.4599,60.475,47.669,1.0825,1,,,
asset_027,2026-04-07T06:00:00,1.0572,64.018,50.903,1.1157,0,,,
asset_028,2026-04-07T06:00:00,1.3741,63.494,57.492,1.0049,0,,,
asset_029,2026-04-07T06:00:00,1.3751,52.192,55.522,1.0233,0,,,
asset_030,2026-04-07T06:00:00,1.7511,66.788,52.828,1.1188,0,,,
asset_031,2026-04-07T06:00:00,1.0628,64.082,54.467,0.9678,1,,,
asset_032,2026-04-07T06:00:00,1.6019,54.144,51.549,1.0293,0,,,
asset_033,2026-04-07T06:00:00,1.0992,64.933,49.973,1.1617,0,,,
asset_034,2026-04-07T06:00:00,0.7044,67.712,43.729,0.9692,0,,,
asset_035,2026-04-07T06:00:00,1.7711,54.347,57.047,0.9199,1,,,
asset_036,2026-04-07T06:00:00,1.5241,58.078,59.235,0.9183,0,,,
asset_037,2026-04-07T06:00:00,1.1509,52.528,59.153,0.9515,0,,,
asset_038,2026-04-07T06:00:00,0.9772,70.786,59.104,0.9722,0,,,
asset_039,2026-04-07T06:00:00,1.5309,68.483,55.994,0.91,0,,,
asset_000,2026-04-07T12:00:00,1.0933,49.952,44.333,1.0084,0,,,
asset_001,2026-04-07T12:00:00,0.8186,56.545,50.483,0.9878,0,,,
asset_002,2026-04-07T12:00:00,1.5537,69.59,47.936,0.9235,0,,,
asset_003,2026-04-07T12:00:00,1.3963,61.653,43.545,0.9155,0,,,
asset_004,2026-04-07T12:00:00,1.288,62.869,49.206,0.8814,1,,,
asset_005,2026-04-07T12:00:00,1.5591,57.72,49.056,0.9432,0,,,
asset_006,2026-04-07T12:00:00,1.2364,50.638,59.013,1.0485,0,,,
asset_007,2026-04-07T12:00:00,0.7585,69.261,50.605,1.0231,0,,,
asset_008,2026-04-07T12:00:00,0.9681,67.922,60.666,0.9902,0,,,
asset_009,2026-04-07T12:00:00,1.2917,67.85,44.382,1.0842,0,,,
asset_010,2026-04-07T12:00:00,0.9665,67.138,57.054,1.0667,0,,,
asset_011,2026-04-07T12:00:00,1.4947,61.396,50.146,0.8721,0,,,
asset_012,2026-04-07T12:00:00,1.6049,55.956,46.846,0.9713,0,,,
asset_013,2026-04-07T12:00:00,1.5609,63.303,49.804,1.0035,0,,,
asset_014,2026-04-07T12:00:00,1.519,60.306,56.665,1.0382,0,,,
asset_015,2026-04-07T12:00:00,1.3983,60.651,59.246,0.9648,0,,,
asset_016,2026-04-07T12:00:00,0.5732,69.124,59.279,0.9667,0,,,
asset_017,2026-04-07T12:00:00,1.4943,59.232,58.114,1.0628,0,,,
asset_018,2026-04-07T12:00:00,1.627,66.552,44.794,0.8719,0,,,
asset_019,2026-04-07T12:00:00,1.5327,58.702,53.383,0.9984,0,,,
asset_020,2026-04-07T12:00:00,1.9347,66.355,49.616,0.7945,0,,,
asset_021,2026-04-07T12:00:00,1.7555,54.38,57.307,0.8755,0,,,
asset_022,2026-04-07T12:00:00,0.8818,60.935,51.105,0.923,0,,,
asset_023,2026-04-07T12:00:00,1.0855,51.987,43.272,0.9029,0,,,
asset_024,2026-04-07T12:00:00,1.1902,68.357,44.917,1.1274,1,,,
asset_025,2026-04-07T12:00:00,1.5204,58.667,51.109,0.8568,1,,,
asset_026,2026-04-07T12:00:00,1.7397,61.524,58.81,0.9295,0,,,
asset_027,2026-04-07T12:00:00,1.2256,60.824,45.312,0.8847,0,,,
asset_028,2026-04-07T12:00:00,1.2658,64.688,51.865,1.0283,0,,,
asset_029,2026-04-07T12:00:00,0.9631,52.807,49.677,1.0111,0,,,
asset_030,2026-04-07T12:00:00,0.9527,65.557,45.472,1.0529,0,,,
asset_031,2026-04-07T12:00:00,1.5666,63.394,56.656,1.0441,0,,,
asset_032,2026-04-07T12:00:00,1.5706,54.145,46.731,1.0393,0,,,
asset_033,2026-04-07T12:00:00,0.9343,68.419,43.979,1.0231,0,,,
asset_034,2026-04-07T12:00:00,0.634,69.946,55.629,0.9449,0,,,
asset_035,2026-04-07T12:00:00,1.3584,56.138,59.107,0.8097,0,,,
asset_036,2026-04-07T12:00:00,1.2623,54.267,58.659,0.9898,0,,,
asset_037,2026-04-07T12:00:00,1.1145,52.169,45.133,1.0458,0,,,
asset_038,2026-04-07T12:00:00,1.2971,69.513,46.678,0.9732,0,,,
asset_039,2026-04-07T12:00:00,1.1391,65.088,48.04,1.0962,0,,,
asset_000,2026-04-07T18:00:00,1.2564,48.858,45.83,1.0108,0,,,
asset_001,2026-04-07T18:00:00,1.1233,56.057,47.389,1.1131,0,,,
asset_002,2026-04-07T18:00:00,1.0773,65.251,41.588,0.962,0,,,
asset_003,2026-04-07T18:00:00,1.0843,63.447,40.445,0.9423,0,,,
asset_004,2026-04-07T18:00:00,1.2672,62.498,39.958,0.7915,0,,,
asset_005,2026-04-07T18:00:00,1.3308,57.168,49.198,1.0446,1,,,
asset_006,2026-04-07T18:00:00,1.1602,53.305,54.971,1.1278,0,,,
asset_007,2026-04-07T18:00:00,0.6014,65.744,53.924,0.9233,0,,,
asset_008,2026-04-07T18:00:00,0.9721,68.353,43.502,1.019,0,,,
asset_009,2026-04-07T18:00:00,1.5153,69.731,55.826,0.8831,0,,,
asset_010,2026-04-07T18:00:00,1.2173,70.684,53.433,1.1355,0,,,
asset_011,2026-04-07T18:00:00,1.2227,59.67,40.145,0.8907,0,,,
asset_012,2026-04-07T18:00:00,1.8467,57.023,60.183,1.1051,0,,,
asset_013,2026-04-07T18:00:00,1.2641,59.482,50.416,1.1423,0,,,
asset_014,2026-04-07T18:00:00,0.765,57.806,51.146,1.0935,1,,,
asset_015,2026-04-07T18:00:00,1.4307,63.426,44.272,1.0363,0,,,
asset_016,2026-04-07T18:00:00,0.471,72.011,43.521,0.9416,0,,,
asset_017,2026-04-07T18:00:00,1.3852,59.475,53.862,1.0601,0,,,
asset_018,2026-04-07T18:00:00,1.195,70.236,46.118,0.9253,0,,,
asset_019,2026-04-07T18:00:00,1.5046,60.818,39.876,0.9576,0,,,
asset_020,2026-04-07T18:00:00,1.559,65.566,51.222,0.9153,0,,,
asset_021,2026-04-07T18:00:00,1.471,55.456,52.792,1.0449,0,,,
asset_022,2026-04-07T18:00:00,0.8087,59.298,49.172,0.9725,0,,,
asset_023,2026-04-07T18:00:00,1.5264,54.078,59.692,0.9861,0,,,
asset_024,2026-04-07T18:00:00,0.9788,68.701,50.295,1.107,0,,,
asset_025,2026-04-07T18:00:00,1.5212,52.874,57.99,1.1832,0,,,
asset_026,2026-04-07T18:00:00,1.6655,57.878,59.132,1.096,0,,,
asset_027,2026-04-07T18:00:00,1.3924,60.764,37.209,0.9833,0,,,
asset_028,2026-04-07T18:00:00,1.1195,62.914,39.598,1.0637,0,,,
asset_029,2026-04-07T18:00:00,1.1865,53.194,41.253,0.9152,0,,,
asset_030,2026-04-07T18:00:00,1.2165,64.771,58.026,1.0019,0,,,
asset_031,2026-04-07T18:00:00,0.7293,61.679,54.887,0.8669,0,,,
asset_032,2026-04-07T18:00:00,1.5927,50.322,58.617,1.0344,0,,,
asset_033,2026-04-07T18:00:00,1.0763,65.83,45.012,0.8727,0,,,
asset_034,2026-04-07T18:00:00,1.0186,68.875,51.455,1.1254,0,,,
asset_035,2026-04-07T18:00:00,1.446,58.58,40.503,0.9606,0,,,
asset_036,2026-04-07T18:00:00,1.4728,57.336,44.576,1.0759,0,,,
asset_037,2026-04-07T18:00:00,0.906,50.335,42.598,0.8866,0,,,
asset_038,2026-04-07T18:00:00,0.8534,67.034,54.943,0.9868,0,,,
asset_039,2026-04-07T18:00:00,1.4984,68.74,52.023,0.8708,0,,,
asset_000,2026-04-08T00:00:00,1.7531,51.641,60.177,1.105,0,,,
asset_001,2026-04-08T00:00:00,1.1289,61.353,52.384,0.904,0,,,
asset_002,2026-04-08T00:00:00,1.3968,70.331,58.721,1.0024,0,,,
asset_003,2026-04-08T00:00:00,1.1023,58.878,44.828,1.1522,0,,,
asset_004,2026-04-08T00:00:00,1.5015,62.252,54.864,1.0193,0,,,
asset_005,2026-04-08T00:00:00,1.3603,56.742,53.927,1.1231,0,,,
asset_006,2026-04-08T00:00:00,1.0403,51.825,57.761,1.0434,0,,,
asset_007,2026-04-08T00:00:00,0.6979,70.544,49.844,0.9315,0,,,
asset_008,2026-04-08T00:00:00,0.8237,69.687,61.979,1.0064,0,,,
asset_009,2026-04-08T00:00:00,1.473,63.79,52.343,0.9167,0,,,
asset_010,2026-04-08T00:00:00,1.238,68.834,46.498,0.9114,0,,,
asset_011,2026-04-08T00:00:00,1.0834,58.198,58.924,1.0548,0,,,
asset_012,2026-04-08T00:00:00,1.6305,62.948,56.232,0.9088,0,,,
asset_013,2026-04-08T00:00:00,1.3519,66.132,42.108,0.9208,0,,,
asset_014,2026-04-08T00:00:00,1.3949,58.089,44.27,1.06,0,,,
asset_015,2026-04-08T00:00:00,1.6057,61.91,52.941,0.9225,0,,,
asset_016,2026-04-08T00:00:00,0.649,68.678,50.699,1.0856,0,,,
asset_017,2026-04-08T00:00:00,0.9049,58.251,48.303,1.0039,0,,,
asset_018,2026-04-08T00:00:00,1.2968,67.729,48.614,1.031,0,,,
asset_019,2026-04-08T00:00:00,1.4114,58.988,54.034,0.9917,0,,,
asset_020,2026-04-08T00:00:00,1.3956,70.025,55.917,0.9795,0,,,
asset_021,2026-04-08T00:00:00,1.5065,53.441,52.165,0.9078,0,,,
asset_022,2026-04-08T00:00:00,0.8207,61.436,41.63,0.9835,0,,,
asset_023,2026-04-08T00:00:00,1.4053,50.516,44.233,1.1048,0,,,
asset_024,2026-04-08T00:00:00,1.151,69.422,48.826,1.0031,0,,,
asset_025,2026-04-08T00:00:00,1.9032,57.839,60.369,1.0215,0,,,
asset_026,2026-04-08T00:00:00,1.0278,58.232,44.05,1.0388,0,,,
asset_027,2026-04-08T00:00:00,1.09,64.133,59.666,1.0438,0,,,
asset_028,2026-04-08T00:00:00,1.5785,63.305,57.222,0.8864,1,,,
asset_029,2026-04-08T00:00:00,0.7202,51.923,45.271,1.1426,0,,,
asset_030,2026-04-08T00:00:00,1.8582,64.972,42.567,0.9109,0,,,
asset_031,2026-04-08T00:00:00,1.4194,62.746,53.317,1.0474,0,,,
asset_032,2026-04-08T00:00:00,1.3642,53.492,37.571,0.9187,0,,,
asset_033,2026-04-08T00:00:00,0.5198,61.838,54.458,0.9968,0,,,
asset_034,2026-04-08T00:00:00,0.806,67.976,52.382,1.0219,0,,,
asset_035,2026-04-08T00:00:00,1.1765,54.254,41.704,1.0617,0,,,
asset_036,2026-04-08T00:00:00,1.4234,57.023,42.389,0.9218,0,,,
asset_037,2026-04-08T00:00:00,0.9339,56.82,42.437,0.978,0,,,
asset_038,2026-04-08T00:00:00,1.5014,68.241,58.376,0.9172,0,,,
asset_039,2026-04-08T00:00:00,1.978,65.277,44.391,0.95,0,,,
asset_000,2026-04-08T06:00:00,1.4352,53.633,46.857,0.9602,0,,,
asset_001,2026-04-08T06:00:00,0.5294,57.8,49.342,1.1502,0,,,
asset_002,2026-04-08T06:00:00,1.0208,67.661,46.962,0.9887,0,,,
asset_003,2026-04-08T06:00:00,1.5462,63.766,60.169,1.0664,0,,,
asset_004,2026-04-08T06:00:00,1.3869,61.304,44.139,0.9477,0,,,
asset_005,2026-04-08T06:00:00,1.6285,60.925,58.615,1.0854,0,,,
asset_006,2026-04-08T06:00:00,1.218,53.33,48.759,0.9252,0,,,
asset_007,2026-04-08T06:00:00,0.9902,68.724,57.145,0.8849,0,,,
asset_008,2026-04-08T06:00:00,0.8652,73.253,60.716,0.9603,0,,,
asset_009,2026-04-08T06:00:00,1.0121,65.523,39.695,1.0001,0,,,
asset_010,2026-04-08T06:00:00,0.8434,68.037,48.877,1.0018,0,,,
asset_011,2026-04-08T06:00:00,0.7658,60.537,55.958,0.9129,0,,,
asset_012,2026-04-08T06:00:00,2.0583,58.911,49.332,1.0902,1,,,
asset_013,2026-04-08T06:00:00,1.1137,65.045,43.656,1.1638,0,,,
asset_014,2026-04-08T06:00:00,1.5757,54.903,51.133,1.1717,0,,,
asset_015,2026-04-08T06:00:00,1.5965,60.671,53.523,1.0904,0,,,
asset_016,2026-04-08T06:00:00,1.1791,74.237,56.245,1.0663,0,,,
asset_017,2026-04-08T06:00:00,1.2201,59.673,46.963,0.9949,0,,,
asset_018,2026-04-08T06:00:00,1.2655,67.762,44.054,1.0195,0,,,
asset_019,2026-04-08T06:00:00,1.9627,59.323,51.759,0.9276,0,,,
asset_020,2026-04-08T06:00:00,1.726,71.001,50.039,1.0178,0,,,
asset_021,2026-04-08T06:00:00,1.4759,56.915,50.544,1.073,1,,,
asset_022,2026-04-08T06:00:00,0.894,59.951,58.03,0.974,0,,,
asset_023,2026-04-08T06:00:00,0.984,52.498,50.486,0.9264,0,,,
asset_024,2026-04-08T06:00:00,1.0311,66.507,47.707,1.1077,0,,,
asset_025,2026-04-08T06:00:00,1.5409,55.979,54.834,0.9596,0,,,
asset_026,2026-04-08T06:00:00,1.3775,60.069,52.222,0.8432,0,,,
asset_027,2026-04-08T06:00:00,1.0662,66.075,44.866,1.1309,0,,,
asset_028,2026-04-08T06:00:00,1.2175,62.71,53.742,0.9703,0,,,
asset_029,2026-04-08T06:00:00,1.3547,49.469,41.667,1.0766,0,,,
asset_030,2026-04-08T06:00:00,1.6156,69.609,42.102,0.9992,0,,,
asset_031,2026-04-08T06:00:00,1.3912,61.929,57.999,0.9846,0,,,
asset_032,2026-04-08T06:00:00,0.9488,52.8,59.017,1.0798,0,,,
asset_033,2026-04-08T06:00:00,1.1272,66.683,46.38,0.9869,0,,,
asset_034,2026-04-08T06:00:00,0.95,66.993,43.01,0.9495,0,,,
asset_035,2026-04-08T06:00:00,1.877,57.346,56.231,0.9742,0,,,
asset_036,2026-04-08T06:00:00,1.2538,56.808,43.721,0.9744,0,,,
asset_037,2026-04-08T06:00:00,0.6125,47.678,57.022,1.1689,0,,,
asset_038,2026-04-08T06:00:00,0.809,72.129,42.462,1.061,0,,,
asset_039,2026-04-08T06:00:00,1.0313,71.396,40.617,1.0468,0,,,
asset_000,2026-04-08T12:00:00,1.431,56.125,55.017,0.8895,0,,,
asset_001,2026-04-08T12:00:00,0.8578,58.215,59.088,1.0557,0,,,
asset_002,2026-04-08T12:00:00,0.9476,66.858,51.08,1.1398,0,,,
asset_003,2026-04-08T12:00:00,1.5695,63.867,58.211,1.1228,0,,,
asset_004,2026-04-08T12:00:00,1.5425,66.014,52.154,1.0626,1,,,
asset_005,2026-04-08T12:00:00,1.8202,57.388,58.331,1.0364,0,,,
asset_006,2026-04-08T12:00:00,0.922,52.91,48.619,0.9468,0,,,
asset_007,2026-04-08T12:00:00,0.9838,71.849,55.452,0.9776,0,,,
asset_008,2026-04-08T12:00:00,0.3944,66.881,49.835,1.0964,0,,,
asset_009,2026-04-08T12:00:00,1.497,64.98,53.371,1.0911,0,,,
asset_010,2026-04-08T12:00:00,1.1514,67.579,47.204,0.9105,0,,,
asset_011,2026-04-08T12:00:00,1.5148,60.979,46.867,1.0179,0,,,
asset_012,2026-04-08T12:00:00,1.2682,56.008,53.026,0.9084,0,,,
asset_013,2026-04-08T12:00:00,1.3564,65.783,57.013,1.0249,0,,,
asset_014,2026-04-08T12:00:00,0.7367,56.784,51.557,0.8753,0,,,
asset_015,2026-04-08T12:00:00,1.5506,61.932,54.253,1.0094,0,,,
asset_016,2026-04-08T12:00:00,0.5224,63.66,58.321,0.9912,1,,,
asset_017,2026-04-08T12:00:00,1.9665,58.242,44.204,1.0185,0,,,
asset_018,2026-04-08T12:00:00,1.163,67.197,47.302,1.0497,0,,,
asset_019,2026-04-08T12:00:00,1.6712,62.463,48.473,1.1612,0,,,
asset_020,2026-04-08T12:00:00,1.6798,65.018,58.037,0.921,0,,,
asset_021,2026-04-08T12:00:00,1.3534,56.038,59.684,1.0626,0,,,
asset_022,2026-04-08T12:00:00,1.0557,59.664,49.086,0.9063,1,,,
asset_023,2026-04-08T12:00:00,0.998,59.47,42.537,0.986,0,,,
asset_024,2026-04-08T12:00:00,0.7397,66.473,44.133,1.0341,0,,,
asset_025,2026-04-08T12:00:00,1.5373,56.26,44.552,0.8364,0,,,
asset_026,2026-04-08T12:00:00,1.7939,65.198,51.319,0.9418,0,,,
asset_027,2026-04-08T12:00:00,1.271,65.167,45.906,1.0698,0,,,
asset_028,2026-04-08T12:00:00,1.5009,60.825,43.128,1.0264,0,,,
asset_029,2026-04-08T12:00:00,0.9841,52.833,41.073,0.9716,0,,,
asset_030,2026-04-08T12:00:00,1.3753,67.636,45.419,0.8414,0,,,
asset_031,2026-04-08T12:00:00,1.3696,62.768,57.759,1.0616,0,,,
asset_032,2026-04-08T12:00:00,1.4754,53.279,46.557,0.9942,0,,,
asset_033,2026-04-08T12:00:00,0.6694,66.331,57.22,0.9772,0,,,
asset_034,2026-04-08T12:00:00,0.9138,68.751,58.889,1.0035,0,,,
asset_035,2026-04-08T12:00:00,1.0272,58.713,41.667,1.0151,0,,,
asset_036,2026-04-08T12:00:00,1.8822,57.145,52.801,1.1308,0,,,
asset_037,2026-04-08T12:00:00,0.6086,56.138,58.045,0.968,0,,,
asset_038,2026-04-08T12:00:00,1.1715,70.814,55.549,0.9322,0,,,
asset_039,2026-04-08T12:00:00,1.4524,70.22,56.546,1.0769,0,,,
asset_000,2026-04-08T18:00:00,1.5414,52.133,54.273,0.8169,0,,,
asset_001,2026-04-08T18:00:00,0.6343,56.069,48.624,0.9779,0,,,
asset_002,2026-04-08T18:00:00,1.1147,69.724,42.773,0.9325,0,,,
asset_003,2026-04-08T18:00:00,1.4608,61.398,50.017,1.1487,0,,,
asset_004,2026-04-08T18:00:00,1.2341,61.591,50.527,1.1072,1,,,
asset_005,2026-04-08T18:00:00,1.8629,57.445,53.89,1.0492,0,,,
asset_006,2026-04-08T18:00:00,1.3444,55.77,51.811,1.047,0,,,
asset_007,2026-04-08T18:00:00,0.9202,71.014,40.016,1.0308,0,,,
asset_008,2026-04-08T18:00:00,0.7817,71.46,58.207,0.9471,0,,,
asset_009,2026-04-08T18:00:00,1.3119,64.555,56.763,0.9955,0,,,
asset_010,2026-04-08T18:00:00,1.1108,63.347,57.132,0.9123,0,,,
asset_011,2026-04-08T18:00:00,0.931,60.088,54.945,0.9954,0,,,
asset_012,2026-04-08T18:00:00,1.7117,56.466,52.612,1.0128,0,,,
asset_013,2026-04-08T18:00:00,1.2609,61.897,56.026,0.9437,0,,,
asset_014,2026-04-08T18:00:00,1.7302,56.688,54.01,0.9382,0,,,
asset_015,2026-04-08T18:00:00,1.4503,65.051,42.491,1.0297,1,,,
asset_016,2026-04-08T18:00:00,1.1337,68.562,48.232,0.9396,0,,,
asset_017,2026-04-08T18:00:00,1.8049,60.724,56.573,1.0621,0,,,
asset_018,2026-04-08T18:00:00,1.3976,69.14,43.844,0.9156,0,,,
asset_019,2026-04-08T18:00:00,1.555,57.481,41.149,1.0001,0,,,
asset_020,2026-04-08T18:00:00,1.8046,70.304,43.691,1.1069,1,,,
asset_021,2026-04-08T18:00:00,1.8311,60.589,59.004,0.991,0,,,
asset_022,2026-04-08T18:00:00,0.904,59.103,47.234,0.9763,0,,,
asset_023,2026-04-08T18:00:00,1.6871,49.515,44.968,1.0366,0,,,
asset_024,2026-04-08T18:00:00,1.0159,68.25,49.197,0.9735,0,,,
asset_025,2026-04-08T18:00:00,1.2728,57.345,47.069,0.9068,0,,,
asset_026,2026-04-08T18:00:00,1.7608,58.759,48.158,0.9682,0,,,
asset_027,2026-04-08T18:00:00,1.2923,61.403,53.897,0.9059,1,,,
asset_028,2026-04-08T18:00:00,1.7116,63.109,60.795,1.0007,1,,,
asset_029,2026-04-08T18:00:00,1.1603,53.873,58.559,1.0253,0,,,
asset_030,2026-04-08T18:00:00,1.1881,63.655,59.827,1.0915,0,,,
asset_031,2026-04-08T18:00:00,0.684,64.707,51.275,0.9601,0,,,
asset_032,2026-04-08T18:00:00,0.244,52.013,40.225,1.0649,0,,,
asset_033,2026-04-08T18:00:00,0.6658,66.707,61.302,1.0991,0,,,
asset_034,2026-04-08T18:00:00,1.0008,67.432,45.531,1.0537,0,,,
asset_035,2026-04-08T18:00:00,1.6041,61.279,57.29,1.0724,0,,,
asset_036,2026-04-08T18:00:00,1.2997,55.657,44.819,1.138,0,,,
asset_037,2026-04-08T18:00:00,1.1598,51.134,58.38,0.9555,0,,,
asset_038,2026-04-08T18:00:00,0.93,67.758,43.245,0.974,0,,,
asset_039,2026-04-08T18:00:00,1.35,67.301,56.414,0.9139,0,,,
asset_000,2026-04-09T00:00:00,1.9337,55.53,42.859,0.985,0,,,
asset_001,2026-04-09T00:00:00,0.8769,55.738,56.945,1.0015,0,,,
asset_002,2026-04-09T00:00:00,1.5287,64.959,52.413,1.1751,0,,,
asset_003,2026-04-09T00:00:00,1.5242,63.483,48.488,1.029,0,,,
asset_004,2026-04-09T00:00:00,1.402,64.843,50.799,0.8489,0,,,
asset_005,2026-04-09T00:00:00,1.4327,58.65,48.583,0.9745,0,,,
asset_006,2026-04-09T00:00:00,1.209,52.281,55.443,0.9664,0,,,
asset_007,2026-04-09T00:00:00,1.043,65.789,54.993,1.0031,0,,,
asset_008,2026-04-09T00:00:00,1.0505,67.945,42.341,0.9121,0,,,
asset_009,2026-04-09T00:00:00,1.3039,64.133,56.233,1.0787,0,,,
asset_010,2026-04-09T00:00:00,0.938,64.379,52.093,1.0883,0,,,
asset_011,2026-04-09T00:00:00,1.3653,63.139,56.947,1.0756,0,,,
asset_012,2026-04-09T00:00:00,1.2761,59.103,54.964,0.9196,0,,,
asset_013,2026-04-09T00:00:00,1.506,65.742,50.639,0.9306,0,,,
asset_014,2026-04-09T00:00:00,0.7301,57.544,40.465,1.0186,1,,,
asset_015,2026-04-09T00:00:00,1.6206,60.383,41.164,1.0759,0,,,
asset_016,2026-04-09T00:00:00,0.9451,69.028,47.275,0.9462,0,,,
asset_017,2026-04-09T00:00:00,1.7773,60.184,55.702,1.0593,0,,,
asset_018,2026-04-09T00:00:00,1.2034,67.817,53.639,1.0183,0,,,
asset_019,2026-04-09T00:00:00,1.2689,55.31,53.483,0.961,0,,,
asset_020,2026-04-09T00:00:00,1.2683,68.126,41.527,1.0558,1,,,
asset_021,2026-04-09T00:00:00,1.2313,56.112,50.779,1.0603,0,,,
asset_022,2026-04-09T00:00:00,0.8792,60.158,55.963,0.989,0,,,
asset_023,2026-04-09T00:00:00,1.2562,51.855,55.518,0.9864,0,,,
asset_024,2026-04-09T00:00:00,0.9209,67.782,48.651,1.0886,0,,,
asset_025,2026-04-09T00:00:00,1.6879,56.95,49.063,1.0476,0,,,
asset_026,2026-04-09T00:00:00,1.4814,58.179,55.489,1.0478,0,,,
asset_027,2026-04-09T00:00:00,1.3659,60.034,53.715,1.0814,0,,,
asset_028,2026-04-09T00:00:00,2.0324,65.573,46.201,0.9732,0,,,
asset_029,2026-04-09T00:00:00,1.1348,56.805,57.95,1.0422,0,,,
asset_030,2026-04-09T00:00:00,1.7635,72.027,53.471,1.0865,0,,,
asset_031,2026-04-09T00:00:00,1.535,63.722,53.866,1.0074,0,,,
asset_032,2026-04-09T00:00:00,1.6346,53.242,58.418,0.9361,0,,,
asset_033,2026-04-09T00:00:00,0.8921,64.845,48.529,1.0814,0,,,
asset_034,2026-04-09T00:00:00,1.2384,69.42,42.724,0.9405,0,,,
asset_035,2026-04-09T00:00:00,1.8245,56.159,53.202,0.9483,0,,,
asset_036,2026-04-09T00:00:00,1.0429,57.3,49.004,0.9873,0,,,
asset_037,2026-04-09T00:00:00,0.868,53.04,43.54,0.9938,0,,,
asset_038,2026-04-09T00:00:00,0.8692,72.107,50.929,1.081,0,,,
asset_039,2026-04-09T00:00:00,1.4665,66.541,58.718,0.9572,0,,,
asset_000,2026-04-09T06:00:00,1.6064,49.574,50.959,1.0061,0,,,
asset_001,2026-04-09T06:00:00,0.6622,55.512,48.535,1.0326,0,,,
asset_002,2026-04-09T06:00:00,1.463,64.514,58.977,0.9684,1,,,
asset_003,2026-04-09T06:00:00,2.005,57.937,53.042,1.093,1,,,
asset_004,2026-04-09T06:00:00,1.3449,63.59,53.977,1.0909,1,,,
asset_005,2026-04-09T06:00:00,1.3687,58.752,41.32,1.0464,0,,,
asset_006,2026-04-09T06:00:00,1.3163,52.254,45.215,1.0104,0,,,
asset_007,2026-04-09T06:00:00,1.0165,67.034,47.772,1.0472,0,,,
asset_008,2026-04-09T06:00:00,0.9097,69.016,48.716,0.9816,0,,,
asset_009,2026-04-09T06:00:00,0.8162,67.746,44.295,0.9556,0,,,
asset_010,2026-04-09T06:00:00,1.1647,74.197,45.288,0.9109,0,,,
asset_011,2026-04-09T06:00:00,1.0001,57.823,47.627,0.9841,0,,,
asset_012,2026-04-09T06:00:00,1.8122,54.891,50.54,1.0058,0,,,
asset_013,2026-04-09T06:00:00,0.7327,64.337,56.8,0.9751,0,,,
asset_014,2026-04-09T06:00:00,1.3956,56.644,43.465,1.0689,0,,,
asset_015,2026-04-09T06:00:00,1.6267,65.749,39.872,0.8849,0,,,
asset_016,2026-04-09T06:00:00,0.7197,68.389,43.407,0.8964,0,,,
asset_017,2026-04-09T06:00:00,1.6205,57.724,48.005,1.0658,0,,,
asset_018,2026-04-09T06:00:00,1.2463,67.106,52.967,0.9966,0,,,
asset_019,2026-04-09T06:00:00,1.874,58.206,49.5,1.1003,0,,,
asset_020,2026-04-09T06:00:00,1.2324,64.53,53.58,1.0262,0,,,
asset_021,2026-04-09T06:00:00,1.1792,57.755,51.544,0.8806,0,,,
asset_022,2026-04-09T06:00:00,1.0524,59.237,42.996,1.0001,0,,,
asset_023,2026-04-09T06:00:00,1.0728,52.951,44.505,1.1065,0,,,
asset_024,2026-04-09T06:00:00,1.0225,67.947,60.823,1.055,0,,,
asset_025,2026-04-09T06:00:00,1.5105,55.207,55.326,1.0194,0,,,
asset_026,2026-04-09T06:00:00,1.9,63.081,47.513,0.8583,0,,,
asset_027,2026-04-09T06:00:00,0.9681,63.735,49.701,0.871,0,,,
asset_028,2026-04-09T06:00:00,1.3861,64.376,57.049,1.0133,0,,,
asset_029,2026-04-09T06:00:00,1.1643,49.196,41.348,0.9692,0,,,
asset_030,2026-04-09T06:00:00,1.7731,67.924,58.122,0.9885,1,,,
asset_031,2026-04-09T06:00:00,1.1577,64.288,43.083,1.0636,0,,,
asset_032,2026-04-09T06:00:00,1.5021,51.456,55.374,0.8955,0,,,
asset_033,2026-04-09T06:00:00,0.5326,66.095,51.479,0.9397,0,,,
asset_034,2026-04-09T06:00:00,0.3933,69.919,60.752,1.0962,0,,,
asset_035,2026-04-09T06:00:00,1.5109,63.312,52.171,1.0651,0,,,
asset_036,2026-04-09T06:00:00,1.1837,57.606,49.572,1.0032,0,,,
asset_037,2026-04-09T06:00:00,0.3032,52.965,59.539,1.029,0,,,
asset_038,2026-04-09T06:00:00,0.777,69.462,42.292,0.926,0,,,
asset_039,2026-04-09T06:00:00,1.1745,65.383,48.915,1.0759,0,,,
asset_000,2026-04-09T12:00:00,0.94,54.28,51.851,1.0655,0,,,
asset_001,2026-04-09T12:00:00,1.0204,59.378,50.013,1.0124,0,,,
asset_002,2026-04-09T12:00:00,1.8443,67.259,39.048,0.9996,0,,,
asset_003,2026-04-09T12:00:00,1.5436,66.708,54.821,0.9253,0,,,
asset_004,2026-04-09T12:00:00,1.1342,59.071,55.747,0.9628,1,,,
asset_005,2026-04-09T12:00:00,1.4009,60.91,53.644,0.9917,0,,,
asset_006,2026-04-09T12:00:00,0.9741,50.05,41.628,1.1079,0,,,
asset_007,2026-04-09T12:00:00,0.4236,70.811,54.158,1.015,0,,,
asset_008,2026-04-09T12:00:00,0.5425,67.718,46.533,0.9968,0,,,
asset_009,2026-04-09T12:00:00,1.1043,63.755,52.906,1.104,0,,,
asset_010,2026-04-09T12:00:00,1.1603,64.273,50.108,0.9283,0,,,
asset_011,2026-04-09T12:00:00,0.8167,60.524,48.013,0.9999,0,,,
asset_012,2026-04-09T12:00:00,1.5364,60.675,51.938,1.0736,0,,,
asset_013,2026-04-09T12:00:00,0.8968,61.849,55.083,0.9699,0,,,
asset_014,2026-04-09T12:00:00,1.3863,56.338,41.205,1.1047,0,,,
asset_015,2026-04-09T12:00:00,1.6327,62.606,55.735,0.8706,0,,,
asset_016,2026-04-09T12:00:00,1.0246,70.723,57.979,1.0828,0,,,
asset_017,2026-04-09T12:00:00,1.5326,61.05,60.158,1.0782,0,,,
asset_018,2026-04-09T12:00:00,1.1259,67.693,57.895,0.9263,0,,,
asset_019,2026-04-09T12:00:00,1.7514,59.94,43.371,1.1128,0,,,
asset_020,2026-04-09T12:00:00,1.3692,67.113,54.342,0.9958,0,,,
asset_021,2026-04-09T12:00:00,1.5883,57.637,50.759,1.1236,0,,,
asset_022,2026-04-09T12:00:00,0.8986,59.99,45.839,0.9347,0,,,
asset_023,2026-04-09T12:00:00,1.2516,52.816,44.588,0.9247,0,,,
asset_024,2026-04-09T12:00:00,0.8194,69.181,44.638,0.9318,1,,,
asset_025,2026-04-09T12:00:00,1.6322,55.001,53.714,1.0083,0,,,
asset_026,2026-04-09T12:00:00,1.9452,60.457,40.113,1.0509,0,,,
asset_027,2026-04-09T12:00:00,1.199,64.459,43.083,1.0198,0,,,
asset_028,2026-04-09T12:00:00,1.6047,61.044,46.195,0.8839,0,,,
asset_029,2026-04-09T12:00:00,1.1755,54.223,41.359,1.0673,0,,,
asset_030,2026-04-09T12:00:00,1.1235,66.086,41.343,1.001,0,,,
asset_031,2026-04-09T12:00:00,1.6481,65.345,51.268,1.0396,0,,,
asset_032,2026-04-09T12:00:00,1.5337,53.12,54.905,1.0013,0,,,
asset_033,2026-04-09T12:00:00,0.7074,65.014,48.67,0.8844,0,,,
asset_034,2026-04-09T12:00:00,1.0608,70.485,52.817,0.8556,0,,,
asset_035,2026-04-09T12:00:00,1.2811,55.781,48.064,0.946,0,,,
asset_036,2026-04-09T12:00:00,1.1988,58.058,47.574,1.0535,1,,,
asset_037,2026-04-09T12:00:00,0.6763,52.565,40.221,1.0937,0,,,
asset_038,2026-04-09T12:00:00,1.0677,68.905,42.807,1.0939,0,,,
asset_039,2026-04-09T12:00:00,1.4206,69.373,50.179,1.0243,0,,,
asset_000,2026-04-09T18:00:00,1.0598,53.671,45.194,1.0139,0,,,
asset_001,2026-04-09T18:00:00,0.8904,57.39,53.435,0.7859,1,,,
asset_002,2026-04-09T18:00:00,1.6531,67.468,44.603,0.9752,0,,,
asset_003,2026-04-09T18:00:00,1.4966,61.95,49.045,1.167,0,,,
asset_004,2026-04-09T18:00:00,1.3375,66.932,45.442,0.9706,0,,,
asset_005,2026-04-09T18:00:00,1.039,61.901,53.044,1.0587,0,,,
asset_006,2026-04-09T18:00:00,0.943,52.713,47.32,1.1242,0,,,
asset_007,2026-04-09T18:00:00,0.7535,66.091,53.673,1.0355,0,,,
asset_008,2026-04-09T18:00:00,0.8507,69.25,45.116,1.1068,0,,,
asset_009,2026-04-09T18:00:00,1.3097,66.177,52.409,1.0153,0,,,
asset_010,2026-04-09T18:00:00,0.8522,64.458,59.405,1.0874,0,,,
asset_011,2026-04-09T18:00:00,1.238,60.848,54.082,0.9243,0,,,
asset_012,2026-04-09T18:00:00,1.8525,55.526,50.449,1.0422,0,,,
asset_013,2026-04-09T18:00:00,1.6335,64.552,38.956,0.9641,0,,,
asset_014,2026-04-09T18:00:00,1.5683,56.579,50.046,1.0632,0,,,
asset_015,2026-04-09T18:00:00,1.532,60.071,43.35,0.9119,0,,,
asset_016,2026-04-09T18:00:00,1.1635,72.123,55.766,1.0399,0,,,
asset_017,2026-04-09T18:00:00,1.4012,59.23,55.191,0.8793,0,,,
asset_018,2026-04-09T18:00:00,1.4074,71.26,53.939,0.9451,0,,,
asset_019,2026-04-09T18:00:00,1.8491,57.916,57.512,0.9174,0,,,
asset_020,2026-04-09T18:00:00,1.7851,64.489,57.454,0.9743,0,,,
asset_021,2026-04-09T18:00:00,1.4934,51.429,56.075,0.9828,0,,,
asset_022,2026-04-09T18:00:00,1.2425,62.776,59.989,1.0541,0,,,
asset_023,2026-04-09T18:00:00,1.2306,51.819,45.224,0.9711,0,,,
asset_024,2026-04-09T18:00:00,1.0492,67.218,49.562,0.9657,0,,,
asset_025,2026-04-09T18:00:00,1.5658,55.102,42.952,1.0731,0,,,
asset_026,2026-04-09T18:00:00,1.5458,60.288,45.335,1.0037,0,,,
asset_027,2026-04-09T18:00:00,1.5053,63.726,47.285,1.1324,0,,,
asset_028,2026-04-09T18:00:00,1.6473,64.4,50.05,0.9497,0,,,
asset_029,2026-04-09T18:00:00,1.5703,50.712,52.166,1.1693,0,,,
asset_030,2026-04-09T18:00:00,1.2641,69.113,47.238,0.996,0,,,
asset_031,2026-04-09T18:00:00,1.4563,60.848,58.303,1.0475,0,,,
asset_032,2026-04-09T18:00:00,1.4484,52.261,42.89,0.9306,0,,,
asset_033,2026-04-09T18:00:00,0.5368,63.943,41.26,1.0978,0,,,
asset_034,2026-04-09T18:00:00,1.1215,66.063,47.605,0.9843,0,,,
asset_035,2026-04-09T18:00:00,1.3315,55.935,60.644,1.1027,1,,,
asset_036,2026-04-09T18:00:00,1.442,57.599,52.68,1.0525,0,,,
asset_037,2026-04-09T18:00:00,1.1407,55.545,56.664,1.0376,0,,,
asset_038,2026-04-09T18:00:00,1.1759,67.418,59.426,0.9566,0,,,
asset_039,2026-04-09T18:00:00,1.09,69.528,43.003,1.0868,0,,,
asset_000,2026-04-10T00:00:00,1.2585,52.125,50.215,0.7446,0,,,
asset_001,2026-04-10T00:00:00,1.0491,57.647,40.772,0.8468,0,,,
asset_002,2026-04-10T00:00:00,1.6674,68.548,58.541,0.9143,0,,,
asset_003,2026-04-10T00:00:00,1.1145,60.253,59.986,1.0343,0,,,
asset_004,2026-04-10T00:00:00,1.4265,67.845,47.242,1.043,0,,,
asset_005,2026-04-10T00:00:00,1.3922,58.093,47.33,0.8779,0,,,
asset_006,2026-04-10T00:00:00,1.1451,49.822,57.803,1.0065,0,,,
asset_007,2026-04-10T00:00:00,0.7605,69.261,40.876,1.0627,0,,,
asset_008,2026-04-10T00:00:00,0.7908,63.298,51.404,0.9831,1,,,
asset_009,2026-04-10T00:00:00,0.9949,62.485,59.296,0.8948,0,,,
asset_010,2026-04-10T00:00:00,0.905,69.682,58.751,0.9946,0,,,
asset_011,2026-04-10T00:00:00,0.8285,62.307,44.671,0.8526,0,,,
asset_012,2026-04-10T00:00:00,1.9605,60.881,43.882,1.0331,0,,,
asset_013,2026-04-10T00:00:00,0.9043,64.304,58.634,1.0429,0,,,
asset_014,2026-04-10T00:00:00,1.1222,55.843,54.948,0.9979,0,,,
asset_015,2026-04-10T00:00:00,1.4275,64.201,48.139,0.8825,0,,,
asset_016,2026-04-10T00:00:00,1.1525,69.786,59.229,1.0388,0,,,
asset_017,2026-04-10T00:00:00,1.1565,62.085,53.031,1.1104,0,,,
asset_018,2026-04-10T00:00:00,0.92,71.579,52.762,1.0373,0,,,
asset_019,2026-04-10T00:00:00,1.9578,60.096,57.572,1.034,0,,,
asset_020,2026-04-10T00:00:00,1.5129,67.15,57.921,1.0096,1,,,
asset_021,2026-04-10T00:00:00,1.0912,52.998,54.544,1.0017,1,,,
asset_022,2026-04-10T00:00:00,0.7693,60.385,49.084,1.0925,0,,,
asset_023,2026-04-10T00:00:00,1.3736,51.12,49.403,1.0373,0,,,
asset_024,2026-04-10T00:00:00,1.02,71.641,53.301,0.9493,0,,,
asset_025,2026-04-10T00:00:00,1.5548,55.473,56.999,0.9472,0,,,
asset_026,2026-04-10T00:00:00,1.8864,58.849,54.371,1.019,0,,,
asset_027,2026-04-10T00:00:00,1.8605,62.564,47.253,0.9332,1,,,
asset_028,2026-04-10T00:00:00,1.6078,62.859,48.586,0.983,0,,,
asset_029,2026-04-10T00:00:00,1.2229,49.478,46.014,0.9926,0,,,
asset_030,2026-04-10T00:00:00,1.577,66.279,58.092,0.9746,0,,,
asset_031,2026-04-10T00:00:00,1.1129,62.952,50.374,0.9848,0,,,
asset_032,2026-04-10T00:00:00,1.1101,54.814,45.708,1.0681,0,,,
asset_033,2026-04-10T00:00:00,0.9105,62.569,52.376,1.069,0,,,
asset_034,2026-04-10T00:00:00,1.4621,70.041,55.594,0.9106,1,,,
asset_035,2026-04-10T00:00:00,2.1285,58.536,47.561,0.884,0,,,
asset_036,2026-04-10T00:00:00,1.0113,53.838,57.471,1.1309,0,,,
asset_037,2026-04-10T00:00:00,0.812,56.891,43.36,1.0736,0,,,
asset_038,2026-04-10T00:00:00,0.9196,70.99,46.715,1.1092,0,,,
asset_039,2026-04-10T00:00:00,1.3825,64.916,53.637,1.0198,1,,,
asset_000,2026-04-10T06:00:00,1.6278,54.156,51.27,0.7752,0,,,
asset_001,2026-04-10T06:00:00,1.0666,58.424,60.376,1.1301,0,,,
asset_002,2026-04-10T06:00:00,1.686,70.58,44.894,0.8387,0,,,
asset_003,2026-04-10T06:00:00,1.1336,61.182,55.785,0.955,0,,,
asset_004,2026-04-10T06:00:00,1.6078,64.096,45.587,1.0195,0,,,
asset_005,2026-04-10T06:00:00,1.5219,58.762,54.637,0.9857,0,,,
asset_006,2026-04-10T06:00:00,1.2475,52.418,38.37,1.0708,0,,,
asset_007,2026-04-10T06:00:00,0.9041,67.362,50.081,1.0344,0,,,
asset_008,2026-04-10T06:00:00,0.8154,67.274,39.046,1.0787,0,,,
asset_009,2026-04-10T06:00:00,1.4699,64.557,57.747,0.8637,0,,,
asset_010,2026-04-10T06:00:00,0.9394,59.885,40.227,1.0807,1,,,
asset_011,2026-04-10T06:00:00,1.3179,59.56,51.742,1.032,0,,,
asset_012,2026-04-10T06:00:00,1.7323,57.317,47.376,0.9063,0,,,
asset_013,2026-04-10T06:00:00,1.2442,66.449,52.75,0.9757,0,,,
asset_014,2026-04-10T06:00:00,1.7384,60.935,52.859,1.0889,0,,,
asset_015,2026-04-10T06:00:00,1.8767,61.156,50.306,0.9852,0,,,
asset_016,2026-04-10T06:00:00,1.0286,67.981,40.879,1.0852,1,,,
asset_017,2026-04-10T06:00:00,1.9249,59.743,44.305,0.8405,0,,,
asset_018,2026-04-10T06:00:00,1.3195,71.257,46.705,1.0673,0,,,
asset_019,2026-04-10T06:00:00,1.1128,60.573,56.035,1.0589,0,,,
asset_020,2026-04-10T06:00:00,1.3404,67.001,41.466,1.0417,0,,,
asset_021,2026-04-10T06:00:00,1.4041,57.671,57.891,1.0939,0,,,
asset_022,2026-04-10T06:00:00,0.9665,60.92,44.175,1.0992,0,,,
asset_023,2026-04-10T06:00:00,1.3547,51.857,42.444,0.997,0,,,
asset_024,2026-04-10T06:00:00,0.6826,68.615,50.177,1.1045,0,,,
asset_025,2026-04-10T06:00:00,1.5271,57.308,42.892,1.0615,1,,,
asset_026,2026-04-10T06:00:00,1.7985,59.741,54.983,1.0633,0,,,
asset_027,2026-04-10T06:00:00,1.2988,64.183,57.283,1.0188,0,,,
asset_028,2026-04-10T06:00:00,1.2465,64.797,57.138,1.003,0,,,
asset_029,2026-04-10T06:00:00,0.9373,52.574,39.464,1.0633,0,,,
asset_030,2026-04-10T06:00:00,2.0266,67.657,45.726,0.9303,0,,,
asset_031,2026-04-10T06:00:00,1.0328,63.402,61.056,0.9956,1,,,
asset_032,2026-04-10T06:00:00,1.7674,55.206,54.709,1.0324,0,,,
asset_033,2026-04-10T06:00:00,1.0017,68.396,40.495,0.9935,1,,,
asset_034,2026-04-10T06:00:00,0.8515,69.474,51.459,1.0666,0,,,
asset_035,2026-04-10T06:00:00,1.2759,56.861,46.557,0.8504,0,,,
asset_036,2026-04-10T06:00:00,1.454,57.018,45.734,0.9664,0,,,
asset_037,2026-04-10T06:00:00,1.4051,53.48,49.874,0.9985,0,,,
asset_038,2026-04-10T06:00:00,1.371,69.142,42.29,0.8577,1,,,
asset_039,2026-04-10T06:00:00,1.1673,68.65,51.684,0.9488,0,,,
asset_000,2026-04-10T12:00:00,1.5075,46.122,43.279,0.9558,1,,,
asset_001,2026-04-10T12:00:00,1.1489,59.932,40.459,1.0374,0,,,
asset_002,2026-04-10T12:00:00,1.6411,69.057,44.143,1.0051,1,,,
asset_003,2026-04-10T12:00:00,1.5139,63.03,51.363,1.0148,0,,,
asset_004,2026-04-10T12:00:00,1.2431,57.268,47.546,1.1843,0,,,
asset_005,2026-04-10T12:00:00,1.5146,54.948,47.129,0.9159,0,,,
asset_006,2026-04-10T12:00:00,0.7417,52.347,51.878,0.9505,0,,,
asset_007,2026-04-10T12:00:00,1.0204,72.12,41.659,1.0205,0,,,
asset_008,2026-04-10T12:00:00,0.7936,65.056,57.426,0.9248,1,,,
asset_009,2026-04-10T12:00:00,1.5717,61.984,49.909,1.134,0,,,
asset_010,2026-04-10T12:00:00,1.2274,65.633,45.202,1.0218,0,,,
asset_011,2026-04-10T12:00:00,1.1504,61.657,39.995,0.9947,0,,,
asset_012,2026-04-10T12:00:00,1.3796,61.965,61.848,1.0479,0,,,
asset_013,2026-04-10T12:00:00,1.4698,67.809,61.314,0.9437,0,,,
asset_014,2026-04-10T12:00:00,1.3933,56.781,41.881,0.877,0,,,
asset_015,2026-04-10T12:00:00,1.4194,61.999,47.638,0.9695,0,,,
asset_016,2026-04-10T12:00:00,0.6618,71.906,55.14,1.0492,0,,,
asset_017,2026-04-10T12:00:00,1.7427,58.343,46.04,1.1124,0,,,
asset_018,2026-04-10T12:00:00,1.6339,65.684,49.13,0.9219,0,,,
asset_019,2026-04-10T12:00:00,1.4466,56.025,52.486,0.9036,0,,,
asset_020,2026-04-10T12:00:00,1.8085,59.837,53.935,1.0582,1,,,
asset_021,2026-04-10T12:00:00,1.3355,56.77,53.669,0.9755,0,,,
asset_022,2026-04-10T12:00:00,0.8139,58.788,40.525,1.0711,0,,,
asset_023,2026-04-10T12:00:00,0.9121,50.74,59.006,0.9554,0,,,
asset_024,2026-04-10T12:00:00,1.1219,68.997,56.84,0.9242,0,,,
asset_025,2026-04-10T12:00:00,1.4936,54.629,49.523,0.8943,0,,,
asset_026,2026-04-10T12:00:00,1.5409,58.581,55.23,0.9701,0,,,
asset_027,2026-04-10T12:00:00,1.1328,61.96,52.47,0.9824,0,,,
asset_028,2026-04-10T12:00:00,1.6741,68.195,57.641,0.9831,0,,,
asset_029,2026-04-10T12:00:00,1.2045,50.626,44.741,1.1045,0,,,
asset_030,2026-04-10T12:00:00,1.6101,64.675,50.132,1.0147,0,,,
asset_031,2026-04-10T12:00:00,0.9724,60.545,55.903,0.9193,1,,,
asset_032,2026-04-10T12:00:00,0.9669,51.717,52.176,1.1031,1,,,
asset_033,2026-04-10T12:00:00,1.0371,64.599,55.979,0.8756,1,,,
asset_034,2026-04-10T12:00:00,0.796,68.959,54.376,0.8558,0,,,
asset_035,2026-04-10T12:00:00,1.8367,57.482,46.599,1.0295,0,,,
asset_036,2026-04-10T12:00:00,1.4218,55.713,60.004,0.9333,0,,,
asset_037,2026-04-10T12:00:00,0.8938,54.492,57.149,0.9114,0,,,
asset_038,2026-04-10T12:00:00,1.2961,69.572,53.204,1.104,0,,,
asset_039,2026-04-10T12:00:00,1.7197,64.318,49.849,0.8948,0,,,
asset_000,2026-04-10T18:00:00,0.8005,50.564,51.631,0.9585,0,,,
asset_001,2026-04-10T18:00:00,0.8042,57.526,54.74,1.0492,0,,,
asset_002,2026-04-10T18:00:00,1.1119,70.075,58.252,0.9057,0,,,
asset_003,2026-04-10T18:00:00,1.5623,60.859,43.938,0.8997,0,,,
asset_004,2026-04-10T18:00:00,1.4865,64.224,55.315,1.0059,0,,,
asset_005,2026-04-10T18:00:00,1.3721,54.215,58.092,1.0029,0,,,
asset_006,2026-04-10T18:00:00,0.8134,54.639,48.06,0.9948,0,,,
asset_007,2026-04-10T18:00:00,1.1419,69.319,56.13,0.8966,0,,,
asset_008,2026-04-10T18:00:00,0.8382,69.721,56.843,0.9819,0,,,
asset_009,2026-04-10T18:00:00,1.3319,64.728,58.844,1.0799,0,,,
asset_010,2026-04-10T18:00:00,0.9326,69.446,38.226,1.0653,0,,,
asset_011,2026-04-10T18:00:00,1.2452,59.384,45.672,1.164,0,,,
asset_012,2026-04-10T18:00:00,1.368,52.768,46.988,1.0569,1,,,
asset_013,2026-04-10T18:00:00,1.504,63.676,56.608,1.1579,0,,,
asset_014,2026-04-10T18:00:00,0.782,57.899,55.729,1.1369,0,,,
asset_015,2026-04-10T18:00:00,1.75,63.556,46.689,0.9164,0,,,
asset_016,2026-04-10T18:00:00,0.9363,71.676,61.003,1.0036,0,,,
asset_017,2026-04-10T18:00:00,1.2472,59.62,45.432,0.9359,0,,,
asset_018,2026-04-10T18:00:00,1.2351,73.544,53.146,0.8301,0,,,
asset_019,2026-04-10T18:00:00,1.4786,61.181,43.103,1.0877,0,,,
asset_020,2026-04-10T18:00:00,1.5609,67.579,53.237,1.1084,0,,,
asset_021,2026-04-10T18:00:00,1.9941,55.468,41.404,1.0018,1,,,
asset_022,2026-04-10T18:00:00,0.7863,60.106,43.22,0.8917,0,,,
asset_023,2026-04-10T18:00:00,1.1311,51.634,46.783,1.025,0,,,
asset_024,2026-04-10T18:00:00,1.0022,69.378,41.772,0.9971,0,,,
asset_025,2026-04-10T18:00:00,1.4781,55.687,45.263,0.9183,0,,,
asset_026,2026-04-10T18:00:00,2.1097,61.184,55.455,1.0597,0,,,
asset_027,2026-04-10T18:00:00,1.1806,64.089,51.708,1.129,0,,,
asset_028,2026-04-10T18:00:00,1.6854,66.681,54.428,1.105,0,,,
asset_029,2026-04-10T18:00:00,0.8559,52.665,43.502,0.9507,0,,,
asset_030,2026-04-10T18:00:00,1.6719,72.98,48.859,1.1141,0,,,
asset_031,2026-04-10T18:00:00,1.355,63.978,55.061,0.916,0,,,
asset_032,2026-04-10T18:00:00,1.1321,57.825,46.877,0.907,0,,,
asset_033,2026-04-10T18:00:00,0.965,65.631,53.271,1.0619,1,,,
asset_034,2026-04-10T18:00:00,0.9047,68.124,40.58,0.927,0,,,
asset_035,2026-04-10T18:00:00,0.9938,53.73,59.393,0.9672,1,,,
asset_036,2026-04-10T18:00:00,1.9118,58.473,48.091,1.0823,0,,,
asset_037,2026-04-10T18:00:00,0.4961,54.555,44.797,0.9213,0,,,
asset_038,2026-04-10T18:00:00,1.1382,72.552,50.786,0.9164,0,,,
asset_039,2026-04-10T18:00:00,1.7003,67.174,44.345,0.975,1,,,
asset_000,2026-04-11T00:00:00,1.1113,54.691,55.284,1.099,0,,,
asset_001,2026-04-11T00:00:00,0.9802,59.477,44.17,0.9653,0,,,
asset_002,2026-04-11T00:00:00,2.089,71.771,52.274,0.9842,0,,,
asset_003,2026-04-11T00:00:00,1.2038,61.124,54.155,1.0284,0,,,
asset_004,2026-04-11T00:00:00,1.365,66.671,55.954,0.9811,0,,,
asset_005,2026-04-11T00:00:00,2.0313,58.211,47.247,1.1459,0,,,
asset_006,2026-04-11T00:00:00,1.1127,53.258,42.404,1.0332,0,,,
asset_007,2026-04-11T00:00:00,0.9681,66.295,44.228,0.9509,0,,,
asset_008,2026-04-11T00:00:00,0.5979,68.992,59.37,1.0833,0,,,
asset_009,2026-04-11T00:00:00,1.5417,69.51,54.561,0.9763,0,,,
asset_010,2026-04-11T00:00:00,1.2931,67.393,50.116,1.1827,0,,,
asset_011,2026-04-11T00:00:00,1.2947,60.02,47.303,0.8604,0,,,
asset_012,2026-04-11T00:00:00,1.8716,54.352,45.904,0.932,0,,,
asset_013,2026-04-11T00:00:00,0.9287,64.914,52.806,1.0149,0,,,
asset_014,2026-04-11T00:00:00,1.3812,54.239,58.93,1.1329,0,,,
asset_015,2026-04-11T00:00:00,1.2431,60.678,58.167,0.977,0,,,
asset_016,2026-04-11T00:00:00,0.6155,70.974,54.577,1.0249,0,,,
asset_017,2026-04-11T00:00:00,2.3398,57.316,45.462,1.0355,0,,,
asset_018,2026-04-11T00:00:00,1.3164,65.442,49.497,0.9587,0,,,
asset_019,2026-04-11T00:00:00,1.9658,60.486,56.081,1.0496,0,,,
asset_020,2026-04-11T00:00:00,1.5865,66.332,53.73,1.0251,0,,,
asset_021,2026-04-11T00:00:00,0.9619,52.683,55.419,1.0622,0,,,
asset_022,2026-04-11T00:00:00,0.9511,60.143,56.501,1.0519,0,,,
asset_023,2026-04-11T00:00:00,1.6202,52.345,53.135,0.9196,0,,,
asset_024,2026-04-11T00:00:00,1.2012,69.785,50.097,0.9732,0,,,
asset_025,2026-04-11T00:00:00,1.0753,53.242,55.607,1.0814,0,,,
asset_026,2026-04-11T00:00:00,0.9814,61.992,54.001,0.9578,0,,,
asset_027,2026-04-11T00:00:00,1.4546,68.188,39.116,0.9088,0,,,
asset_028,2026-04-11T00:00:00,1.0565,61.531,43.984,0.9822,0,,,
asset_029,2026-04-11T00:00:00,0.7871,51.321,58.811,0.943,1,,,
asset_030,2026-04-11T00:00:00,1.5202,67.598,46.07,1.1072,0,,,
asset_031,2026-04-11T00:00:00,0.5387,61.026,55.146,0.9875,0,,,
asset_032,2026-04-11T00:00:00,1.2074,52.207,55.555,1.0014,0,,,
asset_033,2026-04-11T00:00:00,1.1795,68.359,49.414,1.038,0,,,
asset_034,2026-04-11T00:00:00,0.9673,67.67,60.683,0.9391,0,,,
asset_035,2026-04-11T00:00:00,1.5713,57.239,51.443,0.9595,0,,,
asset_036,2026-04-11T00:00:00,1.3332,57.761,54.085,0.9936,0,,,
asset_037,2026-04-11T00:00:00,0.5734,54.632,46.52,1.0658,0,,,
asset_038,2026-04-11T00:00:00,0.9304,70.689,45.156,1.1094,0,,,
asset_039,2026-04-11T00:00:00,1.8262,69.411,49.293,0.9924,0,,,
asset_000,2026-04-11T06:00:00,1.2367,54.372,41.583,1.0211,0,,,
asset_001,2026-04-11T06:00:00,1.0833,56.371,53.276,0.8731,0,,,
asset_002,2026-04-11T06:00:00,2.1198,70.426,59.302,0.9286,0,,,
asset_003,2026-04-11T06:00:00,1.4421,64.124,42.931,0.9238,0,,,
asset_004,2026-04-11T06:00:00,1.44,62.115,54.746,0.8229,1,,,
asset_005,2026-04-11T06:00:00,1.637,59.944,52.744,0.9004,0,,,
asset_006,2026-04-11T06:00:00,0.9955,50.934,57.203,0.9918,0,,,
asset_007,2026-04-11T06:00:00,1.1996,67.449,49.447,1.0189,1,,,
asset_008,2026-04-11T06:00:00,0.985,70.727,54.998,1.1493,0,,,
asset_009,2026-04-11T06:00:00,1.3204,62.565,53.173,1.0097,0,,,
asset_010,2026-04-11T06:00:00,1.0774,68.177,45.115,0.9786,0,,,
asset_011,2026-04-11T06:00:00,1.2315,62.121,44.532,0.9627,0,,,
asset_012,2026-04-11T06:00:00,1.5682,59.179,42.819,0.9847,0,,,
asset_013,2026-04-11T06:00:00,1.568,67.073,52.344,0.8694,0,,,
asset_014,2026-04-11T06:00:00,1.8963,56.402,53.259,0.8796,0,,,
asset_015,2026-04-11T06:00:00,1.7563,60.89,49.505,1.0716,0,,,
asset_016,2026-04-11T06:00:00,0.6873,70.236,58.498,1.1201,0,,,
asset_017,2026-04-11T06:00:00,1.3629,57.356,57.53,1.0106,0,,,
asset_018,2026-04-11T06:00:00,1.5,66.702,56.804,0.8961,0,,,
asset_019,2026-04-11T06:00:00,1.5542,58.974,52.7,1.0441,0,,,
asset_020,2026-04-11T06:00:00,1.8689,69.011,53.513,0.947,0,,,
asset_021,2026-04-11T06:00:00,1.4055,57.619,50.825,1.1077,0,,,
asset_022,2026-04-11T06:00:00,0.9531,60.755,50.83,0.882,0,,,
asset_023,2026-04-11T06:00:00,1.3728,50.482,44.382,1.045,1,,,
asset_024,2026-04-11T06:00:00,0.9794,64.193,54.641,1.1002,0,,,
asset_025,2026-04-11T06:00:00,1.3989,58.378,45.328,0.9583,0,,,
asset_026,2026-04-11T06:00:00,1.8774,58.122,46.566,0.8369,0,,,
asset_027,2026-04-11T06:00:00,1.2983,64.186,41.748,1.0307,0,,,
asset_028,2026-04-11T06:00:00,1.054,65.207,49.003,1.0061,0,,,
asset_029,2026-04-11T06:00:00,0.8201,51.516,52.752,0.9905,0,,,
asset_030,2026-04-11T06:00:00,1.5642,68.571,42.24,0.9271,0,,,
asset_031,2026-04-11T06:00:00,1.1397,62.963,55.937,0.8738,0,,,
asset_032,2026-04-11T06:00:00,1.8425,52.074,57.823,1.0128,0,,,
asset_033,2026-04-11T06:00:00,0.6889,64.928,44.757,1.0145,0,,,
asset_034,2026-04-11T06:00:00,0.6212,65.042,40.927,0.8892,0,,,
asset_035,2026-04-11T06:00:00,1.0563,57.544,50.515,1.0207,0,,,
asset_036,2026-04-11T06:00:00,1.37,57.115,49.394,1.1272,0,,,
asset_037,2026-04-11T06:00:00,0.877,53.416,40.277,0.977,0,,,
asset_038,2026-04-11T06:00:00,1.0422,70.372,46.943,0.9875,0,,,
asset_039,2026-04-11T06:00:00,1.4586,67.514,56.819,0.9884,0,,,
asset_000,2026-04-11T12:00:00,1.5186,54.632,54.104,1.1551,0,,,
asset_001,2026-04-11T12:00:00,1.1147,57.048,43.457,0.9169,0,,,
asset_002,2026-04-11T12:00:00,1.6278,71.215,56.18,0.9828,0,,,
asset_003,2026-04-11T12:00:00,1.1349,65.362,39.221,0.86,0,,,
asset_004,2026-04-11T12:00:00,1.3001,67.399,41.513,1.0453,1,,,
asset_005,2026-04-11T12:00:00,1.7039,56.795,53.318,1.0341,0,,,
asset_006,2026-04-11T12:00:00,1.0326,52.303,58.576,0.9616,1,,,
asset_007,2026-04-11T12:00:00,0.7845,74.553,49.551,0.9612,0,,,
asset_008,2026-04-11T12:00:00,1.0236,68.456,56.714,0.9919,0,,,
asset_009,2026-04-11T12:00:00,1.092,64.711,58.953,0.9688,0,,,
asset_010,2026-04-11T12:00:00,1.0921,72.905,54.888,0.8798,0,,,
asset_011,2026-04-11T12:00:00,1.4067,63.991,53.224,1.1194,0,,,
asset_012,2026-04-11T12:00:00,1.2754,54.307,55.324,1.0157,0,,,
asset_013,2026-04-11T12:00:00,0.8178,67.721,55.586,1.0392,0,,,
asset_014,2026-04-11T12:00:00,1.8972,61.4,41.607,0.8917,0,,,
asset_015,2026-04-11T12:00:00,1.4105,61.837,53.425,0.9558,0,,,
asset_016,2026-04-11T12:00:00,0.7473,69.397,44.468,1.0761,1,,,
asset_017,2026-04-11T12:00:00,1.2161,59.693,39.915,0.9061,0,,,
asset_018,2026-04-11T12:00:00,1.1837,68.177,42.535,0.9662,0,,,
asset_019,2026-04-11T12:00:00,0.9549,60.663,41.838,0.9759,0,,,
asset_020,2026-04-11T12:00:00,0.9319,63.279,42.627,0.9865,0,,,
asset_021,2026-04-11T12:00:00,1.5228,53.401,49.419,1.0589,0,,,
asset_022,2026-04-11T12:00:00,0.5996,60.276,42.758,1.1128,0,,,
asset_023,2026-04-11T12:00:00,1.4453,49.157,40.74,1.136,0,,,
asset_024,2026-04-11T12:00:00,1.0682,66.884,44.616,0.961,0,,,
asset_025,2026-04-11T12:00:00,1.3781,59.049,43.712,1.1136,0,,,
asset_026,2026-04-11T12:00:00,1.6912,62.6,51.064,0.9942,0,,,
asset_027,2026-04-11T12:00:00,1.3396,63.827,46.277,1.0618,0,,,
asset_028,2026-04-11T12:00:00,1.7787,66.939,43.837,1.1269,1,,,
asset_029,2026-04-11T12:00:00,1.4952,51.55,47.018,0.9961,0,,,
asset_030,2026-04-11T12:00:00,1.8032,67.598,55.817,0.9051,0,,,
asset_031,2026-04-11T12:00:00,1.0136,62.687,58.832,1.0761,0,,,
asset_032,2026-04-11T12:00:00,1.5083,48.778,48.78,0.9498,0,,,
asset_033,2026-04-11T12:00:00,0.9694,71.338,48.493,1.0442,0,,,
asset_034,2026-04-11T12:00:00,0.7129,70.844,43.084,0.9621,0,,,
asset_035,2026-04-11T12:00:00,1.4132,58.304,43.489,0.9199,1,,,
asset_036,2026-04-11T12:00:00,1.0773,58.464,48.335,1.0477,0,,,
asset_037,2026-04-11T12:00:00,0.9005,55.623,56.005,0.9166,0,,,
asset_038,2026-04-11T12:00:00,1.1665,71.746,48.069,1.0617,0,,,
asset_039,2026-04-11T12:00:00,1.4751,67.326,39.982,0.9699,1,,,
asset_000,2026-04-11T18:00:00,1.1408,49.747,48.599,0.8717,0,,,
asset_001,2026-04-11T18:00:00,0.9226,54.686,49.424,0.918,0,,,
asset_002,2026-04-11T18:00:00,1.7221,70.267,46.609,1.0235,0,,,
asset_003,2026-04-11T18:00:00,1.3317,60.292,42.274,1.1403,0,,,
asset_004,2026-04-11T18:00:00,0.9498,61.87,57.874,1.1167,0,,,
asset_005,2026-04-11T18:00:00,1.3985,60.434,41.655,1.052,0,,,
asset_006,2026-04-11T18:00:00,1.1851,53.824,41.072,0.8841,0,,,
asset_007,2026-04-11T18:00:00,0.8161,66.337,42.48,0.858,0,,,
asset_008,2026-04-11T18:00:00,0.9594,71.759,49.85,0.9628,0,,,
asset_009,2026-04-11T18:00:00,1.641,65.164,60.124,1.0311,0,,,
asset_010,2026-04-11T18:00:00,1.1279,68.643,44.519,1.0165,0,,,
asset_011,2026-04-11T18:00:00,1.148,64.266,48.055,1.0209,0,,,
asset_012,2026-04-11T18:00:00,2.3083,57.992,49.746,1.0009,1,,,
asset_013,2026-04-11T18:00:00,1.0318,63.442,53.908,0.8535,0,,,
asset_014,2026-04-11T18:00:00,1.9673,56.927,41.769,0.9959,0,,,
asset_015,2026-04-11T18:00:00,1.6624,59.338,56.292,0.9947,1,,,
asset_016,2026-04-11T18:00:00,1.3547,69.581,39.444,0.9693,0,,,
asset_017,2026-04-11T18:00:00,1.1649,57.722,59.177,1.0245,0,,,
asset_018,2026-04-11T18:00:00,1.0463,70.346,47.534,0.9467,0,,,
asset_019,2026-04-11T18:00:00,2.2737,62.447,47.172,1.0747,0,,,
asset_020,2026-04-11T18:00:00,1.7912,67.339,38.589,1.0192,0,,,
asset_021,2026-04-11T18:00:00,1.5848,53.405,41.495,0.9536,0,,,
asset_022,2026-04-11T18:00:00,0.5755,62.209,43.948,0.9783,0,,,
asset_023,2026-04-11T18:00:00,1.318,50.805,45.577,1.0006,0,,,
asset_024,2026-04-11T18:00:00,1.0219,68.904,40.847,0.8903,0,,,
asset_025,2026-04-11T18:00:00,1.426,55.695,53.079,0.9618,1,,,
asset_026,2026-04-11T18:00:00,1.6506,60.017,41.966,0.9957,1,,,
asset_027,2026-04-11T18:00:00,1.1873,62.203,58.375,0.9309,0,,,
asset_028,2026-04-11T18:00:00,1.5437,64.541,49.429,1.075,0,,,
asset_029,2026-04-11T18:00:00,0.6382,49.017,51.108,1.0075,0,,,
asset_030,2026-04-11T18:00:00,1.7378,67.787,58.888,1.0031,0,,,
asset_031,2026-04-11T18:00:00,1.0482,64.884,48.62,0.893,1,,,
asset_032,2026-04-11T18:00:00,1.5575,51.521,47.322,1.0235,0,,,
asset_033,2026-04-11T18:00:00,0.8522,67.903,45.515,1.0424,0,,,
asset_034,2026-04-11T18:00:00,1.2748,67.925,55.587,1.0422,0,,,
asset_035,2026-04-11T18:00:00,1.4542,55.648,44.182,1.0365,0,,,
asset_036,2026-04-11T18:00:00,1.4419,57.961,59.63,1.0816,0,,,
asset_037,2026-04-11T18:00:00,1.0925,51.326,50.959,0.933,0,,,
asset_038,2026-04-11T18:00:00,1.0882,66.111,52.75,0.8877,0,,,
asset_039,2026-04-11T18:00:00,1.2442,69.966,47.051,0.8651,0,,,
asset_000,2026-04-12T00:00:00,1.1897,53.598,43.411,1.0435,0,,,
asset_001,2026-04-12T00:00:00,0.5079,54.415,50.789,1.0252,1,,,
asset_002,2026-04-12T00:00:00,1.9669,73.395,41.394,1.1115,0,,,
asset_003,2026-04-12T00:00:00,1.6,61.597,47.021,0.895,0,,,
asset_004,2026-04-12T00:00:00,0.9967,62.093,38.241,0.9951,0,,,
asset_005,2026-04-12T00:00:00,1.4826,58.969,49.328,1.123,0,,,
asset_006,2026-04-12T00:00:00,0.6404,55.569,42.873,0.8814,0,,,
asset_007,2026-04-12T00:00:00,1.0824,69.198,44.605,0.9472,0,,,
asset_008,2026-04-12T00:00:00,1.0,71.466,43.595,0.9323,0,,,
asset_009,2026-04-12T00:00:00,1.3168,64.427,42.483,0.9907,0,,,
asset_010,2026-04-12T00:00:00,1.3647,66.979,53.768,1.0749,0,,,
asset_011,2026-04-12T00:00:00,0.8589,60.538,57.545,1.1236,0,,,
asset_012,2026-04-12T00:00:00,1.5686,55.133,51.726,0.9444,0,,,
asset_013,2026-04-12T00:00:00,1.6047,67.279,52.032,1.0244,0,,,
asset_014,2026-04-12T00:00:00,2.1839,57.272,54.234,0.9278,0,,,
asset_015,2026-04-12T00:00:00,1.5737,61.89,45.611,1.0591,0,,,
asset_016,2026-04-12T00:00:00,1.0962,69.646,40.653,0.9624,0,,,
asset_017,2026-04-12T00:00:00,1.4811,58.393,45.124,0.9818,1,,,
asset_018,2026-04-12T00:00:00,1.5013,63.614,54.536,1.1062,0,,,
asset_019,2026-04-12T00:00:00,1.7053,59.715,50.465,1.0041,0,,,
asset_020,2026-04-12T00:00:00,1.6932,63.357,49.712,1.0339,0,,,
asset_021,2026-04-12T00:00:00,1.277,59.222,57.884,1.1371,0,,,
asset_022,2026-04-12T00:00:00,0.8114,60.406,48.919,1.0073,0,,,
asset_023,2026-04-12T00:00:00,1.6051,50.588,56.503,0.9504,0,,,
asset_024,2026-04-12T00:00:00,0.9164,71.595,51.016,1.0654,0,,,
asset_025,2026-04-12T00:00:00,1.7261,57.297,55.395,0.941,0,,,
asset_026,2026-04-12T00:00:00,1.7105,61.328,45.192,0.9852,0,,,
asset_027,2026-04-12T00:00:00,1.4278,63.006,44.915,0.9774,0,,,
asset_028,2026-04-12T00:00:00,1.558,60.935,61.779,0.9357,0,,,
asset_029,2026-04-12T00:00:00,0.9968,51.539,44.436,1.0533,0,,,
asset_030,2026-04-12T00:00:00,1.0791,60.986,56.283,0.9348,0,,,
asset_031,2026-04-12T00:00:00,0.8772,61.365,51.173,1.0893,0,,,
asset_032,2026-04-12T00:00:00,1.1957,54.144,44.11,0.9723,0,,,
asset_033,2026-04-12T00:00:00,1.0736,64.697,42.975,0.893,0,,,
asset_034,2026-04-12T00:00:00,0.7757,68.232,39.72,0.942,0,,,
asset_035,2026-04-12T00:00:00,1.0664,51.455,55.903,0.9222,0,,,
asset_036,2026-04-12T00:00:00,1.4226,59.914,51.739,0.8554,0,,,
asset_037,2026-04-12T00:00:00,0.4558,56.754,47.231,0.9955,1,,,
asset_038,2026-04-12T00:00:00,1.3071,70.211,46.523,1.0353,0,,,
asset_039,2026-04-12T00:00:00,1.3378,64.897,38.524,1.0752,1,,,
asset_000,2026-04-12T06:00:00,1.1719,51.437,49.352,1.1211,0,,,
asset_001,2026-04-12T06:00:00,1.0927,58.879,47.198,0.9454,0,,,
asset_002,2026-04-12T06:00:00,1.8505,71.521,47.254,1.0247,1,,,
asset_003,2026-04-12T06:00:00,1.7223,63.792,42.42,0.8548,0,,,
asset_004,2026-04-12T06:00:00,1.3171,61.162,38.947,0.9962,0,,,
asset_005,2026-04-12T06:00:00,1.3767,56.435,56.905,1.0831,0,,,
asset_006,2026-04-12T06:00:00,0.9656,55.134,39.324,1.1518,0,,,
asset_007,2026-04-12T06:00:00,0.7558,66.838,58.144,1.0126,0,,,
asset_008,2026-04-12T06:00:00,0.804,68.479,50.227,1.0348,0,,,
asset_009,2026-04-12T06:00:00,1.4603,64.282,44.797,1.0894,0,,,
asset_010,2026-04-12T06:00:00,1.0249,64.779,49.715,1.1122,0,,,
asset_011,2026-04-12T06:00:00,1.4132,62.506,47.779,1.0329,0,,,
asset_012,2026-04-12T06:00:00,1.6807,58.109,53.889,0.9588,0,,,
asset_013,2026-04-12T06:00:00,0.975,65.624,56.152,1.0736,0,,,
asset_014,2026-04-12T06:00:00,2.8344,62.617,45.999,1.0287,0,,,
asset_015,2026-04-12T06:00:00,1.3091,59.885,54.106,1.0729,0,,,
asset_016,2026-04-12T06:00:00,0.6345,69.027,50.233,1.1044,0,,,
asset_017,2026-04-12T06:00:00,1.2013,56.34,52.764,0.9578,0,,,
asset_018,2026-04-12T06:00:00,0.966,66.566,46.651,0.9867,0,,,
asset_019,2026-04-12T06:00:00,1.3766,60.559,40.95,1.0515,0,,,
asset_020,2026-04-12T06:00:00,1.7122,67.349,48.641,0.9859,1,,,
asset_021,2026-04-12T06:00:00,1.6047,57.448,43.871,1.0275,1,,,
asset_022,2026-04-12T06:00:00,1.0023,59.537,52.521,1.0178,0,,,
asset_023,2026-04-12T06:00:00,1.5014,50.908,49.758,0.8813,0,,,
asset_024,2026-04-12T06:00:00,0.8342,71.986,42.314,1.0253,0,,,
asset_025,2026-04-12T06:00:00,1.5468,56.362,45.416,1.0019,0,,,
asset_026,2026-04-12T06:00:00,1.3721,58.666,44.079,0.883,0,,,
asset_027,2026-04-12T06:00:00,1.4154,65.912,50.658,0.9126,0,,,
asset_028,2026-04-12T06:00:00,1.4181,65.64,42.402,1.0041,0,,,
asset_029,2026-04-12T06:00:00,0.9913,54.942,49.378,0.9417,0,,,
asset_030,2026-04-12T06:00:00,1.5365,67.654,37.924,0.9135,0,,,
asset_031,2026-04-12T06:00:00,0.8623,63.905,53.31,1.0578,0,,,
asset_032,2026-04-12T06:00:00,1.3251,52.156,43.574,0.9052,0,,,
asset_033,2026-04-12T06:00:00,0.518,66.785,42.679,0.985,0,,,
asset_034,2026-04-12T06:00:00,1.2293,70.854,47.399,1.0667,0,,,
asset_035,2026-04-12T06:00:00,1.1559,55.395,47.199,1.0362,0,,,
asset_036,2026-04-12T06:00:00,1.2387,57.65,53.045,0.822,1,,,
asset_037,2026-04-12T06:00:00,0.9775,53.341,56.574,1.0866,0,,,
asset_038,2026-04-12T06:00:00,1.2168,69.54,57.438,0.8954,0,,,
asset_039,2026-04-12T06:00:00,1.5116,70.494,61.391,1.0048,0,,,
asset_000,2026-04-12T12:00:00,0.5914,51.348,46.35,1.0861,0,,,
asset_001,2026-04-12T12:00:00,0.8585,53.792,50.755,1.0863,0,,,
asset_002,2026-04-12T12:00:00,2.257,71.486,51.942,0.9574,0,,,
asset_003,2026-04-12T12:00:00,1.5992,60.704,56.805,1.1668,0,,,
asset_004,2026-04-12T12:00:00,1.6186,61.915,39.476,0.9262,0,,,
asset_005,2026-04-12T12:00:00,1.4951,62.191,43.545,0.9978,0,,,
asset_006,2026-04-12T12:00:00,1.2046,58.579,58.983,0.9574,0,,,
asset_007,2026-04-12T12:00:00,0.9724,73.475,55.305,0.9988,0,,,
asset_008,2026-04-12T12:00:00,1.4006,72.038,54.708,0.9669,0,,,
asset_009,2026-04-12T12:00:00,1.1985,66.978,51.31,0.9881,0,,,
asset_010,2026-04-12T12:00:00,1.2791,65.482,38.957,0.9795,0,,,
asset_011,2026-04-12T12:00:00,1.2662,62.43,58.527,1.1272,0,,,
asset_012,2026-04-12T12:00:00,1.75,54.935,42.637,1.0925,0,,,
asset_013,2026-04-12T12:00:00,1.3398,68.049,51.227,0.9548,0,,,
asset_014,2026-04-12T12:00:00,2.7863,62.157,54.969,0.9564,1,,,
asset_015,2026-04-12T12:00:00,1.75,65.521,46.559,1.03,1,,,
asset_016,2026-04-12T12:00:00,0.9689,71.386,59.117,0.9504,0,,,
asset_017,2026-04-12T12:00:00,1.7847,61.752,53.835,1.0095,0,,,
asset_018,2026-04-12T12:00:00,0.9324,70.501,54.771,0.9802,0,,,
asset_019,2026-04-12T12:00:00,1.7862,57.032,42.744,0.9414,0,,,
asset_020,2026-04-12T12:00:00,1.4795,66.458,42.058,0.9045,0,,,
asset_021,2026-04-12T12:00:00,1.3708,54.327,42.522,1.0367,0,,,
asset_022,2026-04-12T12:00:00,1.0951,59.66,56.941,1.0336,0,,,
asset_023,2026-04-12T12:00:00,1.5559,57.812,42.416,0.8905,0,,,
asset_024,2026-04-12T12:00:00,1.0092,68.88,43.009,0.9628,0,,,
asset_025,2026-04-12T12:00:00,1.2137,58.778,40.143,0.9602,0,,,
asset_026,2026-04-12T12:00:00,1.3306,58.367,57.955,0.994,0,,,
asset_027,2026-04-12T12:00:00,2.0009,63.85,52.369,0.9483,0,,,
asset_028,2026-04-12T12:00:00,1.7523,68.183,48.188,0.9843,0,,,
asset_029,2026-04-12T12:00:00,1.0664,54.148,48.62,1.0453,0,,,
asset_030,2026-04-12T12:00:00,1.4775,72.97,51.008,1.002,0,,,
asset_031,2026-04-12T12:00:00,1.6113,62.063,47.735,0.9476,0,,,
asset_032,2026-04-12T12:00:00,1.24,49.556,51.961,1.0799,0,,,
asset_033,2026-04-12T12:00:00,0.7531,67.624,55.574,0.9186,0,,,
asset_034,2026-04-12T12:00:00,1.1268,67.219,48.213,1.1732,0,,,
asset_035,2026-04-12T12:00:00,1.3693,58.295,38.359,0.8949,0,,,
asset_036,2026-04-12T12:00:00,1.8349,51.92,49.064,1.0017,0,,,
asset_037,2026-04-12T12:00:00,0.8045,53.553,58.565,1.1735,0,,,
asset_038,2026-04-12T12:00:00,1.3766,68.502,47.276,1.0861,0,,,
asset_039,2026-04-12T12:00:00,1.4773,69.52,47.196,1.0266,0,,,
asset_000,2026-04-12T18:00:00,1.3548,56.273,40.588,0.8572,1,,,
asset_001,2026-04-12T18:00:00,0.8319,59.063,54.939,0.9933,0,,,
asset_002,2026-04-12T18:00:00,2.7932,74.728,45.957,0.8639,0,,,
asset_003,2026-04-12T18:00:00,1.5942,60.991,61.149,1.0053,0,,,
asset_004,2026-04-12T18:00:00,1.5531,65.272,58.203,1.2038,0,,,
asset_005,2026-04-12T18:00:00,1.3736,60.318,48.601,0.945,0,,,
asset_006,2026-04-12T18:00:00,0.8912,54.499,50.008,0.9422,0,,,
asset_007,2026-04-12T18:00:00,0.964,67.074,58.233,1.0837,0,,,
asset_008,2026-04-12T18:00:00,1.2797,66.612,53.44,1.0675,0,,,
asset_009,2026-04-12T18:00:00,1.5108,66.185,42.166,1.1867,0,,,
asset_010,2026-04-12T18:00:00,1.176,68.365,44.058,1.0268,0,,,
asset_011,2026-04-12T18:00:00,1.3079,63.565,52.067,1.0148,1,,,
asset_012,2026-04-12T18:00:00,1.2527,59.013,55.69,0.9487,1,,,
asset_013,2026-04-12T18:00:00,1.1476,66.839,50.377,1.068,0,,,
asset_014,2026-04-12T18:00:00,2.5194,63.257,46.06,1.0581,0,,,
asset_015,2026-04-12T18:00:00,1.4849,62.582,41.485,0.9129,1,,,
asset_016,2026-04-12T18:00:00,0.9606,70.354,43.935,1.0432,0,,,
asset_017,2026-04-12T18:00:00,1.5243,57.499,45.175,0.9832,0,,,
asset_018,2026-04-12T18:00:00,1.3941,67.773,54.337,0.897,0,,,
asset_019,2026-04-12T18:00:00,1.3428,56.866,44.029,0.9043,0,,,
asset_020,2026-04-12T18:00:00,1.6565,68.912,45.211,1.0441,0,,,
asset_021,2026-04-12T18:00:00,1.4606,61.283,52.334,1.0601,0,,,
asset_022,2026-04-12T18:00:00,0.6442,59.619,53.525,0.96,0,,,
asset_023,2026-04-12T18:00:00,1.0364,52.945,59.473,1.0308,0,,,
asset_024,2026-04-12T18:00:00,1.0415,69.385,44.169,0.919,1,,,
asset_025,2026-04-12T18:00:00,1.482,57.923,40.796,1.1188,0,,,
asset_026,2026-04-12T18:00:00,1.3234,58.118,46.27,0.9927,0,,,
asset_027,2026-04-12T18:00:00,1.7096,64.288,51.646,1.0397,0,,,
asset_028,2026-04-12T18:00:00,1.5351,61.903,55.666,0.9584,0,,,
asset_029,2026-04-12T18:00:00,1.3917,50.462,49.272,0.9894,0,,,
asset_030,2026-04-12T18:00:00,1.5625,64.371,44.237,1.0378,0,,,
asset_031,2026-04-12T18:00:00,0.9882,62.118,44.88,0.9443,1,,,
asset_032,2026-04-12T18:00:00,1.1862,49.135,48.579,0.9874,0,,,
asset_033,2026-04-12T18:00:00,0.7186,61.967,58.745,1.1313,0,,,
asset_034,2026-04-12T18:00:00,0.7862,66.446,51.996,1.0115,1,,,
asset_035,2026-04-12T18:00:00,1.249,55.769,52.887,0.9454,0,,,
asset_036,2026-04-12T18:00:00,1.203,57.085,55.597,0.9726,0,,,
asset_037,2026-04-12T18:00:00,0.7752,53.584,48.03,0.9661,0,,,
asset_038,2026-04-12T18:00:00,1.043,71.32,48.21,0.9291,1,,,
asset_039,2026-04-12T18:00:00,1.7475,67.162,47.314,1.0878,0,,,
asset_000,2026-04-13T00:00:00,0.945,52.993,47.922,1.0865,1,,,
asset_001,2026-04-13T00:00:00,0.856,60.541,54.425,1.0039,1,,,
asset_002,2026-04-13T00:00:00,2.5384,71.574,44.215,1.0091,0,,,
asset_003,2026-04-13T00:00:00,1.5958,62.17,48.507,1.0579,1,,,
asset_004,2026-04-13T00:00:00,1.0882,61.777,58.605,0.9557,0,,,
asset_005,2026-04-13T00:00:00,1.4633,57.44,47.269,0.9993,0,,,
asset_006,2026-04-13T00:00:00,1.097,47.52,54.168,1.0124,0,,,
asset_007,2026-04-13T00:00:00,0.6777,69.873,49.567,0.9307,0,,,
asset_008,2026-04-13T00:00:00,1.1264,67.973,43.363,1.0257,0,,,
asset_009,2026-04-13T00:00:00,1.6123,66.294,54.472,0.944,0,,,
asset_010,2026-04-13T00:00:00,1.1915,65.897,54.445,1.0557,0,,,
asset_011,2026-04-13T00:00:00,1.1396,60.946,48.102,0.9308,0,,,
asset_012,2026-04-13T00:00:00,1.517,56.239,43.878,1.05,0,,,
asset_013,2026-04-13T00:00:00,1.2891,63.752,52.932,1.0291,0,,,
asset_014,2026-04-13T00:00:00,2.5896,63.528,51.902,1.0326,0,,,
asset_015,2026-04-13T00:00:00,1.771,60.468,55.141,1.1095,0,,,
asset_016,2026-04-13T00:00:00,0.7107,68.645,58.822,1.0803,1,,,
asset_017,2026-04-13T00:00:00,1.2158,60.195,55.997,0.9749,0,,,
asset_018,2026-04-13T00:00:00,1.3294,65.894,52.292,1.0863,0,,,
asset_019,2026-04-13T00:00:00,1.9015,59.596,57.347,1.0261,0,,,
asset_020,2026-04-13T00:00:00,1.6322,68.389,61.076,1.0596,0,,,
asset_021,2026-04-13T00:00:00,1.5238,57.964,53.559,0.8395,0,,,
asset_022,2026-04-13T00:00:00,1.1185,61.977,55.917,0.8889,0,,,
asset_023,2026-04-13T00:00:00,1.6823,49.98,50.134,0.8884,0,,,
asset_024,2026-04-13T00:00:00,0.9008,67.186,50.807,1.1364,0,,,
asset_025,2026-04-13T00:00:00,1.6132,55.27,54.417,0.963,0,,,
asset_026,2026-04-13T00:00:00,1.5423,58.622,42.101,0.9898,0,,,
asset_027,2026-04-13T00:00:00,2.0146,65.806,53.874,0.9761,0,,,
asset_028,2026-04-13T00:00:00,1.6623,63.408,59.028,0.9666,0,,,
asset_029,2026-04-13T00:00:00,0.8716,51.196,56.446,0.9686,0,,,
asset_030,2026-04-13T00:00:00,1.6135,65.039,55.66,1.115,0,,,
asset_031,2026-04-13T00:00:00,1.2585,60.94,43.305,0.9831,0,,,
asset_032,2026-04-13T00:00:00,1.5176,51.748,41.78,0.9787,0,,,
asset_033,2026-04-13T00:00:00,0.906,63.934,49.539,0.9376,0,,,
asset_034,2026-04-13T00:00:00,0.8879,66.873,43.258,1.0331,0,,,
asset_035,2026-04-13T00:00:00,1.798,56.572,46.014,1.0345,0,,,
asset_036,2026-04-13T00:00:00,1.7345,54.773,39.616,1.0177,0,,,
asset_037,2026-04-13T00:00:00,0.5495,53.41,39.134,1.0624,0,,,
asset_038,2026-04-13T00:00:00,1.1891,69.835,41.936,0.9048,0,,,
asset_039,2026-04-13T00:00:00,1.6079,67.828,49.476,0.9969,0,,,
asset_000,2026-04-13T06:00:00,0.8746,50.966,49.537,1.0391,0,,,
asset_001,2026-04-13T06:00:00,0.7662,60.106,49.815,1.0355,0,,,
asset_002,2026-04-13T06:00:00,1.8858,75.665,55.953,1.1162,1,,,
asset_003,2026-04-13T06:00:00,1.9414,63.411,55.91,0.9885,0,,,
asset_004,2026-04-13T06:00:00,1.1741,64.699,52.912,1.0483,0,,,
asset_005,2026-04-13T06:00:00,1.4723,56.098,52.133,1.0786,0,,,
asset_006,2026-04-13T06:00:00,1.247,49.404,53.518,0.9338,0,,,
asset_007,2026-04-13T06:00:00,0.9954,67.985,53.327,0.9515,0,,,
asset_008,2026-04-13T06:00:00,1.5493,72.955,37.94,0.9261,0,,,
asset_009,2026-04-13T06:00:00,1.2752,61.175,57.896,0.9496,0,,,
asset_010,2026-04-13T06:00:00,1.2288,71.44,51.99,1.0061,0,,,
asset_011,2026-04-13T06:00:00,1.1595,60.057,52.211,1.1231,1,,,
asset_012,2026-04-13T06:00:00,1.8277,60.289,42.92,0.8074,0,,,
asset_013,2026-04-13T06:00:00,1.4998,63.088,51.662,1.0125,1,,,
asset_014,2026-04-13T06:00:00,2.2688,62.869,45.843,1.1479,0,,,
asset_015,2026-04-13T06:00:00,1.1552,63.178,58.689,0.9781,0,,,
asset_016,2026-04-13T06:00:00,0.747,65.264,48.604,1.0782,0,,,
asset_017,2026-04-13T06:00:00,1.4898,60.856,52.587,1.0706,0,,,
asset_018,2026-04-13T06:00:00,1.1015,70.303,58.542,1.0962,0,,,
asset_019,2026-04-13T06:00:00,1.4175,59.271,52.936,0.9549,0,,,
asset_020,2026-04-13T06:00:00,1.7027,64.07,50.821,0.975,1,,,
asset_021,2026-04-13T06:00:00,1.6975,55.021,55.251,0.9909,0,,,
asset_022,2026-04-13T06:00:00,0.9388,60.438,54.639,1.1349,0,,,
asset_023,2026-04-13T06:00:00,1.2581,53.228,42.056,1.1088,0,,,
asset_024,2026-04-13T06:00:00,0.9614,70.929,50.291,0.9034,0,,,
asset_025,2026-04-13T06:00:00,1.763,54.668,42.725,1.0728,0,,,
asset_026,2026-04-13T06:00:00,1.6186,60.232,45.491,1.0557,0,,,
asset_027,2026-04-13T06:00:00,2.2661,66.901,47.494,0.977,0,,,
asset_028,2026-04-13T06:00:00,1.1731,62.924,50.332,1.053,0,,,
asset_029,2026-04-13T06:00:00,1.0143,48.514,49.388,1.0763,0,,,
asset_030,2026-04-13T06:00:00,1.1209,66.747,44.791,1.0216,0,,,
asset_031,2026-04-13T06:00:00,0.602,63.912,44.607,0.9674,0,,,
asset_032,2026-04-13T06:00:00,1.2282,55.1,49.504,0.9794,0,,,
asset_033,2026-04-13T06:00:00,0.9168,66.217,49.298,0.9531,0,,,
asset_034,2026-04-13T06:00:00,0.8681,66.509,51.684,0.9223,0,,,
asset_035,2026-04-13T06:00:00,1.3152,58.338,51.131,1.0586,0,,,
asset_036,2026-04-13T06:00:00,1.4074,54.789,60.427,1.0544,0,,,
asset_037,2026-04-13T06:00:00,0.9594,55.606,48.593,0.9683,0,,,
asset_038,2026-04-13T06:00:00,1.0444,70.355,57.516,1.0283,0,,,
asset_039,2026-04-13T06:00:00,1.9556,68.456,58.185,0.9279,0,,,
asset_000,2026-04-13T12:00:00,1.3748,49.774,51.137,0.9554,0,,,
asset_001,2026-04-13T12:00:00,1.0001,56.883,48.805,0.971,0,,,
asset_002,2026-04-13T12:00:00,2.4038,75.401,57.346,0.9451,0,,,
asset_003,2026-04-13T12:00:00,1.2507,66.133,48.027,0.9508,0,,,
asset_004,2026-04-13T12:00:00,1.6772,64.332,57.562,1.0708,0,,,
asset_005,2026-04-13T12:00:00,1.2455,58.301,53.19,1.0734,0,,,
asset_006,2026-04-13T12:00:00,0.8505,51.537,40.17,1.0205,0,,,
asset_007,2026-04-13T12:00:00,0.5361,67.215,55.697,1.0479,1,,,
asset_008,2026-04-13T12:00:00,1.1049,65.487,55.642,1.0642,0,,,
asset_009,2026-04-13T12:00:00,1.7001,64.719,41.969,0.9866,0,,,
asset_010,2026-04-13T12:00:00,0.9327,68.117,60.36,1.0938,0,,,
asset_011,2026-04-13T12:00:00,1.5256,66.688,43.978,1.0394,0,,,
asset_012,2026-04-13T12:00:00,1.1627,55.172,56.671,1.0955,1,,,
asset_013,2026-04-13T12:00:00,1.1611,60.693,41.216,1.062,0,,,
asset_014,2026-04-13T12:00:00,1.5123,62.0,53.433,0.9201,0,,,
asset_015,2026-04-13T12:00:00,2.0225,62.082,50.132,1.0742,0,,,
asset_016,2026-04-13T12:00:00,0.8683,74.93,55.478,0.9771,0,,,
asset_017,2026-04-13T12:00:00,1.4209,58.131,56.456,0.9889,0,,,
asset_018,2026-04-13T12:00:00,1.707,67.554,50.579,0.9607,0,,,
asset_019,2026-04-13T12:00:00,1.4005,55.533,45.494,0.8854,0,,,
asset_020,2026-04-13T12:00:00,1.4619,62.784,52.972,1.0469,0,,,
asset_021,2026-04-13T12:00:00,1.3858,58.83,49.738,0.9069,0,,,
asset_022,2026-04-13T12:00:00,1.1462,60.356,44.685,0.9812,0,,,
asset_023,2026-04-13T12:00:00,1.7703,54.584,40.063,0.9829,0,,,
asset_024,2026-04-13T12:00:00,1.0659,70.858,61.865,1.174,0,,,
asset_025,2026-04-13T12:00:00,1.6448,56.806,55.269,0.9699,0,,,
asset_026,2026-04-13T12:00:00,1.4723,60.366,42.464,0.9816,0,,,
asset_027,2026-04-13T12:00:00,1.719,68.546,48.047,0.8852,0,,,
asset_028,2026-04-13T12:00:00,1.3953,64.44,48.789,1.1074,0,,,
asset_029,2026-04-13T12:00:00,1.2198,52.822,59.31,1.1569,0,,,
asset_030,2026-04-13T12:00:00,1.3651,64.814,53.62,1.0087,0,,,
asset_031,2026-04-13T12:00:00,0.9366,63.689,45.998,1.1572,0,,,
asset_032,2026-04-13T12:00:00,1.1598,52.269,51.543,1.0101,1,,,
asset_033,2026-04-13T12:00:00,0.803,64.523,50.301,1.1039,0,,,
asset_034,2026-04-13T12:00:00,1.1618,68.919,46.89,0.9047,0,,,
asset_035,2026-04-13T12:00:00,1.3872,55.59,47.821,1.0614,0,,,
asset_036,2026-04-13T12:00:00,1.5095,55.867,51.856,0.9177,1,,,
asset_037,2026-04-13T12:00:00,0.8989,51.586,49.562,1.0604,0,,,
asset_038,2026-04-13T12:00:00,1.1099,69.46,52.879,0.961,0,,,
asset_039,2026-04-13T12:00:00,1.0468,65.717,61.01,1.0184,0,,,
asset_000,2026-04-13T18:00:00,1.6265,55.625,46.799,1.0434,0,,,
asset_001,2026-04-13T18:00:00,1.2162,57.141,44.194,0.8876,0,,,
asset_002,2026-04-13T18:00:00,2.0516,77.834,40.238,0.9696,0,,,
asset_003,2026-04-13T18:00:00,1.193,61.714,52.81,1.0382,0,,,
asset_004,2026-04-13T18:00:00,1.1334,64.37,54.13,1.017,0,,,
asset_005,2026-04-13T18:00:00,1.6577,62.786,44.921,1.1125,0,,,
asset_006,2026-04-13T18:00:00,1.1058,55.484,42.858,0.9049,0,,,
asset_007,2026-04-13T18:00:00,1.0132,67.926,61.708,1.0623,0,,,
asset_008,2026-04-13T18:00:00,0.807,68.87,54.439,1.0178,0,,,
asset_009,2026-04-13T18:00:00,1.2002,66.991,49.073,1.0294,0,,,
asset_010,2026-04-13T18:00:00,1.4596,68.954,50.714,0.9754,0,,,
asset_011,2026-04-13T18:00:00,0.9472,61.587,48.106,1.1469,0,,,
asset_012,2026-04-13T18:00:00,1.4478,54.534,51.119,0.9244,0,,,
asset_013,2026-04-13T18:00:00,1.2928,66.395,46.559,1.075,0,,,
asset_014,2026-04-13T18:00:00,2.1867,61.209,52.43,0.9795,0,,,
asset_015,2026-04-13T18:00:00,1.5005,62.211,42.371,1.0928,0,,,
asset_016,2026-04-13T18:00:00,0.8753,64.409,44.455,0.8806,0,,,
asset_017,2026-04-13T18:00:00,1.4682,60.833,46.562,0.9571,1,,,
asset_018,2026-04-13T18:00:00,1.3332,67.091,59.296,0.919,1,,,
asset_019,2026-04-13T18:00:00,0.7917,60.168,43.267,1.0146,0,,,
asset_020,2026-04-13T18:00:00,1.5096,66.435,43.78,1.1138,0,,,
asset_021,2026-04-13T18:00:00,1.2057,56.739,48.23,1.094,0,,,
asset_022,2026-04-13T18:00:00,0.9411,60.254,49.041,0.9197,0,,,
asset_023,2026-04-13T18:00:00,1.7439,50.411,58.319,0.9549,0,,,
asset_024,2026-04-13T18:00:00,0.9791,67.88,54.148,1.0057,0,,,
asset_025,2026-04-13T18:00:00,1.5212,54.758,53.538,1.0764,0,,,
asset_026,2026-04-13T18:00:00,1.7581,55.068,46.917,0.935,0,,,
asset_027,2026-04-13T18:00:00,2.2199,67.405,52.821,1.0384,0,,,
asset_028,2026-04-13T18:00:00,1.3291,65.098,46.623,1.0124,0,,,
asset_029,2026-04-13T18:00:00,1.3076,54.565,58.477,1.0798,0,,,
asset_030,2026-04-13T18:00:00,1.5188,69.593,43.413,0.8517,1,,,
asset_031,2026-04-13T18:00:00,1.1071,61.3,41.262,0.9422,0,,,
asset_032,2026-04-13T18:00:00,1.6621,51.558,47.154,0.9673,0,,,
asset_033,2026-04-13T18:00:00,0.5058,63.139,59.212,0.9098,0,,,
asset_034,2026-04-13T18:00:00,1.0706,67.34,57.632,0.9757,0,,,
asset_035,2026-04-13T18:00:00,1.3221,56.33,53.701,0.9759,0,,,
asset_036,2026-04-13T18:00:00,1.7198,56.78,46.982,1.1245,0,,,
asset_037,2026-04-13T18:00:00,0.7843,54.807,43.855,1.1179,0,,,
asset_038,2026-04-13T18:00:00,1.5164,68.566,47.832,0.9839,0,,,
asset_039,2026-04-13T18:00:00,1.3943,69.008,47.354,1.073,0,,,
asset_000,2026-04-14T00:00:00,1.3264,52.45,56.413,0.9994,0,,,
asset_001,2026-04-14T00:00:00,1.1736,58.299,40.068,1.0038,0,,,
asset_002,2026-04-14T00:00:00,2.2816,74.403,49.773,1.0383,0,,,
asset_003,2026-04-14T00:00:00,1.7928,63.113,41.559,0.9886,0,,,
asset_004,2026-04-14T00:00:00,1.2595,61.515,57.575,1.0462,0,,,
asset_005,2026-04-14T00:00:00,1.7893,57.903,54.377,0.9812,1,,,
asset_006,2026-04-14T00:00:00,0.9915,50.636,54.423,0.9732,0,,,
asset_007,2026-04-14T00:00:00,1.045,69.959,57.098,0.8723,0,,,
asset_008,2026-04-14T00:00:00,0.5719,66.45,46.512,1.0106,0,,,
asset_009,2026-04-14T00:00:00,1.5798,62.588,50.732,0.924,0,,,
asset_010,2026-04-14T00:00:00,1.2373,67.418,42.771,0.959,0,,,
asset_011,2026-04-14T00:00:00,1.1824,60.838,50.954,0.9366,0,,,
asset_012,2026-04-14T00:00:00,1.5222,59.495,50.146,0.8511,0,,,
asset_013,2026-04-14T00:00:00,1.1232,60.309,58.222,0.8899,0,,,
asset_014,2026-04-14T00:00:00,2.5311,61.581,40.736,0.8974,0,,,
asset_015,2026-04-14T00:00:00,1.6471,59.474,52.926,0.9109,0,,,
asset_016,2026-04-14T00:00:00,1.281,69.817,50.067,1.0605,0,,,
asset_017,2026-04-14T00:00:00,1.3065,57.074,55.004,1.0735,0,,,
asset_018,2026-04-14T00:00:00,1.2397,72.282,48.908,0.9616,0,,,
asset_019,2026-04-14T00:00:00,1.3925,60.534,52.86,1.0849,1,,,
asset_020,2026-04-14T00:00:00,1.8402,67.886,40.007,1.0888,0,,,
asset_021,2026-04-14T00:00:00,2.1091,54.818,40.411,1.0027,1,,,
asset_022,2026-04-14T00:00:00,0.827,61.548,53.515,1.0376,0,,,
asset_023,2026-04-14T00:00:00,1.479,53.194,49.405,0.9797,0,,,
asset_024,2026-04-14T00:00:00,0.7825,69.93,47.536,1.0538,0,,,
asset_025,2026-04-14T00:00:00,1.6971,58.356,58.574,1.0874,1,,,
asset_026,2026-04-14T00:00:00,1.8249,58.643,44.972,0.9898,0,,,
asset_027,2026-04-14T00:00:00,2.3459,67.517,43.424,0.9256,0,,,
asset_028,2026-04-14T00:00:00,1.5774,60.669,42.307,1.0045,0,,,
asset_029,2026-04-14T00:00:00,1.0887,51.938,57.513,0.9517,1,,,
asset_030,2026-04-14T00:00:00,1.5727,67.983,41.899,1.0744,0,,,
asset_031,2026-04-14T00:00:00,1.2752,64.928,55.338,1.0073,0,,,
asset_032,2026-04-14T00:00:00,1.185,54.596,43.156,0.8238,1,,,
asset_033,2026-04-14T00:00:00,0.7992,64.833,47.407,1.0808,0,,,
asset_034,2026-04-14T00:00:00,0.9018,70.397,58.886,0.9065,0,,,
asset_035,2026-04-14T00:00:00,1.0884,53.93,48.717,0.8901,0,,,
asset_036,2026-04-14T00:00:00,1.6784,57.057,44.133,1.1378,0,,,
asset_037,2026-04-14T00:00:00,1.159,51.613,48.552,0.8582,0,,,
asset_038,2026-04-14T00:00:00,0.8751,67.708,43.819,1.0123,0,,,
asset_039,2026-04-14T00:00:00,2.2007,70.053,50.883,1.1035,0,,,
asset_000,2026-04-14T06:00:00,1.1608,51.994,57.152,1.1389,0,,,
asset_001,2026-04-14T06:00:00,1.1312,54.21,40.742,1.1188,0,,,
asset_002,2026-04-14T06:00:00,2.9324,73.682,39.751,0.9371,1,,,
asset_003,2026-04-14T06:00:00,1.1776,61.36,49.897,0.9468,0,,,
asset_004,2026-04-14T06:00:00,0.9741,63.98,41.97,0.9965,0,,,
asset_005,2026-04-14T06:00:00,1.2825,59.725,58.478,1.0305,0,,,
asset_006,2026-04-14T06:00:00,0.9862,56.027,49.083,0.8995,0,,,
asset_007,2026-04-14T06:00:00,0.8165,67.929,53.418,0.9791,0,,,
asset_008,2026-04-14T06:00:00,0.8541,68.219,56.707,1.122,0,,,
asset_009,2026-04-14T06:00:00,1.4237,68.121,59.006,1.0745,0,,,
asset_010,2026-04-14T06:00:00,1.0865,67.471,51.991,1.0579,0,,,
asset_011,2026-04-14T06:00:00,0.9498,63.103,48.213,1.0881,0,,,
asset_012,2026-04-14T06:00:00,1.4272,55.152,55.894,0.9613,0,,,
asset_013,2026-04-14T06:00:00,1.0418,63.983,43.925,0.8335,0,,,
asset_014,2026-04-14T06:00:00,2.3895,61.702,40.609,1.0171,0,,,
asset_015,2026-04-14T06:00:00,1.3819,59.055,53.167,1.0817,0,,,
asset_016,2026-04-14T06:00:00,0.8028,66.83,43.686,0.9528,0,,,
asset_017,2026-04-14T06:00:00,1.4734,60.994,48.294,0.9124,0,,,
asset_018,2026-04-14T06:00:00,1.2542,66.001,55.404,0.9514,0,,,
asset_019,2026-04-14T06:00:00,1.6407,57.032,46.895,1.0387,1,,,
asset_020,2026-04-14T06:00:00,1.272,62.687,43.229,0.9806,0,,,
asset_021,2026-04-14T06:00:00,1.2441,55.297,51.63,0.9485,1,,,
asset_022,2026-04-14T06:00:00,0.7463,62.802,49.657,1.0601,0,,,
asset_023,2026-04-14T06:00:00,1.0464,49.94,43.323,0.9386,0,,,
asset_024,2026-04-14T06:00:00,0.9412,71.018,46.64,1.0566,0,,,
asset_025,2026-04-14T06:00:00,1.7332,57.41,49.194,0.9851,1,,,
asset_026,2026-04-14T06:00:00,1.7342,55.064,47.334,1.0603,0,,,
asset_027,2026-04-14T06:00:00,2.1327,69.444,42.845,0.9571,1,,,
asset_028,2026-04-14T06:00:00,1.1028,65.829,52.943,1.0331,0,,,
asset_029,2026-04-14T06:00:00,0.9973,50.347,46.362,1.0722,0,,,
asset_030,2026-04-14T06:00:00,1.5483,64.57,57.144,1.0264,0,,,
asset_031,2026-04-14T06:00:00,1.2107,64.62,42.633,0.9709,0,,,
asset_032,2026-04-14T06:00:00,1.3199,47.647,51.65,0.9215,0,,,
asset_033,2026-04-14T06:00:00,0.7136,61.228,50.375,1.0729,0,,,
asset_034,2026-04-14T06:00:00,0.9129,68.462,44.526,1.1176,0,,,
asset_035,2026-04-14T06:00:00,1.2232,55.74,60.63,0.8863,0,,,
asset_036,2026-04-14T06:00:00,1.5557,56.742,43.661,1.0448,1,,,
asset_037,2026-04-14T06:00:00,0.8655,56.189,42.656,0.9526,0,,,
asset_038,2026-04-14T06:00:00,1.1398,71.159,41.063,1.002,0,,,
asset_039,2026-04-14T06:00:00,2.2192,71.298,51.472,1.0499,0,,,
asset_000,2026-04-14T12:00:00,1.8947,48.652,48.871,0.8191,0,,,
asset_001,2026-04-14T12:00:00,0.9294,58.432,59.223,0.9721,0,,,
asset_002,2026-04-14T12:00:00,2.1609,75.607,44.208,1.154,0,,,
asset_003,2026-04-14T12:00:00,1.2188,64.188,56.611,1.004,0,,,
asset_004,2026-04-14T12:00:00,1.6176,62.917,43.975,1.0472,0,,,
asset_005,2026-04-14T12:00:00,1.8698,62.039,55.164,1.0937,0,,,
asset_006,2026-04-14T12:00:00,0.9574,53.588,50.591,0.9856,0,,,
asset_007,2026-04-14T12:00:00,0.774,70.346,57.506,0.9221,0,,,
asset_008,2026-04-14T12:00:00,0.5391,70.567,54.33,1.0046,0,,,
asset_009,2026-04-14T12:00:00,1.7813,68.983,50.962,1.1171,0,,,
asset_010,2026-04-14T12:00:00,1.2569,66.599,58.179,1.1462,0,,,
asset_011,2026-04-14T12:00:00,1.1057,61.465,56.3,1.0143,1,,,
asset_012,2026-04-14T12:00:00,1.4993,53.045,56.416,1.059,0,,,
asset_013,2026-04-14T12:00:00,1.7209,67.263,44.661,0.9389,0,,,
asset_014,2026-04-14T12:00:00,2.8956,59.911,46.941,0.9762,0,,,
asset_015,2026-04-14T12:00:00,1.8387,64.117,46.031,1.1151,0,,,
asset_016,2026-04-14T12:00:00,0.2102,69.925,42.625,1.0903,0,,,
asset_017,2026-04-14T12:00:00,0.8435,57.564,41.665,0.8733,0,,,
asset_018,2026-04-14T12:00:00,1.0721,73.526,54.269,0.9556,0,,,
asset_019,2026-04-14T12:00:00,1.3653,58.568,56.63,1.1396,0,,,
asset_020,2026-04-14T12:00:00,1.9601,64.084,46.564,0.9998,0,,,
asset_021,2026-04-14T12:00:00,1.3487,54.426,48.007,1.107,1,,,
asset_022,2026-04-14T12:00:00,0.5387,59.733,50.745,0.983,0,,,
asset_023,2026-04-14T12:00:00,1.4183,51.189,48.815,1.0304,0,,,
asset_024,2026-04-14T12:00:00,0.7812,69.75,47.971,0.9111,0,,,
asset_025,2026-04-14T12:00:00,1.879,57.283,51.576,1.0336,0,,,
asset_026,2026-04-14T12:00:00,2.022,64.936,48.863,0.8637,0,,,
asset_027,2026-04-14T12:00:00,2.1171,61.618,41.763,0.9629,1,,,
asset_028,2026-04-14T12:00:00,1.6072,67.885,52.588,1.0498,1,,,
asset_029,2026-04-14T12:00:00,0.85,51.75,46.032,0.9728,0,,,
asset_030,2026-04-14T12:00:00,1.5017,67.065,48.872,0.9905,0,,,
asset_031,2026-04-14T12:00:00,1.1468,65.273,38.382,1.1235,0,,,
asset_032,2026-04-14T12:00:00,1.4932,56.04,56.898,1.037,0,,,
asset_033,2026-04-14T12:00:00,0.4839,63.941,45.387,0.8694,0,,,
asset_034,2026-04-14T12:00:00,1.0607,69.087,45.668,1.1034,0,,,
asset_035,2026-04-14T12:00:00,1.8455,57.466,56.622,1.0338,0,,,
asset_036,2026-04-14T12:00:00,1.1688,56.589,52.897,1.0321,0,,,
asset_037,2026-04-14T12:00:00,1.2612,51.976,53.055,1.0676,0,,,
asset_038,2026-04-14T12:00:00,1.076,72.441,41.537,1.1507,0,,,
asset_039,2026-04-14T12:00:00,1.5455,69.275,48.698,1.1361,1,,,
asset_000,2026-04-14T18:00:00,1.2388,53.06,43.007,0.862,0,,,
asset_001,2026-04-14T18:00:00,1.4429,59.658,58.101,0.923,0,,,
asset_002,2026-04-14T18:00:00,2.4805,72.782,43.17,1.0207,0,,,
asset_003,2026-04-14T18:00:00,1.3747,63.084,55.217,1.0587,1,,,
asset_004,2026-04-14T18:00:00,1.7361,63.15,39.678,1.042,0,,,
asset_005,2026-04-14T18:00:00,1.479,56.673,50.882,0.8926,0,,,
asset_006,2026-04-14T18:00:00,1.2895,53.79,58.559,0.9624,0,,,
asset_007,2026-04-14T18:00:00,0.9022,68.952,56.191,1.0459,0,,,
asset_008,2026-04-14T18:00:00,0.7151,64.136,52.872,1.047,0,,,
asset_009,2026-04-14T18:00:00,1.2872,67.352,51.809,1.0526,0,,,
asset_010,2026-04-14T18:00:00,1.0595,67.533,55.0,1.0848,0,,,
asset_011,2026-04-14T18:00:00,1.0331,62.823,46.773,0.9799,0,,,
asset_012,2026-04-14T18:00:00,0.7952,56.944,43.701,1.0742,0,,,
asset_013,2026-04-14T18:00:00,0.9058,67.029,53.389,0.8704,0,,,
asset_014,2026-04-14T18:00:00,2.9025,64.566,53.03,0.8516,0,,,
asset_015,2026-04-14T18:00:00,1.5739,62.187,46.023,0.9771,0,,,
asset_016,2026-04-14T18:00:00,0.7208,66.167,41.004,0.9775,0,,,
asset_017,2026-04-14T18:00:00,1.3729,59.692,52.722,0.9564,0,,,
asset_018,2026-04-14T18:00:00,1.2293,71.261,44.499,0.9202,0,,,
asset_019,2026-04-14T18:00:00,1.5092,55.701,49.428,1.0985,0,,,
asset_020,2026-04-14T18:00:00,1.4108,64.28,44.643,0.9363,0,,,
asset_021,2026-04-14T18:00:00,1.5934,53.957,53.614,1.0451,0,,,
asset_022,2026-04-14T18:00:00,1.1463,61.307,48.701,0.9471,0,,,
asset_023,2026-04-14T18:00:00,1.7597,52.659,60.364,0.9967,0,,,
asset_024,2026-04-14T18:00:00,0.775,72.451,41.509,0.932,1,,,
asset_025,2026-04-14T18:00:00,2.1374,59.064,51.903,1.0438,0,,,
asset_026,2026-04-14T18:00:00,1.6018,65.209,46.939,0.8981,0,,,
asset_027,2026-04-14T18:00:00,1.9483,69.707,54.819,1.1174,0,,,
asset_028,2026-04-14T18:00:00,1.4436,66.304,50.875,0.9769,0,,,
asset_029,2026-04-14T18:00:00,1.3042,51.139,46.655,1.0687,0,,,
asset_030,2026-04-14T18:00:00,1.6253,68.777,40.194,1.0357,0,,,
asset_031,2026-04-14T18:00:00,0.8649,64.479,51.664,0.9841,0,,,
asset_032,2026-04-14T18:00:00,1.1207,51.396,43.947,0.9535,0,,,
asset_033,2026-04-14T18:00:00,0.9258,62.709,41.717,0.886,0,,,
asset_034,2026-04-14T18:00:00,0.884,68.442,40.447,0.8918,0,,,
asset_035,2026-04-14T18:00:00,1.2052,58.724,54.493,1.003,0,,,
asset_036,2026-04-14T18:00:00,1.2254,56.892,52.304,1.1403,0,,,
asset_037,2026-04-14T18:00:00,1.1761,51.987,57.902,1.0242,0,,,
asset_038,2026-04-14T18:00:00,0.8238,71.62,42.048,0.985,1,,,
asset_039,2026-04-14T18:00:00,2.5038,69.446,52.118,0.8977,0,,,
asset_000,2026-04-15T00:00:00,0.9818,51.403,55.966,0.8728,0,,,
asset_001,2026-04-15T00:00:00,0.7915,54.694,46.072,1.0097,0,,,
asset_002,2026-04-15T00:00:00,2.9045,77.032,51.243,0.9712,0,,,
asset_003,2026-04-15T00:00:00,1.3937,62.627,39.726,1.0462,0,,,
asset_004,2026-04-15T00:00:00,1.4862,64.982,57.364,0.9354,0,,,
asset_005,2026-04-15T00:00:00,1.2018,60.852,53.226,0.942,0,,,
asset_006,2026-04-15T00:00:00,0.9569,53.091,42.139,0.9889,0,,,
asset_007,2026-04-15T00:00:00,1.1036,70.18,57.374,1.0039,0,,,
asset_008,2026-04-15T00:00:00,1.0575,70.162,56.681,1.0606,0,,,
asset_009,2026-04-15T00:00:00,1.5194,66.609,42.245,1.1191,0,,,
asset_010,2026-04-15T00:00:00,0.9868,68.65,43.105,0.9431,0,,,
asset_011,2026-04-15T00:00:00,1.1058,59.404,40.361,1.0398,1,,,
asset_012,2026-04-15T00:00:00,1.586,59.503,46.67,0.9771,0,,,
asset_013,2026-04-15T00:00:00,1.01,63.092,44.656,1.0026,0,,,
asset_014,2026-04-15T00:00:00,2.7292,63.193,40.727,0.8737,0,,,
asset_015,2026-04-15T00:00:00,1.3795,59.411,57.155,1.0854,0,,,
asset_016,2026-04-15T00:00:00,0.7267,67.082,58.1,0.9629,0,,,
asset_017,2026-04-15T00:00:00,1.0805,59.797,49.487,1.0144,0,,,
asset_018,2026-04-15T00:00:00,1.268,67.968,56.194,1.0395,0,,,
asset_019,2026-04-15T00:00:00,1.6031,55.295,46.252,0.8678,1,,,
asset_020,2026-04-15T00:00:00,1.1076,64.844,58.732,1.0822,0,,,
asset_021,2026-04-15T00:00:00,1.5394,57.266,54.22,1.1016,0,,,
asset_022,2026-04-15T00:00:00,0.9432,61.39,57.225,1.1006,0,,,
asset_023,2026-04-15T00:00:00,1.5508,52.323,54.177,0.9938,0,,,
asset_024,2026-04-15T00:00:00,1.2267,68.697,51.061,0.9848,0,,,
asset_025,2026-04-15T00:00:00,1.969,60.901,45.567,0.9551,0,,,
asset_026,2026-04-15T00:00:00,1.8301,58.622,46.974,0.9942,0,,,
asset_027,2026-04-15T00:00:00,1.9815,70.801,47.749,1.0455,0,,,
asset_028,2026-04-15T00:00:00,1.7039,60.816,49.065,1.0887,1,,,
asset_029,2026-04-15T00:00:00,1.5917,51.969,41.252,0.966,0,,,
asset_030,2026-04-15T00:00:00,1.4144,67.049,54.836,1.0931,0,,,
asset_031,2026-04-15T00:00:00,1.2101,62.803,50.881,0.9468,0,,,
asset_032,2026-04-15T00:00:00,1.1437,52.775,48.323,1.0184,0,,,
asset_033,2026-04-15T00:00:00,0.7495,63.108,40.619,1.1077,0,,,
asset_034,2026-04-15T00:00:00,1.0396,67.487,55.67,1.0674,0,,,
asset_035,2026-04-15T00:00:00,1.2215,58.016,52.008,0.9068,0,,,
asset_036,2026-04-15T00:00:00,0.766,52.826,54.192,1.0918,0,,,
asset_037,2026-04-15T00:00:00,1.3243,54.118,57.251,0.918,0,,,
asset_038,2026-04-15T00:00:00,0.6607,71.994,56.96,1.0014,0,,,
asset_039,2026-04-15T00:00:00,2.2295,71.02,43.866,1.0107,0,,,
asset_000,2026-04-15T06:00:00,1.8124,56.132,58.381,0.9903,0,,,
asset_001,2026-04-15T06:00:00,1.1388,57.065,57.08,1.0225,0,,,
asset_002,2026-04-15T06:00:00,2.4834,73.67,57.909,0.991,0,,,
asset_003,2026-04-15T06:00:00,1.7341,61.446,56.04,1.1201,0,,,
asset_004,2026-04-15T06:00:00,1.1599,62.448,49.831,0.9961,0,,,
asset_005,2026-04-15T06:00:00,1.1325,59.499,60.214,0.8917,0,,,
asset_006,2026-04-15T06:00:00,1.1178,49.531,62.359,0.9648,0,,,
asset_007,2026-04-15T06:00:00,0.799,72.057,55.719,0.968,0,,,
asset_008,2026-04-15T06:00:00,1.204,72.715,59.612,1.0222,0,,,
asset_009,2026-04-15T06:00:00,0.9669,64.095,48.134,0.9406,0,,,
asset_010,2026-04-15T06:00:00,1.3248,64.844,56.072,0.989,0,,,
asset_011,2026-04-15T06:00:00,1.3582,62.114,46.467,1.0731,0,,,
asset_012,2026-04-15T06:00:00,1.423,56.366,52.626,0.993,0,,,
asset_013,2026-04-15T06:00:00,1.0257,66.473,46.229,0.9811,1,,,
asset_014,2026-04-15T06:00:00,2.8745,63.233,51.345,0.9186,0,,,
asset_015,2026-04-15T06:00:00,1.2692,63.087,51.907,0.9894,0,,,
asset_016,2026-04-15T06:00:00,1.0503,70.623,49.398,1.0626,0,,,
asset_017,2026-04-15T06:00:00,1.216,57.105,53.338,0.9914,0,,,
asset_018,2026-04-15T06:00:00,1.03,63.005,47.665,0.9883,0,,,
asset_019,2026-04-15T06:00:00,1.4609,57.705,44.793,0.8843,0,,,
asset_020,2026-04-15T06:00:00,1.1269,65.952,56.504,0.8895,0,,,
asset_021,2026-04-15T06:00:00,1.4579,55.811,47.058,0.9851,0,,,
asset_022,2026-04-15T06:00:00,0.4642,61.814,52.195,0.9079,0,,,
asset_023,2026-04-15T06:00:00,1.7034,52.634,39.284,0.9119,0,,,
asset_024,2026-04-15T06:00:00,0.6825,65.906,50.138,0.931,0,,,
asset_025,2026-04-15T06:00:00,2.4256,59.813,56.428,1.0427,0,,,
asset_026,2026-04-15T06:00:00,1.7038,64.877,54.927,1.0974,1,,,
asset_027,2026-04-15T06:00:00,2.3191,64.372,55.393,1.0595,0,,,
asset_028,2026-04-15T06:00:00,1.4454,63.331,46.015,1.033,0,,,
asset_029,2026-04-15T06:00:00,1.0061,54.237,37.79,0.9105,1,,,
asset_030,2026-04-15T06:00:00,0.9984,71.774,56.726,0.9466,0,,,
asset_031,2026-04-15T06:00:00,1.6216,66.68,55.87,1.1107,0,,,
asset_032,2026-04-15T06:00:00,1.1,52.814,54.728,1.0156,0,,,
asset_033,2026-04-15T06:00:00,0.8331,64.37,59.509,1.0064,0,,,
asset_034,2026-04-15T06:00:00,1.1252,65.695,52.579,0.949,1,,,
asset_035,2026-04-15T06:00:00,1.5562,60.278,51.308,0.9992,0,,,
asset_036,2026-04-15T06:00:00,1.3957,57.556,50.679,1.1136,0,,,
asset_037,2026-04-15T06:00:00,0.8149,53.825,44.455,0.8841,0,,,
asset_038,2026-04-15T06:00:00,0.9952,68.701,45.32,0.9265,0,,,
asset_039,2026-04-15T06:00:00,2.29,75.398,44.169,0.9291,0,,,
asset_000,2026-04-15T12:00:00,1.036,50.94,58.623,0.8637,0,,,
asset_001,2026-04-15T12:00:00,0.8145,55.614,40.15,0.9713,0,,,
asset_002,2026-04-15T12:00:00,2.485,72.177,45.471,1.0693,0,,,
asset_003,2026-04-15T12:00:00,1.5997,61.504,37.983,1.0123,0,,,
asset_004,2026-04-15T12:00:00,1.4468,61.303,56.835,0.9831,0,,,
asset_005,2026-04-15T12:00:00,1.3866,57.896,55.099,1.0418,0,,,
asset_006,2026-04-15T12:00:00,1.0857,51.037,57.991,1.0277,0,,,
asset_007,2026-04-15T12:00:00,0.8821,70.959,54.761,1.1331,0,,,
asset_008,2026-04-15T12:00:00,1.424,73.129,52.266,0.8667,0,,,
asset_009,2026-04-15T12:00:00,1.7156,66.19,52.244,1.1422,1,,,
asset_010,2026-04-15T12:00:00,0.8854,64.325,46.675,0.8513,0,,,
asset_011,2026-04-15T12:00:00,0.9192,61.155,51.637,1.1605,0,,,
asset_012,2026-04-15T12:00:00,1.9989,56.65,39.802,0.9703,0,,,
asset_013,2026-04-15T12:00:00,1.1276,64.171,41.454,1.0233,0,,,
asset_014,2026-04-15T12:00:00,3.3274,65.288,59.836,1.0612,0,,,
asset_015,2026-04-15T12:00:00,2.1562,58.811,47.202,1.1118,0,,,
asset_016,2026-04-15T12:00:00,0.4541,68.449,47.975,0.9451,0,,,
asset_017,2026-04-15T12:00:00,1.1776,59.242,39.533,1.1252,0,,,
asset_018,2026-04-15T12:00:00,1.0771,66.932,50.212,1.067,0,,,
asset_019,2026-04-15T12:00:00,1.5092,57.538,59.995,1.1334,0,,,
asset_020,2026-04-15T12:00:00,1.3906,65.121,43.551,1.0303,0,,,
asset_021,2026-04-15T12:00:00,1.5942,58.746,40.43,0.8175,0,,,
asset_022,2026-04-15T12:00:00,0.8273,59.84,58.023,1.0567,0,,,
asset_023,2026-04-15T12:00:00,1.4912,52.983,43.023,0.9792,0,,,
asset_024,2026-04-15T12:00:00,0.9646,68.14,47.727,1.0825,0,,,
asset_025,2026-04-15T12:00:00,2.4904,63.583,53.013,1.015,0,,,
asset_026,2026-04-15T12:00:00,1.4765,59.583,54.759,1.0436,0,,,
asset_027,2026-04-15T12:00:00,2.9057,69.091,54.146,0.9553,0,,,
asset_028,2026-04-15T12:00:00,1.0863,65.686,58.717,0.9178,0,,,
asset_029,2026-04-15T12:00:00,1.1686,52.156,46.123,0.9811,0,,,
asset_030,2026-04-15T12:00:00,1.356,69.344,57.417,1.0304,0,,,
asset_031,2026-04-15T12:00:00,1.5206,64.623,43.504,0.9975,0,,,
asset_032,2026-04-15T12:00:00,1.313,52.585,50.865,0.8307,0,,,
asset_033,2026-04-15T12:00:00,0.641,64.388,59.807,1.1281,0,,,
asset_034,2026-04-15T12:00:00,0.8306,70.405,43.836,0.8158,0,,,
asset_035,2026-04-15T12:00:00,1.8422,58.731,54.377,1.0124,0,,,
asset_036,2026-04-15T12:00:00,1.7586,56.273,43.267,0.9458,1,,,
asset_037,2026-04-15T12:00:00,1.4262,54.65,41.948,1.0143,0,,,
asset_038,2026-04-15T12:00:00,0.8768,65.892,49.559,0.9769,0,,,
asset_039,2026-04-15T12:00:00,2.4818,76.213,47.443,0.9796,0,,,
asset_000,2026-04-15T18:00:00,1.0889,50.747,47.187,1.0052,0,,,
asset_001,2026-04-15T18:00:00,0.8577,55.353,43.46,1.0464,0,,,
asset_002,2026-04-15T18:00:00,2.1797,76.895,57.711,1.0009,0,,,
asset_003,2026-04-15T18:00:00,1.344,65.412,58.119,1.0834,1,,,
asset_004,2026-04-15T18:00:00,1.2708,61.883,57.55,0.9149,0,,,
asset_005,2026-04-15T18:00:00,1.6841,59.313,40.605,1.029,0,,,
asset_006,2026-04-15T18:00:00,0.7184,49.09,52.932,0.9898,0,,,
asset_007,2026-04-15T18:00:00,0.9289,68.542,53.473,0.9309,0,,,
asset_008,2026-04-15T18:00:00,0.7911,70.893,51.055,1.1342,0,,,
asset_009,2026-04-15T18:00:00,1.3014,61.072,46.318,0.9019,0,,,
asset_010,2026-04-15T18:00:00,1.1095,71.081,50.342,0.9444,0,,,
asset_011,2026-04-15T18:00:00,1.5267,63.987,51.568,0.974,0,,,
asset_012,2026-04-15T18:00:00,1.8443,57.109,42.296,0.8555,0,,,
asset_013,2026-04-15T18:00:00,1.3064,66.031,62.25,0.9594,0,,,
asset_014,2026-04-15T18:00:00,2.886,62.455,54.206,1.0931,0,,,
asset_015,2026-04-15T18:00:00,1.5684,64.99,51.744,1.1298,0,,,
asset_016,2026-04-15T18:00:00,0.8832,70.038,51.61,0.9889,0,,,
asset_017,2026-04-15T18:00:00,1.2761,60.219,60.114,0.9952,0,,,
asset_018,2026-04-15T18:00:00,0.7964,71.916,42.381,1.0296,0,,,
asset_019,2026-04-15T18:00:00,1.3769,58.525,58.359,0.9618,0,,,
asset_020,2026-04-15T18:00:00,1.2785,67.061,57.849,0.973,1,,,
asset_021,2026-04-15T18:00:00,1.5695,49.496,49.09,0.9916,0,,,
asset_022,2026-04-15T18:00:00,0.5602,61.047,50.955,1.0085,0,,,
asset_023,2026-04-15T18:00:00,1.5746,52.991,51.848,1.1219,1,,,
asset_024,2026-04-15T18:00:00,1.0993,64.116,45.798,1.0426,0,,,
asset_025,2026-04-15T18:00:00,2.3049,61.649,45.336,1.1256,0,,,
asset_026,2026-04-15T18:00:00,1.1123,61.127,38.313,0.8908,0,,,
asset_027,2026-04-15T18:00:00,2.3281,70.163,54.573,0.9826,0,,,
asset_028,2026-04-15T18:00:00,1.0494,59.974,44.373,1.067,0,,,
asset_029,2026-04-15T18:00:00,1.0968,52.27,40.117,1.069,0,,,
asset_030,2026-04-15T18:00:00,1.6952,69.009,56.031,1.07,0,,,
asset_031,2026-04-15T18:00:00,1.6275,65.336,40.548,1.123,0,,,
asset_032,2026-04-15T18:00:00,0.8772,51.503,48.114,0.978,0,,,
asset_033,2026-04-15T18:00:00,0.9808,64.587,49.238,0.9327,0,,,
asset_034,2026-04-15T18:00:00,0.6083,66.06,58.571,0.933,0,,,
asset_035,2026-04-15T18:00:00,2.0121,65.485,54.342,0.9345,0,,,
asset_036,2026-04-15T18:00:00,1.5131,54.508,48.789,0.9959,0,,,
asset_037,2026-04-15T18:00:00,1.1855,51.864,45.068,0.9468,0,,,
asset_038,2026-04-15T18:00:00,1.2492,74.265,51.392,1.1235,0,,,
asset_039,2026-04-15T18:00:00,2.3423,74.372,42.306,1.0399,0,,,
asset_000,2026-04-16T00:00:00,1.5806,52.851,53.183,1.0829,0,,,
asset_001,2026-04-16T00:00:00,1.2073,55.957,58.067,1.1083,0,,,
asset_002,2026-04-16T00:00:00,2.4593,77.102,41.13,1.0473,0,,,
asset_003,2026-04-16T00:00:00,1.5583,63.569,50.828,1.1118,0,,,
asset_004,2026-04-16T00:00:00,1.287,62.965,56.796,1.0432,0,,,
asset_005,2026-04-16T00:00:00,1.5466,57.915,47.761,0.9752,0,,,
asset_006,2026-04-16T00:00:00,1.2326,55.881,49.388,0.9927,0,,,
asset_007,2026-04-16T00:00:00,1.0814,68.043,42.722,0.9235,0,,,
asset_008,2026-04-16T00:00:00,1.4114,69.937,47.149,1.0982,0,,,
asset_009,2026-04-16T00:00:00,0.9088,66.545,52.491,1.1692,0,,,
asset_010,2026-04-16T00:00:00,0.8766,69.041,49.441,0.95,0,,,
asset_011,2026-04-16T00:00:00,1.5552,63.948,50.754,1.039,0,,,
asset_012,2026-04-16T00:00:00,1.5572,57.212,51.676,0.9585,1,,,
asset_013,2026-04-16T00:00:00,1.3979,61.707,48.846,1.002,0,,,
asset_014,2026-04-16T00:00:00,3.126,62.906,51.09,0.9556,0,,,
asset_015,2026-04-16T00:00:00,1.3593,67.378,57.379,0.9872,0,,,
asset_016,2026-04-16T00:00:00,0.6699,69.366,43.842,1.0239,0,,,
asset_017,2026-04-16T00:00:00,2.0183,56.564,44.937,1.0971,0,,,
asset_018,2026-04-16T00:00:00,1.4275,67.712,49.765,1.0447,0,,,
asset_019,2026-04-16T00:00:00,1.376,56.242,44.741,1.0754,0,,,
asset_020,2026-04-16T00:00:00,1.79,67.483,42.039,0.9502,0,,,
asset_021,2026-04-16T00:00:00,1.9208,54.932,49.531,1.0519,1,,,
asset_022,2026-04-16T00:00:00,0.596,60.387,54.755,1.0871,0,,,
asset_023,2026-04-16T00:00:00,1.5721,49.042,41.141,1.0628,1,,,
asset_024,2026-04-16T00:00:00,1.0831,64.457,58.466,1.0841,0,,,
asset_025,2026-04-16T00:00:00,2.7945,63.94,57.451,1.0407,0,,,
asset_026,2026-04-16T00:00:00,1.685,58.788,60.578,1.0132,0,,,
asset_027,2026-04-16T00:00:00,2.3208,74.354,44.869,1.1221,0,,,
asset_028,2026-04-16T00:00:00,1.5044,69.029,51.547,1.0963,0,,,
asset_029,2026-04-16T00:00:00,1.4994,52.461,55.851,1.0294,0,,,
asset_030,2026-04-16T00:00:00,1.9308,66.762,44.271,1.0157,0,,,
asset_031,2026-04-16T00:00:00,1.5125,67.652,53.449,1.0908,0,,,
asset_032,2026-04-16T00:00:00,1.4157,52.88,53.582,0.9578,0,,,
asset_033,2026-04-16T00:00:00,0.8315,67.872,43.628,1.0628,1,,,
asset_034,2026-04-16T00:00:00,0.9416,68.2,42.585,0.9328,0,,,
asset_035,2026-04-16T00:00:00,2.3628,63.126,40.559,1.0243,0,,,
asset_036,2026-04-16T00:00:00,0.7645,57.124,42.077,1.074,0,,,
asset_037,2026-04-16T00:00:00,0.9624,53.623,57.28,1.1611,1,,,
asset_038,2026-04-16T00:00:00,0.8452,71.676,42.46,0.9772,0,,,
asset_039,2026-04-16T00:00:00,2.6561,73.965,47.519,1.0264,0,,,
asset_000,2026-04-16T06:00:00,1.3049,55.442,41.942,1.0168,0,,,
asset_001,2026-04-16T06:00:00,0.8997,58.69,57.893,0.8424,0,,,
asset_002,2026-04-16T06:00:00,3.0181,74.262,50.867,1.0366,0,,,
asset_003,2026-04-16T06:00:00,1.3371,64.226,54.154,1.073,0,,,
asset_004,2026-04-16T06:00:00,1.4221,61.857,45.07,0.9602,0,,,
asset_005,2026-04-16T06:00:00,1.3401,53.864,45.178,1.0473,0,,,
asset_006,2026-04-16T06:00:00,1.4318,54.033,53.258,0.9436,0,,,
asset_007,2026-04-16T06:00:00,1.205,73.661,48.704,1.106,0,,,
asset_008,2026-04-16T06:00:00,1.5862,72.077,53.361,0.9044,0,,,
asset_009,2026-04-16T06:00:00,1.8436,62.674,53.235,0.9403,0,,,
asset_010,2026-04-16T06:00:00,1.1612,62.319,44.48,1.0181,0,,,
asset_011,2026-04-16T06:00:00,1.5722,62.201,45.98,0.9294,0,,,
asset_012,2026-04-16T06:00:00,1.9365,57.44,57.227,0.9986,1,,,
asset_013,2026-04-16T06:00:00,1.0857,62.114,45.691,0.9987,0,,,
asset_014,2026-04-16T06:00:00,2.2731,68.126,57.133,0.8911,0,,,
asset_015,2026-04-16T06:00:00,1.3453,64.331,59.006,0.9292,0,,,
asset_016,2026-04-16T06:00:00,1.1148,71.914,51.109,1.1083,0,,,
asset_017,2026-04-16T06:00:00,1.274,57.387,46.382,0.9254,0,,,
asset_018,2026-04-16T06:00:00,1.2967,62.802,47.474,1.0529,0,,,
asset_019,2026-04-16T06:00:00,1.5124,56.614,46.338,1.1123,0,,,
asset_020,2026-04-16T06:00:00,1.2956,68.485,46.473,1.0566,0,,,
asset_021,2026-04-16T06:00:00,1.2599,54.919,54.747,0.952,0,,,
asset_022,2026-04-16T06:00:00,0.6809,60.457,53.794,0.877,0,,,
asset_023,2026-04-16T06:00:00,1.6172,50.193,41.331,1.0314,0,,,
asset_024,2026-04-16T06:00:00,0.9284,65.505,48.929,1.0456,0,,,
asset_025,2026-04-16T06:00:00,2.3475,68.175,50.03,0.9465,0,,,
asset_026,2026-04-16T06:00:00,1.4853,56.529,58.655,1.0283,0,,,
asset_027,2026-04-16T06:00:00,2.0257,71.815,46.532,1.1107,0,,,
asset_028,2026-04-16T06:00:00,1.6643,62.33,50.344,1.0669,0,,,
asset_029,2026-04-16T06:00:00,0.6998,49.958,52.734,1.0024,0,,,
asset_030,2026-04-16T06:00:00,1.8863,69.818,59.789,0.9033,0,,,
asset_031,2026-04-16T06:00:00,1.6836,66.39,45.091,0.9747,0,,,
asset_032,2026-04-16T06:00:00,1.8345,54.473,45.709,0.9647,0,,,
asset_033,2026-04-16T06:00:00,1.3752,65.371,39.278,0.9404,0,,,
asset_034,2026-04-16T06:00:00,1.1749,68.268,51.11,1.0968,0,,,
asset_035,2026-04-16T06:00:00,2.459,63.47,43.985,1.0938,0,,,
asset_036,2026-04-16T06:00:00,1.2388,57.18,42.547,0.9471,0,,,
asset_037,2026-04-16T06:00:00,1.1252,54.747,40.301,1.0421,0,,,
asset_038,2026-04-16T06:00:00,0.8001,71.566,57.13,1.0745,0,,,
asset_039,2026-04-16T06:00:00,2.6306,74.18,47.239,1.0225,0,,,
asset_000,2026-04-16T12:00:00,1.0977,51.023,51.602,0.9569,0,,,
asset_001,2026-04-16T12:00:00,1.2252,56.309,40.277,0.8694,0,,,
asset_002,2026-04-16T12:00:00,2.453,74.873,53.515,1.0648,0,,,
asset_003,2026-04-16T12:00:00,1.2216,67.282,40.637,1.1217,0,,,
asset_004,2026-04-16T12:00:00,1.3115,62.752,41.135,1.0869,0,,,
asset_005,2026-04-16T12:00:00,1.5333,61.511,54.108,0.9818,0,,,
asset_006,2026-04-16T12:00:00,1.1159,52.244,46.344,0.8869,0,,,
asset_007,2026-04-16T12:00:00,0.7016,65.784,54.494,1.0709,0,,,
asset_008,2026-04-16T12:00:00,1.7489,74.849,46.802,1.0125,0,,,
asset_009,2026-04-16T12:00:00,1.6206,66.462,45.251,1.0108,0,,,
asset_010,2026-04-16T12:00:00,1.5701,69.079,46.591,0.9443,1,,,
asset_011,2026-04-16T12:00:00,1.469,55.278,44.35,0.944,0,,,
asset_012,2026-04-16T12:00:00,1.3072,53.353,50.259,0.983,0,,,
asset_013,2026-04-16T12:00:00,1.5555,64.817,51.553,0.9318,0,,,
asset_014,2026-04-16T12:00:00,2.6946,64.673,45.361,0.8782,0,,,
asset_015,2026-04-16T12:00:00,1.6751,64.083,51.364,1.0603,0,,,
asset_016,2026-04-16T12:00:00,1.1195,65.872,45.723,0.9531,0,,,
asset_017,2026-04-16T12:00:00,1.5167,60.145,61.157,0.9502,0,,,
asset_018,2026-04-16T12:00:00,1.034,70.626,39.63,1.138,1,,,
asset_019,2026-04-16T12:00:00,1.056,58.78,59.554,1.0142,0,,,
asset_020,2026-04-16T12:00:00,1.3041,68.817,52.288,1.069,1,,,
asset_021,2026-04-16T12:00:00,1.5587,58.568,53.989,1.0678,0,,,
asset_022,2026-04-16T12:00:00,1.2333,60.767,40.059,0.9557,0,,,
asset_023,2026-04-16T12:00:00,1.2911,50.226,57.131,1.0553,0,,,
asset_024,2026-04-16T12:00:00,1.1129,70.774,48.558,1.0778,0,,,
asset_025,2026-04-16T12:00:00,2.4201,64.899,41.791,1.0048,0,,,
asset_026,2026-04-16T12:00:00,1.5725,62.11,58.251,1.0232,0,,,
asset_027,2026-04-16T12:00:00,2.7561,71.026,52.267,1.0092,0,,,
asset_028,2026-04-16T12:00:00,1.8717,62.511,44.665,1.0256,0,,,
asset_029,2026-04-16T12:00:00,1.5488,50.986,51.209,1.0634,0,,,
asset_030,2026-04-16T12:00:00,1.5241,68.164,52.276,0.9014,0,,,
asset_031,2026-04-16T12:00:00,1.4568,64.769,42.603,0.9873,0,,,
asset_032,2026-04-16T12:00:00,1.7698,50.939,46.415,1.0208,0,,,
asset_033,2026-04-16T12:00:00,0.7154,62.339,41.967,1.0571,0,,,
asset_034,2026-04-16T12:00:00,0.965,65.669,54.252,1.0242,0,,,
asset_035,2026-04-16T12:00:00,2.4913,64.712,43.608,0.9465,0,,,
asset_036,2026-04-16T12:00:00,1.4124,56.076,56.782,0.8835,0,,,
asset_037,2026-04-16T12:00:00,0.8567,54.761,52.474,0.8663,1,,,
asset_038,2026-04-16T12:00:00,1.1465,71.798,57.875,1.0192,0,,,
asset_039,2026-04-16T12:00:00,2.757,73.591,52.128,1.0363,0,,,
asset_000,2026-04-16T18:00:00,1.3185,47.824,48.221,0.9446,0,,,
asset_001,2026-04-16T18:00:00,1.3588,57.325,54.663,0.9848,1,,,
asset_002,2026-04-16T18:00:00,2.5248,76.864,50.421,0.9994,0,,,
asset_003,2026-04-16T18:00:00,1.252,63.15,50.216,0.9093,0,,,
asset_004,2026-04-16T18:00:00,1.2356,63.656,44.978,0.9949,0,,,
asset_005,2026-04-16T18:00:00,1.3086,60.086,48.344,0.8772,0,,,
asset_006,2026-04-16T18:00:00,1.0849,57.224,58.369,1.032,0,,,
asset_007,2026-04-16T18:00:00,0.7863,66.642,45.797,0.9148,0,,,
asset_008,2026-04-16T18:00:00,1.6374,72.144,52.027,0.8702,0,,,
asset_009,2026-04-16T18:00:00,1.7269,69.055,40.12,1.1441,0,,,
asset_010,2026-04-16T18:00:00,1.2167,69.19,54.721,1.1759,0,,,
asset_011,2026-04-16T18:00:00,1.158,63.331,39.715,0.9448,0,,,
asset_012,2026-04-16T18:00:00,1.0473,56.957,48.109,0.8408,0,,,
asset_013,2026-04-16T18:00:00,0.8595,64.092,53.885,1.1095,0,,,
asset_014,2026-04-16T18:00:00,2.2366,64.529,50.803,1.1418,0,,,
asset_015,2026-04-16T18:00:00,1.2663,59.765,42.036,0.9941,0,,,
asset_016,2026-04-16T18:00:00,1.0357,70.615,42.056,1.0543,0,,,
asset_017,2026-04-16T18:00:00,1.3264,58.586,45.751,0.9428,0,,,
asset_018,2026-04-16T18:00:00,1.0352,64.354,43.241,0.9222,0,,,
asset_019,2026-04-16T18:00:00,1.1132,58.989,45.027,1.037,0,,,
asset_020,2026-04-16T18:00:00,1.7456,68.766,53.383,1.1346,0,,,
asset_021,2026-04-16T18:00:00,1.4172,53.169,46.894,0.9263,0,,,
asset_022,2026-04-16T18:00:00,0.7457,61.057,55.403,1.0788,1,,,
asset_023,2026-04-16T18:00:00,1.2037,54.108,57.532,1.0639,1,,,
asset_024,2026-04-16T18:00:00,1.2874,67.583,49.9,1.0602,0,,,
asset_025,2026-04-16T18:00:00,2.5627,62.752,59.19,0.9996,0,,,
asset_026,2026-04-16T18:00:00,1.9187,59.031,49.658,1.1119,0,,,
asset_027,2026-04-16T18:00:00,2.1401,70.268,49.907,0.9621,0,,,
asset_028,2026-04-16T18:00:00,1.1723,62.712,52.175,0.957,0,,,
asset_029,2026-04-16T18:00:00,0.7213,52.402,44.105,0.8996,0,,,
asset_030,2026-04-16T18:00:00,2.1305,68.052,41.132,1.0668,0,,,
asset_031,2026-04-16T18:00:00,1.2404,64.686,41.552,1.141,0,,,
asset_032,2026-04-16T18:00:00,1.7015,58.186,55.152,1.0506,0,,,
asset_033,2026-04-16T18:00:00,1.021,64.924,55.197,0.9347,0,,,
asset_034,2026-04-16T18:00:00,0.5393,68.929,56.848,1.0652,1,,,
asset_035,2026-04-16T18:00:00,2.6136,62.711,52.761,0.8849,1,,,
asset_036,2026-04-16T18:00:00,1.2363,57.004,55.874,1.0342,0,,,
asset_037,2026-04-16T18:00:00,0.7493,52.714,46.25,0.9481,0,,,
asset_038,2026-04-16T18:00:00,0.6276,67.814,59.448,1.1,0,,,
asset_039,2026-04-16T18:00:00,3.0129,72.642,45.999,0.9205,0,,,
asset_000,2026-04-17T00:00:00,1.6732,57.704,47.509,1.0118,1,,,
asset_001,2026-04-17T00:00:00,1.1355,61.57,52.526,1.0803,0,,,
asset_002,2026-04-17T00:00:00,2.435,72.551,44.664,1.0,0,,,
asset_003,2026-04-17T00:00:00,1.4568,62.016,38.089,0.9123,0,,,
asset_004,2026-04-17T00:00:00,1.2668,61.2,39.77,1.1081,0,,,
asset_005,2026-04-17T00:00:00,1.5136,61.223,52.883,0.9339,0,,,
asset_006,2026-04-17T00:00:00,1.1027,52.976,55.344,0.9881,0,,,
asset_007,2026-04-17T00:00:00,0.7217,65.256,47.543,1.0173,0,,,
asset_008,2026-04-17T00:00:00,2.0203,72.364,44.258,1.0303,0,,,
asset_009,2026-04-17T00:00:00,1.499,65.462,46.685,0.9004,0,,,
asset_010,2026-04-17T00:00:00,1.2316,65.989,44.272,1.071,0,,,
asset_011,2026-04-17T00:00:00,1.0247,64.052,58.608,1.1314,0,,,
asset_012,2026-04-17T00:00:00,1.6109,54.625,48.938,0.9722,0,,,
asset_013,2026-04-17T00:00:00,1.453,65.375,39.53,0.8948,0,,,
asset_014,2026-04-17T00:00:00,2.7442,59.361,50.823,0.9601,0,,,
asset_015,2026-04-17T00:00:00,2.3612,64.403,47.504,1.0447,0,,,
asset_016,2026-04-17T00:00:00,0.8146,65.602,44.592,0.8771,0,,,
asset_017,2026-04-17T00:00:00,1.2973,57.969,57.331,1.1331,0,,,
asset_018,2026-04-17T00:00:00,1.0098,70.703,46.114,1.0914,0,,,
asset_019,2026-04-17T00:00:00,1.3539,57.426,48.602,1.069,0,,,
asset_020,2026-04-17T00:00:00,1.758,65.814,43.021,1.0463,0,,,
asset_021,2026-04-17T00:00:00,1.4217,53.55,50.672,0.9856,0,,,
asset_022,2026-04-17T00:00:00,1.1691,60.45,59.624,1.0787,0,,,
asset_023,2026-04-17T00:00:00,1.3666,56.592,52.533,0.9979,1,,,
asset_024,2026-04-17T00:00:00,0.9563,70.955,54.625,1.0301,0,,,
asset_025,2026-04-17T00:00:00,3.2869,65.983,57.802,1.0675,0,,,
asset_026,2026-04-17T00:00:00,1.5961,59.606,59.594,1.025,0,,,
asset_027,2026-04-17T00:00:00,2.7496,69.482,52.524,0.8588,0,,,
asset_028,2026-04-17T00:00:00,1.5091,64.241,44.627,1.0617,0,,,
asset_029,2026-04-17T00:00:00,1.0313,53.988,56.783,0.9133,0,,,
asset_030,2026-04-17T00:00:00,2.2668,65.82,41.386,1.0419,0,,,
asset_031,2026-04-17T00:00:00,1.6642,66.651,44.27,1.0207,0,,,
asset_032,2026-04-17T00:00:00,2.1383,57.418,51.895,1.0075,0,,,
asset_033,2026-04-17T00:00:00,1.4304,68.84,44.273,0.8513,0,,,
asset_034,2026-04-17T00:00:00,1.0727,70.27,56.495,0.9751,0,,,
asset_035,2026-04-17T00:00:00,2.7264,70.76,41.991,1.05,0,,,
asset_036,2026-04-17T00:00:00,1.5176,57.922,54.286,0.9278,0,,,
asset_037,2026-04-17T00:00:00,0.7338,54.321,42.443,0.8439,0,,,
asset_038,2026-04-17T00:00:00,0.8977,69.237,56.656,0.9049,0,,,
asset_039,2026-04-17T00:00:00,3.1301,79.009,58.462,0.9607,0,,,
asset_000,2026-04-17T06:00:00,1.8989,54.137,46.546,0.9084,0,,,
asset_001,2026-04-17T06:00:00,1.2635,61.848,42.897,1.0872,0,,,
asset_002,2026-04-17T06:00:00,2.5705,77.392,53.222,0.9797,0,,,
asset_003,2026-04-17T06:00:00,1.1549,62.959,42.7,1.0317,0,,,
asset_004,2026-04-17T06:00:00,1.5432,62.984,61.986,0.9768,0,,,
asset_005,2026-04-17T06:00:00,1.8765,57.667,52.685,0.8564,0,,,
asset_006,2026-04-17T06:00:00,0.9066,53.458,38.957,1.0088,0,,,
asset_007,2026-04-17T06:00:00,1.0103,68.009,51.533,0.9576,0,,,
asset_008,2026-04-17T06:00:00,1.8294,75.814,42.787,0.9233,0,,,
asset_009,2026-04-17T06:00:00,1.3001,65.309,51.908,0.9228,0,,,
asset_010,2026-04-17T06:00:00,1.1305,68.653,44.104,1.0266,0,,,
asset_011,2026-04-17T06:00:00,1.3402,58.938,52.596,0.9995,0,,,
asset_012,2026-04-17T06:00:00,1.6004,61.513,45.08,0.9537,0,,,
asset_013,2026-04-17T06:00:00,1.4357,65.854,43.587,0.9579,0,,,
asset_014,2026-04-17T06:00:00,2.8672,65.52,38.72,0.8663,0,,,
asset_015,2026-04-17T06:00:00,2.0495,64.584,55.688,0.9193,0,,,
asset_016,2026-04-17T06:00:00,1.1802,69.794,39.791,1.0531,0,,,
asset_017,2026-04-17T06:00:00,1.7207,60.357,52.115,0.94,0,,,
asset_018,2026-04-17T06:00:00,1.0276,66.665,47.839,1.1039,0,,,
asset_019,2026-04-17T06:00:00,1.5997,59.31,50.985,1.0306,0,,,
asset_020,2026-04-17T06:00:00,1.5664,65.232,40.506,0.9839,0,,,
asset_021,2026-04-17T06:00:00,1.5766,56.589,40.924,1.0068,0,,,
asset_022,2026-04-17T06:00:00,0.9449,62.277,50.927,1.0696,0,,,
asset_023,2026-04-17T06:00:00,1.3882,53.09,58.37,1.0339,0,,,
asset_024,2026-04-17T06:00:00,1.1126,70.168,49.22,0.965,0,,,
asset_025,2026-04-17T06:00:00,3.1139,64.091,45.852,1.0813,0,,,
asset_026,2026-04-17T06:00:00,1.5798,62.923,54.301,0.9572,0,,,
asset_027,2026-04-17T06:00:00,2.3327,70.392,44.077,0.882,0,,,
asset_028,2026-04-17T06:00:00,1.2054,63.714,57.496,0.898,0,,,
asset_029,2026-04-17T06:00:00,0.7891,50.866,47.691,1.1049,0,,,
asset_030,2026-04-17T06:00:00,1.8828,67.445,47.825,1.0626,1,,,
asset_031,2026-04-17T06:00:00,1.1511,67.001,58.37,1.0477,0,,,
asset_032,2026-04-17T06:00:00,2.1293,54.859,47.193,0.878,0,,,
asset_033,2026-04-17T06:00:00,1.2997,67.303,53.365,0.9496,0,,,
asset_034,2026-04-17T06:00:00,0.8787,65.95,48.028,1.009,0,,,
asset_035,2026-04-17T06:00:00,2.4194,62.312,44.384,1.0284,0,,,
asset_036,2026-04-17T06:00:00,0.9692,57.93,61.787,0.9734,0,,,
asset_037,2026-04-17T06:00:00,0.8955,55.362,53.023,1.0511,0,,,
asset_038,2026-04-17T06:00:00,0.9807,68.867,52.646,0.9964,0,,,
asset_039,2026-04-17T06:00:00,2.8654,77.275,56.204,1.0238,0,,,
asset_039,2026-04-17T06:00:00,,,,,,failure,2026-04-17T06:00:00,2026-04-17T10:00:00
asset_000,2026-04-17T12:00:00,2.1252,58.172,47.71,0.9731,0,,,
asset_001,2026-04-17T12:00:00,1.3123,58.064,59.429,1.0107,0,,,
asset_002,2026-04-17T12:00:00,2.5896,74.976,46.294,1.0081,0,,,
asset_003,2026-04-17T12:00:00,1.511,66.303,49.199,0.9571,0,,,
asset_004,2026-04-17T12:00:00,1.4167,64.326,43.076,1.0685,0,,,
asset_005,2026-04-17T12:00:00,1.8015,61.514,47.188,0.995,0,,,
asset_006,2026-04-17T12:00:00,1.0206,58.715,46.754,0.9901,0,,,
asset_007,2026-04-17T12:00:00,0.8452,68.961,42.492,1.1084,0,,,
asset_008,2026-04-17T12:00:00,2.2617,76.474,42.578,0.887,0,,,
asset_009,2026-04-17T12:00:00,1.3814,65.24,43.286,0.8985,0,,,
asset_010,2026-04-17T12:00:00,1.2009,71.521,55.018,1.1225,0,,,
asset_011,2026-04-17T12:00:00,1.1358,62.946,56.97,0.9323,0,,,
asset_012,2026-04-17T12:00:00,1.7308,58.045,43.722,0.8899,0,,,
asset_013,2026-04-17T12:00:00,1.1996,64.909,43.507,1.064,0,,,
asset_014,2026-04-17T12:00:00,2.6145,67.823,56.362,0.9973,0,,,
asset_015,2026-04-17T12:00:00,1.8054,64.282,58.142,0.9395,0,,,
asset_016,2026-04-17T12:00:00,0.6663,66.06,43.354,0.9799,0,,,
asset_017,2026-04-17T12:00:00,1.8732,59.541,49.227,1.1062,0,,,
asset_018,2026-04-17T12:00:00,1.2441,73.486,53.01,1.0145,0,,,
asset_019,2026-04-17T12:00:00,1.7199,58.09,45.123,1.0549,0,,,
asset_020,2026-04-17T12:00:00,2.0236,70.581,46.981,0.9022,0,,,
asset_021,2026-04-17T12:00:00,1.5819,55.189,58.515,1.023,0,,,
asset_022,2026-04-17T12:00:00,0.4281,61.289,57.737,1.0457,0,,,
asset_023,2026-04-17T12:00:00,1.7339,51.942,47.97,0.9563,1,,,
asset_024,2026-04-17T12:00:00,0.8055,62.207,37.975,1.0266,0,,,
asset_025,2026-04-17T12:00:00,3.1247,68.165,47.318,0.8867,0,,,
asset_026,2026-04-17T12:00:00,1.7089,59.188,50.042,1.1062,0,,,
asset_027,2026-04-17T12:00:00,2.301,69.658,46.232,0.8945,0,,,
asset_028,2026-04-17T12:00:00,1.6233,61.869,44.193,1.0569,0,,,
asset_029,2026-04-17T12:00:00,0.4844,52.61,52.529,1.092,0,,,
asset_030,2026-04-17T12:00:00,1.5077,70.406,50.504,0.9562,0,,,
asset_031,2026-04-17T12:00:00,1.6621,66.457,50.455,0.8693,0,,,
asset_032,2026-04-17T12:00:00,2.0405,56.083,42.969,1.0263,0,,,
asset_033,2026-04-17T12:00:00,1.4424,65.753,56.601,1.0226,0,,,
asset_034,2026-04-17T12:00:00,1.2749,66.04,40.367,1.1685,1,,,
asset_035,2026-04-17T12:00:00,2.0794,68.619,59.641,1.0151,0,,,
asset_036,2026-04-17T12:00:00,1.1852,54.424,57.393,1.0283,0,,,
asset_037,2026-04-17T12:00:00,1.0414,54.684,54.378,0.938,0,,,
asset_038,2026-04-17T12:00:00,1.1247,71.907,45.057,0.904,0,,,
asset_039,2026-04-17T12:00:00,3.4304,82.436,42.971,1.0017,0,,,
asset_000,2026-04-17T18:00:00,1.7209,55.254,43.526,0.9811,1,,,
asset_001,2026-04-17T18:00:00,1.0651,59.111,51.414,0.9238,0,,,
asset_002,2026-04-17T18:00:00,2.4019,75.348,41.295,0.9427,0,,,
asset_003,2026-04-17T18:00:00,1.4931,63.917,43.971,0.981,0,,,
asset_004,2026-04-17T18:00:00,1.3309,63.815,55.851,1.1138,0,,,
asset_005,2026-04-17T18:00:00,1.3483,53.142,53.054,0.9231,0,,,
asset_006,2026-04-17T18:00:00,1.1555,52.755,50.867,1.0557,0,,,
asset_007,2026-04-17T18:00:00,0.7138,72.267,52.363,1.0345,0,,,
asset_008,2026-04-17T18:00:00,1.9705,74.905,53.828,0.9226,0,,,
asset_009,2026-04-17T18:00:00,1.8205,66.113,48.392,1.0513,0,,,
asset_010,2026-04-17T18:00:00,0.9824,70.022,53.391,1.0991,0,,,
asset_011,2026-04-17T18:00:00,1.2372,61.43,39.944,1.0158,0,,,
asset_012,2026-04-17T18:00:00,1.4192,63.386,55.428,0.8555,0,,,
asset_013,2026-04-17T18:00:00,1.0549,61.968,41.465,1.0103,0,,,
asset_014,2026-04-17T18:00:00,2.7391,61.607,54.735,0.9516,0,,,
asset_015,2026-04-17T18:00:00,1.4813,64.565,50.015,0.9284,0,,,
asset_016,2026-04-17T18:00:00,0.9319,73.98,40.805,0.9683,0,,,
asset_017,2026-04-17T18:00:00,1.949,60.854,45.23,1.1273,0,,,
asset_018,2026-04-17T18:00:00,1.4407,66.753,47.934,0.9215,0,,,
asset_019,2026-04-17T18:00:00,1.2742,59.667,46.088,0.9376,0,,,
asset_020,2026-04-17T18:00:00,1.6887,66.287,52.955,1.0385,0,,,
asset_021,2026-04-17T18:00:00,1.4527,54.259,39.6,1.0051,0,,,
asset_022,2026-04-17T18:00:00,0.798,59.194,40.905,0.9778,0,,,
asset_023,2026-04-17T18:00:00,1.1479,50.353,44.736,1.0431,1,,,
asset_024,2026-04-17T18:00:00,1.0415,67.576,42.678,1.0633,0,,,
asset_025,2026-04-17T18:00:00,2.8967,71.216,53.358,1.0429,0,,,
asset_026,2026-04-17T18:00:00,1.6047,61.099,54.841,1.0763,0,,,
asset_027,2026-04-17T18:00:00,2.7069,67.88,50.936,1.0367,1,,,
asset_028,2026-04-17T18:00:00,1.3899,61.245,49.564,0.9457,0,,,
asset_029,2026-04-17T18:00:00,0.5888,52.559,55.2,0.966,0,,,
asset_030,2026-04-17T18:00:00,1.7632,69.188,44.521,1.1444,0,,,
asset_031,2026-04-17T18:00:00,1.9767,62.921,40.951,1.0681,0,,,
asset_032,2026-04-17T18:00:00,1.6437,53.234,49.785,1.1495,0,,,
asset_033,2026-04-17T18:00:00,1.2517,70.041,49.636,0.9309,0,,,
asset_034,2026-04-17T18:00:00,0.827,66.624,39.213,1.011,0,,,
asset_035,2026-04-17T18:00:00,2.7489,62.773,45.123,1.0884,0,,,
asset_036,2026-04-17T18:00:00,1.8528,55.512,53.579,1.1256,0,,,
asset_037,2026-04-17T18:00:00,1.2768,51.826,46.907,1.0162,0,,,
asset_038,2026-04-17T18:00:00,1.0964,69.734,50.961,0.8633,0,,,
asset_039,2026-04-17T18:00:00,2.1939,78.847,52.513,0.9443,1,,,
asset_000,2026-04-18T00:00:00,1.4119,58.292,44.604,1.0145,0,,,
asset_001,2026-04-18T00:00:00,1.1824,59.422,51.505,1.0465,0,,,
asset_002,2026-04-18T00:00:00,2.2505,74.994,39.183,0.9811,0,,,
asset_003,2026-04-18T00:00:00,1.6932,63.844,43.569,0.9991,0,,,
asset_004,2026-04-18T00:00:00,1.289,62.711,58.659,1.0368,0,,,
asset_005,2026-04-18T00:00:00,1.6029,55.04,44.637,1.1259,0,,,
asset_006,2026-04-18T00:00:00,1.1824,51.586,47.765,1.12,0,,,
asset_007,2026-04-18T00:00:00,0.9073,70.736,42.172,1.0386,0,,,
asset_008,2026-04-18T00:00:00,2.4883,77.443,57.228,1.0235,0,,,
asset_009,2026-04-18T00:00:00,1.1796,64.291,49.333,1.0477,0,,,
asset_010,2026-04-18T00:00:00,1.1575,68.517,54.336,0.9303,0,,,
asset_011,2026-04-18T00:00:00,1.154,63.591,44.362,0.942,0,,,
asset_012,2026-04-18T00:00:00,1.495,55.831,42.729,0.8643,0,,,
asset_013,2026-04-18T00:00:00,1.2537,67.344,50.76,1.0097,0,,,
asset_014,2026-04-18T00:00:00,2.5765,61.456,51.286,1.0897,0,,,
asset_015,2026-04-18T00:00:00,1.6199,63.08,56.983,1.06,0,,,
asset_016,2026-04-18T00:00:00,1.0855,66.756,57.326,1.0476,0,,,
asset_017,2026-04-18T00:00:00,1.9816,62.309,61.221,0.9671,0,,,
asset_018,2026-04-18T00:00:00,1.2579,61.798,56.216,1.0074,0,,,
asset_019,2026-04-18T00:00:00,1.7377,59.536,39.732,1.0757,0,,,
asset_020,2026-04-18T00:00:00,1.9277,68.836,59.475,1.0932,0,,,
asset_021,2026-04-18T00:00:00,1.4835,58.102,58.789,1.0316,0,,,
asset_022,2026-04-18T00:00:00,0.9264,60.889,59.302,0.9056,0,,,
asset_023,2026-04-18T00:00:00,1.7569,48.488,42.168,1.0034,0,,,
asset_024,2026-04-18T00:00:00,1.109,71.164,47.147,1.1366,0,,,
asset_025,2026-04-18T00:00:00,2.8417,65.437,43.511,0.896,1,,,
asset_026,2026-04-18T00:00:00,1.4878,62.674,50.278,0.9381,0,,,
asset_027,2026-04-18T00:00:00,2.4801,69.098,54.417,0.9088,0,,,
asset_028,2026-04-18T00:00:00,1.6627,62.353,53.292,1.0119,0,,,
asset_029,2026-04-18T00:00:00,1.4012,50.692,47.035,1.0722,1,,,
asset_030,2026-04-18T00:00:00,2.1648,78.005,47.334,1.1792,1,,,
asset_031,2026-04-18T00:00:00,1.6187,64.721,52.101,0.9258,0,,,
asset_032,2026-04-18T00:00:00,2.1771,51.571,45.424,0.9435,0,,,
asset_033,2026-04-18T00:00:00,1.4396,64.805,51.308,0.858,0,,,
asset_034,2026-04-18T00:00:00,1.3533,66.751,44.097,1.0723,0,,,
asset_035,2026-04-18T00:00:00,2.6345,68.831,40.611,1.0145,0,,,
asset_036,2026-04-18T00:00:00,1.5909,58.931,50.556,1.0984,0,,,
asset_037,2026-04-18T00:00:00,0.4712,54.193,55.102,0.881,1,,,
asset_038,2026-04-18T00:00:00,1.2782,66.812,42.287,1.1291,0,,,
asset_039,2026-04-18T00:00:00,2.67,77.206,54.353,0.8471,0,,,
asset_000,2026-04-18T06:00:00,2.0181,53.188,49.549,1.0366,0,,,
asset_001,2026-04-18T06:00:00,1.3235,59.35,57.073,0.9463,1,,,
asset_002,2026-04-18T06:00:00,1.9324,73.852,41.209,0.899,0,,,
asset_003,2026-04-18T06:00:00,1.3681,58.007,42.06,1.0631,0,,,
asset_004,2026-04-18T06:00:00,1.1653,62.566,48.933,1.1115,0,,,
asset_005,2026-04-18T06:00:00,1.3825,57.731,55.568,0.9495,0,,,
asset_006,2026-04-18T06:00:00,1.1995,56.128,58.677,0.9953,0,,,
asset_007,2026-04-18T06:00:00,1.0424,65.932,41.749,1.0795,0,,,
asset_008,2026-04-18T06:00:00,2.4183,80.253,44.996,0.9243,0,,,
asset_009,2026-04-18T06:00:00,1.2358,62.944,45.315,0.8979,0,,,
asset_010,2026-04-18T06:00:00,0.991,69.057,44.578,0.9223,0,,,
asset_011,2026-04-18T06:00:00,1.4135,60.979,53.187,0.9105,0,,,
asset_012,2026-04-18T06:00:00,1.4794,56.465,52.811,1.0715,0,,,
asset_013,2026-04-18T06:00:00,1.2386,64.607,49.653,1.0384,0,,,
asset_014,2026-04-18T06:00:00,2.7991,64.496,53.036,1.0116,1,,,
asset_015,2026-04-18T06:00:00,1.931,66.304,46.875,0.9711,0,,,
asset_016,2026-04-18T06:00:00,1.2592,71.252,57.02,1.1261,0,,,
asset_017,2026-04-18T06:00:00,1.8352,58.301,54.863,1.0628,0,,,
asset_018,2026-04-18T06:00:00,0.9637,69.476,49.18,0.9522,0,,,
asset_019,2026-04-18T06:00:00,1.3054,58.041,46.347,1.0467,0,,,
asset_020,2026-04-18T06:00:00,2.3029,69.082,43.246,0.9809,1,,,
asset_021,2026-04-18T06:00:00,1.5517,57.229,42.306,1.0247,0,,,
asset_022,2026-04-18T06:00:00,1.03,63.579,52.682,1.0013,0,,,
asset_023,2026-04-18T06:00:00,1.1475,48.155,54.868,1.0304,0,,,
asset_024,2026-04-18T06:00:00,0.7617,67.809,40.367,1.066,0,,,
asset_025,2026-04-18T06:00:00,2.7034,64.968,44.232,1.1474,0,,,
asset_026,2026-04-18T06:00:00,1.5172,61.284,56.953,1.0569,0,,,
asset_027,2026-04-18T06:00:00,3.1306,75.217,41.793,0.9236,0,,,
asset_028,2026-04-18T06:00:00,1.3611,64.746,46.595,0.9985,0,,,
asset_029,2026-04-18T06:00:00,1.407,51.957,38.648,1.0662,1,,,
asset_030,2026-04-18T06:00:00,2.3175,70.716,56.429,0.9597,0,,,
asset_031,2026-04-18T06:00:00,1.9599,67.746,43.708,1.135,0,,,
asset_032,2026-04-18T06:00:00,2.3641,53.671,58.644,1.0522,0,,,
asset_033,2026-04-18T06:00:00,1.3689,63.343,44.987,0.9692,0,,,
asset_034,2026-04-18T06:00:00,0.9723,67.982,56.221,1.0708,0,,,
asset_035,2026-04-18T06:00:00,2.5116,63.589,42.581,1.0228,0,,,
asset_035,2026-04-18T06:00:00,,,,,,failure,2026-04-18T06:00:00,2026-04-18T10:00:00
asset_036,2026-04-18T06:00:00,1.3652,56.825,51.827,1.0974,0,,,
asset_037,2026-04-18T06:00:00,0.6859,54.338,57.388,0.9946,0,,,
asset_038,2026-04-18T06:00:00,1.1108,71.21,41.906,1.085,0,,,
asset_039,2026-04-18T06:00:00,3.674,80.098,38.548,0.9394,0,,,
asset_000,2026-04-18T12:00:00,1.4372,55.219,51.319,0.8878,0,,,
asset_001,2026-04-18T12:00:00,1.0229,58.358,51.495,1.0699,1,,,
asset_002,2026-04-18T12:00:00,2.8251,73.714,48.806,1.0903,0,,,
asset_003,2026-04-18T12:00:00,1.7862,60.777,39.248,0.9212,0,,,
asset_004,2026-04-18T12:00:00,0.949,62.99,40.602,0.8881,0,,,
asset_005,2026-04-18T12:00:00,1.4086,57.355,45.572,0.9839,0,,,
asset_006,2026-04-18T12:00:00,1.1625,51.449,48.343,0.9301,0,,,
asset_007,2026-04-18T12:00:00,1.1544,66.371,46.209,0.8931,0,,,
asset_008,2026-04-18T12:00:00,2.6111,72.344,43.642,1.0455,0,,,
asset_009,2026-04-18T12:00:00,1.5518,65.245,44.006,0.9045,0,,,
asset_010,2026-04-18T12:00:00,1.3406,64.492,62.131,1.0976,0,,,
asset_011,2026-04-18T12:00:00,0.9045,62.787,51.957,1.0029,1,,,
asset_012,2026-04-18T12:00:00,1.3524,57.49,53.07,0.9655,0,,,
asset_013,2026-04-18T12:00:00,1.1841,66.617,56.638,0.9474,0,,,
asset_014,2026-04-18T12:00:00,3.0284,66.183,49.804,0.929,0,,,
asset_015,2026-04-18T12:00:00,2.3594,67.665,44.488,0.9346,0,,,
asset_016,2026-04-18T12:00:00,0.9235,70.986,47.676,1.065,0,,,
asset_017,2026-04-18T12:00:00,1.8582,60.728,54.24,0.9835,0,,,
asset_018,2026-04-18T12:00:00,1.0102,69.941,55.984,1.0842,0,,,
asset_019,2026-04-18T12:00:00,1.8137,58.019,57.909,0.8878,0,,,
asset_020,2026-04-18T12:00:00,2.234,67.199,42.14,1.0348,0,,,
asset_021,2026-04-18T12:00:00,1.3771,58.69,53.232,0.94,0,,,
asset_022,2026-04-18T12:00:00,1.1615,60.202,49.76,1.0773,0,,,
asset_023,2026-04-18T12:00:00,1.4618,54.369,40.94,0.8871,0,,,
asset_024,2026-04-18T12:00:00,0.9984,69.554,43.564,0.9499,0,,,
asset_025,2026-04-18T12:00:00,3.0918,67.318,44.523,1.0324,0,,,
asset_026,2026-04-18T12:00:00,1.4674,59.274,42.779,0.9027,0,,,
asset_027,2026-04-18T12:00:00,2.8348,73.234,59.092,0.9927,0,,,
asset_028,2026-04-18T12:00:00,1.3174,63.501,50.738,1.1337,0,,,
asset_029,2026-04-18T12:00:00,1.0173,53.736,45.77,1.0366,0,,,
asset_030,2026-04-18T12:00:00,2.7013,69.56,42.29,1.0648,0,,,
asset_031,2026-04-18T12:00:00,1.7341,65.617,42.153,0.9796,0,,,
asset_032,2026-04-18T12:00:00,2.4063,61.386,53.205,1.0074,0,,,
asset_033,2026-04-18T12:00:00,1.4269,68.952,60.4,0.9228,0,,,
asset_034,2026-04-18T12:00:00,1.35,65.9,40.925,0.9866,0,,,
asset_035,2026-04-18T12:00:00,3.1688,67.439,56.421,0.9984,0,,,
asset_036,2026-04-18T12:00:00,1.7231,54.77,47.58,1.0188,1,,,
asset_037,2026-04-18T12:00:00,0.7274,55.497,44.257,1.0999,0,,,
asset_038,2026-04-18T12:00:00,1.0091,66.635,48.928,1.0453,0,,,
asset_039,2026-04-18T12:00:00,3.5439,77.841,46.631,0.9932,0,,,
asset_000,2026-04-18T18:00:00,1.7679,57.699,55.832,0.9378,0,,,
asset_001,2026-04-18T18:00:00,1.2666,62.419,56.21,0.9542,0,,,
asset_002,2026-04-18T18:00:00,2.7691,77.902,48.908,0.9787,0,,,
asset_003,2026-04-18T18:00:00,1.5602,60.079,48.463,1.0957,0,,,
asset_004,2026-04-18T18:00:00,1.1921,60.561,47.637,1.0719,1,,,
asset_005,2026-04-18T18:00:00,1.5123,60.333,50.687,1.1087,1,,,
asset_006,2026-04-18T18:00:00,1.0064,54.409,56.902,0.9954,0,,,
asset_007,2026-04-18T18:00:00,0.6642,69.243,53.133,1.0087,1,,,
asset_008,2026-04-18T18:00:00,2.5549,78.059,59.373,0.9703,0,,,
asset_009,2026-04-18T18:00:00,1.6149,70.166,57.159,1.0701,0,,,
asset_010,2026-04-18T18:00:00,0.9862,67.735,45.585,0.9456,1,,,
asset_011,2026-04-18T18:00:00,0.983,60.435,56.605,1.0352,0,,,
asset_012,2026-04-18T18:00:00,1.4956,57.828,49.816,1.1054,0,,,
asset_013,2026-04-18T18:00:00,1.1704,62.506,56.37,1.0105,0,,,
asset_014,2026-04-18T18:00:00,2.6558,60.446,45.334,0.9143,0,,,
asset_015,2026-04-18T18:00:00,1.8757,63.44,59.347,1.0375,0,,,
asset_016,2026-04-18T18:00:00,1.1868,67.355,43.182,0.9686,0,,,
asset_017,2026-04-18T18:00:00,1.9029,64.649,43.091,0.9588,0,,,
asset_018,2026-04-18T18:00:00,1.0669,65.042,47.348,1.0286,0,,,
asset_019,2026-04-18T18:00:00,1.463,59.619,47.784,0.9776,0,,,
asset_020,2026-04-18T18:00:00,2.0268,64.286,41.655,0.8988,0,,,
asset_021,2026-04-18T18:00:00,1.7339,53.617,53.135,0.9562,0,,,
asset_022,2026-04-18T18:00:00,0.8494,61.251,40.335,0.9962,0,,,
asset_023,2026-04-18T18:00:00,1.178,55.599,46.547,1.037,0,,,
asset_024,2026-04-18T18:00:00,0.8379,66.508,50.487,0.8906,0,,,
asset_025,2026-04-18T18:00:00,2.9998,67.137,58.31,0.9207,0,,,
asset_026,2026-04-18T18:00:00,1.6549,60.161,51.522,1.0369,0,,,
asset_027,2026-04-18T18:00:00,3.0247,73.182,42.307,0.9009,0,,,
asset_028,2026-04-18T18:00:00,1.6566,60.763,59.594,0.8979,0,,,
asset_029,2026-04-18T18:00:00,1.2556,57.124,55.481,1.1648,0,,,
asset_030,2026-04-18T18:00:00,1.9701,70.74,42.266,1.0789,0,,,
asset_031,2026-04-18T18:00:00,1.6736,66.038,54.879,0.9589,0,,,
asset_032,2026-04-18T18:00:00,1.9774,59.122,51.666,1.0451,1,,,
asset_033,2026-04-18T18:00:00,1.4387,67.722,56.539,1.0478,0,,,
asset_034,2026-04-18T18:00:00,1.1499,68.213,58.631,0.7538,0,,,
asset_035,2026-04-18T18:00:00,2.8258,66.268,63.715,1.0263,1,,,
asset_036,2026-04-18T18:00:00,1.3973,55.657,56.479,0.8849,0,,,
asset_037,2026-04-18T18:00:00,1.0919,56.77,52.186,0.9226,0,,,
asset_038,2026-04-18T18:00:00,0.8532,66.691,53.594,0.9613,0,,,
asset_039,2026-04-18T18:00:00,2.7346,76.68,58.93,1.0011,0,,,
asset_000,2026-04-19T00:00:00,2.4062,56.474,55.349,1.0997,0,,,
asset_001,2026-04-19T00:00:00,1.9619,60.847,38.799,0.9355,0,,,
asset_002,2026-04-19T00:00:00,2.7066,75.845,44.508,0.9701,0,,,
asset_003,2026-04-19T00:00:00,1.5948,63.918,41.147,0.9524,0,,,
asset_004,2026-04-19T00:00:00,1.473,59.825,43.302,1.0015,0,,,
asset_005,2026-04-19T00:00:00,1.4871,58.454,48.706,0.9923,0,,,
asset_006,2026-04-19T00:00:00,1.2682,57.11,59.92,1.053,0,,,
asset_007,2026-04-19T00:00:00,0.8703,67.451,61.896,0.9229,0,,,
asset_008,2026-04-19T00:00:00,2.2193,80.163,42.697,0.9996,0,,,
asset_009,2026-04-19T00:00:00,1.9931,72.791,49.278,0.9868,0,,,
asset_010,2026-04-19T00:00:00,0.9801,67.354,40.587,0.852,0,,,
asset_011,2026-04-19T00:00:00,0.7248,60.063,41.356,0.9023,0,,,
asset_012,2026-04-19T00:00:00,1.9783,53.844,44.523,0.9638,0,,,
asset_013,2026-04-19T00:00:00,1.3268,62.843,53.874,0.9999,0,,,
asset_014,2026-04-19T00:00:00,2.9002,62.212,55.479,1.0206,0,,,
asset_015,2026-04-19T00:00:00,2.3163,67.415,48.896,1.1059,0,,,
asset_016,2026-04-19T00:00:00,0.8442,67.679,50.669,0.9435,0,,,
asset_017,2026-04-19T00:00:00,2.0901,64.003,48.747,0.9444,0,,,
asset_018,2026-04-19T00:00:00,1.1198,68.403,53.972,0.9201,0,,,
asset_019,2026-04-19T00:00:00,1.4071,57.674,45.202,0.9815,0,,,
asset_020,2026-04-19T00:00:00,2.1983,68.573,57.528,1.0304,0,,,
asset_021,2026-04-19T00:00:00,1.732,56.231,54.364,0.8789,1,,,
asset_022,2026-04-19T00:00:00,0.9528,59.865,54.099,0.9779,0,,,
asset_023,2026-04-19T00:00:00,1.2573,49.337,41.574,0.8927,0,,,
asset_024,2026-04-19T00:00:00,0.9797,68.457,40.688,1.0824,0,,,
asset_025,2026-04-19T00:00:00,3.0233,65.117,50.156,1.0037,0,,,
asset_026,2026-04-19T00:00:00,1.311,59.35,56.482,0.8945,0,,,
asset_027,2026-04-19T00:00:00,3.4828,70.733,62.87,1.0942,0,,,
asset_028,2026-04-19T00:00:00,1.2303,66.387,53.166,1.0269,0,,,
asset_029,2026-04-19T00:00:00,1.3297,50.144,45.556,1.1644,0,,,
asset_030,2026-04-19T00:00:00,2.9535,75.354,59.153,1.0339,0,,,
asset_031,2026-04-19T00:00:00,1.8414,68.142,49.515,1.0801,0,,,
asset_032,2026-04-19T00:00:00,2.0377,56.811,42.748,0.9365,0,,,
asset_033,2026-04-19T00:00:00,1.928,66.373,59.027,1.0877,0,,,
asset_034,2026-04-19T00:00:00,0.7928,72.001,57.112,1.0919,0,,,
asset_035,2026-04-19T00:00:00,3.3284,68.595,45.962,0.9491,0,,,
asset_036,2026-04-19T00:00:00,1.5015,56.426,52.621,1.0278,0,,,
asset_037,2026-04-19T00:00:00,0.8347,54.397,50.819,1.1021,1,,,
asset_038,2026-04-19T00:00:00,0.9734,70.135,41.727,1.0334,1,,,
asset_039,2026-04-19T00:00:00,2.9272,82.958,54.963,1.0331,0,,,
asset_000,2026-04-19T06:00:00,2.1263,60.225,48.557,1.0397,0,,,
asset_001,2026-04-19T06:00:00,1.452,61.151,49.799,0.9824,1,,,
asset_002,2026-04-19T06:00:00,2.7434,76.487,45.674,1.0953,0,,,
asset_003,2026-04-19T06:00:00,1.1586,60.293,54.225,1.063,1,,,
asset_004,2026-04-19T06:00:00,1.3646,60.427,45.359,1.0066,0,,,
asset_005,2026-04-19T06:00:00,1.1038,58.27,47.261,1.1392,0,,,
asset_006,2026-04-19T06:00:00,1.2884,54.284,56.098,0.8464,0,,,
asset_007,2026-04-19T06:00:00,1.0633,70.237,54.281,1.1015,0,,,
asset_008,2026-04-19T06:00:00,2.5863,77.376,58.157,1.0051,0,,,
asset_008,2026-04-19T06:00:00,,,,,,failure,2026-04-19T06:00:00,2026-04-19T10:00:00
asset_009,2026-04-19T06:00:00,1.5187,66.908,52.919,1.0169,0,,,
asset_010,2026-04-19T06:00:00,0.9757,66.979,61.613,0.9234,0,,,
asset_011,2026-04-19T06:00:00,1.3514,62.904,60.475,1.0202,0,,,
asset_012,2026-04-19T06:00:00,1.8049,58.853,61.084,1.1024,0,,,
asset_013,2026-04-19T06:00:00,1.5948,64.476,52.083,1.0419,0,,,
asset_014,2026-04-19T06:00:00,2.441,65.709,42.859,0.9921,0,,,
asset_015,2026-04-19T06:00:00,2.7214,64.906,47.63,1.0857,0,,,
asset_016,2026-04-19T06:00:00,0.7756,72.825,48.137,0.9333,0,,,
asset_017,2026-04-19T06:00:00,1.9381,58.547,58.994,0.9746,0,,,
asset_018,2026-04-19T06:00:00,1.0392,69.18,50.13,0.9185,0,,,
asset_019,2026-04-19T06:00:00,1.2421,57.645,45.493,0.9682,1,,,
asset_020,2026-04-19T06:00:00,2.086,73.539,48.662,0.9581,0,,,
asset_021,2026-04-19T06:00:00,1.2882,59.039,44.132,1.1142,1,,,
asset_022,2026-04-19T06:00:00,0.758,58.888,48.42,0.9742,1,,,
asset_023,2026-04-19T06:00:00,1.3246,49.59,54.764,1.0371,1,,,
asset_024,2026-04-19T06:00:00,0.8953,67.969,56.689,1.1217,0,,,
asset_025,2026-04-19T06:00:00,2.9563,67.711,60.876,0.9866,0,,,
asset_026,2026-04-19T06:00:00,0.9188,64.596,48.103,1.023,0,,,
asset_027,2026-04-19T06:00:00,2.8522,71.369,45.385,1.1686,0,,,
asset_028,2026-04-19T06:00:00,1.3095,65.79,40.926,0.9633,1,,,
asset_029,2026-04-19T06:00:00,1.2321,52.946,45.26,1.0065,0,,,
asset_030,2026-04-19T06:00:00,2.7049,72.326,46.637,1.0769,0,,,
asset_031,2026-04-19T06:00:00,1.0803,66.208,58.575,0.9292,0,,,
asset_032,2026-04-19T06:00:00,2.4313,54.535,59.268,0.9722,0,,,
asset_033,2026-04-19T06:00:00,1.85,70.838,55.221,1.0191,0,,,
asset_034,2026-04-19T06:00:00,1.0974,68.967,56.699,0.9332,0,,,
asset_035,2026-04-19T06:00:00,2.0669,66.488,44.149,0.9307,0,,,
asset_036,2026-04-19T06:00:00,0.9628,53.57,53.029,0.9231,0,,,
asset_037,2026-04-19T06:00:00,0.4452,53.547,51.82,1.0532,0,,,
asset_038,2026-04-19T06:00:00,1.2408,74.288,55.96,0.9983,0,,,
asset_039,2026-04-19T06:00:00,3.0127,81.763,41.316,1.1394,0,,,
asset_000,2026-04-19T12:00:00,2.054,58.923,43.925,0.9403,0,,,
asset_001,2026-04-19T12:00:00,1.4265,57.888,57.635,0.9942,0,,,
asset_002,2026-04-19T12:00:00,2.9188,76.313,48.505,0.9695,0,,,
asset_003,2026-04-19T12:00:00,1.3769,62.165,52.52,0.8966,1,,,
asset_004,2026-04-19T12:00:00,1.499,62.759,52.495,1.1003,0,,,
asset_005,2026-04-19T12:00:00,1.6281,56.794,53.841,0.9471,0,,,
asset_006,2026-04-19T12:00:00,0.9981,54.308,47.315,0.9505,0,,,
asset_007,2026-04-19T12:00:00,0.8945,67.255,41.366,0.9072,0,,,
asset_008,2026-04-19T12:00:00,2.5358,82.13,42.992,0.9915,0,,,
asset_009,2026-04-19T12:00:00,1.3343,63.295,49.152,0.9703,0,,,
asset_010,2026-04-19T12:00:00,1.1252,67.656,46.042,0.933,0,,,
asset_011,2026-04-19T12:00:00,0.9683,62.721,55.707,0.9937,0,,,
asset_012,2026-04-19T12:00:00,2.5112,56.489,54.477,1.0236,0,,,
asset_013,2026-04-19T12:00:00,1.5906,63.998,41.393,1.0308,0,,,
asset_014,2026-04-19T12:00:00,3.163,64.863,49.373,0.8806,0,,,
asset_015,2026-04-19T12:00:00,2.7513,67.205,52.462,0.942,0,,,
asset_016,2026-04-19T12:00:00,1.2985,71.767,55.444,0.8775,0,,,
asset_017,2026-04-19T12:00:00,2.165,62.245,38.812,0.999,0,,,
asset_018,2026-04-19T12:00:00,1.0646,68.569,44.708,1.0255,1,,,
asset_019,2026-04-19T12:00:00,1.578,62.191,47.084,0.8835,0,,,
asset_020,2026-04-19T12:00:00,2.0243,66.113,47.117,1.0372,0,,,
asset_021,2026-04-19T12:00:00,1.3866,55.69,57.783,0.9823,0,,,
asset_022,2026-04-19T12:00:00,0.5835,60.626,52.834,0.9112,0,,,
asset_023,2026-04-19T12:00:00,1.0683,53.343,48.041,0.9551,0,,,
asset_024,2026-04-19T12:00:00,0.882,69.424,57.239,1.1096,0,,,
asset_025,2026-04-19T12:00:00,2.6779,66.122,60.73,1.006,1,,,
asset_026,2026-04-19T12:00:00,1.2869,59.23,55.979,0.9786,0,,,
asset_027,2026-04-19T12:00:00,2.8495,69.988,43.396,0.8108,0,,,
asset_028,2026-04-19T12:00:00,1.2872,64.549,44.215,1.1144,0,,,
asset_029,2026-04-19T12:00:00,1.564,54.285,52.864,0.9554,0,,,
asset_030,2026-04-19T12:00:00,3.2117,68.237,51.74,0.9684,0,,,
asset_031,2026-04-19T12:00:00,1.9815,69.223,52.963,1.0712,1,,,
asset_032,2026-04-19T12:00:00,2.0696,53.901,53.638,0.9302,0,,,
asset_033,2026-04-19T12:00:00,2.0236,68.38,46.512,0.9521,0,,,
asset_034,2026-04-19T12:00:00,0.8015,64.327,52.163,1.008,1,,,
asset_035,2026-04-19T12:00:00,2.2549,66.967,49.406,1.0576,0,,,
asset_036,2026-04-19T12:00:00,1.629,55.678,49.311,1.1433,0,,,
asset_037,2026-04-19T12:00:00,0.8564,51.371,43.7,1.123,0,,,
asset_038,2026-04-19T12:00:00,1.1639,69.684,47.807,1.0524,0,,,
asset_039,2026-04-19T12:00:00,3.051,74.222,51.865,1.0795,0,,,
asset_000,2026-04-19T18:00:00,1.9564,60.025,46.128,1.0018,0,,,
asset_001,2026-04-19T18:00:00,1.5349,62.998,52.533,1.0751,0,,,
asset_002,2026-04-19T18:00:00,2.2859,76.254,51.383,1.0324,0,,,
asset_003,2026-04-19T18:00:00,1.48,61.927,56.242,1.1532,0,,,
asset_004,2026-04-19T18:00:00,1.119,65.566,56.66,0.9348,0,,,
asset_005,2026-04-19T18:00:00,1.8629,62.719,60.27,0.8756,0,,,
asset_006,2026-04-19T18:00:00,1.2119,52.341,52.212,1.0236,1,,,
asset_007,2026-04-19T18:00:00,1.046,67.888,55.764,0.9575,0,,,
asset_008,2026-04-19T18:00:00,2.5601,76.439,57.294,1.0452,0,,,
asset_009,2026-04-19T18:00:00,1.4251,63.671,46.723,0.9826,0,,,
asset_010,2026-04-19T18:00:00,1.3828,68.14,55.329,0.8846,0,,,
asset_011,2026-04-19T18:00:00,1.0972,60.762,47.708,0.9538,0,,,
asset_012,2026-04-19T18:00:00,1.7305,54.743,53.379,0.9784,0,,,
asset_013,2026-04-19T18:00:00,1.3158,64.353,52.532,1.0599,0,,,
asset_014,2026-04-19T18:00:00,2.4542,66.205,57.116,0.9704,0,,,
asset_015,2026-04-19T18:00:00,2.4704,70.778,51.707,0.898,1,,,
asset_016,2026-04-19T18:00:00,0.6975,72.769,46.291,1.0272,0,,,
asset_017,2026-04-19T18:00:00,1.8037,62.01,57.816,1.0216,0,,,
asset_018,2026-04-19T18:00:00,0.9756,69.987,47.898,1.0579,0,,,
asset_019,2026-04-19T18:00:00,2.1314,55.943,55.689,0.9314,0,,,
asset_020,2026-04-19T18:00:00,2.5971,70.147,51.527,0.8775,0,,,
asset_021,2026-04-19T18:00:00,1.5469,57.355,41.273,1.1703,1,,,
asset_022,2026-04-19T18:00:00,0.9823,61.343,44.957,0.9608,0,,,
asset_023,2026-04-19T18:00:00,1.053,51.742,51.023,0.9613,0,,,
asset_024,2026-04-19T18:00:00,0.572,70.443,49.343,1.1084,1,,,
asset_025,2026-04-19T18:00:00,2.5914,66.807,51.141,1.039,0,,,
asset_026,2026-04-19T18:00:00,1.5445,59.171,50.05,0.8887,0,,,
asset_027,2026-04-19T18:00:00,2.9523,73.137,45.575,0.9348,1,,,
asset_028,2026-04-19T18:00:00,1.7497,60.522,43.21,0.9209,0,,,
asset_029,2026-04-19T18:00:00,0.9012,50.085,52.556,0.91,0,,,
asset_030,2026-04-19T18:00:00,2.8001,72.44,46.048,0.9221,0,,,
asset_031,2026-04-19T18:00:00,1.6129,67.138,40.06,1.089,0,,,
asset_032,2026-04-19T18:00:00,2.1514,55.706,47.514,1.0034,0,,,
asset_033,2026-04-19T18:00:00,1.8972,71.303,44.156,0.9849,0,,,
asset_034,2026-04-19T18:00:00,1.0503,67.673,40.129,0.9956,0,,,
asset_035,2026-04-19T18:00:00,2.8917,67.4,45.995,1.0782,0,,,
asset_036,2026-04-19T18:00:00,0.8142,58.478,40.45,0.9145,0,,,
asset_037,2026-04-19T18:00:00,1.0106,52.405,42.495,1.0109,0,,,
asset_038,2026-04-19T18:00:00,1.0366,66.844,39.566,1.0936,0,,,
asset_039,2026-04-19T18:00:00,2.9864,78.311,47.594,0.9681,0,,,
asset_000,2026-04-20T00:00:00,2.0311,58.869,51.47,1.0051,0,,,
asset_001,2026-04-20T00:00:00,1.5768,64.684,48.654,0.8996,0,,,
asset_002,2026-04-20T00:00:00,2.3795,74.748,56.014,0.9876,0,,,
asset_003,2026-04-20T00:00:00,1.5042,60.731,52.517,0.935,0,,,
asset_004,2026-04-20T00:00:00,1.6119,61.392,39.71,1.0683,0,,,
asset_005,2026-04-20T00:00:00,1.6672,57.063,44.925,0.9681,0,,,
asset_006,2026-04-20T00:00:00,1.0919,54.727,58.182,1.11,0,,,
asset_007,2026-04-20T00:00:00,1.2106,71.55,52.206,0.9233,0,,,
asset_008,2026-04-20T00:00:00,2.7078,81.434,43.118,1.0644,0,,,
asset_009,2026-04-20T00:00:00,1.2877,65.538,56.035,0.987,0,,,
asset_010,2026-04-20T00:00:00,1.0745,63.994,56.445,1.0636,0,,,
asset_011,2026-04-20T00:00:00,0.7219,61.421,41.488,1.0969,0,,,
asset_012,2026-04-20T00:00:00,1.1774,58.473,52.624,1.045,0,,,
asset_013,2026-04-20T00:00:00,1.092,64.208,52.161,1.0775,0,,,
asset_014,2026-04-20T00:00:00,2.6405,66.541,54.068,0.9188,0,,,
asset_015,2026-04-20T00:00:00,3.2771,67.374,55.276,0.9552,0,,,
asset_016,2026-04-20T00:00:00,1.2652,72.197,47.51,0.9902,0,,,
asset_017,2026-04-20T00:00:00,1.9891,64.119,53.561,1.0253,0,,,
asset_018,2026-04-20T00:00:00,1.2987,66.959,44.675,1.1281,0,,,
asset_019,2026-04-20T00:00:00,1.7702,60.695,47.748,0.9094,0,,,
asset_020,2026-04-20T00:00:00,2.1051,67.284,44.428,0.9368,0,,,
asset_021,2026-04-20T00:00:00,1.3901,56.769,42.414,1.0168,1,,,
asset_022,2026-04-20T00:00:00,0.9063,62.15,50.879,0.9659,0,,,
asset_023,2026-04-20T00:00:00,1.3518,52.111,52.522,0.9449,0,,,
asset_024,2026-04-20T00:00:00,0.8566,67.494,59.35,1.0036,0,,,
asset_025,2026-04-20T00:00:00,2.6698,63.378,48.443,1.1479,0,,,
asset_026,2026-04-20T00:00:00,1.7331,59.946,48.103,0.9411,0,,,
asset_027,2026-04-20T00:00:00,2.7326,75.807,53.122,0.8748,0,,,
asset_028,2026-04-20T00:00:00,1.317,60.529,45.612,1.0072,0,,,
asset_029,2026-04-20T00:00:00,1.0248,50.696,44.665,1.0045,0,,,
asset_030,2026-04-20T00:00:00,3.3151,73.505,45.642,1.087,0,,,
asset_031,2026-04-20T00:00:00,2.2928,67.066,54.168,1.0246,0,,,
asset_032,2026-04-20T00:00:00,2.7933,57.721,58.344,1.0415,1,,,
asset_033,2026-04-20T00:00:00,2.1253,65.462,42.759,1.101,0,,,
asset_034,2026-04-20T00:00:00,0.8534,66.18,42.78,0.9723,0,,,
asset_035,2026-04-20T00:00:00,2.541,67.811,54.306,1.181,0,,,
asset_036,2026-04-20T00:00:00,1.9998,56.766,59.887,1.0318,0,,,
asset_037,2026-04-20T00:00:00,1.2834,56.971,52.985,1.0452,0,,,
asset_038,2026-04-20T00:00:00,1.022,67.216,41.427,0.8259,0,,,
asset_039,2026-04-20T00:00:00,2.8778,79.626,50.679,0.9624,0,,,
asset_000,2026-04-20T06:00:00,2.6801,63.124,55.627,1.1121,0,,,
asset_001,2026-04-20T06:00:00,1.6632,58.853,55.177,0.9392,0,,,
asset_002,2026-04-20T06:00:00,3.0555,77.854,44.305,0.954,0,,,
asset_003,2026-04-20T06:00:00,1.4129,63.635,49.191,0.9883,0,,,
asset_004,2026-04-20T06:00:00,1.1429,60.6,56.379,1.0524,0,,,
asset_005,2026-04-20T06:00:00,1.1481,58.741,47.073,1.1462,0,,,
asset_006,2026-04-20T06:00:00,1.1901,51.808,50.798,0.9893,0,,,
asset_007,2026-04-20T06:00:00,1.2319,68.54,60.935,0.9154,0,,,
asset_008,2026-04-20T06:00:00,2.7115,77.334,59.401,1.1008,0,,,
asset_009,2026-04-20T06:00:00,1.5422,63.354,57.867,0.9636,0,,,
asset_010,2026-04-20T06:00:00,1.0237,64.882,56.761,1.0834,0,,,
asset_011,2026-04-20T06:00:00,0.5979,59.225,40.784,1.1191,0,,,
asset_012,2026-04-20T06:00:00,1.0415,52.845,52.392,1.1062,0,,,
asset_013,2026-04-20T06:00:00,1.2411,68.585,57.057,0.8919,0,,,
asset_014,2026-04-20T06:00:00,2.7759,66.829,48.948,0.992,0,,,
asset_015,2026-04-20T06:00:00,2.9244,66.46,55.396,0.9664,0,,,
asset_016,2026-04-20T06:00:00,1.606,69.141,46.927,1.0545,0,,,
asset_017,2026-04-20T06:00:00,2.2514,63.963,53.285,0.9201,0,,,
asset_018,2026-04-20T06:00:00,1.1586,72.805,55.13,1.1255,0,,,
asset_019,2026-04-20T06:00:00,1.789,59.661,47.73,0.9062,0,,,
asset_020,2026-04-20T06:00:00,2.5639,70.088,49.911,1.0458,0,,,
asset_021,2026-04-20T06:00:00,1.6855,56.627,60.491,1.0304,0,,,
asset_022,2026-04-20T06:00:00,1.1876,62.075,53.611,1.0048,0,,,
asset_023,2026-04-20T06:00:00,1.1374,50.216,49.913,0.9619,0,,,
asset_024,2026-04-20T06:00:00,0.8926,71.531,57.103,1.0524,0,,,
asset_025,2026-04-20T06:00:00,3.0764,67.557,54.781,0.9349,0,,,
asset_026,2026-04-20T06:00:00,0.9081,59.224,54.952,0.955,0,,,
asset_027,2026-04-20T06:00:00,3.0645,69.494,45.718,1.04,0,,,
asset_028,2026-04-20T06:00:00,1.0013,60.353,46.027,0.997,0,,,
asset_029,2026-04-20T06:00:00,1.1076,50.85,47.539,1.1233,0,,,
asset_030,2026-04-20T06:00:00,3.1542,75.938,51.363,0.8914,0,,,
asset_030,2026-04-20T06:00:00,,,,,,failure,2026-04-20T06:00:00,2026-04-20T10:00:00
asset_031,2026-04-20T06:00:00,2.2052,68.144,45.574,1.0214,0,,,
asset_032,2026-04-20T06:00:00,3.4879,54.727,42.113,1.0122,0,,,
asset_033,2026-04-20T06:00:00,1.8739,67.556,54.499,1.0151,1,,,
asset_034,2026-04-20T06:00:00,1.1254,68.194,43.664,0.8756,0,,,
asset_035,2026-04-20T06:00:00,2.7128,68.776,41.892,1.0328,0,,,
asset_036,2026-04-20T06:00:00,1.273,55.601,44.722,1.0606,0,,,
asset_037,2026-04-20T06:00:00,1.4448,55.353,50.906,0.9062,0,,,
asset_038,2026-04-20T06:00:00,1.0659,69.201,52.552,1.0095,0,,,
asset_039,2026-04-20T06:00:00,2.6319,78.817,57.744,1.0714,0,,,
asset_000,2026-04-20T12:00:00,2.2104,66.163,45.634,0.9983,0,,,
asset_001,2026-04-20T12:00:00,1.4069,62.066,47.692,0.9431,0,,,
asset_002,2026-04-20T12:00:00,2.5595,72.843,39.628,1.0457,1,,,
asset_003,2026-04-20T12:00:00,1.5564,61.439,45.887,0.9823,0,,,
asset_004,2026-04-20T12:00:00,1.4547,62.653,42.013,0.8991,0,,,
asset_005,2026-04-20T12:00:00,1.4264,58.544,58.686,0.9972,0,,,
asset_006,2026-04-20T12:00:00,1.0866,54.209,48.148,1.1213,0,,,
asset_007,2026-04-20T12:00:00,0.5355,67.624,44.247,1.0623,0,,,
asset_008,2026-04-20T12:00:00,2.8844,79.003,56.435,1.0496,0,,,
asset_009,2026-04-20T12:00:00,1.5028,64.439,49.257,0.9985,0,,,
asset_010,2026-04-20T12:00:00,1.1388,64.81,40.61,0.8739,0,,,
asset_011,2026-04-20T12:00:00,1.3036,60.764,45.787,1.0052,0,,,
asset_012,2026-04-20T12:00:00,1.7012,56.064,47.664,1.1376,0,,,
asset_013,2026-04-20T12:00:00,1.4697,69.017,50.488,0.9404,0,,,
asset_014,2026-04-20T12:00:00,3.2548,61.314,51.539,0.8123,0,,,
asset_015,2026-04-20T12:00:00,2.9798,66.822,42.074,1.0028,0,,,
asset_016,2026-04-20T12:00:00,1.5,72.481,41.88,1.0697,0,,,
asset_017,2026-04-20T12:00:00,2.2097,64.803,45.717,1.0427,0,,,
asset_018,2026-04-20T12:00:00,1.1777,64.957,38.924,0.9399,0,,,
asset_019,2026-04-20T12:00:00,1.7039,58.653,47.072,1.0039,0,,,
asset_020,2026-04-20T12:00:00,2.5301,72.921,53.259,0.9554,0,,,
asset_021,2026-04-20T12:00:00,1.1638,57.865,50.539,0.9589,1,,,
asset_022,2026-04-20T12:00:00,1.2315,59.077,59.78,0.9805,0,,,
asset_023,2026-04-20T12:00:00,1.5575,51.611,52.114,0.8554,0,,,
asset_024,2026-04-20T12:00:00,0.958,70.45,41.707,0.9245,0,,,
asset_025,2026-04-20T12:00:00,3.5705,69.321,46.76,1.0783,0,,,
asset_026,2026-04-20T12:00:00,1.6427,57.975,45.385,1.0564,0,,,
asset_027,2026-04-20T12:00:00,3.6155,76.331,52.571,0.8709,0,,,
asset_028,2026-04-20T12:00:00,1.3694,60.797,47.386,1.0489,0,,,
asset_029,2026-04-20T12:00:00,0.9092,52.529,49.483,1.0917,0,,,
asset_030,2026-04-20T12:00:00,3.0954,71.636,56.502,0.8082,0,,,
asset_031,2026-04-20T12:00:00,2.1733,69.652,49.678,0.9149,0,,,
asset_032,2026-04-20T12:00:00,1.8799,56.782,50.145,0.8984,0,,,
asset_033,2026-04-20T12:00:00,1.7645,68.466,44.365,0.9869,0,,,
asset_034,2026-04-20T12:00:00,1.3001,69.033,40.303,0.9711,0,,,
asset_035,2026-04-20T12:00:00,2.8877,69.732,46.438,1.0261,0,,,
asset_036,2026-04-20T12:00:00,1.4862,55.05,47.858,1.13,0,,,
asset_037,2026-04-20T12:00:00,1.2458,54.093,58.885,1.0641,0,,,
asset_038,2026-04-20T12:00:00,1.4186,74.461,51.103,1.0265,0,,,
asset_039,2026-04-20T12:00:00,2.8572,80.355,43.226,0.9547,0,,,
asset_000,2026-04-20T18:00:00,2.1122,54.928,56.502,1.1277,0,,,
asset_001,2026-04-20T18:00:00,1.6256,62.329,54.426,0.9183,0,,,
asset_002,2026-04-20T18:00:00,2.2167,75.152,41.376,0.9168,0,,,
asset_003,2026-04-20T18:00:00,1.2472,62.96,59.157,0.8112,0,,,
asset_004,2026-04-20T18:00:00,1.4766,65.388,54.405,0.933,0,,,
asset_005,2026-04-20T18:00:00,1.7145,62.643,56.732,0.9665,0,,,
asset_006,2026-04-20T18:00:00,0.892,58.798,58.602,0.9347,0,,,
asset_007,2026-04-20T18:00:00,0.979,68.699,52.792,1.095,0,,,
asset_008,2026-04-20T18:00:00,2.0158,78.921,41.476,0.9482,0,,,
asset_009,2026-04-20T18:00:00,1.9927,62.199,49.223,1.0932,0,,,
asset_010,2026-04-20T18:00:00,1.3657,67.397,44.583,0.9496,1,,,
asset_011,2026-04-20T18:00:00,1.2674,63.22,43.024,1.0914,0,,,
asset_012,2026-04-20T18:00:00,2.0506,56.415,51.107,1.0815,1,,,
asset_013,2026-04-20T18:00:00,1.5562,64.027,57.606,1.063,0,,,
asset_014,2026-04-20T18:00:00,2.8293,60.188,57.748,0.8728,0,,,
asset_015,2026-04-20T18:00:00,2.4274,66.782,59.505,1.0669,0,,,
asset_016,2026-04-20T18:00:00,1.0949,71.533,40.524,1.024,0,,,
asset_017,2026-04-20T18:00:00,2.2989,62.976,48.615,0.9363,0,,,
asset_018,2026-04-20T18:00:00,1.3618,72.058,53.997,1.0411,0,,,
asset_019,2026-04-20T18:00:00,1.4742,58.845,42.966,1.0386,0,,,
asset_020,2026-04-20T18:00:00,2.3844,69.978,37.795,0.9409,0,,,
asset_021,2026-04-20T18:00:00,1.2213,57.382,57.617,1.0785,0,,,
asset_022,2026-04-20T18:00:00,0.8505,59.335,55.507,0.8941,0,,,
asset_023,2026-04-20T18:00:00,1.826,52.034,41.262,0.9321,0,,,
asset_024,2026-04-20T18:00:00,0.8906,72.879,44.1,1.0139,0,,,
asset_025,2026-04-20T18:00:00,3.1235,61.507,60.777,1.1117,0,,,
asset_026,2026-04-20T18:00:00,1.3779,57.279,58.267,0.9818,0,,,
asset_027,2026-04-20T18:00:00,3.5734,72.826,50.302,1.111,0,,,
asset_028,2026-04-20T18:00:00,1.6084,63.109,41.782,0.9994,0,,,
asset_029,2026-04-20T18:00:00,1.2003,52.55,58.458,1.1165,0,,,
asset_030,2026-04-20T18:00:00,2.4392,75.256,44.862,0.8619,0,,,
asset_031,2026-04-20T18:00:00,2.5233,70.648,48.542,1.0527,0,,,
asset_032,2026-04-20T18:00:00,2.6244,57.318,46.386,1.0082,0,,,
asset_033,2026-04-20T18:00:00,1.7115,66.611,44.925,1.0604,0,,,
asset_034,2026-04-20T18:00:00,1.2875,69.281,45.255,0.8241,0,,,
asset_035,2026-04-20T18:00:00,2.3094,67.907,42.389,0.9364,0,,,
asset_036,2026-04-20T18:00:00,1.4086,54.681,49.876,0.9324,0,,,
asset_037,2026-04-20T18:00:00,1.8367,60.041,48.175,0.983,0,,,
asset_038,2026-04-20T18:00:00,0.7216,66.219,50.915,0.9814,0,,,
asset_039,2026-04-20T18:00:00,3.2426,73.346,50.508,1.1715,0,,,
asset_000,2026-04-21T00:00:00,2.4991,58.952,52.619,0.9363,0,,,
asset_001,2026-04-21T00:00:00,2.0147,64.927,51.175,0.9978,1,,,
asset_002,2026-04-21T00:00:00,2.5207,75.551,46.149,1.1217,0,,,
asset_003,2026-04-21T00:00:00,1.7506,65.521,44.608,0.9517,0,,,
asset_004,2026-04-21T00:00:00,1.6361,62.997,42.822,0.9198,0,,,
asset_005,2026-04-21T00:00:00,1.6198,62.101,47.927,0.9092,0,,,
asset_006,2026-04-21T00:00:00,0.9162,52.985,59.769,1.001,0,,,
asset_007,2026-04-21T00:00:00,1.0459,67.815,55.514,1.1002,0,,,
asset_008,2026-04-21T00:00:00,3.2697,79.477,42.142,1.021,0,,,
asset_009,2026-04-21T00:00:00,1.3355,70.541,54.558,0.9441,0,,,
asset_010,2026-04-21T00:00:00,1.1384,65.386,46.522,0.9198,0,,,
asset_011,2026-04-21T00:00:00,1.0669,60.356,56.949,1.0624,0,,,
asset_012,2026-04-21T00:00:00,1.3976,57.067,47.654,0.9533,0,,,
asset_013,2026-04-21T00:00:00,1.6067,62.61,58.876,0.9703,1,,,
asset_014,2026-04-21T00:00:00,2.9209,64.647,46.037,0.9665,0,,,
asset_015,2026-04-21T00:00:00,3.2279,67.238,53.649,0.9989,0,,,
asset_016,2026-04-21T00:00:00,0.9261,73.764,40.771,1.0395,0,,,
asset_017,2026-04-21T00:00:00,2.7615,64.492,53.764,0.855,0,,,
asset_018,2026-04-21T00:00:00,1.5574,68.577,48.311,0.9702,0,,,
asset_019,2026-04-21T00:00:00,1.5697,56.049,53.755,0.9849,0,,,
asset_020,2026-04-21T00:00:00,2.6894,73.021,41.819,0.926,0,,,
asset_021,2026-04-21T00:00:00,1.4336,57.041,51.507,1.0184,0,,,
asset_022,2026-04-21T00:00:00,0.8387,61.466,53.444,1.055,0,,,
asset_023,2026-04-21T00:00:00,1.1409,54.547,54.623,0.9714,1,,,
asset_024,2026-04-21T00:00:00,1.4598,74.739,43.198,0.9441,0,,,
asset_025,2026-04-21T00:00:00,3.0512,68.844,46.178,0.982,0,,,
asset_026,2026-04-21T00:00:00,1.7808,61.56,51.972,1.0234,0,,,
asset_027,2026-04-21T00:00:00,2.6008,71.5,48.702,1.02,0,,,
asset_028,2026-04-21T00:00:00,1.1795,62.274,51.599,1.0564,0,,,
asset_029,2026-04-21T00:00:00,0.8165,52.619,57.16,1.0054,0,,,
asset_030,2026-04-21T00:00:00,3.0811,69.897,43.767,0.9862,0,,,
asset_031,2026-04-21T00:00:00,2.3471,71.677,50.173,1.101,0,,,
asset_032,2026-04-21T00:00:00,3.2257,57.474,44.141,0.8874,0,,,
asset_033,2026-04-21T00:00:00,2.1174,73.519,40.631,0.9692,0,,,
asset_034,2026-04-21T00:00:00,0.8849,68.413,57.449,0.9595,0,,,
asset_035,2026-04-21T00:00:00,2.7618,68.041,49.221,1.0002,0,,,
asset_036,2026-04-21T00:00:00,1.5242,58.11,56.111,0.9731,0,,,
asset_037,2026-04-21T00:00:00,2.1111,59.404,42.316,0.9645,0,,,
asset_038,2026-04-21T00:00:00,0.7925,72.914,40.384,1.0607,0,,,
asset_039,2026-04-21T00:00:00,3.4759,79.651,51.469,0.8929,0,,,
asset_000,2026-04-21T06:00:00,2.3674,60.25,43.738,0.9294,1,,,
asset_001,2026-04-21T06:00:00,1.6022,63.467,56.759,1.0712,0,,,
asset_002,2026-04-21T06:00:00,2.9332,76.814,43.2,1.0063,0,,,
asset_003,2026-04-21T06:00:00,1.2225,64.214,40.125,0.9873,0,,,
asset_004,2026-04-21T06:00:00,1.1193,63.602,54.329,1.027,1,,,
asset_005,2026-04-21T06:00:00,1.2293,55.465,47.403,1.0317,0,,,
asset_006,2026-04-21T06:00:00,1.0745,51.625,51.339,1.0606,1,,,
asset_007,2026-04-21T06:00:00,0.785,68.383,59.855,0.9966,0,,,
asset_008,2026-04-21T06:00:00,2.4413,78.589,51.537,1.0579,0,,,
asset_009,2026-04-21T06:00:00,1.8686,65.711,41.456,1.0336,0,,,
asset_010,2026-04-21T06:00:00,1.0118,68.205,40.8,0.9676,0,,,
asset_011,2026-04-21T06:00:00,1.0448,60.648,44.329,1.0054,0,,,
asset_012,2026-04-21T06:00:00,1.5159,55.366,58.653,1.089,0,,,
asset_013,2026-04-21T06:00:00,1.2927,70.069,52.184,0.9525,0,,,
asset_014,2026-04-21T06:00:00,3.0238,64.494,60.048,1.1323,0,,,
asset_015,2026-04-21T06:00:00,3.2878,69.026,47.622,1.1194,0,,,
asset_015,2026-04-21T06:00:00,,,,,,failure,2026-04-21T06:00:00,2026-04-21T10:00:00
asset_016,2026-04-21T06:00:00,1.4939,80.11,53.987,0.9668,0,,,
asset_017,2026-04-21T06:00:00,2.5044,64.916,53.209,0.9614,0,,,
asset_018,2026-04-21T06:00:00,1.0722,66.431,53.076,1.0816,0,,,
asset_019,2026-04-21T06:00:00,1.1659,58.277,55.884,0.9339,0,,,
asset_020,2026-04-21T06:00:00,2.8695,69.113,56.34,0.9848,0,,,
asset_021,2026-04-21T06:00:00,1.6656,57.434,43.186,0.9344,0,,,
asset_022,2026-04-21T06:00:00,1.1362,59.45,52.6,0.9815,0,,,
asset_023,2026-04-21T06:00:00,1.416,53.403,41.119,1.042,1,,,
asset_024,2026-04-21T06:00:00,1.078,75.029,41.509,0.8853,0,,,
asset_025,2026-04-21T06:00:00,2.9034,69.158,54.704,0.9701,0,,,
asset_026,2026-04-21T06:00:00,1.7761,59.141,53.909,1.0021,0,,,
asset_027,2026-04-21T06:00:00,2.5305,67.67,47.289,1.0473,0,,,
asset_028,2026-04-21T06:00:00,1.569,62.975,57.438,0.9708,0,,,
asset_029,2026-04-21T06:00:00,1.0914,53.223,44.908,0.9989,0,,,
asset_030,2026-04-21T06:00:00,3.2459,72.858,54.035,0.9999,0,,,
asset_031,2026-04-21T06:00:00,2.0821,69.809,57.366,1.1222,0,,,
asset_032,2026-04-21T06:00:00,3.1696,55.734,48.935,0.8139,0,,,
asset_032,2026-04-21T06:00:00,,,,,,failure,2026-04-21T06:00:00,2026-04-21T10:00:00
asset_033,2026-04-21T06:00:00,2.5261,70.237,41.326,0.9947,1,,,
asset_034,2026-04-21T06:00:00,0.8553,65.857,47.617,0.9232,1,,,
asset_035,2026-04-21T06:00:00,2.8553,72.499,48.972,1.051,0,,,
asset_036,2026-04-21T06:00:00,1.9448,55.738,53.378,1.0157,0,,,
asset_037,2026-04-21T06:00:00,2.1138,63.126,45.344,0.9923,0,,,
asset_038,2026-04-21T06:00:00,0.9167,70.162,52.007,1.0466,0,,,
asset_039,2026-04-21T06:00:00,3.0313,77.866,45.693,0.9081,0,,,
asset_000,2026-04-21T12:00:00,2.1537,61.934,57.946,0.9216,0,,,
asset_001,2026-04-21T12:00:00,1.827,68.493,48.402,0.9777,0,,,
asset_002,2026-04-21T12:00:00,2.7007,71.62,47.266,1.0688,0,,,
asset_003,2026-04-21T12:00:00,1.2624,64.244,50.968,0.9988,0,,,
asset_004,2026-04-21T12:00:00,1.4094,60.09,46.452,1.0147,0,,,
asset_005,2026-04-21T12:00:00,1.2938,60.346,52.971,1.0072,0,,,
asset_006,2026-04-21T12:00:00,0.9722,51.508,53.813,0.9526,0,,,
asset_007,2026-04-21T12:00:00,0.7471,66.616,50.368,1.0845,0,,,
asset_008,2026-04-21T12:00:00,3.3201,81.911,59.182,1.0632,0,,,
asset_009,2026-04-21T12:00:00,0.6978,66.776,47.414,0.9102,0,,,
asset_010,2026-04-21T12:00:00,0.968,74.13,60.098,0.8803,1,,,
asset_011,2026-04-21T12:00:00,0.7065,60.141,45.618,0.9541,1,,,
asset_012,2026-04-21T12:00:00,1.3035,52.46,42.455,0.9738,0,,,
asset_013,2026-04-21T12:00:00,1.1721,63.173,42.862,1.1282,1,,,
asset_014,2026-04-21T12:00:00,2.6054,62.061,51.107,1.0537,0,,,
asset_015,2026-04-21T12:00:00,3.7167,65.131,41.387,1.0049,1,,,
asset_016,2026-04-21T12:00:00,1.6338,72.277,44.229,0.9629,0,,,
asset_017,2026-04-21T12:00:00,2.1812,63.679,47.88,0.9079,1,,,
asset_018,2026-04-21T12:00:00,1.367,73.248,42.234,1.0663,0,,,
asset_019,2026-04-21T12:00:00,1.5455,58.064,56.904,0.9278,0,,,
asset_020,2026-04-21T12:00:00,2.2511,76.01,46.934,0.9578,0,,,
asset_021,2026-04-21T12:00:00,1.5685,57.442,52.639,0.981,0,,,
asset_022,2026-04-21T12:00:00,1.0314,60.489,40.188,0.9897,0,,,
asset_023,2026-04-21T12:00:00,1.7585,53.516,49.418,0.953,1,,,
asset_024,2026-04-21T12:00:00,0.9176,68.934,42.387,0.972,0,,,
asset_025,2026-04-21T12:00:00,2.6706,66.567,55.265,1.1049,0,,,
asset_026,2026-04-21T12:00:00,1.2932,59.93,44.624,1.0743,0,,,
asset_027,2026-04-21T12:00:00,2.5849,72.47,44.738,1.0591,0,,,
asset_028,2026-04-21T12:00:00,1.3089,65.171,52.893,0.9299,0,,,
asset_029,2026-04-21T12:00:00,1.0169,49.621,53.117,1.0738,0,,,
asset_030,2026-04-21T12:00:00,3.2838,77.1,52.123,1.0523,0,,,
asset_031,2026-04-21T12:00:00,2.6268,69.544,49.396,1.0561,0,,,
asset_032,2026-04-21T12:00:00,3.0401,61.211,48.329,1.0079,0,,,
asset_033,2026-04-21T12:00:00,2.2897,70.436,53.53,0.954,0,,,
asset_034,2026-04-21T12:00:00,0.688,68.817,41.64,1.0559,0,,,
asset_035,2026-04-21T12:00:00,2.1191,65.238,53.052,1.0304,0,,,
asset_036,2026-04-21T12:00:00,1.1788,55.737,48.316,1.0293,0,,,
asset_037,2026-04-21T12:00:00,2.0532,59.833,41.515,1.0633,0,,,
asset_038,2026-04-21T12:00:00,1.1188,71.059,55.915,1.0813,0,,,
asset_039,2026-04-21T12:00:00,3.2146,81.133,56.066,0.9653,0,,,
asset_000,2026-04-21T18:00:00,2.2228,55.369,57.135,1.059,0,,,
asset_001,2026-04-21T18:00:00,1.3824,70.594,51.468,1.1291,0,,,
asset_002,2026-04-21T18:00:00,2.4639,73.118,40.78,0.9726,1,,,
asset_003,2026-04-21T18:00:00,1.6533,60.68,42.959,0.8326,0,,,
asset_004,2026-04-21T18:00:00,1.3689,65.105,58.228,0.9495,0,,,
asset_005,2026-04-21T18:00:00,1.3583,59.845,56.469,0.9145,0,,,
asset_006,2026-04-21T18:00:00,0.6562,49.191,48.154,1.1271,0,,,
asset_007,2026-04-21T18:00:00,1.2838,68.135,48.647,0.8689,1,,,
asset_008,2026-04-21T18:00:00,2.3659,74.94,56.684,0.9053,1,,,
asset_009,2026-04-21T18:00:00,1.4002,67.065,52.413,1.0245,0,,,
asset_010,2026-04-21T18:00:00,1.3055,65.161,43.428,0.9258,0,,,
asset_011,2026-04-21T18:00:00,0.379,59.394,55.469,1.0459,0,,,
asset_012,2026-04-21T18:00:00,1.3812,50.565,44.139,1.0677,0,,,
asset_013,2026-04-21T18:00:00,1.1279,60.515,50.063,0.898,0,,,
asset_014,2026-04-21T18:00:00,2.6629,66.438,58.048,0.9889,0,,,
asset_015,2026-04-21T18:00:00,3.0614,68.3,43.873,1.0731,0,,,
asset_016,2026-04-21T18:00:00,1.7579,68.857,44.272,1.1136,0,,,
asset_017,2026-04-21T18:00:00,2.3986,63.194,47.82,1.0004,0,,,
asset_018,2026-04-21T18:00:00,1.3531,68.028,47.867,0.9709,1,,,
asset_019,2026-04-21T18:00:00,1.6205,61.562,56.835,0.9706,0,,,
asset_020,2026-04-21T18:00:00,2.3051,72.132,54.388,0.9659,0,,,
asset_021,2026-04-21T18:00:00,1.6777,54.467,52.76,1.0405,0,,,
asset_022,2026-04-21T18:00:00,0.959,61.105,43.107,1.1318,0,,,
asset_023,2026-04-21T18:00:00,1.3325,53.581,43.534,1.0018,0,,,
asset_024,2026-04-21T18:00:00,1.0304,67.478,42.649,1.0198,0,,,
asset_025,2026-04-21T18:00:00,3.1347,63.75,41.959,1.0617,0,,,
asset_026,2026-04-21T18:00:00,1.5619,62.347,45.722,1.0407,0,,,
asset_027,2026-04-21T18:00:00,2.8096,70.228,41.987,1.1475,0,,,
asset_028,2026-04-21T18:00:00,0.838,66.115,48.153,1.1021,0,,,
asset_029,2026-04-21T18:00:00,0.741,51.321,44.171,1.0531,0,,,
asset_030,2026-04-21T18:00:00,3.185,75.236,47.914,1.0146,0,,,
asset_031,2026-04-21T18:00:00,1.9406,70.476,53.051,1.0396,0,,,
asset_032,2026-04-21T18:00:00,2.5957,56.131,47.972,0.9926,0,,,
asset_033,2026-04-21T18:00:00,1.7048,67.89,43.736,0.9089,0,,,
asset_034,2026-04-21T18:00:00,1.0994,66.645,50.513,0.9941,0,,,
asset_035,2026-04-21T18:00:00,2.293,71.623,42.047,1.1689,0,,,
asset_036,2026-04-21T18:00:00,1.8276,55.771,46.958,1.0283,0,,,
asset_037,2026-04-21T18:00:00,1.6967,57.249,50.966,1.0009,0,,,
asset_038,2026-04-21T18:00:00,1.0355,72.256,44.099,0.9596,0,,,
asset_039,2026-04-21T18:00:00,3.4461,80.009,50.856,1.1241,0,,,
asset_000,2026-04-22T00:00:00,2.049,65.09,42.324,0.9899,0,,,
asset_001,2026-04-22T00:00:00,1.7683,61.844,47.764,1.0476,0,,,
asset_002,2026-04-22T00:00:00,2.4792,74.451,56.553,0.9906,0,,,
asset_003,2026-04-22T00:00:00,1.7032,65.715,55.904,1.0007,0,,,
asset_004,2026-04-22T00:00:00,1.5366,60.005,52.844,1.046,0,,,
asset_005,2026-04-22T00:00:00,1.4697,66.528,51.529,1.1087,0,,,
asset_006,2026-04-22T00:00:00,1.1198,52.102,41.074,1.0152,0,,,
asset_007,2026-04-22T00:00:00,0.6553,68.051,58.134,0.9522,0,,,
asset_008,2026-04-22T00:00:00,2.9858,75.361,45.325,1.1007,0,,,
asset_009,2026-04-22T00:00:00,1.0652,63.88,44.326,1.0179,0,,,
asset_010,2026-04-22T00:00:00,1.2666,66.581,58.626,1.0886,1,,,
asset_011,2026-04-22T00:00:00,1.1134,58.501,56.613,0.9351,0,,,
asset_012,2026-04-22T00:00:00,1.2572,54.608,60.259,0.9455,0,,,
asset_013,2026-04-22T00:00:00,0.8417,66.046,56.421,1.0802,0,,,
asset_014,2026-04-22T00:00:00,3.4461,62.561,54.684,1.0495,0,,,
asset_015,2026-04-22T00:00:00,3.0553,69.385,45.926,0.973,0,,,
asset_016,2026-04-22T00:00:00,2.0762,76.868,59.804,1.145,0,,,
asset_017,2026-04-22T00:00:00,2.5981,67.951,47.614,1.0623,0,,,
asset_018,2026-04-22T00:00:00,1.315,69.888,48.51,0.9437,0,,,
asset_019,2026-04-22T00:00:00,1.1363,57.999,49.824,0.8898,0,,,
asset_020,2026-04-22T00:00:00,3.3005,75.177,59.088,0.9396,0,,,
asset_021,2026-04-22T00:00:00,1.3833,53.718,43.827,1.0824,1,,,
asset_022,2026-04-22T00:00:00,0.8228,62.853,51.364,1.1396,0,,,
asset_023,2026-04-22T00:00:00,1.1072,54.915,53.803,0.9369,1,,,
asset_024,2026-04-22T00:00:00,1.5753,74.249,56.833,0.9186,0,,,
asset_025,2026-04-22T00:00:00,3.0376,66.503,42.439,0.9229,0,,,
asset_026,2026-04-22T00:00:00,1.7145,57.758,57.999,1.0774,0,,,
asset_027,2026-04-22T00:00:00,2.5684,71.635,58.192,1.032,1,,,
asset_028,2026-04-22T00:00:00,1.5546,64.184,41.913,0.9371,0,,,
asset_029,2026-04-22T00:00:00,0.6792,53.348,57.179,0.8664,0,,,
asset_030,2026-04-22T00:00:00,2.9746,69.683,57.331,1.0526,1,,,
asset_031,2026-04-22T00:00:00,2.3804,71.82,39.995,0.9413,0,,,
asset_032,2026-04-22T00:00:00,3.5706,60.103,44.409,1.0448,0,,,
asset_033,2026-04-22T00:00:00,2.4901,71.519,56.596,0.8546,0,,,
asset_034,2026-04-22T00:00:00,1.5787,66.926,54.163,0.8907,0,,,
asset_035,2026-04-22T00:00:00,3.1187,70.511,43.927,0.9278,0,,,
asset_036,2026-04-22T00:00:00,1.1295,56.707,57.182,1.0462,0,,,
asset_037,2026-04-22T00:00:00,1.9928,60.549,44.11,0.993,0,,,
asset_038,2026-04-22T00:00:00,1.2672,65.976,44.595,0.9722,0,,,
asset_039,2026-04-22T00:00:00,4.0689,83.309,48.154,0.9893,0,,,
asset_000,2026-04-22T06:00:00,2.1847,65.144,56.227,0.9259,0,,,
asset_001,2026-04-22T06:00:00,1.799,65.538,56.002,1.0351,0,,,
asset_002,2026-04-22T06:00:00,2.8953,79.159,59.247,0.9909,0,,,
asset_003,2026-04-22T06:00:00,1.867,58.718,58.554,0.9977,0,,,
asset_004,2026-04-22T06:00:00,1.2897,61.438,50.976,0.9318,0,,,
asset_005,2026-04-22T06:00:00,1.5887,58.767,47.012,0.8294,0,,,
asset_006,2026-04-22T06:00:00,1.1606,54.909,43.178,1.1382,0,,,
asset_007,2026-04-22T06:00:00,0.7943,70.811,55.338,0.9414,0,,,
asset_008,2026-04-22T06:00:00,2.7396,79.472,55.796,0.8889,1,,,
asset_009,2026-04-22T06:00:00,1.3742,65.844,42.342,1.0449,0,,,
asset_010,2026-04-22T06:00:00,1.2564,65.196,43.93,0.9074,0,,,
asset_011,2026-04-22T06:00:00,1.1779,61.255,53.058,0.8111,0,,,
asset_012,2026-04-22T06:00:00,1.2953,59.636,43.902,1.0505,0,,,
asset_013,2026-04-22T06:00:00,1.3989,68.233,57.127,1.0125,0,,,
asset_014,2026-04-22T06:00:00,3.1664,64.988,40.597,1.1064,0,,,
asset_015,2026-04-22T06:00:00,3.7285,69.619,61.138,0.9211,1,,,
asset_016,2026-04-22T06:00:00,1.7039,75.221,50.519,0.9332,0,,,
asset_017,2026-04-22T06:00:00,2.873,64.208,50.148,1.1596,0,,,
asset_018,2026-04-22T06:00:00,0.9382,68.875,39.675,0.9421,0,,,
asset_019,2026-04-22T06:00:00,2.1635,56.627,40.511,0.9155,0,,,
asset_020,2026-04-22T06:00:00,3.3843,76.678,41.204,0.9846,0,,,
asset_021,2026-04-22T06:00:00,1.3366,56.518,55.997,1.0474,0,,,
asset_022,2026-04-22T06:00:00,0.7749,61.844,52.104,0.9002,1,,,
asset_023,2026-04-22T06:00:00,1.3995,52.86,41.001,1.0334,0,,,
asset_024,2026-04-22T06:00:00,1.2428,76.721,40.718,0.9931,0,,,
asset_025,2026-04-22T06:00:00,3.0035,70.473,51.413,0.9983,0,,,
asset_026,2026-04-22T06:00:00,1.6799,62.04,50.083,0.9423,0,,,
asset_027,2026-04-22T06:00:00,3.0261,73.512,42.942,1.0833,0,,,
asset_028,2026-04-22T06:00:00,1.6273,63.858,51.048,0.8643,0,,,
asset_029,2026-04-22T06:00:00,0.92,53.862,48.444,0.9983,1,,,
asset_030,2026-04-22T06:00:00,3.1521,72.125,49.489,1.017,0,,,
asset_031,2026-04-22T06:00:00,2.5085,73.336,49.106,1.0253,0,,,
asset_032,2026-04-22T06:00:00,2.7469,60.939,39.313,0.9834,0,,,
asset_033,2026-04-22T06:00:00,2.5838,68.11,59.442,1.0481,0,,,
asset_033,2026-04-22T06:00:00,,,,,,failure,2026-04-22T06:00:00,2026-04-22T10:00:00
asset_034,2026-04-22T06:00:00,1.2624,65.596,57.615,0.9324,0,,,
asset_035,2026-04-22T06:00:00,2.8338,67.38,40.119,0.9672,0,,,
asset_036,2026-04-22T06:00:00,0.7662,53.163,49.075,0.8849,0,,,
asset_037,2026-04-22T06:00:00,1.6004,58.77,42.267,0.9114,0,,,
asset_038,2026-04-22T06:00:00,0.8309,68.272,58.812,0.9409,0,,,
asset_039,2026-04-22T06:00:00,3.4868,80.997,44.58,1.1002,0,,,
asset_000,2026-04-22T12:00:00,1.6712,57.941,51.063,1.0042,0,,,
asset_001,2026-04-22T12:00:00,1.7228,66.981,40.504,1.0396,0,,,
asset_002,2026-04-22T12:00:00,3.0811,75.861,46.722,1.0902,1,,,
asset_003,2026-04-22T12:00:00,1.5824,63.211,41.799,0.9515,1,,,
asset_004,2026-04-22T12:00:00,1.3846,60.764,42.764,0.9155,0,,,
asset_005,2026-04-22T12:00:00,1.5633,58.965,49.761,0.9656,0,,,
asset_006,2026-04-22T12:00:00,1.3995,53.223,57.614,1.0518,0,,,
asset_007,2026-04-22T12:00:00,0.6957,68.863,40.403,1.0639,0,,,
asset_008,2026-04-22T12:00:00,2.8086,77.642,56.428,1.0728,0,,,
asset_009,2026-04-22T12:00:00,1.3319,65.281,46.598,0.994,0,,,
asset_010,2026-04-22T12:00:00,1.1167,70.763,44.458,1.121,1,,,
asset_011,2026-04-22T12:00:00,1.1025,61.792,52.537,0.9813,0,,,
asset_012,2026-04-22T12:00:00,1.7633,55.606,38.5,0.9462,0,,,
asset_013,2026-04-22T12:00:00,1.2133,67.158,58.734,0.8567,0,,,
asset_014,2026-04-22T12:00:00,2.7286,65.299,42.808,1.0093,0,,,
asset_015,2026-04-22T12:00:00,3.7319,71.245,44.635,1.0377,0,,,
asset_016,2026-04-22T12:00:00,1.9221,76.647,54.37,0.9508,1,,,
asset_017,2026-04-22T12:00:00,2.203,64.386,41.179,0.9007,0,,,
asset_018,2026-04-22T12:00:00,1.1596,69.154,45.019,0.9612,0,,,
asset_019,2026-04-22T12:00:00,1.441,59.517,46.695,0.9527,0,,,
asset_020,2026-04-22T12:00:00,2.8911,78.885,47.166,0.9835,1,,,
asset_021,2026-04-22T12:00:00,1.5965,56.492,53.48,0.9634,0,,,
asset_022,2026-04-22T12:00:00,1.131,59.361,41.836,0.888,0,,,
asset_023,2026-04-22T12:00:00,1.7529,51.446,51.594,1.1278,0,,,
asset_024,2026-04-22T12:00:00,1.3885,75.099,59.648,1.0936,0,,,
asset_025,2026-04-22T12:00:00,2.7179,62.133,56.507,0.9747,0,,,
asset_026,2026-04-22T12:00:00,1.5375,58.999,51.263,1.0029,0,,,
asset_027,2026-04-22T12:00:00,3.1073,72.68,40.707,0.9411,0,,,
asset_028,2026-04-22T12:00:00,1.4371,66.827,53.62,0.886,1,,,
asset_029,2026-04-22T12:00:00,1.4479,51.542,45.746,1.1605,0,,,
asset_030,2026-04-22T12:00:00,3.2209,73.419,42.876,1.0336,0,,,
asset_031,2026-04-22T12:00:00,2.224,71.368,48.039,1.078,0,,,
asset_032,2026-04-22T12:00:00,2.5544,61.158,43.911,1.0123,1,,,
asset_033,2026-04-22T12:00:00,2.3612,70.126,55.287,1.1482,0,,,
asset_034,2026-04-22T12:00:00,0.8978,68.516,48.968,0.9878,0,,,
asset_035,2026-04-22T12:00:00,2.7316,70.652,57.267,1.0111,1,,,
asset_036,2026-04-22T12:00:00,1.4395,55.325,39.105,1.0301,0,,,
asset_037,2026-04-22T12:00:00,2.6042,62.784,44.814,0.9308,0,,,
asset_038,2026-04-22T12:00:00,1.2495,69.727,49.651,0.9591,0,,,
asset_039,2026-04-22T12:00:00,3.0303,72.468,54.852,0.9012,0,,,
asset_000,2026-04-22T18:00:00,2.3614,60.286,43.073,1.0263,1,,,
asset_001,2026-04-22T18:00:00,1.4934,66.057,54.87,1.0246,0,,,
asset_002,2026-04-22T18:00:00,2.9045,72.949,52.451,1.1251,0,,,
asset_003,2026-04-22T18:00:00,1.4919,57.893,47.977,0.9217,0,,,
asset_004,2026-04-22T18:00:00,1.0724,64.908,47.572,1.1418,1,,,
asset_005,2026-04-22T18:00:00,1.5737,55.347,40.573,0.9654,0,,,
asset_006,2026-04-22T18:00:00,1.2221,56.072,57.345,0.9768,0,,,
asset_007,2026-04-22T18:00:00,0.68,72.221,49.882,1.0157,0,,,
asset_008,2026-04-22T18:00:00,3.0493,80.807,45.608,1.0998,0,,,
asset_009,2026-04-22T18:00:00,0.8677,66.353,53.763,1.0603,0,,,
asset_010,2026-04-22T18:00:00,1.1319,65.703,47.504,0.9727,0,,,
asset_011,2026-04-22T18:00:00,1.0692,62.859,56.925,0.8946,0,,,
asset_012,2026-04-22T18:00:00,1.2293,56.007,59.48,1.0387,0,,,
asset_013,2026-04-22T18:00:00,1.4489,68.291,44.47,0.9904,0,,,
asset_014,2026-04-22T18:00:00,2.6353,62.725,41.75,0.8488,0,,,
asset_015,2026-04-22T18:00:00,3.932,66.946,51.866,0.9321,1,,,
asset_016,2026-04-22T18:00:00,1.6968,78.124,54.821,0.9104,0,,,
asset_017,2026-04-22T18:00:00,2.8383,65.279,56.823,0.9955,0,,,
asset_018,2026-04-22T18:00:00,1.2855,71.491,54.151,1.0897,0,,,
asset_019,2026-04-22T18:00:00,1.347,58.72,42.435,1.0215,0,,,
asset_020,2026-04-22T18:00:00,3.1916,76.567,48.279,1.0061,0,,,
asset_021,2026-04-22T18:00:00,1.3889,54.305,59.165,1.0578,0,,,
asset_022,2026-04-22T18:00:00,0.9977,61.335,41.902,0.9604,0,,,
asset_023,2026-04-22T18:00:00,1.6402,52.783,52.35,1.1181,1,,,
asset_024,2026-04-22T18:00:00,1.6372,72.599,55.396,0.943,0,,,
asset_025,2026-04-22T18:00:00,3.0262,66.302,43.757,0.9376,0,,,
asset_026,2026-04-22T18:00:00,1.5643,59.872,42.949,0.9431,0,,,
asset_027,2026-04-22T18:00:00,3.5328,75.392,51.645,1.0063,0,,,
asset_028,2026-04-22T18:00:00,1.1288,63.016,57.791,1.0385,0,,,
asset_029,2026-04-22T18:00:00,0.817,52.658,53.0,0.8775,0,,,
asset_030,2026-04-22T18:00:00,3.1394,73.305,60.044,0.9786,0,,,
asset_031,2026-04-22T18:00:00,2.0907,70.167,38.676,1.0473,0,,,
asset_032,2026-04-22T18:00:00,3.0256,56.477,41.488,0.9187,0,,,
asset_033,2026-04-22T18:00:00,1.8787,70.117,45.306,0.9932,0,,,
asset_034,2026-04-22T18:00:00,0.8791,67.262,43.318,1.0704,0,,,
asset_035,2026-04-22T18:00:00,2.6435,65.005,55.783,1.0335,0,,,
asset_036,2026-04-22T18:00:00,1.2894,57.641,49.296,0.9072,0,,,
asset_037,2026-04-22T18:00:00,2.1607,61.179,46.036,1.0389,0,,,
asset_038,2026-04-22T18:00:00,0.9446,68.794,54.215,1.0345,0,,,
asset_039,2026-04-22T18:00:00,3.4818,77.347,39.72,0.9155,0,,,
asset_000,2026-04-23T00:00:00,2.6399,60.383,50.021,0.9746,0,,,
asset_001,2026-04-23T00:00:00,2.2587,66.868,41.035,0.9122,0,,,
asset_002,2026-04-23T00:00:00,3.0762,78.409,49.394,1.2061,0,,,
asset_003,2026-04-23T00:00:00,1.1664,63.994,38.812,1.153,1,,,
asset_004,2026-04-23T00:00:00,0.897,60.639,54.525,1.0598,0,,,
asset_005,2026-04-23T00:00:00,1.2823,57.377,56.752,1.0716,0,,,
asset_006,2026-04-23T00:00:00,1.2185,55.987,52.527,0.9508,0,,,
asset_007,2026-04-23T00:00:00,0.8169,69.674,48.284,0.9954,0,,,
asset_008,2026-04-23T00:00:00,2.5234,79.428,45.028,0.9293,0,,,
asset_009,2026-04-23T00:00:00,1.3708,63.258,52.273,0.9304,0,,,
asset_010,2026-04-23T00:00:00,1.1812,68.885,49.516,1.0058,0,,,
asset_011,2026-04-23T00:00:00,1.2694,58.655,58.422,0.8926,0,,,
asset_012,2026-04-23T00:00:00,1.8208,55.908,57.607,0.8885,0,,,
asset_013,2026-04-23T00:00:00,1.541,63.528,47.771,0.8919,0,,,
asset_014,2026-04-23T00:00:00,2.9767,66.195,42.272,0.9006,0,,,
asset_015,2026-04-23T00:00:00,3.5647,68.314,50.016,0.9054,0,,,
asset_016,2026-04-23T00:00:00,2.0052,84.557,47.48,1.0616,0,,,
asset_017,2026-04-23T00:00:00,2.8263,65.932,52.409,0.9359,0,,,
asset_018,2026-04-23T00:00:00,1.3373,70.897,51.492,0.9883,0,,,
asset_019,2026-04-23T00:00:00,1.5888,57.464,59.03,0.9192,0,,,
asset_020,2026-04-23T00:00:00,3.2988,78.235,55.754,0.9947,0,,,
asset_021,2026-04-23T00:00:00,1.8853,54.062,58.587,1.0973,0,,,
asset_022,2026-04-23T00:00:00,1.1916,62.743,50.498,0.9913,0,,,
asset_023,2026-04-23T00:00:00,1.5957,52.691,49.404,1.0534,0,,,
asset_024,2026-04-23T00:00:00,1.2917,75.272,54.551,0.9488,0,,,
asset_025,2026-04-23T00:00:00,3.0751,67.327,41.107,1.0995,0,,,
asset_026,2026-04-23T00:00:00,1.6529,58.02,55.661,0.9551,0,,,
asset_027,2026-04-23T00:00:00,2.4014,73.235,42.552,1.0135,0,,,
asset_028,2026-04-23T00:00:00,1.0084,60.179,46.6,0.9274,0,,,
asset_029,2026-04-23T00:00:00,0.5534,54.464,43.802,0.9975,1,,,
asset_030,2026-04-23T00:00:00,2.6534,68.599,39.042,0.9515,0,,,
asset_031,2026-04-23T00:00:00,2.0049,73.372,50.858,0.9365,0,,,
asset_032,2026-04-23T00:00:00,2.7431,58.865,49.558,0.9805,0,,,
asset_033,2026-04-23T00:00:00,2.5903,69.065,43.123,1.0448,0,,,
asset_034,2026-04-23T00:00:00,0.9524,68.055,41.584,0.8828,0,,,
asset_035,2026-04-23T00:00:00,2.8819,71.84,40.877,1.0193,0,,,
asset_036,2026-04-23T00:00:00,1.6278,58.434,44.289,0.9946,0,,,
asset_037,2026-04-23T00:00:00,2.9427,60.413,45.656,0.9835,0,,,
asset_038,2026-04-23T00:00:00,1.5268,70.954,47.91,1.01,0,,,
asset_039,2026-04-23T00:00:00,3.1298,80.514,50.954,1.0694,0,,,
asset_000,2026-04-23T06:00:00,2.6824,65.518,43.776,1.0344,0,,,
asset_001,2026-04-23T06:00:00,1.8417,63.68,43.225,1.1032,0,,,
asset_002,2026-04-23T06:00:00,2.9521,74.592,52.803,0.9686,1,,,
asset_003,2026-04-23T06:00:00,1.5144,59.222,54.839,1.1,0,,,
asset_004,2026-04-23T06:00:00,1.2549,62.055,47.37,1.0061,0,,,
asset_005,2026-04-23T06:00:00,1.8331,56.459,43.371,0.9587,0,,,
asset_006,2026-04-23T06:00:00,1.1599,56.599,46.65,1.1093,1,,,
asset_007,2026-04-23T06:00:00,0.806,68.792,48.148,0.9035,0,,,
asset_008,2026-04-23T06:00:00,2.4127,83.006,44.331,1.0099,0,,,
asset_009,2026-04-23T06:00:00,1.4711,64.837,44.414,1.0832,0,,,
asset_010,2026-04-23T06:00:00,1.0479,65.261,48.7,0.9861,0,,,
asset_011,2026-04-23T06:00:00,0.5764,63.297,47.411,1.0771,0,,,
asset_012,2026-04-23T06:00:00,1.8846,54.065,44.327,0.9136,0,,,
asset_013,2026-04-23T06:00:00,1.4127,63.56,51.378,1.0415,0,,,
asset_014,2026-04-23T06:00:00,3.2685,67.281,40.921,0.9759,0,,,
asset_015,2026-04-23T06:00:00,3.0848,68.95,43.522,1.0779,0,,,
asset_016,2026-04-23T06:00:00,2.2436,82.21,46.058,0.9728,0,,,
asset_016,2026-04-23T06:00:00,,,,,,failure,2026-04-23T06:00:00,2026-04-23T10:00:00
asset_017,2026-04-23T06:00:00,3.0615,67.957,58.53,0.843,1,,,
asset_018,2026-04-23T06:00:00,1.1331,70.307,45.59,0.9884,0,,,
asset_019,2026-04-23T06:00:00,1.3027,55.998,39.118,1.0587,0,,,
asset_020,2026-04-23T06:00:00,4.4054,75.953,54.108,0.9548,0,,,
asset_020,2026-04-23T06:00:00,,,,,,failure,2026-04-23T06:00:00,2026-04-23T10:00:00
asset_021,2026-04-23T06:00:00,1.5748,56.067,51.022,0.893,0,,,
asset_022,2026-04-23T06:00:00,0.9197,63.096,53.599,0.9582,0,,,
asset_023,2026-04-23T06:00:00,1.8035,48.822,52.444,1.0496,0,,,
asset_024,2026-04-23T06:00:00,0.9301,76.255,43.188,1.0583,0,,,
asset_025,2026-04-23T06:00:00,3.2003,65.402,42.16,0.9236,0,,,
asset_026,2026-04-23T06:00:00,1.6627,59.44,54.413,1.0161,0,,,
asset_027,2026-04-23T06:00:00,2.5568,69.502,57.068,1.0584,0,,,
asset_028,2026-04-23T06:00:00,1.2536,63.29,46.199,0.899,0,,,
asset_029,2026-04-23T06:00:00,1.0283,51.451,56.268,0.9951,0,,,
asset_030,2026-04-23T06:00:00,2.8611,74.309,57.259,0.9783,0,,,
asset_031,2026-04-23T06:00:00,2.621,69.718,41.132,0.9313,0,,,
asset_032,2026-04-23T06:00:00,2.5762,58.631,43.841,1.1784,0,,,
asset_033,2026-04-23T06:00:00,2.4349,68.02,54.65,1.1055,1,,,
asset_034,2026-04-23T06:00:00,0.4712,67.765,41.525,1.1307,0,,,
asset_035,2026-04-23T06:00:00,2.4402,67.436,58.579,1.0768,0,,,
asset_036,2026-04-23T06:00:00,2.1245,58.052,50.172,0.8614,1,,,
asset_037,2026-04-23T06:00:00,2.3438,63.193,58.438,1.0047,0,,,
asset_037,2026-04-23T06:00:00,,,,,,failure,2026-04-23T06:00:00,2026-04-23T10:00:00
asset_038,2026-04-23T06:00:00,1.6694,71.784,46.062,1.0671,0,,,
asset_039,2026-04-23T06:00:00,2.8991,77.185,39.728,0.9457,0,,,
asset_000,2026-04-23T12:00:00,2.5451,58.457,51.628,1.0453,0,,,
asset_001,2026-04-23T12:00:00,2.0415,63.138,51.947,1.0315,0,,,
asset_002,2026-04-23T12:00:00,2.2078,73.386,54.977,0.8513,0,,,
asset_003,2026-04-23T12:00:00,1.3225,59.76,51.692,1.0243,0,,,
asset_004,2026-04-23T12:00:00,1.074,65.507,51.433,0.8997,0,,,
asset_005,2026-04-23T12:00:00,1.5269,57.345,43.761,1.0129,0,,,
asset_006,2026-04-23T12:00:00,0.9363,48.366,48.558,0.861,0,,,
asset_007,2026-04-23T12:00:00,0.7104,67.786,47.248,1.1508,0,,,
asset_008,2026-04-23T12:00:00,2.8811,84.595,61.893,1.157,1,,,
asset_009,2026-04-23T12:00:00,1.1839,69.004,43.912,0.8656,0,,,
asset_010,2026-04-23T12:00:00,0.9767,69.887,47.603,0.9268,0,,,
asset_011,2026-04-23T12:00:00,1.4183,60.384,40.888,0.8789,0,,,
asset_012,2026-04-23T12:00:00,1.6002,56.527,51.039,1.0327,0,,,
asset_013,2026-04-23T12:00:00,1.5799,63.872,57.781,0.8981,0,,,
asset_014,2026-04-23T12:00:00,2.7969,65.057,58.31,1.0191,0,,,
asset_015,2026-04-23T12:00:00,3.198,65.455,44.631,1.0302,0,,,
asset_016,2026-04-23T12:00:00,2.0763,74.687,47.19,0.8903,0,,,
asset_017,2026-04-23T12:00:00,2.878,67.156,60.857,1.0236,1,,,
asset_018,2026-04-23T12:00:00,1.2273,64.994,39.895,1.0307,0,,,
asset_019,2026-04-23T12:00:00,1.2871,55.698,46.039,1.0779,0,,,
asset_020,2026-04-23T12:00:00,3.8037,78.177,54.002,1.008,0,,,
asset_021,2026-04-23T12:00:00,1.933,59.206,44.334,1.0136,0,,,
asset_022,2026-04-23T12:00:00,0.7483,60.417,51.818,1.1102,0,,,
asset_023,2026-04-23T12:00:00,1.7923,53.45,57.973,0.9309,0,,,
asset_024,2026-04-23T12:00:00,0.9555,66.795,42.803,1.0876,0,,,
asset_025,2026-04-23T12:00:00,2.7708,65.972,50.737,1.0089,0,,,
asset_026,2026-04-23T12:00:00,1.0592,60.23,51.928,0.9223,0,,,
asset_027,2026-04-23T12:00:00,3.2996,72.828,54.989,0.8737,0,,,
asset_028,2026-04-23T12:00:00,1.237,65.435,52.431,1.1285,0,,,
asset_029,2026-04-23T12:00:00,1.1878,51.067,52.348,1.0497,0,,,
asset_030,2026-04-23T12:00:00,3.5598,72.821,45.14,0.9795,1,,,
asset_031,2026-04-23T12:00:00,2.1036,72.475,54.234,0.9304,1,,,
asset_032,2026-04-23T12:00:00,3.1409,58.527,51.333,0.9732,0,,,
asset_033,2026-04-23T12:00:00,2.6448,71.133,43.316,1.0876,0,,,
asset_034,2026-04-23T12:00:00,1.1822,66.736,59.903,1.0237,1,,,
asset_035,2026-04-23T12:00:00,2.1525,69.382,45.935,1.0636,0,,,
asset_036,2026-04-23T12:00:00,1.476,57.078,53.966,0.9673,0,,,
asset_037,2026-04-23T12:00:00,2.531,63.187,50.675,0.914,0,,,
asset_038,2026-04-23T12:00:00,0.8278,71.4,60.792,1.0825,0,,,
asset_039,2026-04-23T12:00:00,3.2916,80.331,52.379,1.0215,0,,,
asset_000,2026-04-23T18:00:00,2.1514,59.736,44.039,0.9454,0,,,
asset_001,2026-04-23T18:00:00,2.1211,68.476,50.62,0.9343,0,,,
asset_002,2026-04-23T18:00:00,2.9503,77.604,39.745,1.0301,0,,,
asset_003,2026-04-23T18:00:00,1.7212,63.012,44.099,1.0998,0,,,
asset_004,2026-04-23T18:00:00,1.5918,62.062,49.309,0.8825,0,,,
asset_005,2026-04-23T18:00:00,1.5611,56.88,58.643,0.962,0,,,
asset_006,2026-04-23T18:00:00,1.0666,51.797,41.476,0.9249,1,,,
asset_007,2026-04-23T18:00:00,0.9225,60.887,54.052,1.0004,0,,,
asset_008,2026-04-23T18:00:00,2.1739,76.814,55.971,0.8765,1,,,
asset_009,2026-04-23T18:00:00,1.5051,63.104,57.553,1.0468,0,,,
asset_010,2026-04-23T18:00:00,1.2436,69.992,48.96,0.9235,0,,,
asset_011,2026-04-23T18:00:00,1.0246,59.526,52.993,1.1267,0,,,
asset_012,2026-04-23T18:00:00,1.8616,59.353,44.547,1.0212,0,,,
asset_013,2026-04-23T18:00:00,1.0084,63.791,49.944,1.0087,0,,,
asset_014,2026-04-23T18:00:00,3.0114,61.267,52.701,1.082,0,,,
asset_015,2026-04-23T18:00:00,3.1466,68.642,55.728,1.1228,0,,,
asset_016,2026-04-23T18:00:00,2.2522,80.019,52.824,1.1884,0,,,
asset_017,2026-04-23T18:00:00,2.4524,65.452,46.835,0.9012,0,,,
asset_018,2026-04-23T18:00:00,1.4369,64.358,43.987,0.8759,0,,,
asset_019,2026-04-23T18:00:00,1.2563,62.951,47.189,0.9092,1,,,
asset_020,2026-04-23T18:00:00,2.9266,78.127,47.72,1.0315,0,,,
asset_021,2026-04-23T18:00:00,1.8238,56.46,46.586,1.0202,0,,,
asset_022,2026-04-23T18:00:00,0.979,61.33,50.092,1.0333,0,,,
asset_023,2026-04-23T18:00:00,1.6868,52.264,44.804,0.9863,0,,,
asset_024,2026-04-23T18:00:00,1.6939,74.817,44.828,1.0173,0,,,
asset_025,2026-04-23T18:00:00,2.9754,68.388,51.711,0.9915,0,,,
asset_026,2026-04-23T18:00:00,1.4122,60.362,55.313,0.8808,0,,,
asset_027,2026-04-23T18:00:00,2.901,70.324,45.16,0.9916,1,,,
asset_028,2026-04-23T18:00:00,1.0298,66.328,45.298,1.0705,0,,,
asset_029,2026-04-23T18:00:00,0.3868,52.707,42.431,0.9943,0,,,
asset_030,2026-04-23T18:00:00,3.0904,77.223,51.421,0.9921,0,,,
asset_031,2026-04-23T18:00:00,2.1114,71.932,57.625,1.0745,0,,,
asset_032,2026-04-23T18:00:00,2.754,55.94,43.682,1.0072,0,,,
asset_033,2026-04-23T18:00:00,2.3596,71.593,54.197,0.9477,0,,,
asset_034,2026-04-23T18:00:00,1.3,67.425,39.687,0.9449,0,,,
asset_035,2026-04-23T18:00:00,2.8757,72.545,41.328,1.0782,0,,,
asset_036,2026-04-23T18:00:00,1.8387,55.24,57.75,1.0325,0,,,
asset_037,2026-04-23T18:00:00,3.108,67.204,45.009,0.891,0,,,
asset_038,2026-04-23T18:00:00,0.664,67.921,43.236,1.0326,0,,,
asset_039,2026-04-23T18:00:00,2.8224,74.262,52.709,1.1064,0,,,
asset_000,2026-04-24T00:00:00,2.2519,58.514,60.301,0.9527,0,,,
asset_001,2026-04-24T00:00:00,2.2872,69.555,48.777,0.8914,0,,,
asset_002,2026-04-24T00:00:00,2.1584,70.081,56.22,0.9021,0,,,
asset_003,2026-04-24T00:00:00,1.3675,61.012,45.782,0.997,0,,,
asset_004,2026-04-24T00:00:00,0.9678,63.925,42.646,0.864,0,,,
asset_005,2026-04-24T00:00:00,1.9332,55.152,45.167,1.0094,0,,,
asset_006,2026-04-24T00:00:00,1.1152,51.284,61.097,0.9368,0,,,
asset_007,2026-04-24T00:00:00,1.0024,68.906,46.217,1.0396,0,,,
asset_008,2026-04-24T00:00:00,2.393,74.314,58.091,1.1304,0,,,
asset_009,2026-04-24T00:00:00,1.2293,64.123,53.846,1.0218,0,,,
asset_010,2026-04-24T00:00:00,0.8847,65.386,45.213,1.097,0,,,
asset_011,2026-04-24T00:00:00,0.9809,61.532,45.925,0.9473,0,,,
asset_012,2026-04-24T00:00:00,1.5241,55.481,41.904,0.9973,0,,,
asset_013,2026-04-24T00:00:00,0.7706,64.385,44.374,0.9989,0,,,
asset_014,2026-04-24T00:00:00,3.1359,66.363,59.74,0.8526,0,,,
asset_015,2026-04-24T00:00:00,3.3995,69.618,45.069,0.9892,0,,,
asset_016,2026-04-24T00:00:00,2.1835,77.806,39.903,0.9956,0,,,
asset_017,2026-04-24T00:00:00,3.5526,68.922,50.762,0.922,0,,,
asset_018,2026-04-24T00:00:00,1.3684,68.187,57.771,1.1521,1,,,
asset_019,2026-04-24T00:00:00,1.7263,56.958,51.961,1.0784,0,,,
asset_020,2026-04-24T00:00:00,3.527,76.364,55.233,0.9752,1,,,
asset_021,2026-04-24T00:00:00,2.4293,59.83,60.017,1.0876,0,,,
asset_022,2026-04-24T00:00:00,0.9021,60.842,49.559,0.924,0,,,
asset_023,2026-04-24T00:00:00,1.0973,55.202,47.086,0.9493,0,,,
asset_024,2026-04-24T00:00:00,1.7222,71.104,48.694,1.0022,0,,,
asset_025,2026-04-24T00:00:00,3.0032,67.546,41.295,0.8449,0,,,
asset_026,2026-04-24T00:00:00,1.7541,61.797,45.645,1.0467,0,,,
asset_027,2026-04-24T00:00:00,2.5516,68.109,42.972,1.1597,0,,,
asset_028,2026-04-24T00:00:00,1.052,61.276,42.895,1.1027,0,,,
asset_029,2026-04-24T00:00:00,0.8022,50.533,54.119,1.0556,0,,,
asset_030,2026-04-24T00:00:00,3.2196,72.055,44.637,1.0836,0,,,
asset_031,2026-04-24T00:00:00,2.1137,73.878,52.258,0.8783,0,,,
asset_032,2026-04-24T00:00:00,3.5108,61.267,52.352,1.0678,0,,,
asset_033,2026-04-24T00:00:00,2.4359,70.678,48.586,0.9554,0,,,
asset_034,2026-04-24T00:00:00,1.3511,67.94,55.859,1.0211,0,,,
asset_035,2026-04-24T00:00:00,2.5491,71.724,56.113,1.0942,0,,,
asset_036,2026-04-24T00:00:00,1.4607,56.041,52.691,1.0025,0,,,
asset_037,2026-04-24T00:00:00,2.8214,60.144,42.472,0.9429,0,,,
asset_038,2026-04-24T00:00:00,1.5902,73.133,47.122,1.0671,0,,,
asset_039,2026-04-24T00:00:00,3.2457,77.801,54.689,1.055,0,,,
asset_000,2026-04-24T06:00:00,2.1812,56.191,51.478,1.0245,0,,,
asset_001,2026-04-24T06:00:00,2.0491,69.574,57.413,0.9192,0,,,
asset_002,2026-04-24T06:00:00,2.7421,75.413,46.08,0.9588,0,,,
asset_003,2026-04-24T06:00:00,1.0518,64.409,51.15,0.925,0,,,
asset_004,2026-04-24T06:00:00,1.1245,64.758,44.142,1.062,0,,,
asset_005,2026-04-24T06:00:00,1.4822,55.14,54.182,1.14,0,,,
asset_006,2026-04-24T06:00:00,0.6672,50.289,51.495,0.9654,0,,,
asset_007,2026-04-24T06:00:00,1.0458,66.219,52.822,1.0148,0,,,
asset_008,2026-04-24T06:00:00,2.861,80.937,43.928,0.9415,0,,,
asset_009,2026-04-24T06:00:00,1.3831,63.261,41.172,1.1413,0,,,
asset_010,2026-04-24T06:00:00,0.9978,69.589,56.2,1.0337,0,,,
asset_011,2026-04-24T06:00:00,1.4624,59.712,46.358,0.8454,0,,,
asset_012,2026-04-24T06:00:00,1.385,57.313,56.873,1.0261,0,,,
asset_013,2026-04-24T06:00:00,1.2675,64.139,48.269,1.0048,0,,,
asset_014,2026-04-24T06:00:00,2.832,63.579,57.763,0.9339,0,,,
asset_015,2026-04-24T06:00:00,3.6503,72.063,52.347,1.0215,0,,,
asset_016,2026-04-24T06:00:00,2.1572,77.823,49.148,0.947,0,,,
asset_017,2026-04-24T06:00:00,3.1871,69.48,51.092,1.1498,0,,,
asset_018,2026-04-24T06:00:00,0.8748,67.985,52.997,1.1399,0,,,
asset_019,2026-04-24T06:00:00,1.8501,58.786,57.946,1.0039,0,,,
asset_020,2026-04-24T06:00:00,3.8544,80.04,55.524,0.888,0,,,
asset_021,2026-04-24T06:00:00,2.3006,58.11,46.734,1.0414,0,,,
asset_022,2026-04-24T06:00:00,0.6607,60.706,46.94,1.0088,0,,,
asset_023,2026-04-24T06:00:00,1.6825,54.118,46.421,1.0725,0,,,
asset_024,2026-04-24T06:00:00,1.8056,79.042,42.382,0.9952,0,,,
asset_025,2026-04-24T06:00:00,2.9383,66.988,50.527,1.0042,0,,,
asset_026,2026-04-24T06:00:00,1.6179,62.693,43.139,1.0256,0,,,
asset_027,2026-04-24T06:00:00,3.3412,70.628,46.23,0.9919,0,,,
asset_028,2026-04-24T06:00:00,1.1853,64.62,57.831,1.0592,0,,,
asset_029,2026-04-24T06:00:00,0.795,53.71,53.05,0.873,0,,,
asset_030,2026-04-24T06:00:00,2.876,78.683,45.685,0.9467,0,,,
asset_031,2026-04-24T06:00:00,1.9868,70.745,61.373,0.9773,0,,,
asset_032,2026-04-24T06:00:00,2.5969,62.766,52.477,1.1442,0,,,
asset_033,2026-04-24T06:00:00,2.3526,68.907,42.729,0.8691,0,,,
asset_034,2026-04-24T06:00:00,1.0281,67.433,52.874,1.0617,1,,,
asset_035,2026-04-24T06:00:00,1.9332,68.207,45.94,0.964,1,,,
asset_036,2026-04-24T06:00:00,1.4935,56.267,50.885,1.0077,0,,,
asset_037,2026-04-24T06:00:00,2.62,61.949,52.902,0.9172,0,,,
asset_038,2026-04-24T06:00:00,1.5995,74.066,46.062,1.0387,0,,,
asset_039,2026-04-24T06:00:00,3.6592,76.402,49.472,1.0044,0,,,
asset_000,2026-04-24T12:00:00,1.6375,60.264,42.784,1.0936,1,,,
asset_001,2026-04-24T12:00:00,2.115,67.414,53.224,1.1311,0,,,
asset_002,2026-04-24T12:00:00,2.7439,79.091,40.03,1.0626,0,,,
asset_003,2026-04-24T12:00:00,1.3589,61.727,56.846,0.9976,0,,,
asset_004,2026-04-24T12:00:00,1.3934,63.463,51.644,0.9034,0,,,
asset_005,2026-04-24T12:00:00,1.1155,58.089,39.47,0.9242,0,,,
asset_006,2026-04-24T12:00:00,1.3024,58.742,56.924,0.912,0,,,
asset_007,2026-04-24T12:00:00,0.9705,71.317,55.685,0.9934,0,,,
asset_008,2026-04-24T12:00:00,2.7816,79.761,45.6,0.9553,0,,,
asset_009,2026-04-24T12:00:00,1.1259,68.461,39.875,1.1271,0,,,
asset_010,2026-04-24T12:00:00,1.2193,61.945,60.752,1.0245,0,,,
asset_011,2026-04-24T12:00:00,0.9673,64.889,61.697,0.9865,1,,,
asset_012,2026-04-24T12:00:00,1.6067,55.162,42.667,0.8876,0,,,
asset_013,2026-04-24T12:00:00,1.323,64.502,47.152,1.0051,0,,,
asset_014,2026-04-24T12:00:00,2.3868,60.319,50.894,1.0234,0,,,
asset_015,2026-04-24T12:00:00,2.7552,67.363,48.012,0.9549,1,,,
asset_016,2026-04-24T12:00:00,2.4305,80.742,52.676,0.9497,0,,,
asset_017,2026-04-24T12:00:00,2.6022,67.596,58.098,1.0468,0,,,
asset_018,2026-04-24T12:00:00,1.2161,65.948,51.77,1.0104,0,,,
asset_019,2026-04-24T12:00:00,1.2928,59.199,57.11,1.0004,0,,,
asset_020,2026-04-24T12:00:00,3.323,79.15,42.764,0.9475,0,,,
asset_021,2026-04-24T12:00:00,1.9565,61.471,59.317,1.022,0,,,
asset_022,2026-04-24T12:00:00,0.9357,60.505,39.406,1.0445,0,,,
asset_023,2026-04-24T12:00:00,1.7629,48.722,61.578,0.9273,0,,,
asset_024,2026-04-24T12:00:00,1.4344,75.688,52.652,0.9949,0,,,
asset_025,2026-04-24T12:00:00,3.451,66.103,53.265,0.83,0,,,
asset_026,2026-04-24T12:00:00,2.1787,59.17,54.282,1.1011,0,,,
asset_027,2026-04-24T12:00:00,3.0879,70.201,52.977,1.0023,0,,,
asset_028,2026-04-24T12:00:00,1.6853,61.694,41.563,1.0372,0,,,
asset_029,2026-04-24T12:00:00,1.2031,52.22,58.585,1.0665,0,,,
asset_030,2026-04-24T12:00:00,2.886,70.876,55.971,1.1637,0,,,
asset_031,2026-04-24T12:00:00,2.038,72.069,52.376,1.0378,0,,,
asset_032,2026-04-24T12:00:00,2.6185,56.619,41.699,1.0657,0,,,
asset_033,2026-04-24T12:00:00,2.2972,67.671,54.89,0.9991,0,,,
asset_034,2026-04-24T12:00:00,0.6096,67.102,49.665,1.0176,0,,,
asset_035,2026-04-24T12:00:00,2.832,66.168,55.628,1.0559,0,,,
asset_036,2026-04-24T12:00:00,1.171,57.285,48.481,0.9901,0,,,
asset_037,2026-04-24T12:00:00,2.6513,69.203,42.757,0.9804,0,,,
asset_038,2026-04-24T12:00:00,1.6408,71.862,48.774,0.9133,0,,,
asset_039,2026-04-24T12:00:00,2.7131,78.526,43.847,1.0847,0,,,
asset_000,2026-04-24T18:00:00,2.1853,63.944,46.558,1.052,0,,,
asset_001,2026-04-24T18:00:00,1.9367,65.737,51.774,1.1026,0,,,
asset_002,2026-04-24T18:00:00,2.924,75.362,51.234,1.1114,0,,,
asset_003,2026-04-24T18:00:00,1.5001,58.53,41.426,0.8543,0,,,
asset_004,2026-04-24T18:00:00,1.1812,63.698,44.3,0.9523,0,,,
asset_005,2026-04-24T18:00:00,1.3376,59.591,48.59,1.1,0,,,
asset_006,2026-04-24T18:00:00,1.1888,56.958,44.504,0.968,0,,,
asset_007,2026-04-24T18:00:00,0.8556,68.5,43.174,1.044,0,,,
asset_008,2026-04-24T18:00:00,2.3567,74.548,56.999,1.0138,0,,,
asset_009,2026-04-24T18:00:00,1.3117,66.426,48.618,1.0168,0,,,
asset_010,2026-04-24T18:00:00,1.4992,67.339,45.447,1.0478,0,,,
asset_011,2026-04-24T18:00:00,1.038,59.151,50.579,0.9241,0,,,
asset_012,2026-04-24T18:00:00,1.5289,57.621,49.328,1.0696,0,,,
asset_013,2026-04-24T18:00:00,0.9401,63.323,41.599,1.0375,0,,,
asset_014,2026-04-24T18:00:00,2.4262,63.582,58.385,1.0454,0,,,
asset_015,2026-04-24T18:00:00,3.3153,66.155,54.201,1.1099,0,,,
asset_016,2026-04-24T18:00:00,2.3563,80.528,51.221,1.0414,0,,,
asset_017,2026-04-24T18:00:00,3.169,67.272,59.961,1.0246,0,,,
asset_018,2026-04-24T18:00:00,1.415,69.108,49.045,0.9896,1,,,
asset_019,2026-04-24T18:00:00,1.5911,59.261,49.486,0.9847,0,,,
asset_020,2026-04-24T18:00:00,3.0749,72.567,39.691,1.0046,0,,,
asset_021,2026-04-24T18:00:00,2.4249,55.168,51.884,0.983,0,,,
asset_022,2026-04-24T18:00:00,0.8933,61.179,56.422,0.8684,0,,,
asset_023,2026-04-24T18:00:00,1.7725,52.524,57.701,1.0664,0,,,
asset_024,2026-04-24T18:00:00,1.4485,76.702,49.622,1.0102,0,,,
asset_025,2026-04-24T18:00:00,2.8823,68.576,61.565,1.0428,0,,,
asset_026,2026-04-24T18:00:00,2.4202,65.478,51.21,1.0812,1,,,
asset_027,2026-04-24T18:00:00,2.2887,73.168,39.7,1.0535,0,,,
asset_028,2026-04-24T18:00:00,1.7006,67.511,49.561,0.9087,0,,,
asset_029,2026-04-24T18:00:00,0.7799,52.558,47.065,1.1183,0,,,
asset_030,2026-04-24T18:00:00,3.5401,71.641,43.783,1.0745,0,,,
asset_031,2026-04-24T18:00:00,2.6161,72.112,53.978,1.1439,0,,,
asset_032,2026-04-24T18:00:00,2.9555,61.047,57.206,1.0511,0,,,
asset_033,2026-04-24T18:00:00,2.7105,73.406,56.458,1.1052,1,,,
asset_034,2026-04-24T18:00:00,0.8747,66.522,53.209,1.1048,0,,,
asset_035,2026-04-24T18:00:00,2.5758,68.026,52.653,0.9409,0,,,
asset_036,2026-04-24T18:00:00,0.8279,56.54,58.335,0.941,0,,,
asset_037,2026-04-24T18:00:00,2.2615,63.537,45.678,1.0142,0,,,
asset_038,2026-04-24T18:00:00,1.2677,73.488,54.212,1.0469,1,,,
asset_039,2026-04-24T18:00:00,3.236,82.134,55.864,1.0086,1,,,
asset_000,2026-04-25T00:00:00,2.7583,63.688,45.649,0.9941,0,,,
asset_001,2026-04-25T00:00:00,2.109,66.635,56.292,0.9781,0,,,
asset_002,2026-04-25T00:00:00,2.5943,76.928,52.56,0.9662,0,,,
asset_003,2026-04-25T00:00:00,1.7384,63.158,43.126,1.1425,0,,,
asset_004,2026-04-25T00:00:00,1.4395,59.74,57.41,0.9138,0,,,
asset_005,2026-04-25T00:00:00,1.4602,60.722,58.927,1.0237,0,,,
asset_006,2026-04-25T00:00:00,1.0111,51.725,48.301,0.934,0,,,
asset_007,2026-04-25T00:00:00,0.7486,71.046,48.62,0.9352,0,,,
asset_008,2026-04-25T00:00:00,2.6813,75.735,45.139,1.1357,1,,,
asset_009,2026-04-25T00:00:00,1.6658,69.364,43.533,1.0861,0,,,
asset_010,2026-04-25T00:00:00,1.0024,70.081,42.126,0.9331,0,,,
asset_011,2026-04-25T00:00:00,0.5076,63.804,42.671,0.9584,1,,,
asset_012,2026-04-25T00:00:00,1.6987,59.113,45.855,0.9567,1,,,
asset_013,2026-04-25T00:00:00,1.5644,62.239,58.906,1.0641,0,,,
asset_014,2026-04-25T00:00:00,2.6417,65.314,52.381,0.9967,0,,,
asset_015,2026-04-25T00:00:00,2.5588,67.696,47.302,1.1076,0,,,
asset_016,2026-04-25T00:00:00,1.7725,79.968,48.271,0.982,0,,,
asset_017,2026-04-25T00:00:00,2.87,68.443,43.326,1.0312,1,,,
asset_018,2026-04-25T00:00:00,1.4714,72.488,40.472,0.9554,0,,,
asset_019,2026-04-25T00:00:00,1.6533,58.31,45.006,1.074,0,,,
asset_020,2026-04-25T00:00:00,2.9363,78.026,43.388,0.9955,0,,,
asset_021,2026-04-25T00:00:00,2.6876,61.03,45.226,0.909,0,,,
asset_022,2026-04-25T00:00:00,0.8849,61.719,47.496,0.9746,0,,,
asset_023,2026-04-25T00:00:00,1.6298,55.389,45.579,0.964,0,,,
asset_024,2026-04-25T00:00:00,2.0572,78.047,55.842,0.9121,0,,,
asset_025,2026-04-25T00:00:00,2.6238,65.505,51.936,1.0382,0,,,
asset_026,2026-04-25T00:00:00,2.4139,66.584,54.657,1.0799,0,,,
asset_027,2026-04-25T00:00:00,2.5637,68.35,52.898,0.9291,0,,,
asset_028,2026-04-25T00:00:00,1.3199,63.965,50.604,0.9905,0,,,
asset_029,2026-04-25T00:00:00,1.3006,52.12,42.104,1.094,0,,,
asset_030,2026-04-25T00:00:00,3.2354,73.849,45.532,1.0312,0,,,
asset_031,2026-04-25T00:00:00,2.1692,72.577,49.726,1.1415,0,,,
asset_032,2026-04-25T00:00:00,3.7297,63.284,55.697,0.9178,0,,,
asset_033,2026-04-25T00:00:00,2.4452,67.729,51.012,0.9624,0,,,
asset_034,2026-04-25T00:00:00,0.9653,68.764,50.229,0.8928,0,,,
asset_035,2026-04-25T00:00:00,2.791,67.469,57.968,1.0089,0,,,
asset_036,2026-04-25T00:00:00,1.2229,56.948,52.461,1.0261,0,,,
asset_037,2026-04-25T00:00:00,2.4568,64.757,55.973,0.946,0,,,
asset_038,2026-04-25T00:00:00,1.9398,75.544,52.79,0.9399,0,,,
asset_039,2026-04-25T00:00:00,3.4865,78.864,42.204,0.9987,0,,,
asset_000,2026-04-25T06:00:00,2.3542,65.086,55.127,1.0117,0,,,
asset_001,2026-04-25T06:00:00,1.8979,65.048,42.74,0.8992,0,,,
asset_002,2026-04-25T06:00:00,2.8611,76.93,39.564,1.0737,0,,,
asset_003,2026-04-25T06:00:00,1.5638,63.481,57.5,0.8993,0,,,
asset_004,2026-04-25T06:00:00,1.6137,64.02,54.342,1.0004,0,,,
asset_005,2026-04-25T06:00:00,1.809,58.239,38.95,1.0071,0,,,
asset_006,2026-04-25T06:00:00,1.4733,48.549,57.31,0.9383,0,,,
asset_007,2026-04-25T06:00:00,0.9393,71.477,47.205,1.0777,0,,,
asset_008,2026-04-25T06:00:00,2.6049,79.419,53.682,1.0242,0,,,
asset_009,2026-04-25T06:00:00,1.1563,67.147,42.965,1.0634,0,,,
asset_010,2026-04-25T06:00:00,0.8475,67.179,42.614,0.8839,0,,,
asset_011,2026-04-25T06:00:00,0.9089,61.514,53.872,1.0508,0,,,
asset_012,2026-04-25T06:00:00,1.4292,57.808,56.368,0.9807,0,,,
asset_013,2026-04-25T06:00:00,1.3038,67.489,44.446,1.1057,1,,,
asset_014,2026-04-25T06:00:00,2.9144,61.277,42.28,1.057,0,,,
asset_015,2026-04-25T06:00:00,3.757,65.792,57.448,1.0996,0,,,
asset_016,2026-04-25T06:00:00,2.2575,77.219,42.895,1.1313,0,,,
asset_017,2026-04-25T06:00:00,3.0961,64.856,55.874,0.9862,0,,,
asset_017,2026-04-25T06:00:00,,,,,,failure,2026-04-25T06:00:00,2026-04-25T10:00:00
asset_018,2026-04-25T06:00:00,0.9655,67.891,53.873,0.952,0,,,
asset_019,2026-04-25T06:00:00,1.3326,58.421,51.93,1.1081,0,,,
asset_020,2026-04-25T06:00:00,2.6103,77.262,47.036,0.9015,0,,,
asset_021,2026-04-25T06:00:00,2.3844,56.631,42.384,0.8938,0,,,
asset_022,2026-04-25T06:00:00,0.9157,60.451,61.719,1.0426,0,,,
asset_023,2026-04-25T06:00:00,1.3136,50.686,57.026,1.0419,0,,,
asset_024,2026-04-25T06:00:00,2.1875,79.058,55.703,1.0931,0,,,
asset_025,2026-04-25T06:00:00,2.7653,66.484,41.137,0.9104,0,,,
asset_026,2026-04-25T06:00:00,2.0414,63.918,49.515,1.0761,0,,,
asset_027,2026-04-25T06:00:00,2.2022,74.007,41.018,0.9478,0,,,
asset_028,2026-04-25T06:00:00,1.6097,63.389,54.766,1.0017,0,,,
asset_029,2026-04-25T06:00:00,1.0537,52.927,44.966,0.9147,0,,,
asset_030,2026-04-25T06:00:00,2.8918,72.413,43.864,1.043,0,,,
asset_031,2026-04-25T06:00:00,2.811,74.37,52.07,1.035,0,,,
asset_032,2026-04-25T06:00:00,2.7953,59.374,47.09,0.9774,0,,,
asset_033,2026-04-25T06:00:00,3.0349,74.041,57.945,0.8489,0,,,
asset_034,2026-04-25T06:00:00,1.3439,66.325,59.469,0.9165,0,,,
asset_035,2026-04-25T06:00:00,3.1275,65.904,41.334,1.0346,0,,,
asset_036,2026-04-25T06:00:00,1.2836,56.428,50.969,1.0532,0,,,
asset_037,2026-04-25T06:00:00,2.9327,66.205,44.486,1.0484,0,,,
asset_038,2026-04-25T06:00:00,2.18,72.883,46.155,0.9944,0,,,
asset_039,2026-04-25T06:00:00,3.4381,79.432,49.273,0.9024,0,,,
asset_000,2026-04-25T12:00:00,1.8789,61.731,50.429,1.0387,0,,,
asset_001,2026-04-25T12:00:00,2.3358,67.767,50.822,1.0235,0,,,
asset_002,2026-04-25T12:00:00,2.8597,72.929,42.701,0.8831,0,,,
asset_003,2026-04-25T12:00:00,1.6752,64.969,43.263,1.0325,0,,,
asset_004,2026-04-25T12:00:00,1.3268,61.421,47.22,0.9446,0,,,
asset_005,2026-04-25T12:00:00,1.5405,58.792,40.282,1.0452,1,,,
asset_006,2026-04-25T12:00:00,1.0839,49.903,53.762,0.9626,0,,,
asset_007,2026-04-25T12:00:00,0.6798,67.786,39.635,0.9791,0,,,
asset_008,2026-04-25T12:00:00,2.648,76.187,45.782,1.0179,0,,,
asset_009,2026-04-25T12:00:00,1.2347,67.432,50.165,1.029,1,,,
asset_010,2026-04-25T12:00:00,0.9376,67.289,53.749,0.9519,0,,,
asset_011,2026-04-25T12:00:00,0.7984,61.093,40.538,0.9006,0,,,
asset_012,2026-04-25T12:00:00,1.5374,54.457,56.122,0.8863,0,,,
asset_013,2026-04-25T12:00:00,0.7353,64.25,42.574,1.0174,0,,,
asset_014,2026-04-25T12:00:00,2.7415,60.335,44.07,0.9154,0,,,
asset_015,2026-04-25T12:00:00,3.7801,67.735,48.096,0.9904,0,,,
asset_016,2026-04-25T12:00:00,1.7274,80.123,59.448,0.8931,0,,,
asset_017,2026-04-25T12:00:00,3.4215,66.977,55.425,0.9583,0,,,
asset_018,2026-04-25T12:00:00,1.0567,66.914,50.898,0.9727,0,,,
asset_019,2026-04-25T12:00:00,1.2829,56.854,50.2,1.1989,0,,,
asset_020,2026-04-25T12:00:00,3.3205,77.18,55.288,0.9783,0,,,
asset_021,2026-04-25T12:00:00,2.638,59.154,46.074,0.8805,0,,,
asset_022,2026-04-25T12:00:00,0.9774,59.479,56.835,1.0298,0,,,
asset_023,2026-04-25T12:00:00,1.3965,53.156,50.113,1.0294,0,,,
asset_024,2026-04-25T12:00:00,2.0744,78.652,59.326,1.0322,0,,,
asset_025,2026-04-25T12:00:00,3.5158,68.303,45.214,0.9673,0,,,
asset_026,2026-04-25T12:00:00,2.281,66.757,40.737,1.0575,0,,,
asset_027,2026-04-25T12:00:00,2.9357,70.301,44.139,1.1095,1,,,
asset_028,2026-04-25T12:00:00,1.1989,60.93,58.15,1.0764,0,,,
asset_029,2026-04-25T12:00:00,1.0994,55.389,57.057,0.8751,0,,,
asset_030,2026-04-25T12:00:00,3.2422,76.833,53.457,0.8731,0,,,
asset_031,2026-04-25T12:00:00,2.612,74.336,49.773,0.9967,0,,,
asset_032,2026-04-25T12:00:00,2.5617,58.606,47.198,0.9003,0,,,
asset_033,2026-04-25T12:00:00,2.5003,69.815,53.004,1.1579,0,,,
asset_034,2026-04-25T12:00:00,0.7013,68.336,45.757,0.8937,0,,,
asset_035,2026-04-25T12:00:00,2.9735,65.517,54.868,1.1455,1,,,
asset_036,2026-04-25T12:00:00,1.7673,59.018,38.511,0.9503,0,,,
asset_037,2026-04-25T12:00:00,2.9306,67.36,49.603,0.8474,0,,,
asset_038,2026-04-25T12:00:00,1.6888,74.479,44.415,0.9869,0,,,
asset_039,2026-04-25T12:00:00,3.7399,79.333,48.123,1.0199,0,,,
asset_000,2026-04-25T18:00:00,2.5124,59.462,50.989,0.9724,0,,,
asset_001,2026-04-25T18:00:00,2.3262,67.181,39.677,0.9143,1,,,
asset_002,2026-04-25T18:00:00,3.0977,76.841,59.351,1.0785,0,,,
asset_003,2026-04-25T18:00:00,1.3564,62.961,55.707,1.0123,0,,,
asset_004,2026-04-25T18:00:00,1.2328,61.25,40.554,0.9429,0,,,
asset_005,2026-04-25T18:00:00,1.6011,63.366,42.425,1.0615,0,,,
asset_006,2026-04-25T18:00:00,1.4416,49.062,58.145,0.8474,0,,,
asset_007,2026-04-25T18:00:00,1.1721,66.551,60.711,0.9053,1,,,
asset_008,2026-04-25T18:00:00,2.6973,83.55,51.495,1.0954,0,,,
asset_009,2026-04-25T18:00:00,1.6765,65.079,47.619,0.8567,0,,,
asset_010,2026-04-25T18:00:00,0.9125,67.624,46.199,0.9698,0,,,
asset_011,2026-04-25T18:00:00,1.3337,62.532,59.046,1.009,0,,,
asset_012,2026-04-25T18:00:00,1.4349,50.949,48.509,0.9496,0,,,
asset_013,2026-04-25T18:00:00,1.057,64.867,60.169,0.8895,0,,,
asset_014,2026-04-25T18:00:00,2.1264,64.912,58.277,0.9997,0,,,
asset_015,2026-04-25T18:00:00,3.2456,68.271,57.17,0.9523,0,,,
asset_016,2026-04-25T18:00:00,1.9672,74.359,47.742,0.8708,0,,,
asset_017,2026-04-25T18:00:00,3.2459,70.164,50.961,0.9373,0,,,
asset_018,2026-04-25T18:00:00,1.7102,69.504,59.808,1.1366,0,,,
asset_019,2026-04-25T18:00:00,1.2777,60.217,58.702,1.0824,0,,,
asset_020,2026-04-25T18:00:00,3.4034,74.43,42.409,1.1703,0,,,
asset_021,2026-04-25T18:00:00,2.3445,59.721,41.071,1.0903,1,,,
asset_022,2026-04-25T18:00:00,0.8242,61.069,49.231,1.137,0,,,
asset_023,2026-04-25T18:00:00,1.0152,51.129,46.978,0.9911,0,,,
asset_024,2026-04-25T18:00:00,1.9756,74.959,52.073,1.1253,0,,,
asset_025,2026-04-25T18:00:00,3.2458,66.43,55.057,1.0794,0,,,
asset_026,2026-04-25T18:00:00,1.8269,63.779,41.742,0.9571,0,,,
asset_027,2026-04-25T18:00:00,2.8468,70.384,57.262,1.0824,0,,,
asset_028,2026-04-25T18:00:00,1.376,62.57,47.387,0.947,0,,,
asset_029,2026-04-25T18:00:00,0.9131,52.261,41.355,0.9771,0,,,
asset_030,2026-04-25T18:00:00,3.4115,68.751,37.574,0.8834,0,,,
asset_031,2026-04-25T18:00:00,2.2545,73.992,57.749,0.8093,0,,,
asset_032,2026-04-25T18:00:00,3.0947,59.308,55.737,1.0434,0,,,
asset_033,2026-04-25T18:00:00,2.4682,67.307,47.965,1.173,0,,,
asset_034,2026-04-25T18:00:00,1.3224,66.443,42.492,0.9104,0,,,
asset_035,2026-04-25T18:00:00,2.8171,66.846,39.59,1.0918,0,,,
asset_036,2026-04-25T18:00:00,1.1544,55.948,45.744,1.0212,0,,,
asset_037,2026-04-25T18:00:00,2.8984,61.882,49.933,1.0267,0,,,
asset_038,2026-04-25T18:00:00,1.734,74.049,54.109,0.9787,1,,,
asset_039,2026-04-25T18:00:00,3.0422,78.636,57.873,1.0201,0,,,
asset_000,2026-04-26T00:00:00,1.8878,59.223,43.031,1.0163,0,,,
asset_001,2026-04-26T00:00:00,1.7852,62.108,42.389,0.8725,0,,,
asset_002,2026-04-26T00:00:00,3.0366,75.267,52.36,1.012,0,,,
asset_003,2026-04-26T00:00:00,1.1808,67.175,52.945,0.9917,0,,,
asset_004,2026-04-26T00:00:00,1.4505,61.472,51.401,1.0114,0,,,
asset_005,2026-04-26T00:00:00,1.0961,60.262,41.114,0.9512,0,,,
asset_006,2026-04-26T00:00:00,1.0093,47.234,49.374,1.0103,0,,,
asset_007,2026-04-26T00:00:00,0.7613,66.363,39.686,0.9954,1,,,
asset_008,2026-04-26T00:00:00,2.4108,79.43,47.724,0.9031,0,,,
asset_009,2026-04-26T00:00:00,1.642,65.06,60.401,1.0069,0,,,
asset_010,2026-04-26T00:00:00,1.238,71.082,47.398,0.9264,0,,,
asset_011,2026-04-26T00:00:00,1.0909,60.832,42.74,1.0705,0,,,
asset_012,2026-04-26T00:00:00,1.914,57.382,51.345,1.0865,1,,,
asset_013,2026-04-26T00:00:00,0.9962,65.133,42.824,1.0742,0,,,
asset_014,2026-04-26T00:00:00,2.6244,64.139,45.942,1.0041,0,,,
asset_015,2026-04-26T00:00:00,3.6245,72.91,46.902,1.0145,0,,,
asset_016,2026-04-26T00:00:00,2.2464,80.877,42.898,0.962,0,,,
asset_017,2026-04-26T00:00:00,3.3631,66.18,48.846,0.9986,0,,,
asset_018,2026-04-26T00:00:00,1.1616,67.893,50.154,0.8836,1,,,
asset_019,2026-04-26T00:00:00,1.6803,59.929,42.055,1.0124,0,,,
asset_020,2026-04-26T00:00:00,3.0707,75.946,44.455,1.0643,0,,,
asset_021,2026-04-26T00:00:00,2.6508,60.443,46.923,1.0075,0,,,
asset_022,2026-04-26T00:00:00,0.862,62.435,56.752,1.0224,0,,,
asset_023,2026-04-26T00:00:00,1.308,54.036,42.908,0.9819,1,,,
asset_024,2026-04-26T00:00:00,1.9095,76.668,51.123,0.96,0,,,
asset_025,2026-04-26T00:00:00,3.0641,68.547,49.917,1.1021,0,,,
asset_026,2026-04-26T00:00:00,2.074,66.055,60.893,0.8439,0,,,
asset_027,2026-04-26T00:00:00,3.4516,68.642,52.328,1.1015,1,,,
asset_028,2026-04-26T00:00:00,1.6534,65.502,55.149,0.9735,0,,,
asset_029,2026-04-26T00:00:00,1.3482,53.798,53.476,1.0529,0,,,
asset_030,2026-04-26T00:00:00,3.0285,78.92,42.113,1.0269,0,,,
asset_031,2026-04-26T00:00:00,2.0891,70.697,57.453,0.9201,0,,,
asset_032,2026-04-26T00:00:00,3.4057,55.764,59.814,1.1481,0,,,
asset_033,2026-04-26T00:00:00,3.1158,69.747,41.796,0.9519,0,,,
asset_034,2026-04-26T00:00:00,1.0633,68.543,42.462,0.9981,0,,,
asset_035,2026-04-26T00:00:00,2.5074,67.14,55.887,0.9863,0,,,
asset_036,2026-04-26T00:00:00,0.9892,54.983,42.832,0.9669,0,,,
asset_037,2026-04-26T00:00:00,2.7381,65.511,51.906,1.0423,0,,,
asset_038,2026-04-26T00:00:00,1.7502,78.318,42.827,0.9648,0,,,
asset_039,2026-04-26T00:00:00,3.1906,79.367,42.297,1.0434,0,,,
asset_000,2026-04-26T06:00:00,2.4667,57.952,56.375,0.8904,0,,,
asset_001,2026-04-26T06:00:00,2.2004,64.875,39.185,1.0195,0,,,
asset_002,2026-04-26T06:00:00,2.1652,72.316,51.755,1.024,0,,,
asset_003,2026-04-26T06:00:00,1.9566,64.943,56.366,1.0241,0,,,
asset_004,2026-04-26T06:00:00,1.1829,65.167,56.845,0.98,0,,,
asset_005,2026-04-26T06:00:00,1.2124,58.189,57.754,0.9253,0,,,
asset_006,2026-04-26T06:00:00,0.7891,56.713,46.504,0.9951,0,,,
asset_007,2026-04-26T06:00:00,0.9923,67.998,50.783,0.8725,0,,,
asset_008,2026-04-26T06:00:00,2.6985,74.991,53.625,0.9692,0,,,
asset_009,2026-04-26T06:00:00,1.3681,65.916,48.886,1.1053,0,,,
asset_010,2026-04-26T06:00:00,1.3129,70.075,47.713,0.9537,0,,,
asset_011,2026-04-26T06:00:00,0.9739,59.919,54.192,0.9691,1,,,
asset_012,2026-04-26T06:00:00,1.7439,54.7,48.591,1.0944,0,,,
asset_013,2026-04-26T06:00:00,1.1267,66.192,44.056,0.9746,0,,,
asset_014,2026-04-26T06:00:00,2.6556,63.813,44.59,1.1646,0,,,
asset_015,2026-04-26T06:00:00,3.5565,67.962,43.439,0.9406,0,,,
asset_016,2026-04-26T06:00:00,1.9603,84.657,52.23,1.0828,0,,,
asset_017,2026-04-26T06:00:00,3.0891,69.39,44.849,1.1661,0,,,
asset_018,2026-04-26T06:00:00,1.1803,72.227,54.799,0.9025,0,,,
asset_019,2026-04-26T06:00:00,1.2198,56.922,53.025,0.9911,0,,,
asset_020,2026-04-26T06:00:00,3.3626,77.617,45.142,1.0108,0,,,
asset_021,2026-04-26T06:00:00,2.595,60.608,50.337,0.9892,0,,,
asset_022,2026-04-26T06:00:00,1.2365,58.751,54.782,0.9409,0,,,
asset_023,2026-04-26T06:00:00,0.8621,52.633,55.443,0.9692,0,,,
asset_024,2026-04-26T06:00:00,1.6279,76.06,58.199,0.8953,0,,,
asset_024,2026-04-26T06:00:00,,,,,,failure,2026-04-26T06:00:00,2026-04-26T10:00:00
asset_025,2026-04-26T06:00:00,2.7796,68.085,38.798,1.1229,0,,,
asset_026,2026-04-26T06:00:00,2.4587,68.324,54.13,1.1032,0,,,
asset_027,2026-04-26T06:00:00,3.3399,69.352,58.377,1.1003,0,,,
asset_028,2026-04-26T06:00:00,1.3619,66.795,54.449,1.0308,0,,,
asset_029,2026-04-26T06:00:00,1.111,51.952,54.365,0.9146,0,,,
asset_030,2026-04-26T06:00:00,2.9961,70.15,57.328,0.9951,0,,,
asset_031,2026-04-26T06:00:00,2.4949,70.588,41.686,0.9255,0,,,
asset_032,2026-04-26T06:00:00,3.311,57.072,55.705,0.9094,0,,,
asset_033,2026-04-26T06:00:00,2.6972,70.434,50.59,1.0064,0,,,
asset_034,2026-04-26T06:00:00,1.0166,68.44,55.824,1.1106,0,,,
asset_035,2026-04-26T06:00:00,2.5927,70.974,58.948,0.8568,0,,,
asset_036,2026-04-26T06:00:00,1.1328,55.842,48.5,1.0651,0,,,
asset_037,2026-04-26T06:00:00,2.8974,68.509,44.392,1.1323,0,,,
asset_038,2026-04-26T06:00:00,2.1067,73.208,54.921,0.8471,0,,,
asset_039,2026-04-26T06:00:00,3.128,76.93,49.178,0.9997,0,,,
asset_000,2026-04-26T12:00:00,2.4389,61.639,52.298,0.8984,0,,,
asset_001,2026-04-26T12:00:00,1.8012,66.599,47.059,0.9103,0,,,
asset_002,2026-04-26T12:00:00,2.778,74.562,42.286,0.9811,1,,,
asset_003,2026-04-26T12:00:00,1.4783,58.456,53.099,0.9628,0,,,
asset_004,2026-04-26T12:00:00,1.2423,64.868,51.705,1.0484,0,,,
asset_005,2026-04-26T12:00:00,1.2878,55.783,45.175,1.0781,0,,,
asset_006,2026-04-26T12:00:00,0.8272,51.577,57.04,0.99,1,,,
asset_007,2026-04-26T12:00:00,0.7816,66.859,42.767,0.8989,0,,,
asset_008,2026-04-26T12:00:00,2.3608,77.106,44.221,1.0119,0,,,
asset_009,2026-04-26T12:00:00,1.0997,65.014,48.84,1.0264,0,,,
asset_010,2026-04-26T12:00:00,0.8248,70.156,60.156,0.9656,0,,,
asset_011,2026-04-26T12:00:00,0.9704,62.161,52.881,0.9675,0,,,
asset_012,2026-04-26T12:00:00,1.8968,60.67,47.834,0.9385,0,,,
asset_013,2026-04-26T12:00:00,1.1137,62.243,47.183,0.886,0,,,
asset_014,2026-04-26T12:00:00,2.872,67.029,56.815,0.8895,0,,,
asset_015,2026-04-26T12:00:00,3.1825,64.756,51.247,0.9978,0,,,
asset_016,2026-04-26T12:00:00,2.4926,77.248,44.471,1.0411,0,,,
asset_017,2026-04-26T12:00:00,3.0907,68.437,49.358,0.9971,0,,,
asset_018,2026-04-26T12:00:00,1.4036,64.577,49.033,0.9608,0,,,
asset_019,2026-04-26T12:00:00,1.4224,56.146,47.112,1.0428,1,,,
asset_020,2026-04-26T12:00:00,3.0252,76.693,39.671,0.9003,0,,,
asset_021,2026-04-26T12:00:00,3.1429,61.613,58.238,0.9814,0,,,
asset_022,2026-04-26T12:00:00,0.6861,60.265,47.923,1.0079,0,,,
asset_023,2026-04-26T12:00:00,1.5606,53.914,51.366,0.9321,0,,,
asset_024,2026-04-26T12:00:00,1.6838,75.904,43.723,0.8847,1,,,
asset_025,2026-04-26T12:00:00,3.0024,62.189,49.917,0.9417,1,,,
asset_026,2026-04-26T12:00:00,2.5309,68.931,50.597,0.9463,0,,,
asset_027,2026-04-26T12:00:00,2.5413,72.002,48.349,1.0632,0,,,
asset_028,2026-04-26T12:00:00,1.5096,63.531,38.464,1.0705,0,,,
asset_029,2026-04-26T12:00:00,1.0528,51.677,40.868,0.9918,0,,,
asset_030,2026-04-26T12:00:00,3.0572,72.136,47.241,0.9634,0,,,
asset_031,2026-04-26T12:00:00,2.9571,73.205,48.912,0.9664,0,,,
asset_032,2026-04-26T12:00:00,2.8199,60.311,52.481,1.084,0,,,
asset_033,2026-04-26T12:00:00,2.5877,70.91,40.917,0.9281,0,,,
asset_034,2026-04-26T12:00:00,1.2121,65.432,51.77,1.1441,0,,,
asset_035,2026-04-26T12:00:00,2.1412,63.508,42.849,1.0644,0,,,
asset_036,2026-04-26T12:00:00,1.6103,57.62,49.503,0.9836,0,,,
asset_037,2026-04-26T12:00:00,2.9463,66.31,57.921,1.0109,0,,,
asset_038,2026-04-26T12:00:00,2.4426,74.021,43.933,0.9838,0,,,
asset_039,2026-04-26T12:00:00,2.6597,74.411,52.549,0.9732,0,,,
asset_000,2026-04-26T18:00:00,2.1609,60.085,53.545,0.956,0,,,
asset_001,2026-04-26T18:00:00,2.0343,69.983,58.357,0.9622,1,,,
asset_002,2026-04-26T18:00:00,2.4149,75.875,57.528,1.023,0,,,
asset_003,2026-04-26T18:00:00,1.0468,57.222,56.717,1.0335,0,,,
asset_004,2026-04-26T18:00:00,1.0467,62.452,51.223,1.0015,0,,,
asset_005,2026-04-26T18:00:00,1.4978,57.366,49.821,0.9818,0,,,
asset_006,2026-04-26T18:00:00,1.2203,53.277,42.035,0.9644,0,,,
asset_007,2026-04-26T18:00:00,0.6343,71.562,59.51,1.08,1,,,
asset_008,2026-04-26T18:00:00,2.4177,79.359,58.382,1.1091,0,,,
asset_009,2026-04-26T18:00:00,1.0117,68.281,41.181,1.0473,0,,,
asset_010,2026-04-26T18:00:00,0.7473,67.367,50.398,0.9715,0,,,
asset_011,2026-04-26T18:00:00,1.0635,59.214,54.529,1.0497,0,,,
asset_012,2026-04-26T18:00:00,1.9046,57.374,56.294,1.0409,0,,,
asset_013,2026-04-26T18:00:00,1.6785,61.114,45.358,1.0493,0,,,
asset_014,2026-04-26T18:00:00,2.8293,62.464,54.749,0.9957,0,,,
asset_015,2026-04-26T18:00:00,3.7533,64.282,59.312,1.0267,0,,,
asset_016,2026-04-26T18:00:00,1.8884,82.464,56.008,0.911,0,,,
asset_017,2026-04-26T18:00:00,3.4979,68.305,53.806,1.1768,0,,,
asset_018,2026-04-26T18:00:00,1.3328,67.38,48.392,0.8995,0,,,
asset_019,2026-04-26T18:00:00,1.9817,58.636,42.385,0.9605,0,,,
asset_020,2026-04-26T18:00:00,2.9971,70.924,50.394,1.1121,0,,,
asset_021,2026-04-26T18:00:00,2.8996,62.611,55.959,0.8689,0,,,
asset_022,2026-04-26T18:00:00,0.9121,59.755,60.258,0.9973,0,,,
asset_023,2026-04-26T18:00:00,1.4528,51.958,50.266,1.1272,0,,,
asset_024,2026-04-26T18:00:00,2.134,80.851,51.586,1.0131,0,,,
asset_025,2026-04-26T18:00:00,2.7385,72.071,59.85,1.0851,0,,,
asset_026,2026-04-26T18:00:00,1.9098,66.314,58.073,1.0297,0,,,
asset_027,2026-04-26T18:00:00,3.1652,71.189,55.83,1.0311,1,,,
asset_028,2026-04-26T18:00:00,1.4331,62.292,60.148,1.0778,1,,,
asset_029,2026-04-26T18:00:00,0.3581,51.281,57.316,0.8964,0,,,
asset_030,2026-04-26T18:00:00,3.0499,75.39,47.626,0.991,0,,,
asset_031,2026-04-26T18:00:00,2.5109,72.848,50.768,1.0085,0,,,
asset_032,2026-04-26T18:00:00,2.9367,60.615,60.285,0.984,0,,,
asset_033,2026-04-26T18:00:00,2.2346,70.79,52.986,0.9399,0,,,
asset_034,2026-04-26T18:00:00,0.7704,68.481,48.073,0.9625,1,,,
asset_035,2026-04-26T18:00:00,2.2666,62.096,43.668,0.9421,0,,,
asset_036,2026-04-26T18:00:00,1.4287,57.672,50.92,0.9918,0,,,
asset_037,2026-04-26T18:00:00,2.2658,65.192,57.275,0.8903,1,,,
asset_038,2026-04-26T18:00:00,1.8082,71.857,52.601,0.9665,1,,,
asset_039,2026-04-26T18:00:00,2.8764,76.142,60.292,0.9494,0,,,
asset_000,2026-04-27T00:00:00,2.3795,60.37,53.644,0.9757,0,,,
asset_001,2026-04-27T00:00:00,2.1296,71.103,50.268,0.9517,0,,,
asset_002,2026-04-27T00:00:00,2.4939,74.683,48.505,0.9436,0,,,
asset_003,2026-04-27T00:00:00,1.5371,61.35,53.465,0.8676,0,,,
asset_004,2026-04-27T00:00:00,1.1435,63.496,47.803,1.0366,0,,,
asset_005,2026-04-27T00:00:00,1.4505,58.625,49.035,0.9437,0,,,
asset_006,2026-04-27T00:00:00,1.1946,50.213,47.231,1.05,0,,,
asset_007,2026-04-27T00:00:00,0.7041,68.553,58.789,1.0142,0,,,
asset_008,2026-04-27T00:00:00,2.8086,76.661,48.943,0.9901,0,,,
asset_009,2026-04-27T00:00:00,1.1152,65.832,47.834,0.9309,0,,,
asset_010,2026-04-27T00:00:00,1.2482,68.428,42.95,1.1303,0,,,
asset_011,2026-04-27T00:00:00,1.0618,63.411,56.927,0.9191,0,,,
asset_012,2026-04-27T00:00:00,1.4654,57.169,60.614,1.0184,1,,,
asset_013,2026-04-27T00:00:00,1.2749,64.014,42.609,0.9702,0,,,
asset_014,2026-04-27T00:00:00,2.5629,63.538,51.388,0.9851,1,,,
asset_015,2026-04-27T00:00:00,3.2456,73.018,45.099,0.9585,1,,,
asset_016,2026-04-27T00:00:00,1.9512,78.042,40.275,1.0215,0,,,
asset_017,2026-04-27T00:00:00,3.4237,68.782,59.349,0.9211,0,,,
asset_018,2026-04-27T00:00:00,1.1999,69.248,51.763,0.9169,0,,,
asset_019,2026-04-27T00:00:00,1.3277,60.174,47.486,1.0157,0,,,
asset_020,2026-04-27T00:00:00,3.3274,75.988,42.097,1.028,0,,,
asset_021,2026-04-27T00:00:00,2.9339,59.066,53.427,1.0591,0,,,
asset_022,2026-04-27T00:00:00,0.7439,60.829,44.616,1.1059,0,,,
asset_023,2026-04-27T00:00:00,1.4538,57.886,49.609,0.9219,0,,,
asset_024,2026-04-27T00:00:00,2.1099,79.504,45.345,0.891,0,,,
asset_025,2026-04-27T00:00:00,3.3214,68.689,46.895,0.8385,0,,,
asset_026,2026-04-27T00:00:00,2.819,67.539,52.169,0.84,0,,,
asset_027,2026-04-27T00:00:00,2.9087,67.951,58.118,1.0663,0,,,
asset_028,2026-04-27T00:00:00,1.3232,65.347,43.577,0.9569,0,,,
asset_029,2026-04-27T00:00:00,0.9013,54.625,49.877,0.9841,0,,,
asset_030,2026-04-27T00:00:00,2.9271,74.106,56.503,1.0481,0,,,
asset_031,2026-04-27T00:00:00,2.7035,70.734,57.647,1.0288,0,,,
asset_032,2026-04-27T00:00:00,2.9257,58.522,44.005,1.0342,0,,,
asset_033,2026-04-27T00:00:00,2.435,67.044,60.089,1.1479,0,,,
asset_034,2026-04-27T00:00:00,0.762,69.802,48.251,1.014,0,,,
asset_035,2026-04-27T00:00:00,2.9408,67.542,42.179,0.964,0,,,
asset_036,2026-04-27T00:00:00,1.6887,55.944,51.26,1.0581,0,,,
asset_037,2026-04-27T00:00:00,2.7211,61.381,57.264,0.9813,0,,,
asset_038,2026-04-27T00:00:00,2.3657,76.868,53.022,1.0754,0,,,
asset_039,2026-04-27T00:00:00,3.0215,81.671,41.177,1.0435,0,,,
asset_000,2026-04-27T06:00:00,2.0779,61.751,58.04,1.0129,0,,,
asset_001,2026-04-27T06:00:00,2.3946,67.92,50.708,1.09,0,,,
asset_002,2026-04-27T06:00:00,2.3513,75.955,45.558,1.0297,0,,,
asset_003,2026-04-27T06:00:00,1.5015,59.884,45.669,1.0254,0,,,
asset_004,2026-04-27T06:00:00,1.3385,62.454,43.751,1.1088,0,,,
asset_005,2026-04-27T06:00:00,1.1924,64.142,48.23,1.0422,0,,,
asset_006,2026-04-27T06:00:00,1.0248,47.47,59.343,0.9364,0,,,
asset_007,2026-04-27T06:00:00,0.8066,69.73,43.151,1.0909,0,,,
asset_008,2026-04-27T06:00:00,3.0468,83.038,43.09,1.061,0,,,
asset_009,2026-04-27T06:00:00,0.9264,64.307,59.109,1.0546,0,,,
asset_010,2026-04-27T06:00:00,0.9443,65.792,48.06,0.9468,0,,,
asset_011,2026-04-27T06:00:00,0.9277,63.529,59.325,1.0966,0,,,
asset_012,2026-04-27T06:00:00,1.4867,58.092,52.416,1.1453,0,,,
asset_013,2026-04-27T06:00:00,0.9283,61.533,55.241,0.9522,0,,,
asset_014,2026-04-27T06:00:00,2.6473,65.102,45.406,0.9183,0,,,
asset_015,2026-04-27T06:00:00,3.3201,67.906,56.905,1.0178,0,,,
asset_016,2026-04-27T06:00:00,2.1146,80.463,52.839,1.1071,0,,,
asset_017,2026-04-27T06:00:00,2.8706,69.852,55.035,1.1386,0,,,
asset_018,2026-04-27T06:00:00,1.5374,69.303,41.136,1.0194,0,,,
asset_019,2026-04-27T06:00:00,1.1569,51.135,56.035,0.9462,0,,,
asset_020,2026-04-27T06:00:00,2.9979,77.974,44.992,0.8565,0,,,
asset_021,2026-04-27T06:00:00,3.2006,59.92,43.448,0.8913,0,,,
asset_021,2026-04-27T06:00:00,,,,,,failure,2026-04-27T06:00:00,2026-04-27T10:00:00
asset_022,2026-04-27T06:00:00,0.7708,58.445,40.882,0.9631,0,,,
asset_023,2026-04-27T06:00:00,1.5017,54.827,47.02,0.8163,0,,,
asset_024,2026-04-27T06:00:00,2.0236,80.157,42.417,0.9786,0,,,
asset_025,2026-04-27T06:00:00,2.6033,63.652,60.437,0.9527,0,,,
asset_026,2026-04-27T06:00:00,2.9062,73.958,57.372,1.0456,0,,,
asset_027,2026-04-27T06:00:00,3.2641,74.486,52.381,1.0331,0,,,
asset_028,2026-04-27T06:00:00,1.2905,64.874,53.33,1.0247,0,,,
asset_029,2026-04-27T06:00:00,1.411,50.819,50.631,0.8656,0,,,
asset_030,2026-04-27T06:00:00,3.3057,71.476,58.351,1.0484,0,,,
asset_031,2026-04-27T06:00:00,2.2715,71.602,43.839,0.981,0,,,
asset_032,2026-04-27T06:00:00,2.4071,59.586,43.26,1.0283,0,,,
asset_033,2026-04-27T06:00:00,2.153,68.789,59.216,1.0175,1,,,
asset_034,2026-04-27T06:00:00,0.794,69.376,48.752,1.0245,0,,,
asset_035,2026-04-27T06:00:00,3.0296,65.504,58.78,1.0209,0,,,
asset_036,2026-04-27T06:00:00,1.8089,54.578,47.285,0.9579,0,,,
asset_037,2026-04-27T06:00:00,3.0859,65.855,57.815,1.0941,0,,,
asset_038,2026-04-27T06:00:00,2.3949,76.074,58.286,1.0111,0,,,
asset_038,2026-04-27T06:00:00,,,,,,failure,2026-04-27T06:00:00,2026-04-27T10:00:00
asset_039,2026-04-27T06:00:00,2.6747,76.636,58.67,0.9638,0,,,
asset_000,2026-04-27T12:00:00,2.6192,59.861,57.291,0.9319,0,,,
asset_001,2026-04-27T12:00:00,1.7818,65.311,53.393,0.9676,0,,,
asset_002,2026-04-27T12:00:00,2.4169,73.544,58.847,1.0374,0,,,
asset_003,2026-04-27T12:00:00,1.3302,60.849,43.168,1.0383,0,,,
asset_004,2026-04-27T12:00:00,1.2042,62.407,56.242,1.0326,0,,,
asset_005,2026-04-27T12:00:00,1.3933,56.633,44.77,0.9866,0,,,
asset_006,2026-04-27T12:00:00,1.2511,50.67,59.161,0.9025,0,,,
asset_007,2026-04-27T12:00:00,1.0123,69.029,40.353,1.027,0,,,
asset_008,2026-04-27T12:00:00,2.6214,78.774,51.608,1.1237,0,,,
asset_009,2026-04-27T12:00:00,1.1129,64.952,55.936,1.0792,0,,,
asset_010,2026-04-27T12:00:00,1.2328,64.269,56.305,1.043,0,,,
asset_011,2026-04-27T12:00:00,1.3241,60.934,59.164,1.0208,0,,,
asset_012,2026-04-27T12:00:00,1.0216,61.034,47.974,1.0836,0,,,
asset_013,2026-04-27T12:00:00,1.3146,61.999,53.174,1.0103,0,,,
asset_014,2026-04-27T12:00:00,2.7605,64.458,40.5,0.9827,0,,,
asset_015,2026-04-27T12:00:00,3.0831,68.935,53.45,0.9946,0,,,
asset_016,2026-04-27T12:00:00,2.2478,78.486,60.48,1.0596,0,,,
asset_017,2026-04-27T12:00:00,2.7472,69.312,50.072,1.0408,0,,,
asset_018,2026-04-27T12:00:00,1.5412,71.523,55.588,0.9384,0,,,
asset_019,2026-04-27T12:00:00,1.5305,56.863,53.953,0.8271,0,,,
asset_020,2026-04-27T12:00:00,3.5021,72.12,52.581,0.8852,0,,,
asset_021,2026-04-27T12:00:00,3.1285,59.271,53.277,1.0724,0,,,
asset_022,2026-04-27T12:00:00,1.0496,61.656,42.588,0.9858,1,,,
asset_023,2026-04-27T12:00:00,1.2004,51.195,43.336,1.0644,1,,,
asset_024,2026-04-27T12:00:00,1.7243,76.113,56.427,1.0386,0,,,
asset_025,2026-04-27T12:00:00,3.1132,67.508,57.72,0.9161,0,,,
asset_026,2026-04-27T12:00:00,2.7609,70.038,50.868,0.9803,0,,,
asset_027,2026-04-27T12:00:00,3.5021,67.352,50.637,0.9567,0,,,
asset_028,2026-04-27T12:00:00,1.6978,66.835,41.089,0.9558,0,,,
asset_029,2026-04-27T12:00:00,1.2617,52.917,56.445,0.9674,0,,,
asset_030,2026-04-27T12:00:00,3.0559,74.743,55.386,0.8169,0,,,
asset_031,2026-04-27T12:00:00,2.247,70.744,57.153,1.0406,0,,,
asset_032,2026-04-27T12:00:00,3.1051,61.097,58.811,0.9378,0,,,
asset_033,2026-04-27T12:00:00,2.3921,73.303,40.168,1.0887,0,,,
asset_034,2026-04-27T12:00:00,1.1085,68.884,43.633,1.0056,0,,,
asset_035,2026-04-27T12:00:00,2.3865,64.748,42.358,1.0281,0,,,
asset_036,2026-04-27T12:00:00,1.6479,54.994,40.735,1.1554,0,,,
asset_037,2026-04-27T12:00:00,3.1721,65.946,43.364,0.9672,0,,,
asset_038,2026-04-27T12:00:00,2.1819,75.264,39.226,0.9674,0,,,
asset_039,2026-04-27T12:00:00,2.9469,79.878,49.67,0.9696,0,,,
asset_000,2026-04-27T18:00:00,2.2759,62.419,50.284,1.0735,0,,,
asset_001,2026-04-27T18:00:00,2.3694,68.492,38.075,1.0438,0,,,
asset_002,2026-04-27T18:00:00,2.3424,73.787,47.102,1.041,0,,,
asset_003,2026-04-27T18:00:00,1.8511,58.319,49.507,1.1492,0,,,
asset_004,2026-04-27T18:00:00,1.3674,61.301,42.808,0.8045,0,,,
asset_005,2026-04-27T18:00:00,1.7825,59.188,53.29,0.9863,0,,,
asset_006,2026-04-27T18:00:00,1.2461,56.85,52.633,1.0134,0,,,
asset_007,2026-04-27T18:00:00,1.0078,68.889,46.028,1.1049,0,,,
asset_008,2026-04-27T18:00:00,3.0125,81.131,44.035,1.0042,0,,,
asset_009,2026-04-27T18:00:00,0.8823,63.964,57.071,1.1157,0,,,
asset_010,2026-04-27T18:00:00,1.2103,67.706,51.436,0.9236,0,,,
asset_011,2026-04-27T18:00:00,1.4459,61.452,39.594,1.0726,0,,,
asset_012,2026-04-27T18:00:00,1.6518,57.454,50.147,1.0128,0,,,
asset_013,2026-04-27T18:00:00,1.4372,64.022,45.545,1.0822,0,,,
asset_014,2026-04-27T18:00:00,2.8541,64.206,56.304,1.1322,0,,,
asset_015,2026-04-27T18:00:00,3.2708,67.727,58.388,1.0721,0,,,
asset_016,2026-04-27T18:00:00,2.2068,84.678,61.083,1.148,0,,,
asset_017,2026-04-27T18:00:00,2.987,69.002,50.457,1.0855,0,,,
asset_018,2026-04-27T18:00:00,1.0167,69.647,56.446,0.9887,0,,,
asset_019,2026-04-27T18:00:00,1.6541,59.522,52.154,0.9828,0,,,
asset_020,2026-04-27T18:00:00,3.331,72.641,45.125,1.1219,0,,,
asset_021,2026-04-27T18:00:00,3.7136,64.896,52.463,1.0094,0,,,
asset_022,2026-04-27T18:00:00,1.1779,61.734,48.822,1.0027,0,,,
asset_023,2026-04-27T18:00:00,1.4721,53.933,42.235,1.0306,1,,,
asset_024,2026-04-27T18:00:00,1.6935,81.001,48.551,0.9357,0,,,
asset_025,2026-04-27T18:00:00,3.2596,70.809,55.409,0.9829,0,,,
asset_026,2026-04-27T18:00:00,3.1228,74.763,55.38,0.9679,0,,,
asset_027,2026-04-27T18:00:00,3.3471,79.034,57.502,0.9402,0,,,
asset_028,2026-04-27T18:00:00,0.994,61.286,49.622,0.9539,0,,,
asset_029,2026-04-27T18:00:00,1.2528,48.836,43.43,1.0105,0,,,
asset_030,2026-04-27T18:00:00,3.4266,75.738,54.71,1.0037,0,,,
asset_031,2026-04-27T18:00:00,2.7311,73.88,42.661,0.9919,0,,,
asset_032,2026-04-27T18:00:00,2.8909,56.69,48.48,1.0251,0,,,
asset_033,2026-04-27T18:00:00,2.5155,71.809,59.049,0.8564,0,,,
asset_034,2026-04-27T18:00:00,1.194,66.863,47.408,0.9905,0,,,
asset_035,2026-04-27T18:00:00,2.8085,64.524,42.038,1.0308,0,,,
asset_036,2026-04-27T18:00:00,1.476,55.816,51.13,1.0754,0,,,
asset_037,2026-04-27T18:00:00,3.0475,66.497,44.639,0.905,0,,,
asset_038,2026-04-27T18:00:00,2.9767,76.095,47.19,1.0782,0,,,
asset_039,2026-04-27T18:00:00,3.2259,78.213,60.066,0.9741,0,,,
asset_000,2026-04-28T00:00:00,2.083,60.672,47.957,1.0618,0,,,
asset_001,2026-04-28T00:00:00,1.7479,62.194,40.374,0.8861,0,,,
asset_002,2026-04-28T00:00:00,2.105,74.18,56.479,0.9652,0,,,
asset_003,2026-04-28T00:00:00,1.393,61.121,42.686,1.172,0,,,
asset_004,2026-04-28T00:00:00,1.1554,61.642,40.104,1.1237,1,,,
asset_005,2026-04-28T00:00:00,1.4386,58.87,56.161,1.0069,1,,,
asset_006,2026-04-28T00:00:00,1.574,50.315,56.9,1.0002,1,,,
asset_007,2026-04-28T00:00:00,1.0776,70.513,42.609,0.9849,0,,,
asset_008,2026-04-28T00:00:00,3.056,73.255,50.442,0.9838,0,,,
asset_009,2026-04-28T00:00:00,0.9463,67.514,54.512,0.924,0,,,
asset_010,2026-04-28T00:00:00,1.0533,69.356,51.809,1.0046,0,,,
asset_011,2026-04-28T00:00:00,1.2454,59.037,56.983,1.1467,0,,,
asset_012,2026-04-28T00:00:00,1.7502,55.465,49.693,0.949,0,,,
asset_013,2026-04-28T00:00:00,1.5131,62.908,44.986,0.9906,0,,,
asset_014,2026-04-28T00:00:00,2.7651,64.455,48.294,0.8881,0,,,
asset_015,2026-04-28T00:00:00,3.6351,68.196,57.888,1.1031,0,,,
asset_016,2026-04-28T00:00:00,2.4672,79.375,49.127,0.9675,0,,,
asset_017,2026-04-28T00:00:00,3.6452,69.831,48.122,0.9775,0,,,
asset_018,2026-04-28T00:00:00,1.4344,72.051,48.697,0.901,0,,,
asset_019,2026-04-28T00:00:00,1.4491,58.767,41.621,1.0227,0,,,
asset_020,2026-04-28T00:00:00,3.0822,73.906,46.753,1.0463,0,,,
asset_021,2026-04-28T00:00:00,3.2603,61.731,44.151,1.1128,0,,,
asset_022,2026-04-28T00:00:00,0.7205,63.496,57.989,1.0847,0,,,
asset_023,2026-04-28T00:00:00,1.2925,54.578,57.003,1.1042,0,,,
asset_024,2026-04-28T00:00:00,2.1078,81.636,39.494,0.9946,0,,,
asset_025,2026-04-28T00:00:00,3.063,65.598,59.672,1.0464,0,,,
asset_026,2026-04-28T00:00:00,3.3541,72.077,54.539,1.0182,0,,,
asset_027,2026-04-28T00:00:00,2.9563,71.62,50.716,0.8717,0,,,
asset_028,2026-04-28T00:00:00,1.5612,61.186,55.825,0.9725,0,,,
asset_029,2026-04-28T00:00:00,1.2553,52.361,53.218,1.0804,0,,,
asset_030,2026-04-28T00:00:00,3.4801,72.243,47.563,0.9312,0,,,
asset_031,2026-04-28T00:00:00,2.387,75.051,46.989,0.9253,0,,,
asset_032,2026-04-28T00:00:00,3.4242,56.5,49.268,1.0439,0,,,
asset_033,2026-04-28T00:00:00,2.1367,69.697,41.891,1.0582,0,,,
asset_034,2026-04-28T00:00:00,0.749,68.293,53.661,1.1044,0,,,
asset_035,2026-04-28T00:00:00,2.473,68.891,54.9,1.0044,0,,,
asset_036,2026-04-28T00:00:00,1.5642,59.493,49.532,0.9099,0,,,
asset_037,2026-04-28T00:00:00,3.1982,61.649,47.351,0.8778,0,,,
asset_038,2026-04-28T00:00:00,2.4071,75.847,56.04,1.0781,0,,,
asset_039,2026-04-28T00:00:00,3.561,76.572,58.295,1.0581,0,,,
asset_000,2026-04-28T06:00:00,2.3228,58.275,44.997,1.136,0,,,
asset_001,2026-04-28T06:00:00,2.0972,70.346,54.394,1.0835,0,,,
asset_002,2026-04-28T06:00:00,2.9386,79.524,55.409,0.9422,0,,,
asset_003,2026-04-28T06:00:00,1.1908,62.454,55.308,0.953,0,,,
asset_004,2026-04-28T06:00:00,0.9595,61.0,44.427,1.0363,0,,,
asset_005,2026-04-28T06:00:00,1.5397,59.215,45.88,0.9141,0,,,
asset_006,2026-04-28T06:00:00,1.021,53.468,57.288,0.8834,0,,,
asset_007,2026-04-28T06:00:00,0.7259,70.147,51.094,0.973,0,,,
asset_008,2026-04-28T06:00:00,2.5877,74.852,49.98,1.0459,1,,,
asset_009,2026-04-28T06:00:00,0.77,65.513,56.63,0.8793,1,,,
asset_010,2026-04-28T06:00:00,1.0904,65.444,55.294,0.8918,0,,,
asset_011,2026-04-28T06:00:00,1.5117,59.977,54.078,1.0347,0,,,
asset_012,2026-04-28T06:00:00,1.9755,59.241,51.134,0.8922,0,,,
asset_013,2026-04-28T06:00:00,0.6131,61.962,49.215,0.9364,1,,,
asset_014,2026-04-28T06:00:00,2.8031,63.62,56.083,0.9405,0,,,
asset_015,2026-04-28T06:00:00,3.0759,66.354,56.131,0.8643,0,,,
asset_016,2026-04-28T06:00:00,2.6579,75.738,50.658,1.0147,0,,,
asset_017,2026-04-28T06:00:00,3.0256,70.724,52.481,1.0669,0,,,
asset_018,2026-04-28T06:00:00,1.6115,70.005,42.923,1.2068,0,,,
asset_019,2026-04-28T06:00:00,1.3476,61.858,61.796,0.9428,0,,,
asset_020,2026-04-28T06:00:00,4.1741,78.377,38.676,0.9173,1,,,
asset_021,2026-04-28T06:00:00,3.0449,62.243,41.732,0.9614,0,,,
asset_022,2026-04-28T06:00:00,1.1078,59.271,46.945,0.9518,0,,,
asset_023,2026-04-28T06:00:00,1.6681,49.979,57.005,1.028,0,,,
asset_024,2026-04-28T06:00:00,1.8266,78.337,50.739,1.0136,0,,,
asset_025,2026-04-28T06:00:00,3.2003,69.75,47.105,0.8995,0,,,
asset_026,2026-04-28T06:00:00,3.3205,77.049,57.269,1.1398,0,,,
asset_026,2026-04-28T06:00:00,,,,,,failure,2026-04-28T06:00:00,2026-04-28T10:00:00
asset_027,2026-04-28T06:00:00,2.8624,73.93,51.789,1.0782,0,,,
asset_028,2026-04-28T06:00:00,1.4053,65.951,53.606,1.0633,0,,,
asset_029,2026-04-28T06:00:00,1.232,53.398,56.376,1.0586,0,,,
asset_030,2026-04-28T06:00:00,2.6405,74.789,52.603,0.9236,0,,,
asset_031,2026-04-28T06:00:00,2.1961,72.99,54.039,0.9904,0,,,
asset_032,2026-04-28T06:00:00,3.2246,58.839,56.936,1.0664,0,,,
asset_033,2026-04-28T06:00:00,2.5449,71.177,46.994,0.9844,1,,,
asset_034,2026-04-28T06:00:00,1.086,66.311,44.945,1.0229,0,,,
asset_035,2026-04-28T06:00:00,2.4297,66.801,48.296,0.9116,0,,,
asset_036,2026-04-28T06:00:00,1.1592,58.292,46.678,1.0634,0,,,
asset_037,2026-04-28T06:00:00,2.601,68.795,56.27,1.0018,0,,,
asset_038,2026-04-28T06:00:00,2.1657,75.08,49.847,1.0904,0,,,
asset_039,2026-04-28T06:00:00,3.106,78.368,53.844,1.0722,0,,,
asset_000,2026-04-28T12:00:00,2.2394,60.249,54.221,1.1004,0,,,
asset_001,2026-04-28T12:00:00,2.1872,67.492,40.973,1.003,0,,,
asset_002,2026-04-28T12:00:00,2.953,78.625,41.538,0.9518,0,,,
asset_003,2026-04-28T12:00:00,1.2115,60.547,42.261,1.1265,0,,,
asset_004,2026-04-28T12:00:00,1.3428,64.836,55.469,0.9713,0,,,
asset_005,2026-04-28T12:00:00,1.4264,57.904,42.089,1.1528,0,,,
asset_006,2026-04-28T12:00:00,1.3245,52.644,38.559,1.0326,0,,,
asset_007,2026-04-28T12:00:00,0.7732,67.071,55.953,1.0023,0,,,
asset_008,2026-04-28T12:00:00,2.5431,75.688,38.277,0.9813,0,,,
asset_009,2026-04-28T12:00:00,1.8312,64.417,62.273,1.0084,0,,,
asset_010,2026-04-28T12:00:00,1.1645,68.637,47.169,0.9658,0,,,
asset_011,2026-04-28T12:00:00,1.1264,62.066,39.776,1.0283,0,,,
asset_012,2026-04-28T12:00:00,1.7691,58.795,41.153,1.0675,0,,,
asset_013,2026-04-28T12:00:00,1.3975,66.629,43.372,1.1076,0,,,
asset_014,2026-04-28T12:00:00,2.942,64.771,41.773,0.9616,0,,,
asset_015,2026-04-28T12:00:00,3.3337,66.343,49.86,0.8605,0,,,
asset_016,2026-04-28T12:00:00,2.0427,75.811,44.668,1.0255,0,,,
asset_017,2026-04-28T12:00:00,2.7764,70.258,57.351,1.0952,0,,,
asset_018,2026-04-28T12:00:00,1.3123,70.537,53.639,1.1158,1,,,
asset_019,2026-04-28T12:00:00,1.5965,59.729,43.568,0.9718,0,,,
asset_020,2026-04-28T12:00:00,3.3443,78.199,59.606,0.9485,0,,,
asset_021,2026-04-28T12:00:00,2.9973,61.712,44.562,1.0912,0,,,
asset_022,2026-04-28T12:00:00,1.0485,63.106,53.772,1.1144,0,,,
asset_023,2026-04-28T12:00:00,1.7322,57.484,51.269,0.9257,0,,,
asset_024,2026-04-28T12:00:00,1.7904,80.26,48.01,0.8749,0,,,
asset_025,2026-04-28T12:00:00,3.0963,66.97,54.615,0.9571,1,,,
asset_026,2026-04-28T12:00:00,2.9635,69.15,39.134,1.087,0,,,
asset_027,2026-04-28T12:00:00,2.4776,74.561,57.173,0.9061,0,,,
asset_028,2026-04-28T12:00:00,1.5814,63.568,52.298,1.103,0,,,
asset_029,2026-04-28T12:00:00,0.9241,50.699,55.053,0.8398,0,,,
asset_030,2026-04-28T12:00:00,3.2185,76.992,51.28,1.0956,0,,,
asset_031,2026-04-28T12:00:00,2.7167,73.748,61.177,1.0121,0,,,
asset_032,2026-04-28T12:00:00,2.9917,57.888,49.571,1.1399,0,,,
asset_033,2026-04-28T12:00:00,2.4322,71.596,43.708,1.1015,0,,,
asset_034,2026-04-28T12:00:00,0.9748,67.876,54.327,1.0808,1,,,
asset_035,2026-04-28T12:00:00,2.7395,69.795,59.195,0.9876,0,,,
asset_036,2026-04-28T12:00:00,1.619,59.167,52.68,1.1156,0,,,
asset_037,2026-04-28T12:00:00,2.7549,65.793,51.535,0.8594,0,,,
asset_038,2026-04-28T12:00:00,2.3654,79.233,57.364,0.9192,0,,,
asset_039,2026-04-28T12:00:00,3.4403,79.723,43.263,0.9831,0,,,
asset_000,2026-04-28T18:00:00,2.3691,59.149,54.202,1.1344,1,,,
asset_001,2026-04-28T18:00:00,1.6839,64.114,54.943,1.1078,0,,,
asset_002,2026-04-28T18:00:00,3.1902,78.607,45.493,1.0208,0,,,
asset_003,2026-04-28T18:00:00,1.3635,61.525,45.317,0.9501,0,,,
asset_004,2026-04-28T18:00:00,1.357,61.484,54.768,0.9995,0,,,
asset_005,2026-04-28T18:00:00,1.2258,57.313,54.903,0.906,0,,,
asset_006,2026-04-28T18:00:00,0.926,54.314,52.819,1.0308,0,,,
asset_007,2026-04-28T18:00:00,0.9357,67.584,47.229,1.0987,1,,,
asset_008,2026-04-28T18:00:00,2.4984,75.358,39.706,1.0143,0,,,
asset_009,2026-04-28T18:00:00,1.6795,67.765,58.295,0.8753,0,,,
asset_010,2026-04-28T18:00:00,0.9637,65.662,55.753,1.0661,0,,,
asset_011,2026-04-28T18:00:00,0.8712,61.408,39.905,0.8508,0,,,
asset_012,2026-04-28T18:00:00,0.7776,57.45,49.816,0.972,0,,,
asset_013,2026-04-28T18:00:00,1.0977,66.227,59.565,0.9709,0,,,
asset_014,2026-04-28T18:00:00,2.9779,66.649,52.889,0.9848,0,,,
asset_015,2026-04-28T18:00:00,2.8426,66.57,42.791,0.9721,0,,,
asset_016,2026-04-28T18:00:00,2.4179,80.19,40.306,1.0254,0,,,
asset_017,2026-04-28T18:00:00,3.2863,67.997,39.503,1.068,0,,,
asset_018,2026-04-28T18:00:00,1.5244,68.593,55.221,0.9315,0,,,
asset_019,2026-04-28T18:00:00,1.7291,55.957,49.167,0.9134,0,,,
asset_020,2026-04-28T18:00:00,3.4004,81.083,56.3,1.0463,0,,,
asset_021,2026-04-28T18:00:00,2.9216,62.746,62.573,1.0514,0,,,
asset_022,2026-04-28T18:00:00,0.8941,61.411,43.105,1.1313,0,,,
asset_023,2026-04-28T18:00:00,1.2647,53.289,56.408,1.017,0,,,
asset_024,2026-04-28T18:00:00,2.2273,79.782,41.962,1.0312,0,,,
asset_025,2026-04-28T18:00:00,3.2284,70.28,47.732,1.0472,0,,,
asset_026,2026-04-28T18:00:00,2.7183,71.957,50.689,0.9082,0,,,
asset_027,2026-04-28T18:00:00,3.5345,71.005,43.122,1.0018,0,,,
asset_028,2026-04-28T18:00:00,0.9512,62.114,45.706,1.0988,0,,,
asset_029,2026-04-28T18:00:00,1.2616,52.033,53.38,1.0102,0,,,
asset_030,2026-04-28T18:00:00,3.3936,75.324,46.916,0.9575,0,,,
asset_031,2026-04-28T18:00:00,2.5448,73.257,58.524,0.9498,0,,,
asset_032,2026-04-28T18:00:00,3.2198,57.808,56.915,0.9837,0,,,
asset_033,2026-04-28T18:00:00,2.9059,71.916,48.097,0.9616,0,,,
asset_034,2026-04-28T18:00:00,0.848,70.577,43.152,1.0549,0,,,
asset_035,2026-04-28T18:00:00,3.3874,72.606,48.775,1.1165,0,,,
asset_036,2026-04-28T18:00:00,1.9275,57.017,46.799,1.0058,0,,,
asset_037,2026-04-28T18:00:00,3.7538,67.146,53.233,0.8896,0,,,
asset_038,2026-04-28T18:00:00,2.3324,78.711,49.418,0.888,0,,,
asset_039,2026-04-28T18:00:00,2.6788,78.028,52.416,0.9017,0,,,
asset_000,2026-04-29T00:00:00,1.98,63.888,43.063,1.1562,0,,,
asset_001,2026-04-29T00:00:00,1.9302,63.601,40.529,0.9236,1,,,
asset_002,2026-04-29T00:00:00,2.7444,78.324,54.803,1.0351,1,,,
asset_003,2026-04-29T00:00:00,1.5675,62.688,49.825,0.8826,0,,,
asset_004,2026-04-29T00:00:00,1.4035,61.772,50.325,1.0181,0,,,
asset_005,2026-04-29T00:00:00,1.2358,62.055,55.3,1.1478,1,,,
asset_006,2026-04-29T00:00:00,1.1754,54.204,56.332,1.0936,0,,,
asset_007,2026-04-29T00:00:00,1.0169,68.026,60.014,0.9766,0,,,
asset_008,2026-04-29T00:00:00,2.8236,77.88,48.734,0.9615,0,,,
asset_009,2026-04-29T00:00:00,1.2882,65.566,52.342,0.9705,0,,,
asset_010,2026-04-29T00:00:00,1.1339,67.782,54.941,1.0069,0,,,
asset_011,2026-04-29T00:00:00,0.985,61.799,46.285,0.9279,0,,,
asset_012,2026-04-29T00:00:00,1.5347,60.765,46.682,0.9819,0,,,
asset_013,2026-04-29T00:00:00,1.1067,63.926,45.798,0.9361,0,,,
asset_014,2026-04-29T00:00:00,2.4102,64.679,48.057,0.8682,0,,,
asset_015,2026-04-29T00:00:00,3.3189,68.185,58.495,0.9638,0,,,
asset_016,2026-04-29T00:00:00,2.2029,81.559,43.152,0.9343,0,,,
asset_017,2026-04-29T00:00:00,3.1335,67.459,56.284,0.973,0,,,
asset_018,2026-04-29T00:00:00,1.4137,68.48,51.862,1.0068,0,,,
asset_019,2026-04-29T00:00:00,1.1085,57.989,58.151,1.0072,0,,,
asset_020,2026-04-29T00:00:00,3.9856,79.068,47.649,1.1226,1,,,
asset_021,2026-04-29T00:00:00,3.3144,62.044,55.161,1.0555,0,,,
asset_022,2026-04-29T00:00:00,0.7649,62.186,52.904,1.0689,0,,,
asset_023,2026-04-29T00:00:00,1.4703,50.333,44.534,1.0957,1,,,
asset_024,2026-04-29T00:00:00,2.0108,80.659,55.08,1.0134,0,,,
asset_025,2026-04-29T00:00:00,3.0384,67.199,41.89,1.0103,0,,,
asset_026,2026-04-29T00:00:00,2.9729,71.068,46.259,0.8762,0,,,
asset_027,2026-04-29T00:00:00,2.7265,73.242,52.536,1.0022,0,,,
asset_028,2026-04-29T00:00:00,1.2924,63.811,42.968,0.9805,0,,,
asset_029,2026-04-29T00:00:00,1.171,52.232,59.007,1.0412,0,,,
asset_030,2026-04-29T00:00:00,3.1893,76.369,42.116,0.9719,0,,,
asset_031,2026-04-29T00:00:00,2.5307,72.266,60.673,1.0612,0,,,
asset_032,2026-04-29T00:00:00,2.8514,58.682,45.634,0.9911,0,,,
asset_033,2026-04-29T00:00:00,2.4927,72.899,46.139,1.043,1,,,
asset_034,2026-04-29T00:00:00,0.6549,68.937,50.028,0.9628,0,,,
asset_035,2026-04-29T00:00:00,2.7389,63.165,50.647,1.0326,0,,,
asset_036,2026-04-29T00:00:00,1.8447,53.61,47.834,1.0337,0,,,
asset_037,2026-04-29T00:00:00,3.3053,64.11,56.026,1.0666,0,,,
asset_038,2026-04-29T00:00:00,2.1937,75.433,47.637,0.9359,0,,,
asset_039,2026-04-29T00:00:00,3.7352,80.706,46.111,1.034,0,,,
asset_000,2026-04-29T06:00:00,2.0428,64.483,51.08,0.9659,1,,,
asset_001,2026-04-29T06:00:00,1.8306,66.033,54.788,1.0755,0,,,
asset_002,2026-04-29T06:00:00,2.6731,76.295,44.503,0.9273,0,,,
asset_003,2026-04-29T06:00:00,1.2302,63.777,60.132,1.0341,1,,,
asset_004,2026-04-29T06:00:00,1.2802,65.219,58.529,0.9942,0,,,
asset_005,2026-04-29T06:00:00,1.281,56.585,54.574,0.9364,1,,,
asset_006,2026-04-29T06:00:00,1.1426,54.471,44.311,1.0272,0,,,
asset_007,2026-04-29T06:00:00,0.7384,69.434,40.582,1.1069,0,,,
asset_008,2026-04-29T06:00:00,2.2908,78.005,44.537,0.9928,0,,,
asset_009,2026-04-29T06:00:00,1.4613,63.287,45.588,1.0474,0,,,
asset_010,2026-04-29T06:00:00,1.1747,66.371,55.412,1.0684,0,,,
asset_011,2026-04-29T06:00:00,1.0859,59.966,46.501,1.051,0,,,
asset_012,2026-04-29T06:00:00,1.7654,56.672,45.986,1.0723,0,,,
asset_013,2026-04-29T06:00:00,1.4352,61.597,54.973,0.996,1,,,
asset_014,2026-04-29T06:00:00,2.5745,60.226,45.992,1.0909,0,,,
asset_015,2026-04-29T06:00:00,2.8461,66.0,44.159,1.017,0,,,
asset_016,2026-04-29T06:00:00,2.231,83.882,49.807,0.9949,0,,,
asset_017,2026-04-29T06:00:00,3.6188,69.659,51.821,1.0125,0,,,
asset_018,2026-04-29T06:00:00,1.3519,61.795,50.836,1.0287,0,,,
asset_019,2026-04-29T06:00:00,1.247,58.734,49.987,1.0411,0,,,
asset_020,2026-04-29T06:00:00,2.6428,71.51,51.377,0.9741,0,,,
asset_021,2026-04-29T06:00:00,3.0706,64.63,56.625,1.0153,0,,,
asset_022,2026-04-29T06:00:00,0.7296,59.575,39.299,0.922,0,,,
asset_023,2026-04-29T06:00:00,1.3679,51.468,43.898,0.8286,1,,,
asset_024,2026-04-29T06:00:00,1.8894,80.189,44.282,0.8487,0,,,
asset_025,2026-04-29T06:00:00,2.8102,69.979,54.534,0.9631,0,,,
asset_026,2026-04-29T06:00:00,3.1639,70.139,57.211,0.9763,0,,,
asset_027,2026-04-29T06:00:00,3.0453,71.134,56.571,1.1149,1,,,
asset_028,2026-04-29T06:00:00,1.42,64.161,44.51,0.9635,0,,,
asset_029,2026-04-29T06:00:00,0.9413,51.859,54.239,0.9024,0,,,
asset_030,2026-04-29T06:00:00,3.0242,72.41,51.832,1.1038,0,,,
asset_031,2026-04-29T06:00:00,2.3607,74.391,52.875,0.9378,0,,,
asset_032,2026-04-29T06:00:00,2.6857,60.546,39.101,0.9705,0,,,
asset_033,2026-04-29T06:00:00,2.3648,70.43,54.456,1.1267,0,,,
asset_034,2026-04-29T06:00:00,0.8393,63.914,45.984,1.0009,0,,,
asset_035,2026-04-29T06:00:00,2.3694,70.252,47.47,0.9576,0,,,
asset_036,2026-04-29T06:00:00,0.839,53.452,42.209,0.8446,0,,,
asset_037,2026-04-29T06:00:00,3.1708,69.321,57.048,0.9337,0,,,
asset_038,2026-04-29T06:00:00,2.6442,75.341,51.424,1.0317,0,,,
asset_039,2026-04-29T06:00:00,3.2964,80.129,41.687,1.0407,0,,,
asset_000,2026-04-29T12:00:00,2.3539,66.983,43.438,1.0361,0,,,
asset_001,2026-04-29T12:00:00,2.0006,66.674,60.691,1.0143,0,,,
asset_002,2026-04-29T12:00:00,2.684,71.939,40.963,0.9742,0,,,
asset_003,2026-04-29T12:00:00,1.4263,64.957,53.862,0.9849,0,,,
asset_004,2026-04-29T12:00:00,1.4031,60.319,48.244,0.9304,0,,,
asset_005,2026-04-29T12:00:00,1.6415,59.711,57.075,1.0379,0,,,
asset_006,2026-04-29T12:00:00,0.5663,53.148,56.34,1.0677,0,,,
asset_007,2026-04-29T12:00:00,0.6568,65.847,54.381,1.1252,0,,,
asset_008,2026-04-29T12:00:00,2.5503,79.742,50.693,0.919,0,,,
asset_009,2026-04-29T12:00:00,1.1344,63.259,53.298,1.0403,0,,,
asset_010,2026-04-29T12:00:00,0.9454,73.209,40.941,1.1904,0,,,
asset_011,2026-04-29T12:00:00,1.3298,63.979,49.941,1.0675,0,,,
asset_012,2026-04-29T12:00:00,1.7921,58.073,60.166,0.9132,1,,,
asset_013,2026-04-29T12:00:00,1.1471,60.39,58.758,1.0208,0,,,
asset_014,2026-04-29T12:00:00,3.3177,66.978,46.375,1.0752,0,,,
asset_015,2026-04-29T12:00:00,3.7338,71.127,52.319,0.9547,0,,,
asset_016,2026-04-29T12:00:00,2.1803,79.885,50.093,0.9406,0,,,
asset_017,2026-04-29T12:00:00,3.4888,66.498,49.372,0.8404,0,,,
asset_018,2026-04-29T12:00:00,0.9885,68.252,41.54,1.0159,0,,,
asset_019,2026-04-29T12:00:00,1.5034,59.457,54.97,1.0279,0,,,
asset_020,2026-04-29T12:00:00,3.6033,74.587,41.948,1.0109,1,,,
asset_021,2026-04-29T12:00:00,3.3485,63.802,43.59,0.9479,0,,,
asset_022,2026-04-29T12:00:00,0.9754,61.741,42.53,0.9847,0,,,
asset_023,2026-04-29T12:00:00,1.2338,50.846,56.404,0.9653,0,,,
asset_024,2026-04-29T12:00:00,1.8966,81.331,57.526,1.1377,0,,,
asset_025,2026-04-29T12:00:00,3.5135,68.421,46.179,1.0434,0,,,
asset_026,2026-04-29T12:00:00,2.3184,74.49,48.767,1.1038,0,,,
asset_027,2026-04-29T12:00:00,2.6813,70.122,51.441,0.9389,0,,,
asset_028,2026-04-29T12:00:00,1.2566,64.776,58.711,1.0107,0,,,
asset_029,2026-04-29T12:00:00,0.9889,51.909,40.359,1.0285,0,,,
asset_030,2026-04-29T12:00:00,3.5427,74.445,52.047,1.0097,0,,,
asset_031,2026-04-29T12:00:00,2.7588,73.124,53.502,0.8821,0,,,
asset_032,2026-04-29T12:00:00,2.5293,61.776,49.684,0.8499,0,,,
asset_033,2026-04-29T12:00:00,2.5957,67.916,57.416,0.8764,0,,,
asset_034,2026-04-29T12:00:00,1.0186,67.938,41.034,1.0034,0,,,
asset_035,2026-04-29T12:00:00,2.8234,66.547,46.454,1.0231,0,,,
asset_036,2026-04-29T12:00:00,1.589,54.669,43.283,0.9825,0,,,
asset_037,2026-04-29T12:00:00,2.6862,61.884,46.579,1.0759,0,,,
asset_038,2026-04-29T12:00:00,2.717,77.944,52.561,0.9755,0,,,
asset_039,2026-04-29T12:00:00,3.3755,81.181,61.13,1.053,1,,,
asset_000,2026-04-29T18:00:00,2.3688,60.452,48.375,0.8839,0,,,
asset_001,2026-04-29T18:00:00,2.1969,64.264,45.728,0.8957,0,,,
asset_002,2026-04-29T18:00:00,2.7191,75.178,51.322,1.021,0,,,
asset_003,2026-04-29T18:00:00,1.4045,64.686,41.951,1.003,0,,,
asset_004,2026-04-29T18:00:00,1.1989,61.989,48.014,0.917,0,,,
asset_005,2026-04-29T18:00:00,1.4913,56.216,46.559,0.9792,0,,,
asset_006,2026-04-29T18:00:00,0.8167,55.474,42.157,0.9893,1,,,
asset_007,2026-04-29T18:00:00,1.1736,62.947,52.506,0.9113,0,,,
asset_008,2026-04-29T18:00:00,2.5817,78.802,45.46,1.0212,0,,,
asset_009,2026-04-29T18:00:00,1.9058,66.42,39.676,1.0365,1,,,
asset_010,2026-04-29T18:00:00,1.3395,62.853,46.554,0.8516,0,,,
asset_011,2026-04-29T18:00:00,1.391,60.307,46.941,1.0287,0,,,
asset_012,2026-04-29T18:00:00,1.5135,54.867,42.305,0.8028,0,,,
asset_013,2026-04-29T18:00:00,1.036,60.448,39.776,1.0293,0,,,
asset_014,2026-04-29T18:00:00,2.8503,61.142,58.287,0.9694,0,,,
asset_015,2026-04-29T18:00:00,3.4203,65.587,58.677,0.9958,0,,,
asset_016,2026-04-29T18:00:00,2.2488,75.983,54.349,0.9565,0,,,
asset_017,2026-04-29T18:00:00,3.7338,70.06,52.202,0.9112,1,,,
asset_018,2026-04-29T18:00:00,1.4249,72.303,56.016,1.0188,0,,,
asset_019,2026-04-29T18:00:00,1.4214,57.925,53.048,1.0311,0,,,
asset_020,2026-04-29T18:00:00,3.1213,72.439,48.953,0.8504,0,,,
asset_021,2026-04-29T18:00:00,3.0525,64.546,47.896,1.0166,0,,,
asset_022,2026-04-29T18:00:00,0.8973,58.386,49.821,0.9781,0,,,
asset_023,2026-04-29T18:00:00,1.2743,57.36,58.587,1.0977,0,,,
asset_024,2026-04-29T18:00:00,1.9629,78.639,55.599,1.0331,0,,,
asset_025,2026-04-29T18:00:00,3.3376,67.321,56.033,1.056,0,,,
asset_026,2026-04-29T18:00:00,3.6429,72.617,57.947,1.0966,0,,,
asset_027,2026-04-29T18:00:00,3.1677,76.574,42.663,1.1359,0,,,
asset_028,2026-04-29T18:00:00,1.5926,64.014,49.178,1.0243,0,,,
asset_029,2026-04-29T18:00:00,1.153,50.116,43.587,0.9087,0,,,
asset_030,2026-04-29T18:00:00,3.1447,72.66,45.798,1.0043,0,,,
asset_031,2026-04-29T18:00:00,2.1036,72.496,58.303,1.0439,0,,,
asset_032,2026-04-29T18:00:00,3.1033,58.899,53.293,1.0289,0,,,
asset_033,2026-04-29T18:00:00,2.7365,72.796,54.248,1.1751,0,,,
asset_034,2026-04-29T18:00:00,1.2574,63.545,54.271,0.9833,0,,,
asset_035,2026-04-29T18:00:00,3.1631,67.625,51.293,0.9953,1,,,
asset_036,2026-04-29T18:00:00,1.5065,58.038,52.648,0.9433,0,,,
asset_037,2026-04-29T18:00:00,2.6747,66.396,52.586,0.9855,0,,,
asset_038,2026-04-29T18:00:00,2.3294,77.684,57.799,0.8673,0,,,
asset_039,2026-04-29T18:00:00,2.7403,80.537,41.518,1.0526,0,,,
asset_000,2026-04-30T00:00:00,2.6092,59.799,45.498,1.0161,0,,,
asset_001,2026-04-30T00:00:00,1.9773,65.108,49.09,0.9105,0,,,
asset_002,2026-04-30T00:00:00,2.4974,77.301,49.864,0.9499,0,,,
asset_003,2026-04-30T00:00:00,1.6196,60.171,40.567,1.0588,0,,,
asset_004,2026-04-30T00:00:00,1.2351,60.934,46.806,0.8824,0,,,
asset_005,2026-04-30T00:00:00,1.2963,60.094,51.642,1.1917,0,,,
asset_006,2026-04-30T00:00:00,1.2476,50.948,46.362,1.0766,0,,,
asset_007,2026-04-30T00:00:00,0.7129,70.745,53.726,1.0534,0,,,
asset_008,2026-04-30T00:00:00,2.7854,78.444,49.944,0.9916,0,,,
asset_009,2026-04-30T00:00:00,1.0206,60.784,56.295,0.9006,0,,,
asset_010,2026-04-30T00:00:00,1.2102,64.606,53.661,1.0087,0,,,
asset_011,2026-04-30T00:00:00,1.0771,62.482,57.003,1.0725,0,,,
asset_012,2026-04-30T00:00:00,1.8071,56.059,40.256,1.035,0,,,
asset_013,2026-04-30T00:00:00,1.5107,58.906,52.765,1.072,0,,,
asset_014,2026-04-30T00:00:00,2.6832,63.179,50.715,0.9943,0,,,
asset_015,2026-04-30T00:00:00,3.5917,71.071,54.67,1.0247,0,,,
asset_016,2026-04-30T00:00:00,2.0167,76.546,42.177,0.9795,0,,,
asset_017,2026-04-30T00:00:00,2.7717,70.193,61.187,0.992,0,,,
asset_018,2026-04-30T00:00:00,1.1592,70.05,42.739,1.1018,0,,,
asset_019,2026-04-30T00:00:00,1.4339,59.862,54.773,1.139,0,,,
asset_020,2026-04-30T00:00:00,2.5789,77.576,54.318,1.0164,0,,,
asset_021,2026-04-30T00:00:00,3.1445,58.359,46.959,1.0328,0,,,
asset_022,2026-04-30T00:00:00,0.8467,62.09,55.874,0.9434,0,,,
asset_023,2026-04-30T00:00:00,1.2322,51.552,58.101,1.055,0,,,
asset_024,2026-04-30T00:00:00,1.6568,76.498,39.8,0.936,0,,,
asset_025,2026-04-30T00:00:00,3.319,68.066,59.335,0.9653,0,,,
asset_026,2026-04-30T00:00:00,3.0586,72.246,58.497,0.9166,0,,,
asset_027,2026-04-30T00:00:00,2.7597,76.053,45.182,1.1571,0,,,
asset_028,2026-04-30T00:00:00,1.419,65.982,41.976,0.9887,0,,,
asset_029,2026-04-30T00:00:00,0.7616,52.381,49.062,0.934,0,,,
asset_030,2026-04-30T00:00:00,3.2827,75.134,61.141,0.9369,0,,,
asset_031,2026-04-30T00:00:00,2.4635,72.534,58.92,0.9781,0,,,
asset_032,2026-04-30T00:00:00,2.9365,58.973,54.349,0.9525,0,,,
asset_033,2026-04-30T00:00:00,2.7415,68.583,40.305,0.9915,0,,,
asset_034,2026-04-30T00:00:00,1.1802,65.041,60.048,0.88,0,,,
asset_035,2026-04-30T00:00:00,2.8186,65.467,39.723,1.0231,0,,,
asset_036,2026-04-30T00:00:00,1.3245,56.024,57.854,0.913,0,,,
asset_037,2026-04-30T00:00:00,3.1387,64.281,49.504,1.0411,0,,,
asset_038,2026-04-30T00:00:00,2.057,74.174,42.04,1.0534,0,,,
asset_039,2026-04-30T00:00:00,3.5174,82.187,52.154,1.0628,1,,,
asset_000,2026-04-30T06:00:00,2.1397,63.403,40.181,1.0185,0,,,
asset_001,2026-04-30T06:00:00,2.3922,69.593,45.193,0.8246,0,,,
asset_002,2026-04-30T06:00:00,1.9932,76.936,50.718,0.9426,0,,,
asset_003,2026-04-30T06:00:00,1.4573,63.347,54.569,1.0188,0,,,
asset_004,2026-04-30T06:00:00,1.2306,62.199,52.008,0.9296,0,,,
asset_005,2026-04-30T06:00:00,1.5744,58.532,52.32,1.0742,0,,,
asset_006,2026-04-30T06:00:00,0.911,49.41,62.43,1.0178,0,,,
asset_007,2026-04-30T06:00:00,0.9234,67.403,48.436,0.9551,0,,,
asset_008,2026-04-30T06:00:00,2.5443,79.33,48.892,1.1209,0,,,
asset_009,2026-04-30T06:00:00,1.3571,64.407,55.934,0.9043,0,,,
asset_010,2026-04-30T06:00:00,1.1387,69.961,60.244,0.9364,0,,,
asset_011,2026-04-30T06:00:00,0.8836,61.348,54.4,0.9018,0,,,
asset_012,2026-04-30T06:00:00,1.8071,57.282,38.906,0.9794,0,,,
asset_013,2026-04-30T06:00:00,1.3426,63.732,58.151,0.981,1,,,
asset_014,2026-04-30T06:00:00,3.0167,61.961,46.346,1.0045,0,,,
asset_015,2026-04-30T06:00:00,3.0539,64.316,43.508,1.0884,0,,,
asset_016,2026-04-30T06:00:00,2.2087,79.028,41.898,1.0397,0,,,
asset_017,2026-04-30T06:00:00,3.2356,66.567,41.123,1.1347,0,,,
asset_018,2026-04-30T06:00:00,1.0562,70.411,41.437,1.0182,1,,,
asset_019,2026-04-30T06:00:00,1.4162,64.177,53.592,1.0977,0,,,
asset_020,2026-04-30T06:00:00,3.46,73.412,45.436,1.0467,0,,,
asset_021,2026-04-30T06:00:00,3.1574,61.567,50.591,1.0353,0,,,
asset_022,2026-04-30T06:00:00,0.8518,60.174,54.661,1.0026,0,,,
asset_023,2026-04-30T06:00:00,1.1418,54.726,52.423,0.9798,0,,,
asset_024,2026-04-30T06:00:00,2.1285,80.368,43.333,1.0001,0,,,
asset_025,2026-04-30T06:00:00,2.9864,66.84,48.794,0.9534,0,,,
asset_026,2026-04-30T06:00:00,2.4887,72.121,44.979,0.9809,0,,,
asset_027,2026-04-30T06:00:00,2.6697,69.959,53.11,1.0447,0,,,
asset_028,2026-04-30T06:00:00,1.4062,61.593,56.433,0.9134,0,,,
asset_029,2026-04-30T06:00:00,1.3585,53.649,47.864,1.0527,0,,,
asset_030,2026-04-30T06:00:00,2.6938,75.392,58.784,1.1068,0,,,
asset_031,2026-04-30T06:00:00,2.3676,72.064,39.838,0.9615,0,,,
asset_032,2026-04-30T06:00:00,3.5018,60.581,39.187,0.959,0,,,
asset_033,2026-04-30T06:00:00,2.377,69.954,53.987,0.9788,0,,,
asset_034,2026-04-30T06:00:00,0.5155,67.54,44.307,0.9199,1,,,
asset_035,2026-04-30T06:00:00,3.0306,69.814,42.728,1.0199,0,,,
asset_036,2026-04-30T06:00:00,1.2058,54.774,50.728,1.0616,0,,,
asset_037,2026-04-30T06:00:00,3.2252,67.584,43.577,1.0433,0,,,
asset_038,2026-04-30T06:00:00,2.9242,75.816,55.638,0.969,0,,,
asset_039,2026-04-30T06:00:00,3.1501,79.186,41.289,1.0478,0,,,
asset_000,2026-04-30T12:00:00,2.2698,64.733,40.67,1.1448,0,,,
asset_001,2026-04-30T12:00:00,2.4796,64.853,55.469,0.9969,0,,,
asset_002,2026-04-30T12:00:00,2.3169,75.079,52.293,1.0509,0,,,
asset_003,2026-04-30T12:00:00,1.7696,59.376,50.623,1.016,0,,,
asset_004,2026-04-30T12:00:00,1.2568,61.482,47.578,0.907,0,,,
asset_005,2026-04-30T12:00:00,1.5148,59.661,49.533,1.0433,0,,,
asset_006,2026-04-30T12:00:00,1.1517,57.123,49.174,1.0433,0,,,
asset_007,2026-04-30T12:00:00,0.7246,64.101,59.005,0.9087,0,,,
asset_008,2026-04-30T12:00:00,2.7535,79.66,44.747,1.031,0,,,
asset_009,2026-04-30T12:00:00,1.2881,64.162,54.028,0.9944,0,,,
asset_010,2026-04-30T12:00:00,1.1574,65.299,55.963,1.0106,0,,,
asset_011,2026-04-30T12:00:00,1.3413,59.628,47.534,1.0904,0,,,
asset_012,2026-04-30T12:00:00,1.402,61.094,44.483,0.8597,0,,,
asset_013,2026-04-30T12:00:00,1.0211,65.371,42.411,0.9635,1,,,
asset_014,2026-04-30T12:00:00,2.4186,61.504,49.785,1.0464,0,,,
asset_015,2026-04-30T12:00:00,3.1871,71.352,56.534,1.044,0,,,
asset_016,2026-04-30T12:00:00,1.8591,81.594,41.689,1.0677,0,,,
asset_017,2026-04-30T12:00:00,3.2359,65.586,40.429,0.9417,0,,,
asset_018,2026-04-30T12:00:00,1.4919,70.522,52.886,1.064,0,,,
asset_019,2026-04-30T12:00:00,1.4864,60.131,58.936,0.9923,0,,,
asset_020,2026-04-30T12:00:00,3.0197,73.306,57.007,1.0392,0,,,
asset_021,2026-04-30T12:00:00,2.996,60.204,44.883,1.041,0,,,
asset_022,2026-04-30T12:00:00,0.8666,60.88,60.485,1.065,0,,,
asset_023,2026-04-30T12:00:00,1.5125,53.232,48.434,0.9123,1,,,
asset_024,2026-04-30T12:00:00,2.1256,77.146,42.606,0.9907,0,,,
asset_025,2026-04-30T12:00:00,2.8323,65.916,41.725,1.0248,0,,,
asset_026,2026-04-30T12:00:00,3.4556,75.356,40.445,1.0501,0,,,
asset_027,2026-04-30T12:00:00,2.5841,77.83,49.946,0.9462,0,,,
asset_028,2026-04-30T12:00:00,1.1825,64.543,56.897,1.045,0,,,
asset_029,2026-04-30T12:00:00,0.8532,53.056,45.378,0.9875,0,,,
asset_030,2026-04-30T12:00:00,3.2242,68.36,48.041,1.1233,0,,,
asset_031,2026-04-30T12:00:00,2.5579,68.011,46.475,1.036,0,,,
asset_032,2026-04-30T12:00:00,3.7069,58.585,39.616,0.9173,0,,,
asset_033,2026-04-30T12:00:00,2.4762,70.64,62.61,0.9506,0,,,
asset_034,2026-04-30T12:00:00,1.5317,67.84,43.902,1.1522,0,,,
asset_035,2026-04-30T12:00:00,2.6544,70.349,57.914,1.1101,0,,,
asset_036,2026-04-30T12:00:00,1.5162,57.049,53.347,1.0655,0,,,
asset_037,2026-04-30T12:00:00,2.543,67.417,53.468,0.9951,1,,,
asset_038,2026-04-30T12:00:00,2.2505,79.869,48.948,0.952,0,,,
asset_039,2026-04-30T12:00:00,2.8009,81.009,52.067,0.9224,0,,,
asset_000,2026-04-30T18:00:00,2.1505,62.214,41.342,0.8968,0,,,
asset_001,2026-04-30T18:00:00,2.2245,68.705,41.742,0.9326,0,,,
asset_002,2026-04-30T18:00:00,2.6993,75.845,46.449,1.0991,0,,,
asset_003,2026-04-30T18:00:00,1.5842,59.824,56.708,1.0982,0,,,
asset_004,2026-04-30T18:00:00,1.3842,62.733,41.151,0.9963,0,,,
asset_005,2026-04-30T18:00:00,1.3672,58.051,42.321,0.9468,0,,,
asset_006,2026-04-30T18:00:00,1.2989,54.225,39.006,0.8464,0,,,
asset_007,2026-04-30T18:00:00,0.7759,71.989,51.768,1.1317,0,,,
asset_008,2026-04-30T18:00:00,2.2918,77.413,47.453,0.9544,1,,,
asset_009,2026-04-30T18:00:00,0.9269,65.847,53.879,1.0082,0,,,
asset_010,2026-04-30T18:00:00,0.9716,67.933,58.474,0.9567,0,,,
asset_011,2026-04-30T18:00:00,1.055,57.43,41.952,1.0628,0,,,
asset_012,2026-04-30T18:00:00,2.2085,61.23,56.818,0.9947,0,,,
asset_013,2026-04-30T18:00:00,1.4884,64.577,60.761,0.971,0,,,
asset_014,2026-04-30T18:00:00,2.5958,63.334,54.891,0.9239,0,,,
asset_015,2026-04-30T18:00:00,3.4331,67.196,37.58,1.1056,0,,,
asset_016,2026-04-30T18:00:00,2.2367,74.193,48.764,0.9153,0,,,
asset_017,2026-04-30T18:00:00,3.7948,70.874,50.209,0.8721,0,,,
asset_018,2026-04-30T18:00:00,1.4399,73.143,57.05,1.0874,0,,,
asset_019,2026-04-30T18:00:00,1.7976,60.174,53.277,0.9913,0,,,
asset_020,2026-04-30T18:00:00,3.0824,76.297,45.335,1.1539,0,,,
asset_021,2026-04-30T18:00:00,3.4903,61.553,56.123,1.1435,0,,,
asset_022,2026-04-30T18:00:00,0.6752,61.625,53.734,0.971,0,,,
asset_023,2026-04-30T18:00:00,1.4971,51.684,43.146,0.9412,0,,,
asset_024,2026-04-30T18:00:00,2.2288,78.708,39.842,0.9072,1,,,
asset_025,2026-04-30T18:00:00,3.2897,69.435,59.778,0.9905,0,,,
asset_026,2026-04-30T18:00:00,2.9456,72.161,54.017,1.0213,0,,,
asset_027,2026-04-30T18:00:00,2.924,76.156,42.919,0.8892,0,,,
asset_028,2026-04-30T18:00:00,0.6634,66.162,59.687,1.0827,0,,,
asset_029,2026-04-30T18:00:00,0.7683,52.086,48.902,1.0284,0,,,
asset_030,2026-04-30T18:00:00,2.8563,73.067,39.824,1.0311,0,,,
asset_031,2026-04-30T18:00:00,1.8282,74.771,45.747,1.1056,0,,,
asset_032,2026-04-30T18:00:00,2.8803,59.293,50.426,1.0407,0,,,
asset_033,2026-04-30T18:00:00,2.565,73.778,38.974,0.8621,0,,,
asset_034,2026-04-30T18:00:00,0.7727,65.927,56.133,0.9276,0,,,
asset_035,2026-04-30T18:00:00,2.708,66.979,45.039,0.9653,0,,,
asset_036,2026-04-30T18:00:00,1.6266,58.302,47.114,1.0836,0,,,
asset_037,2026-04-30T18:00:00,2.876,67.639,59.935,0.9043,0,,,
asset_038,2026-04-30T18:00:00,2.4223,73.55,52.031,0.8396,1,,,
asset_039,2026-04-30T18:00:00,2.7397,75.459,51.962,0.9647,0,,,
