store_id,week,sales,footfall,stock_cover_weeks,late_deliveries,stockout_next_week
store_00,2025-07-07,511,2224,3.75,2,0
store_00,2025-07-14,557,2265,3.67,2,1
store_00,2025-07-21,513,1812,3.85,0,0
store_00,2025-07-28,554,2247,3.98,0,0
store_00,2025-08-04,536,2025,3.98,3,0
store_00,2025-08-11,547,1916,4.02,2,0
store_00,2025-08-18,548,2464,3.94,0,0
store_00,2025-08-25,527,2232,3.69,3,0
store_00,2025-09-01,511,2020,3.42,2,0
store_00,2025-09-08,515,1884,3.56,4,0
store_00,2025-09-15,517,2307,3.46,4,0
store_00,2025-09-22,542,2223,3.48,4,0
store_00,2025-09-29,527,2321,3.47,4,0
store_00,2025-10-06,539,2229,3.34,2,0
store_00,2025-10-13,518,2174,3.02,2,0
store_00,2025-10-20,523,1840,2.89,2,1
store_00,2025-10-27,566,2207,2.76,5,0
store_00,2025-11-03,549,2222,2.75,3,0
store_00,2025-11-10,477,2042,2.77,5,0
store_00,2025-11-17,517,2199,2.74,3,0
store_00,2025-11-24,509,2034,2.88,0,0
store_00,2025-12-01,569,2553,2.81,1,0
store_00,2025-12-08,498,2079,2.82,1,0
store_00,2025-12-15,503,1857,2.79,3,0
store_00,2025-12-22,518,2212,2.88,0,0
store_00,2025-12-29,498,1779,2.72,3,0
store_00,2026-01-05,479,2063,2.73,0,0
store_00,2026-01-12,510,1898,2.59,2,0
store_00,2026-01-19,576,2167,2.76,0,0
store_00,2026-01-26,563,2390,2.97,4,0
store_00,2026-02-02,494,1814,2.91,3,0
store_00,2026-02-09,494,1784,2.84,4,0
store_00,2026-02-16,477,2079,2.7,4,0
store_00,2026-02-23,525,2289,2.56,5,1
store_00,2026-03-02,526,2064,2.62,5,0
store_00,2026-03-09,544,1978,2.19,5,0
store_00,2026-03-16,601,2261,1.99,4,1
store_00,2026-03-23,609,2252,1.83,4,0
store_00,2026-03-30,544,2361,1.91,0,0
store_00,2026-04-06,519,2107,1.95,2,0
store_00,2026-04-13,589,2529,1.67,0,0
store_00,2026-04-20,547,2455,1.75,3,0
store_00,2026-04-27,558,2117,1.65,1,0
store_00,2026-05-04,575,2489,1.5,0,0
store_00,2026-05-11,527,2063,1.55,0,0
store_00,2026-05-18,618,2598,1.42,4,0
store_00,2026-05-25,572,2077,1.53,1,0
store_00,2026-06-01,584,2090,1.22,2,0
store_00,2026-06-08,616,2585,1.22,1,0
store_00,2026-06-15,557,2454,1.02,3,0
store_00,2026-06-22,642,2318,0.84,5,0
store_00,2026-06-29,554,2267,0.53,3,1
store_00,2026-07-06,641,2255,0.45,2,0
store_00,2026-07-13,651,2303,0.27,5,1
store_00,2026-07-20,640,2786,0.2,4,1
store_00,2026-07-27,639,2322,0.2,2,1
store_00,2026-08-03,666,2342,0.2,4,0
store_00,2026-08-10,656,2381,0.2,2,0
store_00,2026-08-17,614,2385,0.2,4,1
store_00,2026-08-24,548,1941,0.2,3,1
store_01,2025-07-07,835,3659,2.93,2,1
store_01,2025-07-14,752,2973,2.99,3,0
store_01,2025-07-21,817,3251,2.99,0,0
store_01,2025-07-28,715,3078,3.01,3,0
store_01,2025-08-04,787,3040,2.93,2,0
store_01,2025-08-11,742,3062,2.96,0,0
store_01,2025-08-18,747,2627,2.87,3,0
store_01,2025-08-25,814,3210,3.01,1,0
store_01,2025-09-01,765,2998,2.77,2,0
store_01,2025-09-08,759,3292,2.9,3,0
store_01,2025-09-15,656,2903,2.89,3,0
store_01,2025-09-22,703,3025,2.99,2,0
store_01,2025-09-29,802,3102,2.93,0,0
store_01,2025-10-06,812,3124,2.58,1,0
store_01,2025-10-13,853,3729,2.49,3,0
store_01,2025-10-20,865,3287,2.65,3,0
store_01,2025-10-27,753,3056,2.6,3,0
store_01,2025-11-03,781,2905,2.6,3,0
store_01,2025-11-10,738,3234,2.54,0,0
store_01,2025-11-17,784,2847,2.54,3,0
store_01,2025-11-24,753,2853,2.51,1,0
store_01,2025-12-01,684,2511,2.49,0,0
store_01,2025-12-08,807,3057,2.45,3,0
store_01,2025-12-15,737,3238,2.46,1,0
store_01,2025-12-22,791,2851,2.46,2,0
store_01,2025-12-29,811,3142,2.44,1,0
store_01,2026-01-05,712,2556,2.26,4,0
store_01,2026-01-12,698,2455,2.05,3,0
store_01,2026-01-19,802,3415,1.85,4,0
store_01,2026-01-26,804,3560,1.62,2,0
store_01,2026-02-02,834,3290,1.32,4,1
store_01,2026-02-09,883,3660,1.46,4,1
store_01,2026-02-16,894,3294,1.4,5,0
store_01,2026-02-23,865,3420,1.13,3,0
store_01,2026-03-02,882,3092,1.03,5,1
store_01,2026-03-09,888,3296,1.03,2,0
store_01,2026-03-16,870,3663,0.82,2,1
store_01,2026-03-23,860,3788,0.59,3,0
store_01,2026-03-30,952,3436,0.34,5,1
store_01,2026-04-06,902,4018,0.2,3,1
store_01,2026-04-13,942,3761,0.2,0,0
store_01,2026-04-20,933,3980,0.28,3,0
store_01,2026-04-27,956,4223,0.32,1,0
store_01,2026-05-04,922,3528,0.49,0,0
store_01,2026-05-11,1012,4263,0.4,1,0
store_01,2026-05-18,859,3622,0.31,1,1
store_01,2026-05-25,942,3470,0.36,0,1
store_01,2026-06-01,1065,4542,0.2,3,1
store_01,2026-06-08,939,3799,0.26,0,0
store_01,2026-06-15,954,3975,0.25,0,0
store_01,2026-06-22,935,3704,0.22,3,0
store_01,2026-06-29,929,3957,0.2,3,0
store_01,2026-07-06,981,4312,0.46,3,0
store_01,2026-07-13,990,4271,0.24,2,0
store_01,2026-07-20,916,3761,0.2,3,1
store_01,2026-07-27,976,4064,0.2,3,1
store_01,2026-08-03,1011,4506,0.2,5,0
store_01,2026-08-10,967,3724,0.2,2,0
store_01,2026-08-17,980,4369,0.2,0,0
store_01,2026-08-24,870,3334,0.22,2,0
store_02,2025-07-07,949,4036,2.66,1,0
store_02,2025-07-14,854,3099,2.76,3,0
store_02,2025-07-21,910,3287,2.55,2,0
store_02,2025-07-28,787,2837,2.5,3,0
store_02,2025-08-04,1007,3853,2.1,4,0
store_02,2025-08-11,870,3746,1.92,2,1
store_02,2025-08-18,945,3864,1.96,3,0
store_02,2025-08-25,932,3500,2.14,0,0
store_02,2025-09-01,954,3733,2.07,3,0
store_02,2025-09-08,922,3855,1.84,2,0
store_02,2025-09-15,987,3606,1.64,5,1
store_02,2025-09-22,939,3394,1.57,2,0
store_02,2025-09-29,1005,3772,1.51,2,0
store_02,2025-10-06,949,3946,1.18,5,1
store_02,2025-10-13,982,4395,1.26,2,0
store_02,2025-10-20,912,3894,1.18,1,0
store_02,2025-10-27,1049,4653,1.15,2,1
store_02,2025-11-03,976,3545,1.07,2,0
store_02,2025-11-10,1025,3760,1.05,0,0
store_02,2025-11-17,1090,4223,0.95,3,0
store_02,2025-11-24,1080,4642,0.77,0,0
store_02,2025-12-01,1081,3996,0.64,0,0
store_02,2025-12-08,1091,4589,0.65,1,0
store_02,2025-12-15,1075,3913,0.57,3,0
store_02,2025-12-22,975,3465,0.53,1,0
store_02,2025-12-29,1069,4650,0.69,2,0
store_02,2026-01-05,1032,4582,0.68,0,1
store_02,2026-01-12,1038,4024,0.62,2,0
store_02,2026-01-19,1062,4545,0.32,0,0
store_02,2026-01-26,1027,4410,0.32,1,0
store_02,2026-02-02,1091,4773,0.26,3,0
store_02,2026-02-09,943,3586,0.2,3,0
store_02,2026-02-16,999,4043,0.2,2,1
store_02,2026-02-23,1112,4571,0.2,3,0
store_02,2026-03-02,1126,4927,0.2,2,0
store_02,2026-03-09,1008,3735,0.2,3,1
store_02,2026-03-16,1036,4198,0.2,3,1
store_02,2026-03-23,1003,4217,0.2,2,0
store_02,2026-03-30,999,3602,0.2,5,1
store_02,2026-04-06,1055,4027,0.41,2,0
store_02,2026-04-13,1081,4156,0.2,2,1
store_02,2026-04-20,1047,4385,0.2,4,0
store_02,2026-04-27,1027,3724,0.2,5,0
store_02,2026-05-04,1000,3611,0.26,2,1
store_02,2026-05-11,1010,3904,0.2,3,1
store_02,2026-05-18,985,3786,0.2,3,1
store_02,2026-05-25,1190,4569,0.31,3,1
store_02,2026-06-01,977,3757,0.33,2,0
store_02,2026-06-08,1060,3737,0.2,2,0
store_02,2026-06-15,1124,4981,0.38,2,0
store_02,2026-06-22,1062,3910,0.39,2,0
store_02,2026-06-29,1011,3916,0.2,0,1
store_02,2026-07-06,1066,3831,0.21,0,0
store_02,2026-07-13,1026,4203,0.45,2,0
store_02,2026-07-20,1038,4095,0.56,3,1
store_02,2026-07-27,965,3908,0.58,2,1
store_02,2026-08-03,1060,4433,0.32,5,1
store_02,2026-08-10,1074,4767,0.25,3,0
store_02,2026-08-17,1096,4381,0.2,5,1
store_02,2026-08-24,1071,3755,0.2,4,0
store_03,2025-07-07,817,2936,1.95,0,0
store_03,2025-07-14,788,3325,1.87,0,0
store_03,2025-07-21,849,3482,1.79,3,0
store_03,2025-07-28,793,2803,1.86,0,0
store_03,2025-08-04,839,3407,1.84,2,1
store_03,2025-08-11,894,3324,1.91,2,0
store_03,2025-08-18,875,3583,1.69,3,0
store_03,2025-08-25,870,3757,1.41,3,0
store_03,2025-09-01,944,4172,1.27,3,0
store_03,2025-09-08,938,4055,1.29,2,0
store_03,2025-09-15,934,4106,1.13,2,0
store_03,2025-09-22,816,3420,1.04,3,0
store_03,2025-09-29,938,4090,0.81,0,0
store_03,2025-10-06,985,3647,0.57,3,0
store_03,2025-10-13,980,4217,0.43,3,0
store_03,2025-10-20,992,3972,0.21,2,0
store_03,2025-10-27,942,4063,0.2,2,1
store_03,2025-11-03,898,3935,0.2,1,0
store_03,2025-11-10,1010,3667,0.2,3,0
store_03,2025-11-17,1057,4585,0.23,2,1
store_03,2025-11-24,1001,4431,0.23,1,1
store_03,2025-12-01,1026,3729,0.29,2,0
store_03,2025-12-08,1067,4469,0.2,2,0
store_03,2025-12-15,955,4281,0.2,3,1
store_03,2025-12-22,1057,3817,0.2,2,0
store_03,2025-12-29,983,3917,0.23,4,1
store_03,2026-01-05,980,4019,0.2,5,0
store_03,2026-01-12,1038,4228,0.2,5,1
store_03,2026-01-19,978,3564,0.2,3,1
store_03,2026-01-26,1031,4079,0.2,3,0
store_03,2026-02-02,974,4266,0.2,1,0
store_03,2026-02-09,876,3711,0.2,2,1
store_03,2026-02-16,965,3755,0.2,1,0
store_03,2026-02-23,1026,4374,0.2,3,0
store_03,2026-03-02,1026,4157,0.31,1,0
store_03,2026-03-09,980,3520,0.2,1,1
store_03,2026-03-16,925,3557,0.24,1,0
store_03,2026-03-23,986,3563,0.2,3,1
store_03,2026-03-30,931,4177,0.2,3,1
store_03,2026-04-06,989,3466,0.22,0,0
store_03,2026-04-13,895,3905,0.2,1,0
store_03,2026-04-20,928,3521,0.2,0,0
store_03,2026-04-27,1002,4256,0.2,2,1
store_03,2026-05-04,976,3723,0.35,2,0
store_03,2026-05-11,939,4064,0.49,1,0
store_03,2026-05-18,1043,4512,0.3,0,0
store_03,2026-05-25,1071,4133,0.25,2,0
store_03,2026-06-01,1029,4629,0.2,3,0
store_03,2026-06-08,995,4145,0.23,5,0
store_03,2026-06-15,887,3632,0.2,5,1
store_03,2026-06-22,968,4094,0.2,3,1
store_03,2026-06-29,893,3638,0.2,2,1
store_03,2026-07-06,942,3428,0.2,2,1
store_03,2026-07-13,997,4061,0.2,3,0
store_03,2026-07-20,921,3414,0.2,0,0
store_03,2026-07-27,913,3221,0.36,0,0
store_03,2026-08-03,966,4217,0.27,2,0
store_03,2026-08-10,1043,4101,0.2,2,1
store_03,2026-08-17,1027,3916,0.35,2,1
store_03,2026-08-24,1001,4154,0.33,2,0
store_04,2025-07-07,804,3204,2.21,0,0
store_04,2025-07-14,840,3011,2.37,1,0
store_04,2025-07-21,711,2588,2.54,1,0
store_04,2025-07-28,764,2928,2.41,2,0
store_04,2025-08-04,752,3042,2.41,3,0
store_04,2025-08-11,825,3557,2.27,3,0
store_04,2025-08-18,759,3197,2.23,3,0
store_04,2025-08-25,770,3332,2.11,2,0
store_04,2025-09-01,789,2989,2.07,2,0
store_04,2025-09-08,806,3580,1.81,0,0
store_04,2025-09-15,799,3223,2.08,0,0
store_04,2025-09-22,821,3054,1.86,0,0
store_04,2025-09-29,798,3218,1.86,1,0
store_04,2025-10-06,819,3181,1.88,1,1
store_04,2025-10-13,784,2904,1.9,2,1
store_04,2025-10-20,848,3443,2.07,1,0
store_04,2025-10-27,870,3608,2.1,3,0
store_04,2025-11-03,776,2738,2.23,2,0
store_04,2025-11-10,707,2936,2.35,2,0
store_04,2025-11-17,779,2972,2.33,3,0
store_04,2025-11-24,699,3055,2.32,2,0
store_04,2025-12-01,737,2821,2.5,1,0
store_04,2025-12-08,662,2684,2.43,1,0
store_04,2025-12-15,780,2825,2.43,2,1
store_04,2025-12-22,801,2858,2.21,2,0
store_04,2025-12-29,733,2606,2.12,4,1
store_04,2026-01-05,682,2537,2.0,5,0
store_04,2026-01-12,840,3546,1.6,2,0
store_04,2026-01-19,799,3477,1.25,5,0
store_04,2026-01-26,844,3209,0.95,4,1
store_04,2026-02-02,801,3124,0.92,5,0
store_04,2026-02-09,864,3454,0.87,5,1
store_04,2026-02-16,919,3437,0.67,4,0
store_04,2026-02-23,885,3963,0.6,3,0
store_04,2026-03-02,925,3984,0.59,2,0
store_04,2026-03-09,947,3775,0.51,2,0
store_04,2026-03-16,876,3899,0.42,3,0
store_04,2026-03-23,879,3815,0.41,5,0
store_04,2026-03-30,865,3536,0.28,4,0
store_04,2026-04-06,928,3893,0.2,2,1
store_04,2026-04-13,980,3432,0.2,2,0
store_04,2026-04-20,870,3322,0.28,2,0
store_04,2026-04-27,872,3805,0.2,0,1
store_04,2026-05-04,895,3706,0.2,0,0
store_04,2026-05-11,938,3600,0.28,3,0
store_04,2026-05-18,892,3242,0.3,2,0
store_04,2026-05-25,933,4073,0.2,3,0
store_04,2026-06-01,871,3497,0.25,1,0
store_04,2026-06-08,942,3604,0.2,5,1
store_04,2026-06-15,985,4101,0.37,3,1
store_04,2026-06-22,943,3851,0.33,2,1
store_04,2026-06-29,923,3300,0.2,3,0
store_04,2026-07-06,877,3537,0.28,5,1
store_04,2026-07-13,951,4023,0.28,2,1
store_04,2026-07-20,808,3410,0.39,3,0
store_04,2026-07-27,879,3156,0.2,3,1
store_04,2026-08-03,949,3648,0.2,2,0
store_04,2026-08-10,881,3184,0.2,0,0
store_04,2026-08-17,911,3730,0.2,4,1
store_04,2026-08-24,909,3337,0.2,3,0
store_05,2025-07-07,805,3073,3.21,0,0
store_05,2025-07-14,782,3027,3.22,1,0
store_05,2025-07-21,857,3109,3.34,0,0
store_05,2025-07-28,803,2838,3.14,4,0
store_05,2025-08-04,715,2793,2.84,5,1
store_05,2025-08-11,886,3322,2.87,1,0
store_05,2025-08-18,812,3214,2.74,0,0
store_05,2025-08-25,745,2843,2.65,3,0
store_05,2025-09-01,727,2852,2.61,3,0
store_05,2025-09-08,750,2956,2.73,3,0
store_05,2025-09-15,810,3382,2.87,5,0
store_05,2025-09-22,830,3585,2.68,4,0
store_05,2025-09-29,863,3504,2.61,5,0
store_05,2025-10-06,875,3407,2.67,5,0
store_05,2025-10-13,753,3340,2.69,4,0
store_05,2025-10-20,688,2567,2.55,2,0
store_05,2025-10-27,839,3538,2.69,2,0
store_05,2025-11-03,843,3515,2.78,3,1
store_05,2025-11-10,854,3101,2.7,0,0
store_05,2025-11-17,907,3927,2.49,1,0
store_05,2025-11-24,731,3181,2.69,1,0
store_05,2025-12-01,785,2988,2.79,3,0
store_05,2025-12-08,832,3628,2.89,3,0
store_05,2025-12-15,764,3408,2.77,2,0
store_05,2025-12-22,765,3330,2.57,2,0
store_05,2025-12-29,822,3280,2.37,4,0
store_05,2026-01-05,697,3043,2.37,3,0
store_05,2026-01-12,918,3419,2.58,5,0
store_05,2026-01-19,829,3050,2.67,2,0
store_05,2026-01-26,800,3515,2.52,4,0
store_05,2026-02-02,803,3069,2.45,5,0
store_05,2026-02-09,920,3980,2.29,2,0
store_05,2026-02-16,883,3568,2.08,3,0
store_05,2026-02-23,786,3333,2.06,5,0
store_05,2026-03-02,881,3507,2.17,2,0
store_05,2026-03-09,951,3578,1.92,4,0
store_05,2026-03-16,826,3536,1.91,5,0
store_05,2026-03-23,919,3428,1.79,5,0
store_05,2026-03-30,983,4217,1.33,5,1
store_05,2026-04-06,932,3276,1.09,2,0
store_05,2026-04-13,929,3989,0.94,4,0
store_05,2026-04-20,1011,4424,1.15,2,0
store_05,2026-04-27,933,3742,1.13,1,0
store_05,2026-05-04,885,3397,1.17,3,1
store_05,2026-05-11,772,2747,1.21,3,0
store_05,2026-05-18,1000,4400,1.07,0,0
store_05,2026-05-25,918,3540,1.04,1,0
store_05,2026-06-01,924,3604,0.92,3,0
store_05,2026-06-08,920,3715,0.98,1,0
store_05,2026-06-15,951,4117,1.1,2,0
store_05,2026-06-22,947,3743,1.21,2,0
store_05,2026-06-29,956,3807,1.09,3,0
store_05,2026-07-06,906,3438,1.06,3,1
store_05,2026-07-13,941,3902,1.07,3,0
store_05,2026-07-20,982,3448,0.98,0,0
store_05,2026-07-27,964,4285,0.7,3,1
store_05,2026-08-03,957,3761,0.48,4,0
store_05,2026-08-10,1011,3601,0.25,2,0
store_05,2026-08-17,1010,4090,0.2,1,1
store_05,2026-08-24,992,3809,0.26,2,1
store_06,2025-07-07,864,3578,2.63,2,0
store_06,2025-07-14,825,3174,2.53,5,0
store_06,2025-07-21,836,3385,2.43,4,1
store_06,2025-07-28,983,3935,2.38,5,0
store_06,2025-08-04,898,3492,2.3,2,0
store_06,2025-08-11,961,3741,2.04,5,0
store_06,2025-08-18,963,3841,2.06,2,0
store_06,2025-08-25,907,3904,2.26,0,0
store_06,2025-09-01,1028,4566,2.12,2,0
store_06,2025-09-08,904,3316,2.15,2,0
store_06,2025-09-15,965,3562,2.16,3,0
store_06,2025-09-22,1010,3663,2.03,0,0
store_06,2025-09-29,850,3313,1.98,2,0
store_06,2025-10-06,904,3879,2.07,1,0
store_06,2025-10-13,994,4340,1.97,1,0
store_06,2025-10-20,851,2999,2.06,3,0
store_06,2025-10-27,988,3551,2.02,1,0
store_06,2025-11-03,1047,4289,1.87,1,0
store_06,2025-11-10,935,3367,1.74,2,0
store_06,2025-11-17,862,3813,1.86,3,0
store_06,2025-11-24,1062,4107,1.98,2,0
store_06,2025-12-01,905,3845,2.08,3,0
store_06,2025-12-08,953,3479,1.95,0,0
store_06,2025-12-15,884,3231,2.0,1,1
store_06,2025-12-22,868,3227,1.69,4,0
store_06,2025-12-29,1011,4153,1.63,1,0
store_06,2026-01-05,917,3416,1.79,1,0
store_06,2026-01-12,900,3349,1.88,1,0
store_06,2026-01-19,954,4177,1.74,3,0
store_06,2026-01-26,945,3876,1.77,0,0
store_06,2026-02-02,961,3770,1.65,3,0
store_06,2026-02-09,936,3673,1.52,2,1
store_06,2026-02-16,895,3407,1.48,0,0
store_06,2026-02-23,1005,3560,1.39,3,1
store_06,2026-03-02,1004,3956,1.28,0,0
store_06,2026-03-09,882,3817,1.33,2,0
store_06,2026-03-16,993,3675,1.38,3,0
store_06,2026-03-23,1037,3791,1.28,1,0
store_06,2026-03-30,959,3706,1.25,0,1
store_06,2026-04-06,968,3396,1.42,0,0
store_06,2026-04-13,1030,4555,1.0,5,1
store_06,2026-04-20,1122,4837,0.81,3,0
store_06,2026-04-27,1072,4083,0.95,2,0
store_06,2026-05-04,1032,4345,0.78,5,1
store_06,2026-05-11,959,3966,0.84,5,0
store_06,2026-05-18,1035,3908,0.55,4,0
store_06,2026-05-25,1033,4599,0.41,4,0
store_06,2026-06-01,1104,4447,0.23,4,1
store_06,2026-06-08,1069,3979,0.2,4,0
store_06,2026-06-15,1080,4156,0.2,2,1
store_06,2026-06-22,1056,3826,0.2,5,1
store_06,2026-06-29,1105,4630,0.2,2,0
store_06,2026-07-06,959,3678,0.2,2,1
store_06,2026-07-13,1079,4258,0.2,2,1
store_06,2026-07-20,1063,4775,0.2,2,0
store_06,2026-07-27,1094,4856,0.2,3,0
store_06,2026-08-03,1007,4338,0.34,1,1
store_06,2026-08-10,1111,4390,0.21,0,0
store_06,2026-08-17,1032,4383,0.41,0,0
store_06,2026-08-24,1174,4948,0.46,2,0
store_07,2025-07-07,657,2922,2.44,3,0
store_07,2025-07-14,672,2832,2.45,0,0
store_07,2025-07-21,569,2318,2.63,1,0
store_07,2025-07-28,607,2456,2.56,3,0
store_07,2025-08-04,671,2917,2.49,0,0
store_07,2025-08-11,549,2445,2.42,2,0
store_07,2025-08-18,624,2610,2.14,3,0
store_07,2025-08-25,620,2432,2.16,1,0
store_07,2025-09-01,548,2379,2.11,3,0
store_07,2025-09-08,653,2319,2.14,3,0
store_07,2025-09-15,593,2560,2.25,1,0
store_07,2025-09-22,631,2464,2.28,0,0
store_07,2025-09-29,584,2131,2.21,3,0
store_07,2025-10-06,569,2256,2.26,2,0
store_07,2025-10-13,568,2212,2.35,2,0
store_07,2025-10-20,559,2349,2.23,3,0
store_07,2025-10-27,616,2700,2.21,1,0
store_07,2025-11-03,591,2511,2.05,1,0
store_07,2025-11-10,587,2333,1.77,3,0
store_07,2025-11-17,654,2933,1.72,3,0
store_07,2025-11-24,642,2839,1.7,0,0
store_07,2025-12-01,680,2749,1.73,3,0
store_07,2025-12-08,695,2586,1.64,0,0
store_07,2025-12-15,595,2173,1.62,0,0
store_07,2025-12-22,642,2886,1.6,2,0
store_07,2025-12-29,659,2714,1.65,0,0
store_07,2026-01-05,657,2536,1.55,0,0
store_07,2026-01-12,595,2121,1.48,2,0
store_07,2026-01-19,646,2504,1.59,2,0
store_07,2026-01-26,703,2541,1.57,0,0
store_07,2026-02-02,642,2404,1.35,1,0
store_07,2026-02-09,678,3047,1.42,0,0
store_07,2026-02-16,614,2477,1.51,2,0
store_07,2026-02-23,747,3303,1.48,0,0
store_07,2026-03-02,642,2446,1.57,1,0
store_07,2026-03-09,693,2782,1.42,3,0
store_07,2026-03-16,609,2559,1.67,0,0
store_07,2026-03-23,614,2444,1.68,3,0
store_07,2026-03-30,632,2648,1.63,2,0
store_07,2026-04-06,632,2703,1.6,1,0
store_07,2026-04-13,672,2542,1.64,2,0
store_07,2026-04-20,596,2426,1.56,3,0
store_07,2026-04-27,620,2593,1.46,5,0
store_07,2026-05-04,643,2444,1.55,5,1
store_07,2026-05-11,678,2376,1.28,4,0
store_07,2026-05-18,667,2954,1.26,4,0
store_07,2026-05-25,708,2718,1.15,5,0
store_07,2026-06-01,740,2787,0.93,3,0
store_07,2026-06-08,688,3069,0.78,2,0
store_07,2026-06-15,663,2409,0.67,2,1
store_07,2026-06-22,685,2717,0.65,3,0
store_07,2026-06-29,698,2611,0.71,4,1
store_07,2026-07-06,714,2527,0.51,5,0
store_07,2026-07-13,708,2928,0.2,4,0
store_07,2026-07-20,684,2654,0.2,2,0
store_07,2026-07-27,729,3250,0.2,2,1
store_07,2026-08-03,709,2997,0.2,2,0
store_07,2026-08-10,658,2674,0.2,3,0
store_07,2026-08-17,679,2473,0.22,1,1
store_07,2026-08-24,764,2997,0.34,4,0
store_08,2025-07-07,836,3174,3.1,0,0
store_08,2025-07-14,896,3456,3.26,1,0
store_08,2025-07-21,858,3543,3.28,2,0
store_08,2025-07-28,878,3692,3.41,2,0
store_08,2025-08-04,796,3388,3.51,2,0
store_08,2025-08-11,726,2928,3.45,3,1
store_08,2025-08-18,857,3833,3.5,4,0
store_08,2025-08-25,779,3348,3.6,4,1
store_08,2025-09-01,771,2778,3.43,4,0
store_08,2025-09-08,817,3258,3.38,4,0
store_08,2025-09-15,855,3547,3.73,4,0
store_08,2025-09-22,936,3942,3.53,4,0
store_08,2025-09-29,717,2862,3.18,4,0
store_08,2025-10-06,846,3266,2.98,4,0
store_08,2025-10-13,748,2651,2.99,3,0
store_08,2025-10-20,849,3801,2.97,5,0
store_08,2025-10-27,806,3306,2.86,4,1
store_08,2025-11-03,823,3166,2.61,2,0
store_08,2025-11-10,834,3644,2.52,2,0
store_08,2025-11-17,865,3092,2.42,3,0
store_08,2025-11-24,973,3850,2.32,3,0
store_08,2025-12-01,882,3387,2.38,0,0
store_08,2025-12-08,823,3588,2.41,0,0
store_08,2025-12-15,801,3300,2.32,1,0
store_08,2025-12-22,870,3573,2.41,0,0
store_08,2025-12-29,840,3740,2.51,0,0
store_08,2026-01-05,862,3268,2.6,0,0
store_08,2026-01-12,868,3558,2.67,3,0
store_08,2026-01-19,868,3313,2.66,1,0
store_08,2026-01-26,926,3786,2.6,3,0
store_08,2026-02-02,843,3657,2.62,1,0
store_08,2026-02-09,864,3234,2.58,3,0
store_08,2026-02-16,701,2894,2.68,2,0
store_08,2026-02-23,877,3912,2.97,3,0
store_08,2026-03-02,856,3632,2.71,0,0
store_08,2026-03-09,825,3238,2.79,2,0
store_08,2026-03-16,880,3195,2.81,0,0
store_08,2026-03-23,847,3393,2.6,0,0
store_08,2026-03-30,938,3453,2.62,0,0
store_08,2026-04-06,839,3462,2.74,0,0
store_08,2026-04-13,939,3581,2.73,0,0
store_08,2026-04-20,870,3748,2.79,3,0
store_08,2026-04-27,831,2918,2.76,2,0
store_08,2026-05-04,834,3713,2.75,0,0
store_08,2026-05-11,825,3353,2.61,0,0
store_08,2026-05-18,865,3060,2.64,0,0
store_08,2026-05-25,851,3613,2.59,1,0
store_08,2026-06-01,831,3548,2.56,3,1
store_08,2026-06-08,793,3220,2.41,0,0
store_08,2026-06-15,842,3234,2.27,1,0
store_08,2026-06-22,911,3486,2.41,1,0
store_08,2026-06-29,937,3812,2.29,4,1
store_08,2026-07-06,887,3990,2.32,0,0
store_08,2026-07-13,868,3341,2.47,2,0
store_08,2026-07-20,929,3441,2.55,0,0
store_08,2026-07-27,707,2636,2.38,3,0
store_08,2026-08-03,851,3525,2.32,0,0
store_08,2026-08-10,877,3856,2.26,2,0
store_08,2026-08-17,909,3677,2.12,2,0
store_08,2026-08-24,920,4027,2.17,3,1
store_09,2025-07-07,486,2055,2.39,2,0
store_09,2025-07-14,501,1936,2.27,2,0
store_09,2025-07-21,466,1809,2.37,0,0
store_09,2025-07-28,516,2105,2.31,0,0
store_09,2025-08-04,503,2009,2.16,5,0
store_09,2025-08-11,518,2062,2.07,5,0
store_09,2025-08-18,444,1686,1.96,4,0
store_09,2025-08-25,486,2073,1.71,4,0
store_09,2025-09-01,541,2090,1.84,5,0
store_09,2025-09-08,482,2000,1.76,2,0
store_09,2025-09-15,516,2272,1.79,2,0
store_09,2025-09-22,547,2315,1.54,5,1
store_09,2025-09-29,586,2409,1.42,5,1
store_09,2025-10-06,521,1877,1.37,5,0
store_09,2025-10-13,531,1891,1.19,2,0
store_09,2025-10-20,501,1861,1.13,0,0
store_09,2025-10-27,524,1969,0.94,5,0
store_09,2025-11-03,595,2458,0.99,5,1
store_09,2025-11-10,552,1973,0.95,5,0
store_09,2025-11-17,581,2297,0.71,2,1
store_09,2025-11-24,556,2028,0.62,2,0
store_09,2025-12-01,526,1960,0.76,0,0
store_09,2025-12-08,541,1926,0.54,3,0
store_09,2025-12-15,584,2490,0.54,3,0
store_09,2025-12-22,541,1927,0.52,2,0
store_09,2025-12-29,568,2327,0.55,3,1
store_09,2026-01-05,551,2421,0.4,2,0
store_09,2026-01-12,597,2512,0.47,0,0
store_09,2026-01-19,562,2315,0.2,3,0
store_09,2026-01-26,620,2339,0.23,5,0
store_09,2026-02-02,631,2760,0.2,2,1
store_09,2026-02-09,564,2411,0.2,5,1
store_09,2026-02-16,576,2279,0.2,4,1
store_09,2026-02-23,624,2525,0.2,3,1
store_09,2026-03-02,566,2288,0.27,2,1
store_09,2026-03-09,580,2401,0.2,4,1
store_09,2026-03-16,584,2477,0.2,3,0
store_09,2026-03-23,535,2080,0.26,3,0
store_09,2026-03-30,630,2581,0.35,2,1
store_09,2026-04-06,595,2661,0.34,3,0
store_09,2026-04-13,585,2368,0.27,0,1
store_09,2026-04-20,569,2055,0.22,2,0
store_09,2026-04-27,620,2335,0.2,3,0
store_09,2026-05-04,581,2154,0.23,0,0
store_09,2026-05-11,613,2650,0.34,3,0
store_09,2026-05-18,574,2483,0.37,1,0
store_09,2026-05-25,569,2223,0.62,1,1
store_09,2026-06-01,545,2103,0.69,1,0
store_09,2026-06-08,581,2398,0.39,4,1
store_09,2026-06-15,561,2385,0.33,1,1
store_09,2026-06-22,562,2266,0.22,5,1
store_09,2026-06-29,549,2122,0.21,3,0
store_09,2026-07-06,583,2440,0.2,4,0
store_09,2026-07-13,542,2273,0.2,5,1
store_09,2026-07-20,606,2595,0.2,2,0
store_09,2026-07-27,552,2193,0.2,4,0
store_09,2026-08-03,573,2497,0.2,5,0
store_09,2026-08-10,614,2591,0.2,3,0
store_09,2026-08-17,597,2315,0.27,2,0
store_09,2026-08-24,572,2490,0.22,1,0
store_10,2025-07-07,678,2958,3.37,1,0
store_10,2025-07-14,726,3116,3.36,0,0
store_10,2025-07-21,695,3112,3.52,1,0
store_10,2025-07-28,598,2618,3.53,3,0
store_10,2025-08-04,823,3620,3.32,4,0
store_10,2025-08-11,688,2820,3.06,3,0
store_10,2025-08-18,738,2929,3.05,3,0
store_10,2025-08-25,702,3017,3.29,5,0
store_10,2025-09-01,758,2878,3.21,5,0
store_10,2025-09-08,673,2456,3.32,4,1
store_10,2025-09-15,688,2620,3.21,3,1
store_10,2025-09-22,715,3152,2.93,3,0
store_10,2025-09-29,747,3358,2.75,5,0
store_10,2025-10-06,615,2605,2.56,3,0
store_10,2025-10-13,704,2822,2.53,2,0
store_10,2025-10-20,769,3322,2.37,5,0
store_10,2025-10-27,692,2965,2.28,5,0
store_10,2025-11-03,746,2685,2.21,3,0
store_10,2025-11-10,753,3236,2.18,3,1
store_10,2025-11-17,739,2799,2.19,2,0
store_10,2025-11-24,761,2682,2.11,5,0
store_10,2025-12-01,752,2821,2.01,5,0
store_10,2025-12-08,714,2771,1.96,4,0
store_10,2025-12-15,781,3405,1.85,3,0
store_10,2025-12-22,810,3443,1.69,2,0
store_10,2025-12-29,853,3445,1.65,0,0
store_10,2026-01-05,784,2787,1.82,3,0
store_10,2026-01-12,720,2538,1.83,3,0
store_10,2026-01-19,832,3691,1.96,1,0
store_10,2026-01-26,864,3414,1.95,2,0
store_10,2026-02-02,773,2939,1.81,5,0
store_10,2026-02-09,790,3479,1.62,5,0
store_10,2026-02-16,771,2955,1.62,2,0
store_10,2026-02-23,762,2726,1.47,4,0
store_10,2026-03-02,815,2903,1.38,4,0
store_10,2026-03-09,826,3353,1.22,4,0
store_10,2026-03-16,822,3557,1.15,3,1
store_10,2026-03-23,819,3075,1.0,3,0
store_10,2026-03-30,799,2925,0.85,4,0
store_10,2026-04-06,810,2925,0.85,2,0
store_10,2026-04-13,870,3384,0.69,0,0
store_10,2026-04-20,877,3277,0.9,1,0
store_10,2026-04-27,841,3139,0.97,1,0
store_10,2026-05-04,934,3451,0.8,3,1
store_10,2026-05-11,922,3736,0.74,3,0
store_10,2026-05-18,844,3111,0.66,2,0
store_10,2026-05-25,844,2975,0.84,3,0
store_10,2026-06-01,780,2889,0.83,2,0
store_10,2026-06-08,826,3456,0.61,3,1
store_10,2026-06-15,879,3479,0.79,3,1
store_10,2026-06-22,896,3342,0.87,3,0
store_10,2026-06-29,866,3060,0.81,1,1
store_10,2026-07-06,860,3505,0.88,3,0
store_10,2026-07-13,812,3520,0.77,2,0
store_10,2026-07-20,808,2946,0.77,3,1
store_10,2026-07-27,851,3319,0.82,2,1
store_10,2026-08-03,800,3539,0.88,0,0
store_10,2026-08-10,839,3478,0.88,0,0
store_10,2026-08-17,857,3155,0.8,1,0
store_10,2026-08-24,801,2843,0.75,2,0
store_11,2025-07-07,851,3206,2.81,0,0
store_11,2025-07-14,817,3560,2.54,2,0
store_11,2025-07-21,822,3033,2.35,4,0
store_11,2025-07-28,695,2621,2.48,5,1
store_11,2025-08-04,668,2599,2.57,2,0
store_11,2025-08-11,716,2728,2.41,5,1
store_11,2025-08-18,834,3047,2.17,2,0
store_11,2025-08-25,828,3366,2.02,3,0
store_11,2025-09-01,801,2998,1.83,5,1
store_11,2025-09-08,811,3231,1.8,5,0
store_11,2025-09-15,770,2826,1.64,4,0
store_11,2025-09-22,918,4085,1.58,4,0
store_11,2025-09-29,856,3338,1.32,3,1
store_11,2025-10-06,948,3595,1.27,1,0
store_11,2025-10-13,891,3158,1.32,3,0
store_11,2025-10-20,881,3674,1.56,2,0
store_11,2025-10-27,872,3795,1.64,2,1
store_11,2025-11-03,824,3084,1.56,0,0
store_11,2025-11-10,761,3298,1.75,1,0
store_11,2025-11-17,812,3231,1.44,2,0
store_11,2025-11-24,907,3939,1.37,3,0
store_11,2025-12-01,886,3352,1.2,2,0
store_11,2025-12-08,909,4071,0.98,4,0
store_11,2025-12-15,965,3543,0.8,4,1
store_11,2025-12-22,962,3677,0.68,1,0
store_11,2025-12-29,928,3776,0.7,1,0
store_11,2026-01-05,911,3852,0.51,4,0
store_11,2026-01-12,853,3338,0.31,4,1
store_11,2026-01-19,895,4015,0.2,3,1
store_11,2026-01-26,966,4165,0.2,2,1
store_11,2026-02-02,992,4179,0.27,2,1
store_11,2026-02-09,922,3465,0.2,3,1
store_11,2026-02-16,954,3871,0.22,4,0
store_11,2026-02-23,909,3511,0.32,3,0
store_11,2026-03-02,916,3274,0.35,3,0
store_11,2026-03-09,945,4073,0.32,2,0
store_11,2026-03-16,948,3741,0.2,4,0
store_11,2026-03-23,943,3465,0.2,3,1
store_11,2026-03-30,891,3748,0.21,5,0
store_11,2026-04-06,937,3880,0.2,3,0
store_11,2026-04-13,943,3611,0.2,2,0
store_11,2026-04-20,891,3255,0.2,3,1
store_11,2026-04-27,910,3797,0.36,3,1
store_11,2026-05-04,917,3868,0.2,1,0
store_11,2026-05-11,1030,4629,0.2,0,0
store_11,2026-05-18,999,4440,0.2,1,0
store_11,2026-05-25,971,4312,0.2,3,0
store_11,2026-06-01,1041,4479,0.2,3,0
store_11,2026-06-08,835,3753,0.31,0,0
store_11,2026-06-15,947,4158,0.2,2,0
store_11,2026-06-22,1006,4510,0.33,2,0
store_11,2026-06-29,926,3270,0.41,2,0
store_11,2026-07-06,942,3402,0.28,2,0
store_11,2026-07-13,1020,4579,0.32,3,1
store_11,2026-07-20,1012,4395,0.26,5,0
store_11,2026-07-27,922,3458,0.2,4,1
store_11,2026-08-03,1020,4135,0.2,3,1
store_11,2026-08-10,931,3776,0.2,5,1
store_11,2026-08-17,904,3495,0.2,4,1
store_11,2026-08-24,1033,3671,0.2,4,0
store_12,2025-07-07,760,2894,3.11,1,0
store_12,2025-07-14,746,3117,3.15,0,0
store_12,2025-07-21,714,2741,2.95,0,0
store_12,2025-07-28,798,3477,3.03,3,0
store_12,2025-08-04,727,3242,2.93,2,0
store_12,2025-08-11,808,3218,2.88,1,0
store_12,2025-08-18,760,2793,2.75,0,0
store_12,2025-08-25,803,2923,2.69,1,0
store_12,2025-09-01,749,2625,2.67,3,0
store_12,2025-09-08,785,2920,2.69,3,0
store_12,2025-09-15,807,3349,2.64,0,0
store_12,2025-09-22,832,3224,2.73,2,0
store_12,2025-09-29,793,3475,2.71,2,0
store_12,2025-10-06,781,2936,2.7,1,1
store_12,2025-10-13,770,3312,2.65,2,0
store_12,2025-10-20,694,2896,2.65,3,0
store_12,2025-10-27,817,3333,2.57,1,0
store_12,2025-11-03,769,3301,2.65,0,0
store_12,2025-11-10,729,2809,2.74,3,0
store_12,2025-11-17,770,3440,2.77,1,0
store_12,2025-11-24,750,3063,2.71,3,0
store_12,2025-12-01,796,2803,2.73,4,1
store_12,2025-12-08,705,2745,2.8,4,1
store_12,2025-12-15,698,2686,2.54,3,0
store_12,2025-12-22,799,3582,2.27,4,0
store_12,2025-12-29,807,3466,1.97,5,0
store_12,2026-01-05,862,3042,1.91,4,0
store_12,2026-01-12,884,3932,1.71,5,1
store_12,2026-01-19,853,3121,1.41,2,1
store_12,2026-01-26,773,2830,1.43,1,0
store_12,2026-02-02,863,3327,1.44,4,0
store_12,2026-02-09,797,3034,1.43,5,0
store_12,2026-02-16,871,3697,1.49,3,0
store_12,2026-02-23,868,3371,1.3,3,0
store_12,2026-03-02,864,3859,1.34,2,0
store_12,2026-03-09,863,3774,1.45,1,0
store_12,2026-03-16,768,3285,1.44,2,0
store_12,2026-03-23,750,2988,1.37,0,0
store_12,2026-03-30,836,3393,1.29,0,0
store_12,2026-04-06,846,3086,1.25,0,0
store_12,2026-04-13,799,2878,1.26,1,0
store_12,2026-04-20,873,3595,0.99,3,0
store_12,2026-04-27,876,3082,1.02,3,0
store_12,2026-05-04,927,3371,1.14,3,0
store_12,2026-05-11,876,3143,1.19,2,1
store_12,2026-05-18,899,3320,1.1,3,0
store_12,2026-05-25,950,4180,1.04,2,0
store_12,2026-06-01,899,3839,0.98,0,1
store_12,2026-06-08,850,3545,1.02,3,1
store_12,2026-06-15,945,4129,1.13,2,1
store_12,2026-06-22,850,3638,1.11,1,0
store_12,2026-06-29,884,3170,1.18,1,0
store_12,2026-07-06,909,3303,1.16,1,0
store_12,2026-07-13,799,2840,1.1,0,0
store_12,2026-07-20,944,3999,0.95,2,0
store_12,2026-07-27,899,3967,0.82,1,1
store_12,2026-08-03,927,3850,0.85,4,0
store_12,2026-08-10,897,3359,0.8,1,0
store_12,2026-08-17,949,3485,0.7,3,0
store_12,2026-08-24,916,3258,0.6,2,0
store_13,2025-07-07,330,1445,4.03,2,0
store_13,2025-07-14,310,1192,3.92,1,0
store_13,2025-07-21,333,1189,3.77,2,0
store_13,2025-07-28,300,1293,3.87,2,0
store_13,2025-08-04,340,1222,3.94,0,0
store_13,2025-08-11,306,1310,3.9,3,0
store_13,2025-08-18,327,1177,4.06,2,0
store_13,2025-08-25,309,1294,4.05,3,0
store_13,2025-09-01,304,1206,4.3,3,0
store_13,2025-09-08,337,1221,4.33,1,0
store_13,2025-09-15,329,1169,4.41,0,0
store_13,2025-09-22,330,1435,4.27,0,0
store_13,2025-09-29,321,1212,4.36,2,0
store_13,2025-10-06,301,1298,4.18,1,0
store_13,2025-10-13,318,1295,4.23,1,0
store_13,2025-10-20,319,1382,4.34,2,0
store_13,2025-10-27,315,1278,4.26,3,0
store_13,2025-11-03,363,1513,4.15,0,1
store_13,2025-11-10,348,1299,4.04,0,0
store_13,2025-11-17,318,1193,4.07,2,0
store_13,2025-11-24,319,1362,4.11,0,0
store_13,2025-12-01,310,1192,4.19,0,0
store_13,2025-12-08,317,1118,4.45,1,0
store_13,2025-12-15,321,1390,4.57,2,0
store_13,2025-12-22,302,1176,4.43,2,0
store_13,2025-12-29,319,1241,4.22,3,0
store_13,2026-01-05,308,1337,4.16,0,0
store_13,2026-01-12,310,1223,4.04,1,0
store_13,2026-01-19,321,1233,3.95,0,0
store_13,2026-01-26,312,1358,3.88,3,0
store_13,2026-02-02,322,1151,3.84,0,0
store_13,2026-02-09,323,1353,3.76,0,0
store_13,2026-02-16,351,1281,3.81,0,0
store_13,2026-02-23,326,1445,3.75,0,0
store_13,2026-03-02,310,1393,3.91,1,0
store_13,2026-03-09,316,1212,3.92,1,0
store_13,2026-03-16,314,1159,3.8,3,0
store_13,2026-03-23,314,1214,3.87,0,0
store_13,2026-03-30,352,1464,3.66,3,0
store_13,2026-04-06,311,1390,3.63,5,1
store_13,2026-04-13,315,1197,3.51,3,0
store_13,2026-04-20,325,1182,3.23,3,1
store_13,2026-04-27,308,1164,3.28,2,1
store_13,2026-05-04,270,985,3.17,3,0
store_13,2026-05-11,320,1334,3.18,4,0
store_13,2026-05-18,338,1427,3.04,5,0
store_13,2026-05-25,313,1099,2.98,3,0
store_13,2026-06-01,281,1210,2.94,4,1
store_13,2026-06-08,343,1532,2.65,2,0
store_13,2026-06-15,367,1500,2.48,3,0
store_13,2026-06-22,311,1109,2.53,3,0
store_13,2026-06-29,326,1431,2.3,5,1
store_13,2026-07-06,300,1109,2.14,2,0
store_13,2026-07-13,351,1510,2.03,5,0
store_13,2026-07-20,350,1499,1.72,2,0
store_13,2026-07-27,339,1187,1.64,4,0
store_13,2026-08-03,331,1471,1.67,1,0
store_13,2026-08-10,349,1295,1.68,1,0
store_13,2026-08-17,355,1443,1.55,5,0
store_13,2026-08-24,358,1608,1.48,3,0
store_14,2025-07-07,566,2301,3.45,3,0
store_14,2025-07-14,547,2354,3.62,3,0
store_14,2025-07-21,541,2295,3.51,3,0
store_14,2025-07-28,508,2050,3.61,2,0
store_14,2025-08-04,523,2312,3.63,3,0
store_14,2025-08-11,578,2313,3.74,0,0
store_14,2025-08-18,545,2169,3.73,3,0
store_14,2025-08-25,512,1862,3.9,1,0
store_14,2025-09-01,531,1920,4.1,0,0
store_14,2025-09-08,542,2292,4.16,2,0
store_14,2025-09-15,548,1945,4.09,1,0
store_14,2025-09-22,531,2075,4.12,2,0
store_14,2025-09-29,524,1928,4.06,0,0
store_14,2025-10-06,588,2505,3.85,1,0
store_14,2025-10-13,533,2054,3.74,3,0
store_14,2025-10-20,502,2204,3.88,0,0
store_14,2025-10-27,515,2102,3.75,2,0
store_14,2025-11-03,496,1827,3.63,1,0
store_14,2025-11-10,521,2222,3.63,1,0
store_14,2025-11-17,520,2233,3.77,3,0
store_14,2025-11-24,572,2208,3.79,0,0
store_14,2025-12-01,503,1884,3.98,0,0
store_14,2025-12-08,545,2037,3.8,2,0
store_14,2025-12-15,552,2347,3.67,4,0
store_14,2025-12-22,525,1855,3.53,5,0
store_14,2025-12-29,541,2369,3.43,4,0
store_14,2026-01-05,538,1904,3.28,2,0
store_14,2026-01-12,535,1974,3.26,3,0
store_14,2026-01-19,559,2313,3.15,2,0
store_14,2026-01-26,568,2523,3.09,3,0
store_14,2026-02-02,565,2517,3.02,3,1
store_14,2026-02-09,590,2394,2.81,2,0
store_14,2026-02-16,587,2399,2.76,2,1
store_14,2026-02-23,575,2012,2.49,3,0
store_14,2026-03-02,574,2412,2.33,3,0
store_14,2026-03-09,575,2399,2.13,0,0
store_14,2026-03-16,558,2032,1.96,1,0
store_14,2026-03-23,522,2172,1.79,2,0
store_14,2026-03-30,642,2533,2.0,3,0
store_14,2026-04-06,565,2462,1.58,3,0
store_14,2026-04-13,588,2278,1.58,3,0
store_14,2026-04-20,587,2469,1.55,5,1
store_14,2026-04-27,598,2430,1.56,2,0
store_14,2026-05-04,563,2435,1.37,3,0
store_14,2026-05-11,573,2395,1.26,3,0
store_14,2026-05-18,643,2805,1.14,3,0
store_14,2026-05-25,616,2367,0.97,4,0
store_14,2026-06-01,598,2341,0.75,2,1
store_14,2026-06-08,632,2348,0.76,2,0
store_14,2026-06-15,649,2915,0.6,2,0
store_14,2026-06-22,660,2879,0.74,3,0
store_14,2026-06-29,631,2734,0.84,3,0
store_14,2026-07-06,691,2929,0.82,3,0
store_14,2026-07-13,560,2312,0.92,0,0
store_14,2026-07-20,549,2385,1.07,0,0
store_14,2026-07-27,600,2189,1.18,3,0
store_14,2026-08-03,633,2720,1.07,3,0
store_14,2026-08-10,647,2288,1.11,3,0
store_14,2026-08-17,623,2435,1.2,3,1
store_14,2026-08-24,652,2494,1.16,2,0
store_15,2025-07-07,425,1797,2.11,0,0
store_15,2025-07-14,519,2252,1.96,2,0
store_15,2025-07-21,531,1880,2.01,1,0
store_15,2025-07-28,459,1859,2.15,0,0
store_15,2025-08-04,491,2020,2.36,1,0
store_15,2025-08-11,489,2190,2.36,0,0
store_15,2025-08-18,503,1786,2.44,0,0
store_15,2025-08-25,471,2021,2.34,0,0
store_15,2025-09-01,467,1921,2.24,0,0
store_15,2025-09-08,502,1945,2.19,0,1
store_15,2025-09-15,490,2121,2.41,2,0
store_15,2025-09-22,497,2168,2.48,1,0
store_15,2025-09-29,496,2056,2.47,3,0
store_15,2025-10-06,527,2036,2.37,2,0
store_15,2025-10-13,515,1975,2.11,4,0
store_15,2025-10-20,506,1848,1.99,4,0
store_15,2025-10-27,490,1826,1.77,4,0
store_15,2025-11-03,486,2089,1.56,3,0
store_15,2025-11-10,519,2208,1.46,5,1
store_15,2025-11-17,487,2137,1.37,2,0
store_15,2025-11-24,554,2459,1.19,4,0
store_15,2025-12-01,515,2138,0.9,5,0
store_15,2025-12-08,549,1940,0.77,5,1
store_15,2025-12-15,508,2277,0.99,3,0
store_15,2025-12-22,520,1964,0.86,3,0
store_15,2025-12-29,606,2395,1.18,3,0
store_15,2026-01-05,524,2354,0.92,4,1
store_15,2026-01-12,507,2179,0.91,4,1
store_15,2026-01-19,556,2155,0.88,3,0
store_15,2026-01-26,525,2221,1.04,3,0
store_15,2026-02-02,539,2130,1.07,2,0
store_15,2026-02-09,497,2063,0.96,3,1
store_15,2026-02-16,501,1757,0.85,0,0
store_15,2026-02-23,602,2553,0.71,5,0
store_15,2026-03-02,501,2173,0.62,3,0
store_15,2026-03-09,566,2437,0.49,4,1
store_15,2026-03-16,559,2285,0.48,2,0
store_15,2026-03-23,597,2677,0.38,3,0
store_15,2026-03-30,625,2612,0.49,4,0
store_15,2026-04-06,532,2288,0.37,5,0
store_15,2026-04-13,587,2394,0.2,2,0
store_15,2026-04-20,575,2502,0.2,2,0
store_15,2026-04-27,548,2387,0.2,3,1
store_15,2026-05-04,553,2064,0.2,3,1
store_15,2026-05-11,578,2517,0.2,5,1
store_15,2026-05-18,572,2180,0.2,4,1
store_15,2026-05-25,568,2035,0.2,2,1
store_15,2026-06-01,619,2437,0.26,3,0
store_15,2026-06-08,567,2316,0.2,3,0
store_15,2026-06-15,581,2414,0.2,3,1
store_15,2026-06-22,595,2582,0.2,3,1
store_15,2026-06-29,598,2478,0.2,1,0
store_15,2026-07-06,553,2244,0.2,0,0
store_15,2026-07-13,552,2011,0.26,2,1
store_15,2026-07-20,596,2104,0.32,2,0
store_15,2026-07-27,573,2414,0.48,0,0
store_15,2026-08-03,529,1887,0.38,1,1
store_15,2026-08-10,592,2168,0.38,2,0
store_15,2026-08-17,553,2409,0.28,0,0
store_15,2026-08-24,593,2418,0.36,4,0
store_16,2025-07-07,748,3229,3.84,3,0
store_16,2025-07-14,777,3242,4.0,2,0
store_16,2025-07-21,773,2735,4.01,1,1
store_16,2025-07-28,809,2942,4.14,2,0
store_16,2025-08-04,822,3640,4.18,3,1
store_16,2025-08-11,879,3342,4.15,1,0
store_16,2025-08-18,756,2693,4.16,3,0
store_16,2025-08-25,792,3154,4.03,3,0
store_16,2025-09-01,854,3019,3.95,0,0
store_16,2025-09-08,807,2906,4.02,0,0
store_16,2025-09-15,876,3473,3.96,1,0
store_16,2025-09-22,820,2951,4.15,0,0
store_16,2025-09-29,780,2735,4.27,1,0
store_16,2025-10-06,871,3293,4.24,1,0
store_16,2025-10-13,875,3779,4.29,1,0
store_16,2025-10-20,806,3167,4.39,0,0
store_16,2025-10-27,797,3298,4.48,2,0
store_16,2025-11-03,890,3643,4.55,3,0
store_16,2025-11-10,758,2964,4.47,2,0
store_16,2025-11-17,830,2964,4.34,5,0
store_16,2025-11-24,814,2868,4.34,5,0
store_16,2025-12-01,831,3393,4.1,3,0
store_16,2025-12-08,854,3431,4.0,5,0
store_16,2025-12-15,857,3261,3.94,1,0
store_16,2025-12-22,802,2982,3.82,3,0
store_16,2025-12-29,882,3341,3.95,2,0
store_16,2026-01-05,842,3172,3.85,3,0
store_16,2026-01-12,774,3476,4.12,2,0
store_16,2026-01-19,800,3031,4.05,1,0
store_16,2026-01-26,891,3314,4.15,2,0
store_16,2026-02-02,822,3137,4.21,0,0
store_16,2026-02-09,836,3581,4.15,1,0
store_16,2026-02-16,771,2765,4.07,1,0
store_16,2026-02-23,747,2968,4.06,3,0
store_16,2026-03-02,775,3360,3.83,2,0
store_16,2026-03-09,833,3027,3.94,1,0
store_16,2026-03-16,889,3854,3.88,1,0
store_16,2026-03-23,722,3238,3.93,2,0
store_16,2026-03-30,782,2850,3.95,2,0
store_16,2026-04-06,845,3542,3.92,2,0
store_16,2026-04-13,860,3853,3.89,2,0
store_16,2026-04-20,765,3183,3.96,2,0
store_16,2026-04-27,853,3629,3.86,1,0
store_16,2026-05-04,905,3960,3.75,4,1
store_16,2026-05-11,856,3547,3.68,5,1
store_16,2026-05-18,843,3246,3.57,5,0
store_16,2026-05-25,897,3995,3.41,5,1
store_16,2026-06-01,795,2944,3.23,4,0
store_16,2026-06-08,885,3528,3.11,0,0
store_16,2026-06-15,820,3680,3.13,3,0
store_16,2026-06-22,804,3029,3.02,2,0
store_16,2026-06-29,850,3594,3.0,0,0
store_16,2026-07-06,793,2778,3.03,1,0
store_16,2026-07-13,865,3553,3.08,3,1
store_16,2026-07-20,914,3980,3.1,3,0
store_16,2026-07-27,779,3192,3.06,3,0
store_16,2026-08-03,822,2934,3.15,0,0
store_16,2026-08-10,840,3700,3.12,2,0
store_16,2026-08-17,848,3290,3.14,0,0
store_16,2026-08-24,868,3766,2.88,3,0
store_17,2025-07-07,305,1087,3.6,0,0
store_17,2025-07-14,339,1452,3.7,3,0
store_17,2025-07-21,337,1427,3.77,2,0
store_17,2025-07-28,323,1302,3.77,0,0
store_17,2025-08-04,305,1159,3.62,2,0
store_17,2025-08-11,335,1307,3.49,3,0
store_17,2025-08-18,308,1363,3.74,1,0
store_17,2025-08-25,331,1160,3.73,2,0
store_17,2025-09-01,287,1267,3.78,2,0
store_17,2025-09-08,308,1131,3.62,3,0
store_17,2025-09-15,314,1273,3.6,3,0
store_17,2025-09-22,296,1192,3.71,0,0
store_17,2025-09-29,322,1208,3.9,4,0
store_17,2025-10-06,326,1241,3.73,5,0
store_17,2025-10-13,305,1113,3.52,4,0
store_17,2025-10-20,339,1497,3.51,2,0
store_17,2025-10-27,285,1053,3.22,2,0
store_17,2025-11-03,315,1383,3.18,3,0
store_17,2025-11-10,334,1484,3.51,2,0
store_17,2025-11-17,306,1076,3.42,0,0
store_17,2025-11-24,319,1429,3.17,4,1
store_17,2025-12-01,341,1400,3.09,4,0
store_17,2025-12-08,318,1203,3.17,3,0
store_17,2025-12-15,345,1518,2.94,2,0
store_17,2025-12-22,304,1143,2.85,5,0
store_17,2025-12-29,329,1339,2.58,2,0
store_17,2026-01-05,320,1366,2.37,2,0
store_17,2026-01-12,345,1525,2.33,2,0
store_17,2026-01-19,351,1260,2.12,4,0
store_17,2026-01-26,337,1208,1.89,4,1
store_17,2026-02-02,318,1304,1.68,5,1
store_17,2026-02-09,344,1362,1.59,2,0
store_17,2026-02-16,355,1434,1.56,3,0
store_17,2026-02-23,375,1366,1.14,2,1
store_17,2026-03-02,347,1479,1.04,5,0
store_17,2026-03-09,390,1418,0.93,0,1
store_17,2026-03-16,365,1420,1.04,1,1
store_17,2026-03-23,396,1389,0.92,3,0
store_17,2026-03-30,362,1608,0.91,1,1
store_17,2026-04-06,356,1491,0.85,1,0
store_17,2026-04-13,374,1505,1.15,3,0
store_17,2026-04-20,328,1198,0.97,0,0
store_17,2026-04-27,374,1520,0.81,2,0
store_17,2026-05-04,382,1376,0.92,1,0
store_17,2026-05-11,367,1506,1.08,1,0
store_17,2026-05-18,392,1489,1.11,3,0
store_17,2026-05-25,350,1330,1.06,0,0
store_17,2026-06-01,389,1406,1.13,2,0
store_17,2026-06-08,342,1423,1.11,1,0
store_17,2026-06-15,349,1443,1.19,1,0
store_17,2026-06-22,366,1414,1.18,3,0
store_17,2026-06-29,316,1125,1.25,3,0
store_17,2026-07-06,338,1442,1.32,3,0
store_17,2026-07-13,369,1513,1.3,5,0
store_17,2026-07-20,392,1513,1.28,4,0
store_17,2026-07-27,381,1449,1.31,3,1
store_17,2026-08-03,371,1425,1.16,5,0
store_17,2026-08-10,385,1372,0.94,4,1
store_17,2026-08-17,359,1411,0.9,2,0
store_17,2026-08-24,367,1403,1.05,2,0
store_18,2025-07-07,690,2957,2.19,1,0
store_18,2025-07-14,621,2713,2.05,3,0
store_18,2025-07-21,608,2404,2.17,0,0
store_18,2025-07-28,683,2654,2.33,0,0
store_18,2025-08-04,642,2835,2.29,4,0
store_18,2025-08-11,653,2581,2.28,0,0
store_18,2025-08-18,618,2203,2.44,2,0
store_18,2025-08-25,702,2505,2.52,3,0
store_18,2025-09-01,646,2828,2.62,0,0
store_18,2025-09-08,679,2685,2.57,2,0
store_18,2025-09-15,648,2503,2.42,2,0
store_18,2025-09-22,588,2465,2.66,0,0
store_18,2025-09-29,638,2656,2.46,5,0
store_18,2025-10-06,589,2146,2.19,3,0
store_18,2025-10-13,703,3039,2.09,3,0
store_18,2025-10-20,598,2166,1.91,5,0
store_18,2025-10-27,685,2754,1.74,2,0
store_18,2025-11-03,663,2808,1.67,4,0
store_18,2025-11-10,799,3061,1.35,2,0
store_18,2025-11-17,700,2567,1.22,3,0
store_18,2025-11-24,782,2916,0.95,2,0
store_18,2025-12-01,711,2765,1.14,4,0
store_18,2025-12-08,752,2900,0.95,5,1
store_18,2025-12-15,727,2933,0.82,5,0
store_18,2025-12-22,797,3288,0.7,3,0
store_18,2025-12-29,774,2871,0.58,2,0
store_18,2026-01-05,724,3082,0.45,5,0
store_18,2026-01-12,835,2962,0.39,3,1
store_18,2026-01-19,758,2860,0.2,2,0
store_18,2026-01-26,717,2813,0.2,1,1
store_18,2026-02-02,697,2992,0.2,1,1
store_18,2026-02-09,813,3250,0.2,3,1
store_18,2026-02-16,790,2854,0.2,3,0
store_18,2026-02-23,742,3202,0.2,2,0
store_18,2026-03-02,848,3559,0.2,1,0
store_18,2026-03-09,782,2807,0.23,1,0
store_18,2026-03-16,809,3435,0.2,3,0
store_18,2026-03-23,823,3380,0.2,2,1
store_18,2026-03-30,761,2917,0.3,2,0
store_18,2026-04-06,725,2606,0.2,3,1
store_18,2026-04-13,734,3284,0.2,0,0
store_18,2026-04-20,832,3470,0.23,2,1
store_18,2026-04-27,825,3367,0.24,2,0
store_18,2026-05-04,770,3064,0.24,1,0
store_18,2026-05-11,777,2870,0.28,5,1
store_18,2026-05-18,830,3248,0.2,3,1
store_18,2026-05-25,799,3557,0.28,3,1
store_18,2026-06-01,838,3734,0.27,5,1
store_18,2026-06-08,809,3329,0.22,4,0
store_18,2026-06-15,764,2825,0.32,5,0
store_18,2026-06-22,747,3063,0.29,3,0
store_18,2026-06-29,790,2981,0.2,2,0
store_18,2026-07-06,769,2854,0.2,2,0
store_18,2026-07-13,744,3214,0.2,4,0
store_18,2026-07-20,659,2910,0.2,5,1
store_18,2026-07-27,765,2940,0.2,5,1
store_18,2026-08-03,765,2697,0.32,3,0
store_18,2026-08-10,811,2844,0.32,2,1
store_18,2026-08-17,817,3492,0.31,3,0
store_18,2026-08-24,731,2993,0.27,2,0
store_19,2025-07-07,764,2747,2.35,2,0
store_19,2025-07-14,831,3071,2.4,3,0
store_19,2025-07-21,748,2628,2.37,0,0
store_19,2025-07-28,734,3027,2.58,2,0
store_19,2025-08-04,731,2886,2.64,2,0
store_19,2025-08-11,824,3706,2.48,1,0
store_19,2025-08-18,851,3754,2.31,1,0
store_19,2025-08-25,792,3240,2.28,3,0
store_19,2025-09-01,807,3525,2.15,2,0
store_19,2025-09-08,755,2906,2.26,0,0
store_19,2025-09-15,889,3545,2.12,0,0
store_19,2025-09-22,885,3404,2.08,1,0
store_19,2025-09-29,701,2595,2.21,1,0
store_19,2025-10-06,881,3196,2.26,1,0
store_19,2025-10-13,843,3763,2.26,3,0
store_19,2025-10-20,837,3058,2.13,2,0
store_19,2025-10-27,787,3114,1.89,2,0
store_19,2025-11-03,832,3341,2.03,0,0
store_19,2025-11-10,808,3543,1.9,5,1
store_19,2025-11-17,820,3129,1.71,5,0
store_19,2025-11-24,911,3930,1.84,3,0
store_19,2025-12-01,783,3382,1.75,0,0
store_19,2025-12-08,795,3002,1.79,0,0
store_19,2025-12-15,718,2514,1.77,1,0
store_19,2025-12-22,820,3643,1.93,2,0
store_19,2025-12-29,866,3523,2.12,3,0
store_19,2026-01-05,861,3497,2.1,2,0
store_19,2026-01-12,880,3438,1.98,1,0
store_19,2026-01-19,768,3144,2.19,1,0
store_19,2026-01-26,848,3301,2.18,0,0
store_19,2026-02-02,769,3028,2.31,2,0
store_19,2026-02-09,797,3163,2.3,3,0
store_19,2026-02-16,845,3347,2.16,1,1
store_19,2026-02-23,827,3658,2.16,1,0
store_19,2026-03-02,851,3252,2.21,2,0
store_19,2026-03-09,717,2960,2.26,1,0
store_19,2026-03-16,826,3471,2.13,4,0
store_19,2026-03-23,797,3275,2.09,0,0
store_19,2026-03-30,822,3148,2.01,3,0
store_19,2026-04-06,812,3090,1.84,3,0
store_19,2026-04-13,851,3389,1.72,4,0
store_19,2026-04-20,878,3731,1.44,2,0
store_19,2026-04-27,839,3717,1.37,5,0
store_19,2026-05-04,889,3971,1.22,4,1
store_19,2026-05-11,840,3355,0.99,3,0
store_19,2026-05-18,936,3366,0.68,4,1
store_19,2026-05-25,882,3507,0.39,5,1
store_19,2026-06-01,915,3876,0.27,3,1
store_19,2026-06-08,975,4344,0.23,3,1
store_19,2026-06-15,884,3199,0.2,5,0
store_19,2026-06-22,1071,4603,0.2,5,1
store_19,2026-06-29,1040,4087,0.2,4,0
store_19,2026-07-06,1014,3669,0.2,4,1
store_19,2026-07-13,989,3615,0.2,4,1
store_19,2026-07-20,934,3818,0.26,5,1
store_19,2026-07-27,841,3282,0.2,5,1
store_19,2026-08-03,948,3954,0.2,3,1
store_19,2026-08-10,1013,4419,0.2,5,1
store_19,2026-08-17,911,3628,0.2,5,1
store_19,2026-08-24,909,3819,0.2,4,0
store_20,2025-07-07,823,3193,2.12,0,0
store_20,2025-07-14,876,3516,1.88,2,0
store_20,2025-07-21,920,4037,1.91,2,0
store_20,2025-07-28,812,3147,2.01,0,0
store_20,2025-08-04,838,3425,1.86,3,0
store_20,2025-08-11,862,3249,1.87,2,0
store_20,2025-08-18,956,3548,2.0,2,0
store_20,2025-08-25,967,4082,1.89,1,1
store_20,2025-09-01,830,3193,1.68,1,0
store_20,2025-09-08,904,3960,1.69,3,0
store_20,2025-09-15,842,3369,1.81,0,0
store_20,2025-09-22,969,4029,1.71,3,1
store_20,2025-09-29,888,3633,1.9,2,0
store_20,2025-10-06,848,3804,2.05,0,0
store_20,2025-10-13,843,3421,2.1,2,0
store_20,2025-10-20,939,3680,1.91,1,0
store_20,2025-10-27,828,3207,1.91,3,0
store_20,2025-11-03,890,3697,1.85,2,0
store_20,2025-11-10,896,3898,1.68,0,0
store_20,2025-11-17,927,3361,1.61,3,0
store_20,2025-11-24,973,4043,1.68,0,0
store_20,2025-12-01,908,3299,1.58,0,0
store_20,2025-12-08,886,3349,1.51,3,0
store_20,2025-12-15,980,3961,1.39,2,0
store_20,2025-12-22,932,3603,1.16,1,0
store_20,2025-12-29,1004,3989,1.25,2,0
store_20,2026-01-05,978,3887,0.97,5,1
store_20,2026-01-12,997,4434,0.74,3,0
store_20,2026-01-19,974,3747,0.66,2,1
store_20,2026-01-26,995,4190,0.56,3,0
store_20,2026-02-02,1053,4514,0.64,3,1
store_20,2026-02-09,947,3624,0.83,3,1
store_20,2026-02-16,932,4127,1.0,0,0
store_20,2026-02-23,976,3584,1.05,5,0
store_20,2026-03-02,874,3232,0.86,4,0
store_20,2026-03-09,967,3610,0.64,2,0
store_20,2026-03-16,952,3495,0.37,4,1
store_20,2026-03-23,1061,4754,0.3,3,1
store_20,2026-03-30,964,3944,0.2,3,1
store_20,2026-04-06,1121,4069,0.2,5,1
store_20,2026-04-13,949,3770,0.2,2,1
store_20,2026-04-20,995,3834,0.2,5,0
store_20,2026-04-27,965,3546,0.22,5,1
store_20,2026-05-04,1007,3605,0.22,5,0
store_20,2026-05-11,991,3530,0.2,2,1
store_20,2026-05-18,1029,3888,0.2,3,0
store_20,2026-05-25,1023,3794,0.2,4,1
store_20,2026-06-01,999,4158,0.2,3,0
store_20,2026-06-08,1052,4422,0.2,1,1
store_20,2026-06-15,1066,4072,0.2,3,0
store_20,2026-06-22,1010,4213,0.23,0,0
store_20,2026-06-29,1061,4519,0.2,1,1
store_20,2026-07-06,981,3456,0.37,3,1
store_20,2026-07-13,1058,4179,0.3,3,0
store_20,2026-07-20,1082,4070,0.44,1,0
store_20,2026-07-27,991,3692,0.33,1,1
store_20,2026-08-03,930,3686,0.26,1,0
store_20,2026-08-10,1012,4494,0.2,3,0
store_20,2026-08-17,1050,3748,0.2,5,1
store_20,2026-08-24,1056,3964,0.2,2,1
store_21,2025-07-07,483,2065,2.98,1,0
store_21,2025-07-14,507,2213,2.99,5,0
store_21,2025-07-21,510,2226,2.78,4,1
store_21,2025-07-28,460,1681,2.61,3,0
store_21,2025-08-04,548,2329,2.26,2,1
store_21,2025-08-11,506,1794,2.14,4,1
store_21,2025-08-18,499,1932,2.07,5,0
store_21,2025-08-25,531,2259,1.87,4,1
store_21,2025-09-01,506,2069,1.81,3,0
store_21,2025-09-08,567,2238,1.71,4,0
store_21,2025-09-15,565,2442,1.64,3,0
store_21,2025-09-22,587,2501,1.36,3,0
store_21,2025-09-29,600,2602,1.17,2,0
store_21,2025-10-06,538,2389,1.1,3,0
store_21,2025-10-13,601,2329,0.9,3,0
store_21,2025-10-20,558,2074,0.71,5,1
store_21,2025-10-27,594,2405,0.63,3,1
store_21,2025-11-03,633,2234,0.43,3,0
store_21,2025-11-10,619,2677,0.28,4,1
store_21,2025-11-17,618,2646,0.2,5,1
store_21,2025-11-24,633,2635,0.2,2,0
store_21,2025-12-01,603,2656,0.2,5,1
store_21,2025-12-08,629,2708,0.2,3,1
store_21,2025-12-15,603,2130,0.2,4,1
store_21,2025-12-22,623,2549,0.2,1,1
store_21,2025-12-29,672,2731,0.2,3,1
store_21,2026-01-05,661,2703,0.2,2,1
store_21,2026-01-12,629,2234,0.2,5,0
store_21,2026-01-19,664,2610,0.2,2,1
store_21,2026-01-26,584,2422,0.2,0,0
store_21,2026-02-02,611,2460,0.2,0,0
store_21,2026-02-09,608,2278,0.23,3,0
store_21,2026-02-16,587,2430,0.2,1,1
store_21,2026-02-23,629,2744,0.22,0,0
store_21,2026-03-02,612,2273,0.2,2,0
store_21,2026-03-09,604,2348,0.2,0,0
store_21,2026-03-16,574,2161,0.34,2,1
store_21,2026-03-23,595,2240,0.2,0,0
store_21,2026-03-30,668,2529,0.2,0,0
store_21,2026-04-06,629,2613,0.2,3,0
store_21,2026-04-13,643,2624,0.2,1,0
store_21,2026-04-20,605,2385,0.22,3,0
store_21,2026-04-27,593,2502,0.2,3,0
store_21,2026-05-04,605,2219,0.2,5,1
store_21,2026-05-11,596,2280,0.22,3,0
store_21,2026-05-18,640,2302,0.2,3,1
store_21,2026-05-25,601,2635,0.33,3,0
store_21,2026-06-01,654,2818,0.37,1,0
store_21,2026-06-08,603,2512,0.2,3,1
store_21,2026-06-15,613,2752,0.2,2,1
store_21,2026-06-22,650,2560,0.2,5,1
store_21,2026-06-29,612,2416,0.2,3,1
store_21,2026-07-06,595,2308,0.2,2,0
store_21,2026-07-13,637,2697,0.2,4,1
store_21,2026-07-20,620,2187,0.2,5,1
store_21,2026-07-27,554,1954,0.2,4,0
store_21,2026-08-03,562,1999,0.2,2,0
store_21,2026-08-10,611,2382,0.37,0,0
store_21,2026-08-17,655,2398,0.25,3,1
store_21,2026-08-24,560,2495,0.25,2,0
store_22,2025-07-07,847,3439,2.38,0,0
store_22,2025-07-14,828,3318,2.33,2,0
store_22,2025-07-21,794,2791,2.2,2,0
store_22,2025-07-28,865,3322,2.13,3,0
store_22,2025-08-04,817,3266,2.26,2,0
store_22,2025-08-11,682,2501,2.15,5,0
store_22,2025-08-18,856,3377,1.96,2,0
store_22,2025-08-25,728,2815,1.83,2,0
store_22,2025-09-01,837,3042,1.72,5,0
store_22,2025-09-08,780,3051,1.51,5,0
store_22,2025-09-15,853,3617,1.35,4,1
store_22,2025-09-22,891,3434,1.16,4,1
store_22,2025-09-29,862,3102,0.98,5,1
store_22,2025-10-06,954,3852,0.85,5,1
store_22,2025-10-13,900,3356,0.54,4,1
store_22,2025-10-20,889,3661,0.32,3,1
store_22,2025-10-27,990,3616,0.2,2,0
store_22,2025-11-03,1030,4125,0.2,2,1
store_22,2025-11-10,902,3286,0.2,2,0
store_22,2025-11-17,932,3819,0.2,5,0
store_22,2025-11-24,1062,3947,0.2,3,0
store_22,2025-12-01,953,4247,0.25,4,0
store_22,2025-12-08,987,4071,0.2,3,1
store_22,2025-12-15,912,3950,0.2,4,0
store_22,2025-12-22,1000,3594,0.2,4,1
store_22,2025-12-29,937,3826,0.2,3,1
store_22,2026-01-05,915,3883,0.2,4,1
store_22,2026-01-12,1006,3602,0.24,3,0
store_22,2026-01-19,948,3346,0.2,5,1
store_22,2026-01-26,958,4165,0.2,5,0
store_22,2026-02-02,1019,4285,0.2,4,1
store_22,2026-02-09,957,4140,0.2,3,1
store_22,2026-02-16,938,4133,0.2,4,0
store_22,2026-02-23,995,4222,0.36,3,0
store_22,2026-03-02,904,3774,0.35,0,0
store_22,2026-03-09,1000,3579,0.31,2,1
store_22,2026-03-16,872,3849,0.2,1,0
store_22,2026-03-23,959,3939,0.2,0,0
store_22,2026-03-30,931,4078,0.26,2,1
store_22,2026-04-06,1038,4499,0.2,2,1
store_22,2026-04-13,1014,4560,0.2,3,1
store_22,2026-04-20,958,3488,0.26,0,1
store_22,2026-04-27,930,3649,0.26,1,0
store_22,2026-05-04,1027,3688,0.2,5,1
store_22,2026-05-11,1029,4523,0.2,3,1
store_22,2026-05-18,929,3755,0.2,4,1
store_22,2026-05-25,935,3753,0.2,4,1
store_22,2026-06-01,955,3353,0.2,5,1
store_22,2026-06-08,973,3699,0.2,3,1
store_22,2026-06-15,1033,4326,0.2,5,0
store_22,2026-06-22,972,4133,0.2,3,0
store_22,2026-06-29,988,4070,0.2,5,1
store_22,2026-07-06,932,3471,0.2,2,0
store_22,2026-07-13,1041,3718,0.2,5,0
store_22,2026-07-20,983,4087,0.2,4,1
store_22,2026-07-27,991,4400,0.2,4,0
store_22,2026-08-03,1023,3623,0.2,5,0
store_22,2026-08-10,1067,3873,0.33,3,0
store_22,2026-08-17,930,3581,0.2,2,0
store_22,2026-08-24,973,4233,0.2,3,0
store_23,2025-07-07,887,3582,2.26,1,0
store_23,2025-07-14,828,3047,2.18,1,0
store_23,2025-07-21,743,3286,2.06,1,0
store_23,2025-07-28,905,3946,2.14,2,0
store_23,2025-08-04,803,3291,2.1,2,0
store_23,2025-08-11,839,3342,2.24,3,0
store_23,2025-08-18,832,3577,2.03,3,1
store_23,2025-08-25,885,3638,1.8,2,0
store_23,2025-09-01,912,3967,1.96,3,0
store_23,2025-09-08,837,3673,1.96,0,0
store_23,2025-09-15,900,3321,1.71,2,0
store_23,2025-09-22,987,4208,1.57,1,0
store_23,2025-09-29,884,3518,1.69,1,0
store_23,2025-10-06,841,3119,1.63,0,0
store_23,2025-10-13,947,4015,1.76,3,0
store_23,2025-10-20,837,3260,1.64,1,0
store_23,2025-10-27,855,3616,1.6,2,0
store_23,2025-11-03,862,3119,1.63,2,0
store_23,2025-11-10,959,3620,1.72,3,0
store_23,2025-11-17,841,3614,1.71,2,0
store_23,2025-11-24,888,3348,1.75,1,0
store_23,2025-12-01,897,3587,1.71,1,0
store_23,2025-12-08,992,3920,1.65,3,0
store_23,2025-12-15,892,3719,1.72,1,0
store_23,2025-12-22,919,3518,1.65,1,0
store_23,2025-12-29,883,3371,1.68,1,0
store_23,2026-01-05,889,3635,1.62,2,0
store_23,2026-01-12,915,3538,1.66,1,0
store_23,2026-01-19,871,3900,1.72,2,0
store_23,2026-01-26,870,3368,1.83,1,0
store_23,2026-02-02,814,3526,1.89,3,0
store_23,2026-02-09,913,3421,1.78,0,0
store_23,2026-02-16,951,3668,1.67,2,0
store_23,2026-02-23,937,3700,1.76,0,0
store_23,2026-03-02,808,3633,1.93,1,0
store_23,2026-03-09,763,2702,2.1,3,0
store_23,2026-03-16,815,3248,2.29,2,0
store_23,2026-03-23,777,3235,2.15,0,0
store_23,2026-03-30,904,3761,2.38,3,0
store_23,2026-04-06,781,2967,2.26,3,0
store_23,2026-04-13,793,2908,2.22,0,0
store_23,2026-04-20,870,3521,2.17,3,0
store_23,2026-04-27,761,2732,2.17,1,0
store_23,2026-05-04,784,2770,1.99,2,0
store_23,2026-05-11,777,3264,2.06,0,0
store_23,2026-05-18,886,3602,2.02,0,0
store_23,2026-05-25,853,3197,1.79,0,0
store_23,2026-06-01,834,3034,2.01,2,0
store_23,2026-06-08,822,3030,2.1,1,0
store_23,2026-06-15,921,3805,1.96,3,0
store_23,2026-06-22,914,3383,1.69,4,0
store_23,2026-06-29,957,3771,1.81,2,1
store_23,2026-07-06,907,3182,1.91,2,0
store_23,2026-07-13,871,3565,1.86,2,0
store_23,2026-07-20,798,3044,1.95,3,0
store_23,2026-07-27,902,3366,1.85,5,0
store_23,2026-08-03,955,3643,1.9,3,0
store_23,2026-08-10,970,3532,2.05,1,0
store_23,2026-08-17,867,3868,2.21,4,0
store_23,2026-08-24,855,3445,2.3,5,1
store_24,2025-07-07,763,3313,2.6,0,0
store_24,2025-07-14,767,2877,2.7,0,0
store_24,2025-07-21,798,2798,2.52,3,0
store_24,2025-07-28,764,3354,2.45,0,0
store_24,2025-08-04,758,3355,2.49,3,0
store_24,2025-08-11,717,2647,2.52,1,0
store_24,2025-08-18,801,3045,2.59,1,0
store_24,2025-08-25,772,3170,2.53,2,0
store_24,2025-09-01,726,3063,2.59,3,0
store_24,2025-09-08,783,3289,2.68,1,1
store_24,2025-09-15,804,3308,2.54,1,0
store_24,2025-09-22,817,3594,2.37,3,0
store_24,2025-09-29,731,2795,2.38,1,0
store_24,2025-10-06,722,2609,2.37,1,0
store_24,2025-10-13,754,3158,2.63,0,0
store_24,2025-10-20,752,3180,2.54,0,0
store_24,2025-10-27,788,3045,2.63,2,1
store_24,2025-11-03,838,3129,2.58,1,0
store_24,2025-11-10,770,2930,2.51,2,0
store_24,2025-11-17,834,3178,2.68,3,0
store_24,2025-11-24,793,3027,2.81,0,1
store_24,2025-12-01,689,2605,2.96,0,0
store_24,2025-12-08,777,3489,2.79,0,0
store_24,2025-12-15,767,3027,2.68,2,0
store_24,2025-12-22,803,3205,2.6,2,0
store_24,2025-12-29,748,3044,2.5,2,0
store_24,2026-01-05,819,2902,2.42,1,0
store_24,2026-01-12,777,3315,2.36,3,0
store_24,2026-01-19,762,3410,2.35,3,0
store_24,2026-01-26,767,2985,2.31,3,0
store_24,2026-02-02,750,3336,2.31,0,0
store_24,2026-02-09,813,3464,2.35,3,0
store_24,2026-02-16,790,3484,2.46,3,0
store_24,2026-02-23,859,3716,2.55,2,0
store_24,2026-03-02,684,2715,2.61,0,0
store_24,2026-03-09,769,3273,2.54,0,0
store_24,2026-03-16,743,2709,2.53,0,0
store_24,2026-03-23,763,3362,2.49,0,0
store_24,2026-03-30,828,3004,2.56,1,0
store_24,2026-04-06,751,2784,2.47,1,0
store_24,2026-04-13,816,3453,2.44,1,0
store_24,2026-04-20,758,3095,2.45,2,0
store_24,2026-04-27,776,3451,2.44,0,0
store_24,2026-05-04,708,2948,2.47,2,0
store_24,2026-05-11,717,2790,2.24,2,0
store_24,2026-05-18,890,3585,2.12,1,0
store_24,2026-05-25,658,2757,2.07,2,1
store_24,2026-06-01,849,3602,2.13,1,0
store_24,2026-06-08,809,3263,1.91,2,0
store_24,2026-06-15,780,2774,2.22,1,0
store_24,2026-06-22,793,2949,2.1,1,0
store_24,2026-06-29,898,3946,2.05,1,0
store_24,2026-07-06,853,2999,1.95,1,0
store_24,2026-07-13,853,3588,1.75,3,1
store_24,2026-07-20,864,3088,1.61,1,0
store_24,2026-07-27,851,3074,1.59,1,0
store_24,2026-08-03,835,3719,1.53,1,0
store_24,2026-08-10,779,3181,1.56,2,0
store_24,2026-08-17,817,3632,1.6,2,0
store_24,2026-08-24,827,3192,1.52,2,0
store_25,2025-07-07,589,2199,3.24,2,0
store_25,2025-07-14,587,2434,3.24,1,0
store_25,2025-07-21,612,2555,3.22,2,0
store_25,2025-07-28,603,2273,3.09,4,1
store_25,2025-08-04,595,2460,2.94,2,0
store_25,2025-08-11,599,2558,2.88,5,1
store_25,2025-08-18,640,2392,2.66,3,0
store_25,2025-08-25,588,2523,2.6,4,0
store_25,2025-09-01,605,2514,2.54,5,0
store_25,2025-09-08,614,2501,2.59,1,1
store_25,2025-09-15,599,2482,2.65,2,0
store_25,2025-09-22,566,2220,2.81,3,0
store_25,2025-09-29,639,2794,2.86,2,0
store_25,2025-10-06,621,2248,2.58,1,0
store_25,2025-10-13,640,2578,2.54,2,0
store_25,2025-10-20,636,2438,2.57,2,0
store_25,2025-10-27,593,2398,2.58,3,0
store_25,2025-11-03,735,2961,2.56,2,0
store_25,2025-11-10,533,2344,2.87,3,0
store_25,2025-11-17,606,2514,2.99,2,0
store_25,2025-11-24,760,2660,3.1,2,0
store_25,2025-12-01,615,2490,2.88,3,0
store_25,2025-12-08,660,2695,2.94,4,0
store_25,2025-12-15,628,2614,2.79,2,0
store_25,2025-12-22,676,2685,2.57,4,1
store_25,2025-12-29,648,2881,2.62,2,1
store_25,2026-01-05,695,2953,2.41,2,1
store_25,2026-01-12,645,2458,2.44,2,0
store_25,2026-01-19,647,2460,2.28,3,0
store_25,2026-01-26,637,2495,2.18,5,0
store_25,2026-02-02,625,2219,2.12,3,0
store_25,2026-02-09,710,2897,1.91,5,0
store_25,2026-02-16,698,2458,1.56,3,0
store_25,2026-02-23,692,2942,1.64,2,0
store_25,2026-03-02,692,2609,1.57,3,0
store_25,2026-03-09,755,3081,1.52,5,1
store_25,2026-03-16,646,2819,1.32,5,0
store_25,2026-03-23,743,2878,1.5,2,0
store_25,2026-03-30,712,3106,1.6,2,0
store_25,2026-04-06,651,2803,1.68,2,0
store_25,2026-04-13,752,2937,1.31,2,0
store_25,2026-04-20,669,2927,1.19,4,1
store_25,2026-04-27,770,3336,0.98,2,0
store_25,2026-05-04,715,2804,0.85,5,0
store_25,2026-05-11,734,3067,0.72,2,0
store_25,2026-05-18,865,3119,0.46,2,0
store_25,2026-05-25,781,3055,0.57,4,1
store_25,2026-06-01,750,3150,0.41,4,1
store_25,2026-06-08,670,2662,0.41,5,0
store_25,2026-06-15,791,3472,0.4,5,1
store_25,2026-06-22,780,2995,0.29,2,1
store_25,2026-06-29,775,3131,0.2,5,1
store_25,2026-07-06,796,3324,0.2,3,1
store_25,2026-07-13,786,3451,0.2,3,1
store_25,2026-07-20,772,3377,0.23,2,1
store_25,2026-07-27,785,3276,0.2,4,0
store_25,2026-08-03,823,2889,0.2,2,0
store_25,2026-08-10,739,2881,0.3,2,1
store_25,2026-08-17,715,2754,0.52,0,0
store_25,2026-08-24,847,3734,0.48,3,1
store_26,2025-07-07,645,2357,3.09,1,0
store_26,2025-07-14,619,2209,3.17,1,0
store_26,2025-07-21,756,3117,3.21,0,0
store_26,2025-07-28,622,2509,3.06,3,0
store_26,2025-08-04,658,2678,3.09,1,0
store_26,2025-08-11,677,2415,3.26,1,0
store_26,2025-08-18,673,2777,3.39,1,0
store_26,2025-08-25,690,2477,3.29,0,0
store_26,2025-09-01,601,2105,3.38,0,1
store_26,2025-09-08,754,2795,3.4,3,0
store_26,2025-09-15,713,3165,3.61,1,0
store_26,2025-09-22,628,2559,3.71,0,0
store_26,2025-09-29,678,2987,3.59,2,0
store_26,2025-10-06,657,2401,3.59,3,0
store_26,2025-10-13,691,2485,3.6,3,0
store_26,2025-10-20,716,2895,3.58,2,0
store_26,2025-10-27,747,3124,3.48,2,1
store_26,2025-11-03,703,2746,3.23,3,0
store_26,2025-11-10,693,2790,3.11,3,0
store_26,2025-11-17,675,2614,2.88,4,0
store_26,2025-11-24,619,2761,2.7,2,0
store_26,2025-12-01,731,3244,2.48,4,0
store_26,2025-12-08,732,3138,2.17,5,0
store_26,2025-12-15,708,2906,2.02,3,0
store_26,2025-12-22,731,2978,1.66,4,0
store_26,2025-12-29,724,3230,1.49,3,0
store_26,2026-01-05,801,2957,1.46,5,0
store_26,2026-01-12,817,3535,1.45,4,0
store_26,2026-01-19,757,3299,1.24,2,1
store_26,2026-01-26,717,3059,1.09,5,1
store_26,2026-02-02,784,3109,0.84,3,0
store_26,2026-02-09,766,3372,0.8,0,0
store_26,2026-02-16,869,3375,0.66,2,0
store_26,2026-02-23,845,3094,0.56,0,0
store_26,2026-03-02,893,3826,0.23,3,1
store_26,2026-03-09,827,3605,0.23,0,0
store_26,2026-03-16,828,2946,0.28,2,1
store_26,2026-03-23,735,2769,0.31,2,0
store_26,2026-03-30,854,3742,0.2,1,1
store_26,2026-04-06,804,2938,0.2,5,1
store_26,2026-04-13,899,3838,0.2,2,0
store_26,2026-04-20,858,3346,0.2,2,1
store_26,2026-04-27,837,3084,0.2,0,0
store_26,2026-05-04,836,3679,0.3,0,0
store_26,2026-05-11,863,3882,0.3,3,0
store_26,2026-05-18,892,3189,0.2,0,0
store_26,2026-05-25,785,3493,0.29,3,0
store_26,2026-06-01,860,3332,0.25,1,0
store_26,2026-06-08,905,3570,0.2,3,0
store_26,2026-06-15,790,3516,0.2,1,0
store_26,2026-06-22,906,3361,0.23,3,1
store_26,2026-06-29,832,3534,0.34,2,0
store_26,2026-07-06,869,3535,0.27,2,0
store_26,2026-07-13,865,3622,0.33,0,0
store_26,2026-07-20,839,3537,0.2,2,0
store_26,2026-07-27,821,3121,0.2,3,0
store_26,2026-08-03,807,3026,0.24,3,0
store_26,2026-08-10,853,3554,0.2,1,1
store_26,2026-08-17,856,3170,0.2,0,0
store_26,2026-08-24,893,4010,0.2,0,0
store_27,2025-07-07,424,1698,3.35,1,1
store_27,2025-07-14,444,1585,3.26,3,0
store_27,2025-07-21,398,1659,3.26,3,0
store_27,2025-07-28,431,1707,3.24,2,0
store_27,2025-08-04,460,1611,3.09,4,0
store_27,2025-08-11,417,1558,3.1,3,0
store_27,2025-08-18,424,1490,2.95,3,0
store_27,2025-08-25,423,1849,2.8,5,0
store_27,2025-09-01,403,1608,2.6,5,0
store_27,2025-09-08,456,1617,2.46,2,0
store_27,2025-09-15,426,1761,2.25,3,0
store_27,2025-09-22,436,1608,2.18,2,0
store_27,2025-09-29,458,1860,2.06,2,0
store_27,2025-10-06,448,1886,1.75,5,0
store_27,2025-10-13,446,1689,1.79,4,0
store_27,2025-10-20,483,1749,1.61,5,1
store_27,2025-10-27,469,2030,1.5,4,1
store_27,2025-11-03,494,2091,1.24,5,0
store_27,2025-11-10,470,1719,0.98,3,1
store_27,2025-11-17,511,1824,0.78,5,1
store_27,2025-11-24,510,2076,0.55,2,0
store_27,2025-12-01,513,1860,0.51,5,0
store_27,2025-12-08,572,2208,0.29,2,0
store_27,2025-12-15,501,1939,0.22,5,1
store_27,2025-12-22,484,2168,0.2,4,1
store_27,2025-12-29,521,2125,0.2,3,1
store_27,2026-01-05,494,2136,0.2,3,1
store_27,2026-01-12,498,1916,0.2,2,0
store_27,2026-01-19,511,2117,0.53,3,0
store_27,2026-01-26,499,2171,0.48,3,0
store_27,2026-02-02,528,1976,0.5,2,0
store_27,2026-02-09,528,2338,0.46,1,0
store_27,2026-02-16,428,1643,0.58,2,0
store_27,2026-02-23,538,2347,0.56,1,0
store_27,2026-03-02,558,2230,0.53,3,0
store_27,2026-03-09,501,2205,0.54,0,1
store_27,2026-03-16,508,2268,0.63,1,0
store_27,2026-03-23,525,2134,0.67,2,0
store_27,2026-03-30,525,1985,0.64,2,0
store_27,2026-04-06,542,2351,0.76,2,0
store_27,2026-04-13,511,2139,0.6,3,1
store_27,2026-04-20,503,1832,0.7,0,1
store_27,2026-04-27,502,2029,0.78,0,0
store_27,2026-05-04,455,1645,0.73,2,0
store_27,2026-05-11,515,2290,0.59,3,1
store_27,2026-05-18,599,2325,0.45,2,0
store_27,2026-05-25,520,2240,0.51,2,0
store_27,2026-06-01,503,2018,0.39,2,0
store_27,2026-06-08,517,2096,0.2,2,1
store_27,2026-06-15,578,2064,0.2,5,1
store_27,2026-06-22,537,2207,0.2,3,1
store_27,2026-06-29,558,2186,0.2,4,1
store_27,2026-07-06,518,1901,0.26,0,0
store_27,2026-07-13,523,2273,0.21,0,0
store_27,2026-07-20,521,1965,0.2,1,0
store_27,2026-07-27,551,2084,0.2,3,0
store_27,2026-08-03,519,2327,0.2,2,0
store_27,2026-08-10,545,2153,0.28,2,1
store_27,2026-08-17,521,2034,0.28,1,1
store_27,2026-08-24,565,2125,0.2,1,0
store_28,2025-07-07,717,2949,3.82,3,1
store_28,2025-07-14,865,3769,3.93,1,0
store_28,2025-07-21,751,3224,3.92,1,0
store_28,2025-07-28,800,2932,3.98,1,0
store_28,2025-08-04,800,3043,3.86,2,1
store_28,2025-08-11,818,3203,3.91,3,0
store_28,2025-08-18,786,2870,3.8,1,0
store_28,2025-08-25,749,2792,3.7,1,0
store_28,2025-09-01,690,2740,3.59,1,0
store_28,2025-09-08,783,2847,3.59,0,0
store_28,2025-09-15,723,3110,3.55,2,0
store_28,2025-09-22,784,2915,3.44,3,0
store_28,2025-09-29,780,2939,3.3,0,0
store_28,2025-10-06,820,3427,3.18,2,0
store_28,2025-10-13,795,2815,3.32,2,0
store_28,2025-10-20,832,3675,3.18,3,0
store_28,2025-10-27,840,3056,3.03,5,0
store_28,2025-11-03,729,2996,2.87,4,0
store_28,2025-11-10,820,3190,2.89,3,0
store_28,2025-11-17,841,3471,2.84,5,0
store_28,2025-11-24,798,3104,2.71,4,0
store_28,2025-12-01,748,3100,2.71,2,0
store_28,2025-12-08,734,2729,2.44,2,0
store_28,2025-12-15,803,3448,2.19,3,0
store_28,2025-12-22,709,2630,2.16,1,0
store_28,2025-12-29,876,3112,2.07,1,0
store_28,2026-01-05,767,3171,1.89,5,0
store_28,2026-01-12,809,3582,1.88,2,0
store_28,2026-01-19,819,3246,1.96,4,0
store_28,2026-01-26,795,3100,2.02,2,0
store_28,2026-02-02,829,3384,2.06,0,0
store_28,2026-02-09,739,2934,2.17,1,0
store_28,2026-02-16,887,3746,1.73,5,0
store_28,2026-02-23,805,3543,1.84,5,1
store_28,2026-03-02,761,3346,1.64,4,0
store_28,2026-03-09,932,3307,1.52,3,0
store_28,2026-03-16,899,3344,1.27,4,1
store_28,2026-03-23,963,3466,1.4,0,0
store_28,2026-03-30,897,3395,1.23,0,0
store_28,2026-04-06,903,3640,1.16,2,0
store_28,2026-04-13,953,3594,1.09,2,1
store_28,2026-04-20,869,3205,1.2,2,0
store_28,2026-04-27,895,3409,1.25,2,0
store_28,2026-05-04,886,3680,1.39,1,0
store_28,2026-05-11,860,3256,1.19,1,0
store_28,2026-05-18,1012,3774,1.14,4,0
store_28,2026-05-25,923,3514,1.19,5,1
store_28,2026-06-01,873,3258,1.18,2,0
store_28,2026-06-08,836,3100,1.25,1,0
store_28,2026-06-15,874,3557,1.26,1,0
store_28,2026-06-22,833,3618,1.16,2,0
store_28,2026-06-29,881,3529,1.06,3,0
store_28,2026-07-06,875,3851,1.08,3,0
store_28,2026-07-13,941,4081,0.97,1,0
store_28,2026-07-20,923,3523,0.96,5,0
store_28,2026-07-27,950,4118,0.86,3,0
store_28,2026-08-03,932,3396,0.7,3,0
store_28,2026-08-10,987,3777,0.7,5,0
store_28,2026-08-17,879,3453,0.52,3,1
store_28,2026-08-24,1001,3559,0.4,4,1
store_29,2025-07-07,652,2309,2.9,3,0
store_29,2025-07-14,673,2520,2.98,1,0
store_29,2025-07-21,675,2682,2.93,0,0
store_29,2025-07-28,646,2855,2.94,3,0
store_29,2025-08-04,724,2896,2.98,3,0
store_29,2025-08-11,634,2659,2.96,1,0
store_29,2025-08-18,641,2802,2.9,0,0
store_29,2025-08-25,647,2700,2.89,1,0
store_29,2025-09-01,597,2121,2.98,3,0
store_29,2025-09-08,676,2821,2.81,0,0
store_29,2025-09-15,699,2936,2.7,3,0
store_29,2025-09-22,654,2939,2.88,2,0
store_29,2025-09-29,725,2631,2.73,3,0
store_29,2025-10-06,695,2797,2.82,3,0
store_29,2025-10-13,680,2777,2.95,3,0
store_29,2025-10-20,629,2313,2.9,0,0
store_29,2025-10-27,693,2899,2.84,0,0
store_29,2025-11-03,629,2785,2.83,0,0
store_29,2025-11-10,724,3231,2.65,0,1
store_29,2025-11-17,717,2553,2.6,1,0
store_29,2025-11-24,632,2442,2.7,2,0
store_29,2025-12-01,630,2318,2.79,3,0
store_29,2025-12-08,664,2540,2.54,2,0
store_29,2025-12-15,690,2747,2.64,0,0
store_29,2025-12-22,782,2800,2.67,0,0
store_29,2025-12-29,762,3383,2.73,0,0
store_29,2026-01-05,667,2731,2.75,0,0
store_29,2026-01-12,736,3234,2.55,1,0
store_29,2026-01-19,648,2309,2.5,2,0
store_29,2026-01-26,652,2652,2.49,3,0
store_29,2026-02-02,706,2637,2.78,2,0
store_29,2026-02-09,654,2850,2.98,2,0
store_29,2026-02-16,653,2372,3.0,3,0
store_29,2026-02-23,749,3281,2.92,0,0
store_29,2026-03-02,669,2482,2.9,3,0
store_29,2026-03-09,704,2842,2.69,4,0
store_29,2026-03-16,636,2798,2.63,5,0
store_29,2026-03-23,717,2838,2.51,4,0
store_29,2026-03-30,741,3332,2.41,3,0
store_29,2026-04-06,752,2958,2.56,3,0
store_29,2026-04-13,664,2548,2.36,3,0
store_29,2026-04-20,677,2413,2.53,2,0
store_29,2026-04-27,686,2797,2.61,4,0
store_29,2026-05-04,756,2947,2.22,3,0
store_29,2026-05-11,692,2874,1.86,3,0
store_29,2026-05-18,687,2681,1.65,5,1
store_29,2026-05-25,801,3503,1.6,3,1
store_29,2026-06-01,766,3391,1.22,3,0
store_29,2026-06-08,751,2756,1.16,2,0
store_29,2026-06-15,779,2758,1.07,5,0
store_29,2026-06-22,829,3070,0.92,0,0
store_29,2026-06-29,839,3093,0.88,1,0
store_29,2026-07-06,694,3002,0.81,1,0
store_29,2026-07-13,799,3344,1.08,2,0
store_29,2026-07-20,798,3342,0.95,0,0
store_29,2026-07-27,862,3087,0.87,0,0
store_29,2026-08-03,856,3607,0.8,0,0
store_29,2026-08-10,756,2981,0.85,2,0
store_29,2026-08-17,752,3278,0.87,0,0
store_29,2026-08-24,804,3207,0.81,3,1
store_30,2025-07-07,590,2093,3.03,0,0
store_30,2025-07-14,503,1819,3.02,1,0
store_30,2025-07-21,580,2110,3.22,1,0
store_30,2025-07-28,531,1997,3.1,2,0
store_30,2025-08-04,519,2283,3.16,1,0
store_30,2025-08-11,498,2201,3.06,2,0
store_30,2025-08-18,556,2119,3.09,3,0
store_30,2025-08-25,551,2040,3.28,3,0
store_30,2025-09-01,521,2242,3.43,3,0
store_30,2025-09-08,524,2107,3.68,1,0
store_30,2025-09-15,568,2081,3.53,2,1
store_30,2025-09-22,541,2355,3.48,3,0
store_30,2025-09-29,545,2328,3.54,0,0
store_30,2025-10-06,492,2050,3.59,3,0
store_30,2025-10-13,556,1972,3.37,3,0
store_30,2025-10-20,551,2426,3.42,2,0
store_30,2025-10-27,585,2631,3.45,2,0
store_30,2025-11-03,535,2107,3.13,1,0
store_30,2025-11-10,541,1916,3.07,0,0
store_30,2025-11-17,591,2564,3.05,1,0
store_30,2025-11-24,539,1939,3.05,3,0
store_30,2025-12-01,456,1793,3.25,1,0
store_30,2025-12-08,528,2178,3.37,1,0
store_30,2025-12-15,588,2605,3.28,1,0
store_30,2025-12-22,553,2317,3.32,1,0
store_30,2025-12-29,546,2364,3.43,2,0
store_30,2026-01-05,511,1978,3.27,3,0
store_30,2026-01-12,499,2245,3.3,0,0
store_30,2026-01-19,524,2088,3.47,0,0
store_30,2026-01-26,557,2274,3.61,0,0
store_30,2026-02-02,533,2082,3.46,1,0
store_30,2026-02-09,554,2390,3.44,0,0
store_30,2026-02-16,493,2070,3.37,3,0
store_30,2026-02-23,556,2254,3.35,2,0
store_30,2026-03-02,517,1929,3.28,1,0
store_30,2026-03-09,558,2125,3.3,2,0
store_30,2026-03-16,564,2196,3.12,3,0
store_30,2026-03-23,515,1869,2.83,3,0
store_30,2026-03-30,510,2154,2.97,3,0
store_30,2026-04-06,525,2353,3.03,0,0
store_30,2026-04-13,570,2186,3.02,1,0
store_30,2026-04-20,470,1833,3.25,1,1
store_30,2026-04-27,505,2001,3.15,0,0
store_30,2026-05-04,532,2392,3.24,1,0
store_30,2026-05-11,589,2168,3.53,2,0
store_30,2026-05-18,503,2222,3.52,0,0
store_30,2026-05-25,606,2154,3.36,3,0
store_30,2026-06-01,564,2006,3.39,1,0
store_30,2026-06-08,496,1863,3.04,1,0
store_30,2026-06-15,520,1941,3.14,3,0
store_30,2026-06-22,534,2390,3.09,3,0
store_30,2026-06-29,549,2071,2.92,1,0
store_30,2026-07-06,568,2161,2.79,0,0
store_30,2026-07-13,539,2310,2.8,1,0
store_30,2026-07-20,592,2330,3.0,2,0
store_30,2026-07-27,566,2488,2.93,3,1
store_30,2026-08-03,531,2317,2.93,0,0
store_30,2026-08-10,513,1932,2.77,3,0
store_30,2026-08-17,524,1948,2.43,2,0
store_30,2026-08-24,493,1931,2.4,1,0
store_31,2025-07-07,751,2923,3.18,2,0
store_31,2025-07-14,768,2755,3.21,3,0
store_31,2025-07-21,764,3199,3.22,2,0
store_31,2025-07-28,705,2965,3.33,5,0
store_31,2025-08-04,836,3502,3.38,4,0
store_31,2025-08-11,762,2832,3.35,2,0
store_31,2025-08-18,764,3328,3.43,3,0
store_31,2025-08-25,783,2931,3.37,2,1
store_31,2025-09-01,776,3404,3.09,5,0
store_31,2025-09-08,725,2668,2.99,2,0
store_31,2025-09-15,793,2989,2.74,4,1
store_31,2025-09-22,802,3207,2.35,5,1
store_31,2025-09-29,782,3157,2.35,1,0
store_31,2025-10-06,837,3453,2.08,4,0
store_31,2025-10-13,758,3160,1.82,3,0
store_31,2025-10-20,772,2942,1.46,3,0
store_31,2025-10-27,829,3105,1.14,5,0
store_31,2025-11-03,904,3961,1.14,5,1
store_31,2025-11-10,877,3352,1.23,2,0
store_31,2025-11-17,922,3311,1.14,5,1
store_31,2025-11-24,815,3268,1.09,4,1
store_31,2025-12-01,856,3045,0.82,4,0
store_31,2025-12-08,832,2945,0.55,5,1
store_31,2025-12-15,883,3694,0.48,3,1
store_31,2025-12-22,960,3947,0.42,4,0
store_31,2025-12-29,822,2990,0.34,3,1
store_31,2026-01-05,977,3524,0.2,2,0
store_31,2026-01-12,973,3617,0.2,2,1
store_31,2026-01-19,992,3600,0.2,3,0
store_31,2026-01-26,966,3593,0.2,4,1
store_31,2026-02-02,1016,3636,0.2,4,1
store_31,2026-02-09,982,4156,0.31,3,0
store_31,2026-02-16,937,4008,0.31,2,0
store_31,2026-02-23,941,4132,0.43,0,0
store_31,2026-03-02,912,3329,0.47,1,0
store_31,2026-03-09,1020,3976,0.3,1,0
store_31,2026-03-16,936,3797,0.35,3,1
store_31,2026-03-23,916,4045,0.2,2,0
store_31,2026-03-30,977,4086,0.32,3,0
store_31,2026-04-06,905,3443,0.49,3,0
store_31,2026-04-13,981,3461,0.63,3,0
store_31,2026-04-20,905,3403,0.62,2,0
store_31,2026-04-27,920,3447,0.49,2,1
store_31,2026-05-04,916,3425,0.64,2,0
store_31,2026-05-11,910,3656,0.7,2,1
store_31,2026-05-18,926,3957,0.85,3,0
store_31,2026-05-25,958,3650,0.71,3,0
store_31,2026-06-01,1007,4503,0.69,3,0
store_31,2026-06-08,904,3472,0.7,2,1
store_31,2026-06-15,979,3745,0.65,2,1
store_31,2026-06-22,811,3044,0.89,3,0
store_31,2026-06-29,861,3153,0.61,0,0
store_31,2026-07-06,924,3907,0.51,2,0
store_31,2026-07-13,897,3658,0.31,1,1
store_31,2026-07-20,936,3413,0.32,0,0
store_31,2026-07-27,936,3391,0.61,1,0
store_31,2026-08-03,942,3967,0.82,1,0
store_31,2026-08-10,861,3470,0.61,1,0
store_31,2026-08-17,907,3829,0.56,1,0
store_31,2026-08-24,886,3287,0.7,2,0
store_32,2025-07-07,491,1796,3.13,2,0
store_32,2025-07-14,508,1846,3.23,0,0
store_32,2025-07-21,483,1737,3.3,1,0
store_32,2025-07-28,500,2209,3.31,0,0
store_32,2025-08-04,496,2009,3.72,2,0
store_32,2025-08-11,556,2421,3.79,3,0
store_32,2025-08-18,554,2056,3.97,5,0
store_32,2025-08-25,484,1985,3.95,5,0
store_32,2025-09-01,510,1887,3.68,5,0
store_32,2025-09-08,538,1926,3.51,2,1
store_32,2025-09-15,517,1989,3.5,3,0
store_32,2025-09-22,550,2372,3.38,2,0
store_32,2025-09-29,539,2362,3.34,4,0
store_32,2025-10-06,496,2101,3.09,4,0
store_32,2025-10-13,560,2224,3.21,3,0
store_32,2025-10-20,589,2072,3.13,5,1
store_32,2025-10-27,539,2019,2.97,1,0
store_32,2025-11-03,550,2029,2.78,2,0
store_32,2025-11-10,574,2544,2.85,2,0
store_32,2025-11-17,554,2261,2.97,1,0
store_32,2025-11-24,511,1955,3.18,1,0
store_32,2025-12-01,513,2231,3.08,2,0
store_32,2025-12-08,513,2253,3.24,0,0
store_32,2025-12-15,499,2081,3.35,0,0
store_32,2025-12-22,573,2020,3.38,0,0
store_32,2025-12-29,522,1895,3.3,1,0
store_32,2026-01-05,596,2496,3.0,3,0
store_32,2026-01-12,506,1922,2.91,2,0
store_32,2026-01-19,492,1789,3.09,3,0
store_32,2026-01-26,472,1954,2.7,4,0
store_32,2026-02-02,555,2227,2.46,5,0
store_32,2026-02-09,513,2076,2.36,3,1
store_32,2026-02-16,563,2128,2.02,5,1
store_32,2026-02-23,539,2178,1.81,2,1
store_32,2026-03-02,597,2101,1.77,5,0
store_32,2026-03-09,516,1878,1.55,1,0
store_32,2026-03-16,584,2408,1.32,0,0
store_32,2026-03-23,562,2350,1.39,1,0
store_32,2026-03-30,581,2564,1.38,1,0
store_32,2026-04-06,646,2360,1.26,0,0
store_32,2026-04-13,628,2628,1.18,3,1
store_32,2026-04-20,558,2212,1.21,3,0
store_32,2026-04-27,579,2196,1.2,3,0
store_32,2026-05-04,541,2193,1.3,0,0
store_32,2026-05-11,603,2611,0.99,4,1
store_32,2026-05-18,575,2263,0.97,2,0
store_32,2026-05-25,631,2736,0.83,0,0
store_32,2026-06-01,636,2566,0.76,2,0
store_32,2026-06-08,600,2526,0.54,2,0
store_32,2026-06-15,649,2406,0.71,1,0
store_32,2026-06-22,603,2247,0.77,2,0
store_32,2026-06-29,539,2424,0.76,2,0
store_32,2026-07-06,652,2523,0.66,0,0
store_32,2026-07-13,641,2364,0.59,1,0
store_32,2026-07-20,614,2419,0.55,2,0
store_32,2026-07-27,585,2560,0.49,1,0
store_32,2026-08-03,601,2370,0.45,1,0
store_32,2026-08-10,676,2583,0.46,0,0
store_32,2026-08-17,638,2440,0.25,2,0
store_32,2026-08-24,727,2744,0.26,2,1
store_33,2025-07-07,785,3484,3.66,2,0
store_33,2025-07-14,761,3245,3.54,3,1
store_33,2025-07-21,783,3074,3.73,1,0
store_33,2025-07-28,850,3742,3.42,5,0
store_33,2025-08-04,768,3206,3.33,4,0
store_33,2025-08-11,883,3110,3.26,2,0
store_33,2025-08-18,786,3109,2.91,3,0
store_33,2025-08-25,750,3094,2.69,2,0
store_33,2025-09-01,778,3190,2.49,4,0
store_33,2025-09-08,887,3687,2.21,2,1
store_33,2025-09-15,840,3069,2.17,0,0
store_33,2025-09-22,760,2942,2.17,1,0
store_33,2025-09-29,865,3700,2.15,1,0
store_33,2025-10-06,721,2599,2.17,2,0
store_33,2025-10-13,883,3392,2.04,3,1
store_33,2025-10-20,892,3123,1.92,1,0
store_33,2025-10-27,835,3365,2.15,1,0
store_33,2025-11-03,825,3046,2.12,1,0
store_33,2025-11-10,836,3337,2.11,3,0
store_33,2025-11-17,821,3388,2.23,3,0
store_33,2025-11-24,865,3820,2.07,0,0
store_33,2025-12-01,873,3125,2.1,2,0
store_33,2025-12-08,861,3845,1.99,0,0
store_33,2025-12-15,761,3063,1.99,2,0
store_33,2025-12-22,802,2830,1.99,1,0
store_33,2025-12-29,894,3752,1.72,2,0
store_33,2026-01-05,897,3858,1.69,2,0
store_33,2026-01-12,779,3066,1.79,3,0
store_33,2026-01-19,925,3956,1.77,0,0
store_33,2026-01-26,770,3252,1.71,2,0
store_33,2026-02-02,802,3371,1.62,0,0
store_33,2026-02-09,791,3306,1.54,2,0
store_33,2026-02-16,922,3955,1.45,3,0
store_33,2026-02-23,945,3856,1.31,4,1
store_33,2026-03-02,969,3423,1.01,4,1
store_33,2026-03-09,933,3735,0.8,2,0
store_33,2026-03-16,926,3259,0.69,3,1
store_33,2026-03-23,963,3729,0.63,2,0
store_33,2026-03-30,906,3184,0.65,3,0
store_33,2026-04-06,871,3606,0.44,3,1
store_33,2026-04-13,989,4306,0.48,3,0
store_33,2026-04-20,918,3515,0.36,3,0
store_33,2026-04-27,948,3798,0.37,3,0
store_33,2026-05-04,921,4089,0.23,5,1
store_33,2026-05-11,985,4290,0.2,4,1
store_33,2026-05-18,996,3569,0.2,0,0
store_33,2026-05-25,1074,4094,0.24,2,0
store_33,2026-06-01,955,3784,0.24,3,1
store_33,2026-06-08,987,3958,0.25,0,0
store_33,2026-06-15,962,4317,0.4,1,1
store_33,2026-06-22,862,3472,0.46,3,0
store_33,2026-06-29,965,4319,0.5,3,1
store_33,2026-07-06,952,4209,0.49,3,1
store_33,2026-07-13,1065,3881,0.24,2,1
store_33,2026-07-20,919,3248,0.2,3,0
store_33,2026-07-27,854,3825,0.27,0,0
store_33,2026-08-03,926,3409,0.2,1,0
store_33,2026-08-10,1010,3958,0.44,2,0
store_33,2026-08-17,958,3742,0.43,0,0
store_33,2026-08-24,973,3733,0.46,3,0
store_34,2025-07-07,613,2391,3.04,0,0
store_34,2025-07-14,578,2055,3.0,0,0
store_34,2025-07-21,604,2456,3.2,3,0
store_34,2025-07-28,636,2722,3.2,3,0
store_34,2025-08-04,586,2552,3.13,0,0
store_34,2025-08-11,638,2731,2.94,3,0
store_34,2025-08-18,643,2453,3.02,3,1
store_34,2025-08-25,662,2360,2.94,1,0
store_34,2025-09-01,604,2588,2.75,0,0
store_34,2025-09-08,607,2245,2.61,1,0
store_34,2025-09-15,607,2237,2.73,1,0
store_34,2025-09-22,662,2885,2.88,2,0
store_34,2025-09-29,614,2634,2.92,1,0
store_34,2025-10-06,657,2339,2.8,1,0
store_34,2025-10-13,546,2193,2.66,1,0
store_34,2025-10-20,663,2641,2.78,1,0
store_34,2025-10-27,641,2789,2.77,2,0
store_34,2025-11-03,648,2711,2.68,0,0
store_34,2025-11-10,685,2765,2.69,1,0
store_34,2025-11-17,670,2765,2.59,2,0
store_34,2025-11-24,629,2535,2.55,1,0
store_34,2025-12-01,611,2411,2.58,2,0
store_34,2025-12-08,620,2251,2.55,1,0
store_34,2025-12-15,620,2679,2.35,0,0
store_34,2025-12-22,624,2255,2.4,0,0
store_34,2025-12-29,734,2684,2.2,3,0
store_34,2026-01-05,697,2758,2.3,3,0
store_34,2026-01-12,588,2466,2.32,0,0
store_34,2026-01-19,670,2880,2.48,0,0
store_34,2026-01-26,617,2502,2.45,2,0
store_34,2026-02-02,653,2496,2.4,2,0
store_34,2026-02-09,621,2596,2.42,5,0
store_34,2026-02-16,623,2743,2.12,2,0
store_34,2026-02-23,587,2164,2.15,3,0
store_34,2026-03-02,674,2704,2.36,3,0
store_34,2026-03-09,639,2598,2.49,2,0
store_34,2026-03-16,583,2186,2.44,2,0
store_34,2026-03-23,639,2507,2.03,5,0
store_34,2026-03-30,694,2802,1.95,3,0
store_34,2026-04-06,635,2695,1.99,5,0
store_34,2026-04-13,733,3027,1.68,5,0
store_34,2026-04-20,606,2276,1.69,3,1
store_34,2026-04-27,639,2765,1.62,3,0
store_34,2026-05-04,697,2945,1.54,3,0
store_34,2026-05-11,713,2822,1.64,4,0
store_34,2026-05-18,704,2816,1.61,3,0
store_34,2026-05-25,681,2780,1.45,4,1
store_34,2026-06-01,715,2739,1.24,2,0
store_34,2026-06-08,766,2778,1.13,4,1
store_34,2026-06-15,721,3215,1.1,4,1
store_34,2026-06-22,724,3077,0.97,4,0
store_34,2026-06-29,761,3295,0.99,2,0
store_34,2026-07-06,689,2802,1.24,3,0
store_34,2026-07-13,718,3071,1.19,0,0
store_34,2026-07-20,744,2679,0.99,3,1
store_34,2026-07-27,754,2756,1.12,3,0
store_34,2026-08-03,705,3011,1.18,2,0
store_34,2026-08-10,787,2903,1.04,1,0
store_34,2026-08-17,756,2649,0.85,2,0
store_34,2026-08-24,678,2756,0.71,4,0
store_35,2025-07-07,462,1717,3.14,3,0
store_35,2025-07-14,402,1636,3.22,2,0
store_35,2025-07-21,436,1585,3.28,2,0
store_35,2025-07-28,413,1458,3.06,3,0
store_35,2025-08-04,457,2039,3.0,3,0
store_35,2025-08-11,432,1852,2.95,2,0
store_35,2025-08-18,402,1640,3.02,3,1
store_35,2025-08-25,446,1832,2.93,2,0
store_35,2025-09-01,418,1565,2.95,0,0
store_35,2025-09-08,475,1697,3.05,1,0
store_35,2025-09-15,426,1644,2.73,2,1
store_35,2025-09-22,424,1882,2.41,4,0
store_35,2025-09-29,440,1971,2.27,5,0
store_35,2025-10-06,461,2010,1.92,2,0
store_35,2025-10-13,478,2045,1.61,2,0
store_35,2025-10-20,461,1992,1.5,3,0
store_35,2025-10-27,466,1956,1.08,3,1
store_35,2025-11-03,484,1999,1.07,3,0
store_35,2025-11-10,442,1716,0.9,2,0
store_35,2025-11-17,497,2043,0.67,0,0
store_35,2025-11-24,511,2035,0.63,2,0
store_35,2025-12-01,477,1830,0.83,1,0
store_35,2025-12-08,454,1790,0.78,2,0
store_35,2025-12-15,542,2184,0.84,5,1
store_35,2025-12-22,484,1929,0.75,5,0
store_35,2025-12-29,502,1864,0.69,2,0
store_35,2026-01-05,470,1800,0.71,2,0
store_35,2026-01-12,498,2183,0.79,3,1
store_35,2026-01-19,520,2032,0.93,4,1
store_35,2026-01-26,500,2114,0.68,3,0
store_35,2026-02-02,454,2024,0.5,3,0
store_35,2026-02-09,555,2453,0.37,4,0
store_35,2026-02-16,515,2024,0.28,4,0
store_35,2026-02-23,525,2361,0.24,5,1
store_35,2026-03-02,517,2172,0.2,5,0
store_35,2026-03-09,526,1925,0.2,3,1
store_35,2026-03-16,540,2317,0.2,3,0
store_35,2026-03-23,533,1868,0.26,1,0
store_35,2026-03-30,498,2094,0.4,0,0
store_35,2026-04-06,456,1827,0.49,2,0
store_35,2026-04-13,525,2310,0.38,2,0
store_35,2026-04-20,524,1838,0.47,3,0
store_35,2026-04-27,529,2379,0.2,2,1
store_35,2026-05-04,478,1900,0.2,4,1
store_35,2026-05-11,536,1995,0.2,3,0
store_35,2026-05-18,515,2150,0.2,4,1
store_35,2026-05-25,534,1966,0.21,4,1
store_35,2026-06-01,542,2248,0.2,2,1
store_35,2026-06-08,527,2235,0.2,5,0
store_35,2026-06-15,517,1918,0.27,5,0
store_35,2026-06-22,558,2355,0.2,5,1
store_35,2026-06-29,534,1997,0.24,4,0
store_35,2026-07-06,527,1948,0.2,5,1
store_35,2026-07-13,560,1987,0.2,3,1
store_35,2026-07-20,536,2279,0.2,5,0
store_35,2026-07-27,553,2376,0.2,3,1
store_35,2026-08-03,526,1886,0.2,2,0
store_35,2026-08-10,540,2281,0.2,3,1
store_35,2026-08-17,560,2338,0.29,3,0
store_35,2026-08-24,513,2056,0.2,5,1
store_36,2025-07-07,790,2843,3.52,2,0
store_36,2025-07-14,839,3021,3.53,4,0
store_36,2025-07-21,723,2757,3.5,4,0
store_36,2025-07-28,774,3441,3.34,5,0
store_36,2025-08-04,794,3114,3.26,5,0
store_36,2025-08-11,808,3544,3.1,4,0
store_36,2025-08-18,680,2804,3.08,2,0
store_36,2025-08-25,859,3202,3.02,2,0
store_36,2025-09-01,756,2947,2.72,2,0
store_36,2025-09-08,774,2760,2.56,3,0
store_36,2025-09-15,792,3417,2.42,2,0
store_36,2025-09-22,727,3213,2.35,4,0
store_36,2025-09-29,758,2779,2.49,2,0
store_36,2025-10-06,771,2944,2.39,2,0
store_36,2025-10-13,754,3309,2.22,4,0
store_36,2025-10-20,773,2735,2.24,4,0
store_36,2025-10-27,816,2995,2.14,3,0
store_36,2025-11-03,766,3146,1.94,3,1
store_36,2025-11-10,912,3278,1.74,2,0
store_36,2025-11-17,903,3995,1.75,2,0
store_36,2025-11-24,810,3555,1.69,0,0
store_36,2025-12-01,879,3628,1.72,0,0
store_36,2025-12-08,794,3381,1.96,1,0
store_36,2025-12-15,760,3225,1.76,2,0
store_36,2025-12-22,755,2956,1.63,5,0
store_36,2025-12-29,939,3321,1.36,4,0
store_36,2026-01-05,916,3211,1.28,4,0
store_36,2026-01-12,926,3813,0.99,4,1
store_36,2026-01-19,934,3577,0.8,2,1
store_36,2026-01-26,909,3981,0.58,5,1
store_36,2026-02-02,1015,3782,0.36,5,1
store_36,2026-02-09,1024,4472,0.3,5,1
store_36,2026-02-16,911,3370,0.2,4,0
store_36,2026-02-23,967,3576,0.2,5,1
store_36,2026-03-02,992,3799,0.22,4,1
store_36,2026-03-09,933,3315,0.2,4,1
store_36,2026-03-16,973,3798,0.2,2,1
store_36,2026-03-23,910,3923,0.2,2,0
store_36,2026-03-30,915,3307,0.2,0,0
store_36,2026-04-06,1010,4166,0.28,0,1
store_36,2026-04-13,872,3096,0.32,3,0
store_36,2026-04-20,933,4009,0.2,3,0
store_36,2026-04-27,1024,4461,0.23,1,0
store_36,2026-05-04,978,4170,0.2,2,0
store_36,2026-05-11,1025,4331,0.29,1,0
store_36,2026-05-18,925,4008,0.29,5,1
store_36,2026-05-25,857,3361,0.2,3,0
store_36,2026-06-01,966,4171,0.2,4,1
store_36,2026-06-08,927,3805,0.2,3,0
store_36,2026-06-15,901,3249,0.2,4,1
store_36,2026-06-22,934,3577,0.2,4,1
store_36,2026-06-29,996,4117,0.2,5,1
store_36,2026-07-06,962,3462,0.2,2,0
store_36,2026-07-13,1070,4226,0.23,4,0
store_36,2026-07-20,1007,3958,0.2,3,1
store_36,2026-07-27,992,4403,0.2,4,1
store_36,2026-08-03,934,3428,0.21,5,0
store_36,2026-08-10,915,3555,0.2,3,0
store_36,2026-08-17,915,3700,0.21,2,0
store_36,2026-08-24,997,3688,0.36,0,0
store_37,2025-07-07,420,1807,3.0,1,0
store_37,2025-07-14,405,1719,3.1,2,0
store_37,2025-07-21,438,1943,2.98,1,0
store_37,2025-07-28,466,1725,2.97,1,0
store_37,2025-08-04,431,1667,3.08,2,0
store_37,2025-08-11,395,1582,3.17,2,0
store_37,2025-08-18,418,1521,3.24,0,0
store_37,2025-08-25,427,1630,3.22,1,0
store_37,2025-09-01,398,1407,3.27,1,0
store_37,2025-09-08,402,1599,3.2,0,1
store_37,2025-09-15,419,1636,3.11,3,0
store_37,2025-09-22,376,1676,3.17,2,0
store_37,2025-09-29,428,1739,3.15,0,0
store_37,2025-10-06,428,1699,2.94,3,1
store_37,2025-10-13,411,1691,2.61,0,1
store_37,2025-10-20,397,1711,2.54,2,0
store_37,2025-10-27,422,1501,2.53,2,0
store_37,2025-11-03,402,1731,2.58,1,0
store_37,2025-11-10,380,1421,2.47,0,0
store_37,2025-11-17,425,1674,2.51,2,0
store_37,2025-11-24,468,1812,2.33,4,0
store_37,2025-12-01,435,1571,2.19,4,0
store_37,2025-12-08,440,1545,2.29,2,0
store_37,2025-12-15,443,1969,2.04,4,0
store_37,2025-12-22,412,1639,2.02,3,1
store_37,2025-12-29,461,1751,1.86,3,0
store_37,2026-01-05,440,1882,1.75,2,0
store_37,2026-01-12,427,1620,1.62,3,0
store_37,2026-01-19,444,1949,1.56,0,0
store_37,2026-01-26,460,1733,1.57,0,0
store_37,2026-02-02,490,2193,1.69,4,0
store_37,2026-02-09,470,1713,1.32,3,0
store_37,2026-02-16,449,1946,1.31,2,0
store_37,2026-02-23,465,1700,1.05,4,1
store_37,2026-03-02,506,1802,1.07,5,0
store_37,2026-03-09,493,2115,0.87,4,0
store_37,2026-03-16,529,2038,0.51,3,1
store_37,2026-03-23,441,1794,0.32,4,1
store_37,2026-03-30,502,1788,0.2,4,0
store_37,2026-04-06,520,2048,0.2,2,1
store_37,2026-04-13,525,1931,0.2,4,1
store_37,2026-04-20,468,2051,0.2,3,0
store_37,2026-04-27,490,2150,0.2,4,1
store_37,2026-05-04,498,2238,0.2,3,0
store_37,2026-05-11,501,1916,0.2,5,0
store_37,2026-05-18,493,2209,0.2,4,1
store_37,2026-05-25,487,2093,0.2,3,1
store_37,2026-06-01,528,2284,0.2,3,1
store_37,2026-06-08,460,1870,0.31,3,1
store_37,2026-06-15,543,2342,0.24,1,0
store_37,2026-06-22,490,2029,0.23,3,0
store_37,2026-06-29,549,1924,0.2,0,0
store_37,2026-07-06,498,2074,0.2,2,1
store_37,2026-07-13,517,1853,0.34,1,0
store_37,2026-07-20,475,2033,0.51,2,0
store_37,2026-07-27,490,1886,0.41,2,1
store_37,2026-08-03,489,2043,0.24,0,0
store_37,2026-08-10,461,1627,0.2,3,0
store_37,2026-08-17,511,1830,0.2,1,0
store_37,2026-08-24,478,1682,0.2,2,0
store_38,2025-07-07,379,1677,3.0,3,0
store_38,2025-07-14,397,1470,3.1,2,0
store_38,2025-07-21,376,1528,3.1,1,0
store_38,2025-07-28,383,1345,2.81,2,0
store_38,2025-08-04,373,1557,2.76,2,0
store_38,2025-08-11,371,1514,2.52,2,0
store_38,2025-08-18,414,1499,2.16,4,0
store_38,2025-08-25,397,1634,2.05,5,1
store_38,2025-09-01,367,1531,1.99,4,0
store_38,2025-09-08,389,1534,1.82,2,1
store_38,2025-09-15,438,1584,1.66,4,0
store_38,2025-09-22,407,1767,1.42,2,0
store_38,2025-09-29,399,1704,1.41,0,0
store_38,2025-10-06,418,1679,1.54,0,1
store_38,2025-10-13,408,1772,1.53,3,0
store_38,2025-10-20,390,1678,1.53,1,0
store_38,2025-10-27,397,1490,1.66,5,0
store_38,2025-11-03,440,1849,1.65,2,0
store_38,2025-11-10,445,1937,1.68,1,0
store_38,2025-11-17,403,1425,1.71,0,0
store_38,2025-11-24,404,1478,1.58,3,0
store_38,2025-12-01,394,1632,1.65,3,0
store_38,2025-12-08,417,1605,1.48,0,0
store_38,2025-12-15,413,1523,1.45,1,0
store_38,2025-12-22,404,1526,1.5,1,0
store_38,2025-12-29,450,1745,1.41,3,1
store_38,2026-01-05,409,1632,1.44,3,0
store_38,2026-01-12,426,1581,1.35,2,0
store_38,2026-01-19,460,1779,1.19,0,0
store_38,2026-01-26,406,1602,1.1,1,0
store_38,2026-02-02,443,1781,1.04,2,0
store_38,2026-02-09,447,1915,0.9,3,0
store_38,2026-02-16,440,1960,0.85,2,0
store_38,2026-02-23,449,1632,0.83,2,0
store_38,2026-03-02,411,1549,0.88,1,0
store_38,2026-03-09,459,1613,0.88,3,0
store_38,2026-03-16,444,1979,0.75,1,0
store_38,2026-03-23,460,1962,0.5,0,1
store_38,2026-03-30,390,1530,0.52,2,0
store_38,2026-04-06,452,2019,0.52,0,0
store_38,2026-04-13,470,1861,0.38,0,0
store_38,2026-04-20,482,1963,0.3,3,0
store_38,2026-04-27,450,1887,0.23,4,0
store_38,2026-05-04,451,1879,0.28,4,1
store_38,2026-05-11,442,1600,0.2,3,1
store_38,2026-05-18,473,1662,0.2,5,1
store_38,2026-05-25,484,1760,0.2,5,0
store_38,2026-06-01,459,2058,0.25,4,1
store_38,2026-06-08,471,1931,0.2,5,0
store_38,2026-06-15,439,1928,0.2,2,1
store_38,2026-06-22,492,1926,0.2,5,1
store_38,2026-06-29,461,1882,0.29,4,0
store_38,2026-07-06,456,2042,0.2,2,0
store_38,2026-07-13,461,1684,0.34,3,0
store_38,2026-07-20,460,1981,0.25,2,1
store_38,2026-07-27,447,1593,0.21,2,0
store_38,2026-08-03,472,1869,0.33,3,1
store_38,2026-08-10,423,1510,0.2,3,1
store_38,2026-08-17,465,1887,0.27,3,1
store_38,2026-08-24,463,1674,0.25,0,0
store_39,2025-07-07,813,3180,2.62,0,0
store_39,2025-07-14,762,2919,2.48,0,0
store_39,2025-07-21,702,2474,2.57,0,0
store_39,2025-07-28,783,2911,2.41,0,0
store_39,2025-08-04,732,3274,2.49,0,0
store_39,2025-08-11,788,3365,2.48,1,0
store_39,2025-08-18,813,3447,2.54,3,0
store_39,2025-08-25,769,3103,2.59,3,0
store_39,2025-09-01,697,2801,2.53,0,0
store_39,2025-09-08,761,3423,2.61,1,0
store_39,2025-09-15,784,3192,2.69,0,0
store_39,2025-09-22,782,3027,2.73,0,0
store_39,2025-09-29,834,3428,2.63,0,0
store_39,2025-10-06,778,2762,2.54,4,0
store_39,2025-10-13,757,2884,2.59,0,0
store_39,2025-10-20,828,2984,2.34,3,0
store_39,2025-10-27,763,2711,2.4,0,0
store_39,2025-11-03,830,3419,2.54,2,0
store_39,2025-11-10,758,2654,2.39,0,0
store_39,2025-11-17,777,3343,2.19,2,0
store_39,2025-11-24,835,3753,2.37,0,0
store_39,2025-12-01,812,3306,2.15,1,0
store_39,2025-12-08,817,3163,1.88,0,0
store_39,2025-12-15,796,3257,1.8,0,0
store_39,2025-12-22,889,3783,1.8,0,0
store_39,2025-12-29,832,3206,1.83,2,0
store_39,2026-01-05,841,3254,1.94,0,0
store_39,2026-01-12,825,3700,1.89,3,0
store_39,2026-01-19,771,2711,1.85,3,0
store_39,2026-01-26,867,3653,1.96,1,0
store_39,2026-02-02,853,3151,1.75,3,0
store_39,2026-02-09,847,3397,1.53,3,0
store_39,2026-02-16,889,3215,1.36,5,1
store_39,2026-02-23,909,3981,1.4,5,1
store_39,2026-03-02,849,3686,1.32,4,1
store_39,2026-03-09,834,3611,1.21,2,1
store_39,2026-03-16,914,3288,1.0,3,0
store_39,2026-03-23,938,3612,0.81,5,0
store_39,2026-03-30,886,3107,0.67,3,0
store_39,2026-04-06,963,3867,0.34,4,1
store_39,2026-04-13,986,4078,0.2,3,0
store_39,2026-04-20,939,3365,0.2,5,1
store_39,2026-04-27,987,3884,0.2,5,1
store_39,2026-05-04,868,3629,0.23,1,0
store_39,2026-05-11,983,4059,0.34,0,1
store_39,2026-05-18,977,3688,0.28,1,1
store_39,2026-05-25,939,3962,0.21,1,1
store_39,2026-06-01,1006,4487,0.2,0,1
store_39,2026-06-08,910,3672,0.2,3,1
store_39,2026-06-15,999,3895,0.2,2,1
store_39,2026-06-22,841,2993,0.2,5,1
store_39,2026-06-29,994,4113,0.2,2,0
store_39,2026-07-06,1147,4552,0.2,4,0
store_39,2026-07-13,955,3578,0.3,4,1
store_39,2026-07-20,879,3834,0.23,5,1
store_39,2026-07-27,1038,3658,0.2,5,0
store_39,2026-08-03,923,3231,0.2,4,1
store_39,2026-08-10,972,4111,0.2,4,1
store_39,2026-08-17,983,3570,0.2,4,1
store_39,2026-08-24,911,3782,0.2,3,0
store_40,2025-07-07,387,1499,2.29,1,0
store_40,2025-07-14,384,1520,2.12,3,0
store_40,2025-07-21,393,1392,2.12,3,0
store_40,2025-07-28,373,1466,2.28,3,1
store_40,2025-08-04,373,1348,2.26,1,0
store_40,2025-08-11,414,1590,2.31,1,0
store_40,2025-08-18,384,1400,2.34,2,0
store_40,2025-08-25,375,1409,2.33,3,1
store_40,2025-09-01,402,1441,2.49,3,1
store_40,2025-09-08,420,1869,2.48,0,1
store_40,2025-09-15,454,1878,2.69,3,0
store_40,2025-09-22,373,1414,2.57,3,0
store_40,2025-09-29,402,1434,2.39,3,0
store_40,2025-10-06,436,1798,2.69,2,0
store_40,2025-10-13,430,1546,2.74,3,1
store_40,2025-10-20,349,1353,2.86,1,0
store_40,2025-10-27,326,1265,2.99,0,0
store_40,2025-11-03,407,1716,3.28,3,0
store_40,2025-11-10,379,1631,3.56,1,1
store_40,2025-11-17,403,1658,3.39,0,0
store_40,2025-11-24,396,1412,3.16,1,0
store_40,2025-12-01,360,1269,3.49,0,1
store_40,2025-12-08,387,1449,3.54,2,0
store_40,2025-12-15,394,1645,3.73,3,0
store_40,2025-12-22,359,1495,3.53,3,1
store_40,2025-12-29,430,1934,3.41,3,0
store_40,2026-01-05,391,1404,3.36,2,1
store_40,2026-01-12,418,1799,3.25,4,0
store_40,2026-01-19,399,1780,3.26,5,0
store_40,2026-01-26,360,1386,3.02,2,0
store_40,2026-02-02,337,1184,2.91,5,0
store_40,2026-02-09,333,1243,2.9,2,0
store_40,2026-02-16,374,1608,2.91,0,0
store_40,2026-02-23,361,1477,2.84,0,0
store_40,2026-03-02,437,1578,2.83,1,0
store_40,2026-03-09,432,1919,3.0,1,0
store_40,2026-03-16,387,1678,2.88,2,0
store_40,2026-03-23,379,1661,2.94,0,0
store_40,2026-03-30,422,1686,2.84,0,1
store_40,2026-04-06,420,1596,2.73,2,0
store_40,2026-04-13,412,1459,2.67,2,0
store_40,2026-04-20,391,1383,2.68,3,0
store_40,2026-04-27,407,1692,2.71,0,0
store_40,2026-05-04,412,1539,2.57,3,1
store_40,2026-05-11,404,1503,2.6,0,0
store_40,2026-05-18,417,1617,2.78,0,0
store_40,2026-05-25,370,1416,2.73,3,0
store_40,2026-06-01,383,1497,2.95,3,0
store_40,2026-06-08,389,1617,2.96,0,0
store_40,2026-06-15,368,1591,2.89,0,0
store_40,2026-06-22,400,1596,2.93,0,0
store_40,2026-06-29,381,1671,3.04,3,0
store_40,2026-07-06,384,1684,2.98,5,1
store_40,2026-07-13,367,1546,2.68,3,1
store_40,2026-07-20,382,1684,2.48,2,0
store_40,2026-07-27,421,1514,2.53,3,0
store_40,2026-08-03,396,1757,2.58,2,0
store_40,2026-08-10,399,1541,2.27,4,0
store_40,2026-08-17,462,1878,1.95,5,0
store_40,2026-08-24,385,1385,1.81,5,0
store_41,2025-07-07,595,2424,2.62,0,0
store_41,2025-07-14,486,1962,2.46,0,0
store_41,2025-07-21,629,2378,2.31,0,0
store_41,2025-07-28,591,2286,2.07,3,0
store_41,2025-08-04,712,2876,1.85,2,0
store_41,2025-08-11,660,2627,1.95,2,0
store_41,2025-08-18,675,2811,1.94,3,0
store_41,2025-08-25,597,2225,2.17,2,0
store_41,2025-09-01,625,2506,2.31,1,0
store_41,2025-09-08,613,2644,2.35,1,0
store_41,2025-09-15,610,2622,2.56,3,0
store_41,2025-09-22,610,2202,2.66,2,0
store_41,2025-09-29,559,1974,2.84,1,0
store_41,2025-10-06,631,2333,2.6,2,0
store_41,2025-10-13,611,2169,2.32,4,1
store_41,2025-10-20,666,2504,2.15,2,0
store_41,2025-10-27,569,2258,1.9,4,0
store_41,2025-11-03,693,2573,1.61,3,1
store_41,2025-11-10,657,2904,1.26,4,0
store_41,2025-11-17,714,2831,1.03,4,1
store_41,2025-11-24,673,2731,1.03,3,1
store_41,2025-12-01,703,2942,1.02,0,0
store_41,2025-12-08,687,3024,0.93,3,0
store_41,2025-12-15,661,2608,0.9,0,0
store_41,2025-12-22,742,3151,0.77,0,0
store_41,2025-12-29,680,2562,0.49,2,0
store_41,2026-01-05,751,2737,0.28,4,1
store_41,2026-01-12,783,3487,0.37,4,0
store_41,2026-01-19,763,3161,0.23,5,1
store_41,2026-01-26,759,3136,0.2,3,0
store_41,2026-02-02,746,2660,0.25,4,1
store_41,2026-02-09,695,2611,0.2,5,0
store_41,2026-02-16,718,2803,0.2,3,1
store_41,2026-02-23,745,2886,0.2,4,0
store_41,2026-03-02,758,2787,0.2,2,0
store_41,2026-03-09,793,3553,0.22,5,0
store_41,2026-03-16,731,2885,0.2,2,1
store_41,2026-03-23,713,2504,0.2,5,1
store_41,2026-03-30,691,2997,0.2,5,0
store_41,2026-04-06,703,2882,0.23,4,0
store_41,2026-04-13,758,2865,0.2,4,0
store_41,2026-04-20,667,2758,0.2,4,1
store_41,2026-04-27,756,2828,0.2,3,0
store_41,2026-05-04,692,2729,0.2,3,1
store_41,2026-05-11,773,3007,0.2,3,1
store_41,2026-05-18,731,2933,0.2,2,0
store_41,2026-05-25,714,2798,0.2,4,0
store_41,2026-06-01,712,2792,0.2,4,1
store_41,2026-06-08,745,3174,0.21,2,1
store_41,2026-06-15,754,2793,0.2,4,1
store_41,2026-06-22,720,2566,0.37,3,0
store_41,2026-06-29,730,2753,0.34,2,0
store_41,2026-07-06,756,3231,0.42,4,0
store_41,2026-07-13,757,2806,0.63,4,0
store_41,2026-07-20,766,2760,0.54,5,1
store_41,2026-07-27,753,3227,0.36,3,0
store_41,2026-08-03,671,2471,0.2,1,0
store_41,2026-08-10,705,2671,0.2,3,0
store_41,2026-08-17,761,2786,0.2,2,0
store_41,2026-08-24,760,2748,0.21,2,0
store_42,2025-07-07,720,3077,2.94,1,0
store_42,2025-07-14,722,2534,2.85,0,0
store_42,2025-07-21,787,2863,2.87,1,0
store_42,2025-07-28,763,3101,3.0,1,0
store_42,2025-08-04,798,3447,2.93,2,0
store_42,2025-08-11,657,2826,3.15,0,0
store_42,2025-08-18,780,2936,2.98,3,0
store_42,2025-08-25,657,2765,2.74,0,1
store_42,2025-09-01,666,2661,2.83,1,0
store_42,2025-09-08,778,3486,2.87,0,0
store_42,2025-09-15,690,2426,2.95,0,0
store_42,2025-09-22,773,2741,3.11,3,0
store_42,2025-09-29,819,2973,3.16,1,0
store_42,2025-10-06,729,2833,3.26,3,0
store_42,2025-10-13,695,2622,3.15,3,0
store_42,2025-10-20,712,2654,3.15,3,0
store_42,2025-10-27,803,3154,3.03,2,0
store_42,2025-11-03,698,3021,3.07,0,0
store_42,2025-11-10,680,2941,3.26,1,0
store_42,2025-11-17,808,3302,3.17,1,0
store_42,2025-11-24,741,3281,3.34,2,0
store_42,2025-12-01,759,2925,3.25,3,0
store_42,2025-12-08,814,3348,3.25,1,0
store_42,2025-12-15,697,2937,3.19,3,0
store_42,2025-12-22,753,2862,3.33,0,0
store_42,2025-12-29,713,2762,3.31,1,0
store_42,2026-01-05,761,2840,3.25,2,0
store_42,2026-01-12,769,3033,3.21,4,0
store_42,2026-01-19,694,2672,2.88,3,0
store_42,2026-01-26,676,3016,2.72,2,1
store_42,2026-02-02,725,2580,2.68,2,0
store_42,2026-02-09,698,2519,2.61,2,0
store_42,2026-02-16,732,2629,2.71,1,0
store_42,2026-02-23,769,2872,2.78,3,0
store_42,2026-03-02,731,2715,2.69,2,0
store_42,2026-03-09,763,3382,2.59,3,0
store_42,2026-03-16,838,3529,2.8,3,0
store_42,2026-03-23,722,2834,2.95,0,0
store_42,2026-03-30,753,3074,3.0,1,0
store_42,2026-04-06,659,2932,3.13,2,0
store_42,2026-04-13,748,3222,3.0,2,0
store_42,2026-04-20,819,3674,3.0,2,0
store_42,2026-04-27,767,2858,2.95,2,1
store_42,2026-05-04,655,2313,2.87,1,0
store_42,2026-05-11,739,3110,3.0,0,0
store_42,2026-05-18,762,3244,3.02,3,0
store_42,2026-05-25,687,2838,3.04,3,0
store_42,2026-06-01,693,2435,2.87,4,1
store_42,2026-06-08,803,3037,2.89,3,0
store_42,2026-06-15,687,3011,2.75,4,0
store_42,2026-06-22,784,3178,2.84,2,0
store_42,2026-06-29,784,3503,2.82,4,1
store_42,2026-07-06,784,3340,2.74,0,1
store_42,2026-07-13,740,3203,2.73,2,0
store_42,2026-07-20,696,2762,2.65,0,1
store_42,2026-07-27,718,3053,2.51,0,0
store_42,2026-08-03,736,3220,2.77,1,0
store_42,2026-08-10,791,2954,2.66,2,0
store_42,2026-08-17,708,3096,2.38,0,1
store_42,2026-08-24,808,3163,2.38,0,0
store_43,2025-07-07,786,3065,2.69,0,0
store_43,2025-07-14,806,3320,2.67,2,0
store_43,2025-07-21,812,2861,2.71,0,0
store_43,2025-07-28,846,3307,2.48,1,0
store_43,2025-08-04,801,3564,2.38,3,0
store_43,2025-08-11,847,3467,2.33,3,0
store_43,2025-08-18,879,3904,2.26,1,1
store_43,2025-08-25,869,3583,2.42,3,0
store_43,2025-09-01,790,3441,2.28,0,0
store_43,2025-09-08,823,3534,2.15,3,0
store_43,2025-09-15,855,3605,2.09,3,0
store_43,2025-09-22,857,3772,1.85,3,0
store_43,2025-09-29,882,3957,1.82,0,0
store_43,2025-10-06,863,3720,1.75,0,0
store_43,2025-10-13,849,3423,1.61,4,0
store_43,2025-10-20,889,3176,1.8,5,0
store_43,2025-10-27,935,4134,1.81,0,0
store_43,2025-11-03,910,3944,1.84,0,0
store_43,2025-11-10,918,3914,1.82,0,0
store_43,2025-11-17,790,3122,1.76,1,0
store_43,2025-11-24,887,3211,1.51,0,0
store_43,2025-12-01,930,3956,1.76,1,0
store_43,2025-12-08,908,3463,1.73,1,0
store_43,2025-12-15,882,3489,1.69,0,0
store_43,2025-12-22,1000,3507,1.65,3,0
store_43,2025-12-29,980,4230,1.33,3,0
store_43,2026-01-05,952,3332,1.5,1,0
store_43,2026-01-12,868,3372,1.5,0,0
store_43,2026-01-19,954,3710,1.41,0,0
store_43,2026-01-26,770,3451,1.49,3,0
store_43,2026-02-02,857,3341,1.77,3,0
store_43,2026-02-09,803,3470,1.62,3,1
store_43,2026-02-16,920,4053,1.57,3,0
store_43,2026-02-23,947,3531,1.69,1,0
store_43,2026-03-02,877,3653,1.76,3,0
store_43,2026-03-09,880,3193,1.79,2,0
store_43,2026-03-16,819,3466,1.88,2,0
store_43,2026-03-23,801,3252,1.91,3,0
store_43,2026-03-30,862,3170,1.86,2,0
store_43,2026-04-06,854,3036,1.88,2,0
store_43,2026-04-13,912,3227,1.69,0,0
store_43,2026-04-20,834,3421,1.69,0,0
store_43,2026-04-27,919,3784,1.7,0,0
store_43,2026-05-04,923,3279,1.74,0,0
store_43,2026-05-11,767,2784,1.66,0,0
store_43,2026-05-18,868,3606,1.78,0,0
store_43,2026-05-25,881,3252,1.68,2,0
store_43,2026-06-01,877,3103,1.69,1,0
store_43,2026-06-08,824,3558,1.75,0,0
store_43,2026-06-15,882,3208,1.75,2,1
store_43,2026-06-22,825,2980,1.75,0,0
store_43,2026-06-29,920,3397,1.72,1,0
store_43,2026-07-06,852,3626,1.82,1,0
store_43,2026-07-13,969,4311,1.82,2,0
store_43,2026-07-20,915,3522,1.87,0,0
store_43,2026-07-27,924,3640,1.8,2,0
store_43,2026-08-03,843,3389,1.64,5,0
store_43,2026-08-10,944,3641,1.54,4,0
store_43,2026-08-17,964,3745,1.59,2,0
store_43,2026-08-24,914,3822,1.46,2,0
store_44,2025-07-07,526,1898,4.04,3,0
store_44,2025-07-14,568,2329,3.6,2,0
store_44,2025-07-21,495,1817,3.4,5,1
store_44,2025-07-28,603,2412,3.34,5,1
store_44,2025-08-04,589,2629,3.2,3,0
store_44,2025-08-11,510,1875,3.11,5,0
store_44,2025-08-18,639,2719,2.96,2,1
store_44,2025-08-25,540,2082,2.72,2,0
store_44,2025-09-01,535,2205,2.58,4,0
store_44,2025-09-08,563,2310,2.46,0,0
store_44,2025-09-15,528,2282,2.32,0,0
store_44,2025-09-22,586,2451,2.33,1,0
store_44,2025-09-29,589,2311,2.34,2,0
store_44,2025-10-06,543,1974,2.25,1,0
store_44,2025-10-13,605,2715,2.31,3,1
store_44,2025-10-20,578,2094,2.35,2,0
store_44,2025-10-27,565,2147,2.24,0,0
store_44,2025-11-03,521,1962,2.34,1,0
store_44,2025-11-10,580,2434,2.24,1,0
store_44,2025-11-17,545,2324,2.04,3,0
store_44,2025-11-24,539,1928,2.09,0,0
store_44,2025-12-01,592,2343,2.04,2,0
store_44,2025-12-08,633,2679,1.81,3,0
store_44,2025-12-15,592,2335,1.85,1,0
store_44,2025-12-22,616,2491,1.85,0,0
store_44,2025-12-29,588,2162,2.01,2,0
store_44,2026-01-05,670,2809,1.87,2,0
store_44,2026-01-12,605,2416,1.93,0,0
store_44,2026-01-19,581,2540,2.18,1,0
store_44,2026-01-26,601,2578,2.09,3,0
store_44,2026-02-02,628,2642,1.99,2,0
store_44,2026-02-09,529,2372,2.0,1,0
store_44,2026-02-16,610,2478,1.94,1,0
store_44,2026-02-23,596,2341,2.03,3,0
store_44,2026-03-02,556,2416,1.96,3,0
store_44,2026-03-09,556,2005,1.85,3,0
store_44,2026-03-16,567,2350,1.97,2,0
store_44,2026-03-23,584,2412,1.82,0,1
store_44,2026-03-30,579,2232,1.72,0,0
store_44,2026-04-06,591,2270,1.82,0,0
store_44,2026-04-13,579,2333,1.73,4,1
store_44,2026-04-20,618,2590,1.81,5,0
store_44,2026-04-27,575,2388,1.71,3,0
store_44,2026-05-04,547,2070,1.7,2,0
store_44,2026-05-11,552,1945,1.45,3,1
store_44,2026-05-18,677,2965,1.09,4,1
store_44,2026-05-25,642,2796,1.03,2,0
store_44,2026-06-01,630,2552,0.89,4,1
store_44,2026-06-08,685,2673,0.69,5,1
store_44,2026-06-15,585,2202,0.42,2,1
store_44,2026-06-22,698,3084,0.2,3,1
store_44,2026-06-29,674,2583,0.2,2,1
store_44,2026-07-06,648,2314,0.2,2,0
store_44,2026-07-13,669,2535,0.2,3,0
store_44,2026-07-20,672,2414,0.2,3,1
store_44,2026-07-27,664,2615,0.2,4,1
store_44,2026-08-03,637,2307,0.2,3,1
store_44,2026-08-10,778,2955,0.2,5,1
store_44,2026-08-17,688,2782,0.2,2,0
store_44,2026-08-24,674,2575,0.22,4,0
store_45,2025-07-07,432,1800,3.31,2,0
store_45,2025-07-14,416,1686,3.25,1,0
store_45,2025-07-21,373,1644,3.13,0,0
store_45,2025-07-28,368,1348,3.18,4,0
store_45,2025-08-04,405,1728,2.86,2,0
store_45,2025-08-11,393,1502,2.91,4,0
store_45,2025-08-18,373,1469,2.67,4,0
store_45,2025-08-25,424,1604,2.4,5,0
store_45,2025-09-01,392,1723,2.4,3,0
store_45,2025-09-08,399,1547,2.2,5,0
store_45,2025-09-15,443,1652,1.99,3,1
store_45,2025-09-22,428,1898,1.93,4,1
store_45,2025-09-29,424,1567,1.91,4,0
store_45,2025-10-06,417,1728,1.67,3,0
store_45,2025-10-13,430,1571,1.7,2,0
store_45,2025-10-20,424,1777,1.45,5,0
store_45,2025-10-27,449,1818,1.39,2,0
store_45,2025-11-03,442,1714,1.45,4,0
store_45,2025-11-10,416,1521,1.37,2,0
store_45,2025-11-17,454,1929,1.52,0,0
store_45,2025-11-24,417,1824,1.53,0,0
store_45,2025-12-01,422,1515,1.53,2,1
store_45,2025-12-08,441,1837,1.49,0,0
store_45,2025-12-15,482,2018,1.59,0,0
store_45,2025-12-22,453,1837,1.46,3,0
store_45,2025-12-29,434,1752,1.55,0,0
store_45,2026-01-05,431,1681,1.46,3,0
store_45,2026-01-12,451,1696,1.48,2,0
store_45,2026-01-19,469,1853,1.45,0,0
store_45,2026-01-26,434,1783,1.52,3,1
store_45,2026-02-02,390,1741,1.45,3,0
store_45,2026-02-09,418,1804,1.45,3,0
store_45,2026-02-16,437,1672,1.46,0,0
store_45,2026-02-23,432,1826,1.38,1,0
store_45,2026-03-02,454,1818,1.48,0,0
store_45,2026-03-09,410,1484,1.77,0,0
store_45,2026-03-16,454,1626,1.58,1,0
store_45,2026-03-23,457,1973,1.6,1,0
store_45,2026-03-30,421,1809,1.42,1,0
store_45,2026-04-06,421,1620,1.37,1,0
store_45,2026-04-13,435,1721,1.2,1,0
store_45,2026-04-20,407,1466,1.16,1,0
store_45,2026-04-27,448,1729,1.2,0,0
store_45,2026-05-04,439,1917,1.09,2,0
store_45,2026-05-11,459,1917,1.19,3,0
store_45,2026-05-18,431,1833,1.13,2,1
store_45,2026-05-25,451,1631,1.11,1,0
store_45,2026-06-01,429,1570,1.14,1,0
store_45,2026-06-08,439,1623,0.94,1,0
store_45,2026-06-15,502,2168,0.76,0,0
store_45,2026-06-22,501,1941,0.96,3,0
store_45,2026-06-29,466,1982,0.94,1,0
store_45,2026-07-06,456,1724,0.72,0,0
store_45,2026-07-13,465,1994,0.73,2,0
store_45,2026-07-20,428,1517,0.94,2,0
store_45,2026-07-27,506,1837,0.86,0,0
store_45,2026-08-03,474,1949,0.84,3,0
store_45,2026-08-10,423,1849,0.65,4,0
store_45,2026-08-17,508,1919,0.58,4,1
store_45,2026-08-24,492,2063,0.49,4,1
store_46,2025-07-07,824,3659,2.16,1,0
store_46,2025-07-14,815,3070,2.17,1,0
store_46,2025-07-21,772,2779,2.17,0,0
store_46,2025-07-28,744,2664,2.14,3,0
store_46,2025-08-04,733,2772,2.2,3,0
store_46,2025-08-11,802,3436,2.17,0,0
store_46,2025-08-18,806,3063,2.22,2,0
store_46,2025-08-25,730,2832,2.19,0,0
store_46,2025-09-01,794,3308,2.25,0,0
store_46,2025-09-08,725,3100,2.21,0,0
store_46,2025-09-15,813,3321,2.12,3,0
store_46,2025-09-22,775,3005,1.96,2,0
store_46,2025-09-29,819,3279,1.82,3,0
store_46,2025-10-06,794,2983,1.82,4,1
store_46,2025-10-13,843,3218,1.8,3,0
store_46,2025-10-20,774,3267,1.75,1,0
store_46,2025-10-27,787,2769,1.89,3,0
store_46,2025-11-03,808,3634,1.88,2,1
store_46,2025-11-10,684,2471,2.06,1,0
store_46,2025-11-17,715,2836,2.14,2,0
store_46,2025-11-24,778,2990,2.07,0,0
store_46,2025-12-01,832,3036,2.01,2,0
store_46,2025-12-08,793,2975,2.17,3,0
store_46,2025-12-15,798,3545,2.26,2,0
store_46,2025-12-22,737,3091,2.25,1,0
store_46,2025-12-29,695,2848,2.21,0,0
store_46,2026-01-05,807,3121,2.1,0,0
store_46,2026-01-12,813,3107,2.03,1,0
store_46,2026-01-19,776,3249,2.12,3,0
store_46,2026-01-26,721,3241,2.15,2,0
store_46,2026-02-02,719,3153,2.26,1,0
store_46,2026-02-09,816,3371,2.33,3,0
store_46,2026-02-16,787,3269,2.31,0,0
store_46,2026-02-23,876,3567,2.2,2,1
store_46,2026-03-02,749,2756,2.15,1,0
store_46,2026-03-09,747,3040,1.98,2,0
store_46,2026-03-16,731,2782,1.78,1,0
store_46,2026-03-23,749,3136,1.84,0,0
store_46,2026-03-30,837,2961,1.83,1,0
store_46,2026-04-06,876,3651,1.56,2,0
store_46,2026-04-13,826,3588,1.57,5,1
store_46,2026-04-20,892,3298,1.36,5,1
store_46,2026-04-27,867,3133,1.39,5,0
store_46,2026-05-04,834,3481,1.26,3,0
store_46,2026-05-11,852,3370,1.07,5,1
store_46,2026-05-18,911,3797,1.01,4,1
store_46,2026-05-25,837,3191,0.84,5,1
store_46,2026-06-01,914,3803,0.79,3,0
store_46,2026-06-08,969,3864,0.55,4,0
store_46,2026-06-15,875,3332,0.43,4,0
store_46,2026-06-22,967,4222,0.58,5,1
store_46,2026-06-29,868,3063,0.37,3,0
store_46,2026-07-06,955,4166,0.2,5,1
store_46,2026-07-13,921,3411,0.2,2,0
store_46,2026-07-20,852,3367,0.2,3,0
store_46,2026-07-27,922,4121,0.2,2,1
store_46,2026-08-03,902,3220,0.26,2,0
store_46,2026-08-10,860,3290,0.26,0,0
store_46,2026-08-17,849,3246,0.34,3,0
store_46,2026-08-24,876,3390,0.2,1,1
store_47,2025-07-07,665,2515,3.64,1,0
store_47,2025-07-14,674,2684,3.52,2,0
store_47,2025-07-21,644,2515,3.34,3,0
store_47,2025-07-28,648,2353,3.13,2,0
store_47,2025-08-04,710,3019,3.21,5,0
store_47,2025-08-11,609,2459,3.26,1,0
store_47,2025-08-18,628,2324,3.52,2,0
store_47,2025-08-25,678,2406,3.68,3,0
store_47,2025-09-01,647,2311,3.8,3,0
store_47,2025-09-08,567,2317,3.7,0,0
store_47,2025-09-15,613,2562,3.75,3,1
store_47,2025-09-22,638,2838,3.84,2,0
store_47,2025-09-29,626,2433,3.8,1,0
store_47,2025-10-06,603,2642,3.8,2,0
store_47,2025-10-13,689,2911,3.87,0,0
store_47,2025-10-20,632,2452,3.91,5,0
store_47,2025-10-27,662,2682,3.98,2,0
store_47,2025-11-03,666,2451,3.84,5,1
store_47,2025-11-10,682,2863,3.56,4,0
store_47,2025-11-17,622,2603,3.64,2,0
store_47,2025-11-24,639,2334,3.72,3,0
store_47,2025-12-01,628,2367,3.64,3,0
store_47,2025-12-08,612,2259,3.84,4,0
store_47,2025-12-15,657,2917,3.8,0,0
store_47,2025-12-22,668,2689,3.86,1,0
store_47,2025-12-29,635,2824,3.83,2,0
store_47,2026-01-05,711,2700,3.78,0,1
store_47,2026-01-12,620,2720,3.65,1,0
store_47,2026-01-19,618,2411,3.84,0,0
store_47,2026-01-26,618,2446,3.9,2,0
store_47,2026-02-02,685,2990,4.13,0,0
store_47,2026-02-09,663,2566,3.98,3,0
store_47,2026-02-16,637,2838,3.95,0,0
store_47,2026-02-23,680,2808,3.9,2,0
store_47,2026-03-02,660,2814,4.07,0,0
store_47,2026-03-09,648,2710,4.19,2,0
store_47,2026-03-16,606,2164,3.99,4,0
store_47,2026-03-23,642,2281,3.85,5,1
store_47,2026-03-30,625,2208,3.75,4,0
store_47,2026-04-06,652,2444,3.5,3,0
store_47,2026-04-13,694,2823,3.57,3,0
store_47,2026-04-20,589,2459,3.2,3,0
store_47,2026-04-27,721,3112,3.12,5,0
store_47,2026-05-04,583,2380,3.09,2,0
store_47,2026-05-11,652,2926,3.0,3,0
store_47,2026-05-18,615,2199,3.04,4,0
store_47,2026-05-25,595,2244,2.93,3,0
store_47,2026-06-01,680,2553,2.52,4,0
store_47,2026-06-08,619,2526,2.37,2,0
store_47,2026-06-15,602,2518,2.3,5,0
store_47,2026-06-22,630,2827,2.05,5,0
store_47,2026-06-29,627,2231,2.24,5,1
store_47,2026-07-06,631,2240,1.91,5,0
store_47,2026-07-13,664,2911,1.8,4,0
store_47,2026-07-20,721,2895,1.66,3,0
store_47,2026-07-27,599,2334,1.48,4,0
store_47,2026-08-03,715,3105,1.48,4,1
store_47,2026-08-10,744,2805,1.19,5,1
store_47,2026-08-17,653,2491,1.1,3,0
store_47,2026-08-24,737,2746,1.13,0,0
store_48,2025-07-07,365,1608,3.44,2,0
store_48,2025-07-14,355,1479,3.51,0,0
store_48,2025-07-21,347,1367,3.42,2,0
store_48,2025-07-28,364,1398,3.36,3,0
store_48,2025-08-04,384,1602,3.2,1,0
store_48,2025-08-11,355,1260,3.34,2,0
store_48,2025-08-18,362,1271,3.3,1,0
store_48,2025-08-25,389,1626,3.36,3,0
store_48,2025-09-01,407,1768,3.35,2,0
store_48,2025-09-08,376,1320,3.51,2,0
store_48,2025-09-15,400,1500,3.45,4,0
store_48,2025-09-22,367,1455,3.46,5,1
store_48,2025-09-29,379,1650,3.26,3,1
store_48,2025-10-06,392,1636,3.12,5,0
store_48,2025-10-13,382,1439,3.04,5,1
store_48,2025-10-20,360,1437,3.04,2,0
store_48,2025-10-27,369,1466,2.95,2,0
store_48,2025-11-03,364,1367,2.79,2,1
store_48,2025-11-10,390,1584,2.49,5,1
store_48,2025-11-17,383,1545,2.33,5,0
store_48,2025-11-24,433,1617,2.27,5,0
store_48,2025-12-01,403,1610,2.06,5,1
store_48,2025-12-08,380,1576,1.92,3,0
store_48,2025-12-15,396,1534,2.07,1,0
store_48,2025-12-22,437,1839,1.82,2,0
store_48,2025-12-29,420,1862,1.66,0,0
store_48,2026-01-05,430,1653,1.51,3,0
store_48,2026-01-12,375,1322,1.3,3,1
store_48,2026-01-19,455,1734,1.2,2,0
store_48,2026-01-26,449,1990,1.2,1,0
store_48,2026-02-02,427,1551,1.02,1,0
store_48,2026-02-09,421,1601,1.01,2,0
store_48,2026-02-16,444,1885,0.89,1,0
store_48,2026-02-23,440,1972,0.83,1,0
store_48,2026-03-02,449,1868,0.84,5,0
store_48,2026-03-09,418,1674,0.7,1,0
store_48,2026-03-16,429,1842,0.49,3,1
store_48,2026-03-23,478,1775,0.42,2,1
store_48,2026-03-30,447,1780,0.2,4,1
store_48,2026-04-06,472,1928,0.2,5,1
store_48,2026-04-13,482,1954,0.2,3,1
store_48,2026-04-20,461,1659,0.21,5,1
store_48,2026-04-27,441,1745,0.27,4,0
store_48,2026-05-04,460,1699,0.2,2,1
store_48,2026-05-11,464,1843,0.2,4,1
store_48,2026-05-18,470,2073,0.2,5,1
store_48,2026-05-25,464,1871,0.25,5,1
store_48,2026-06-01,463,2080,0.24,3,1
store_48,2026-06-08,509,2052,0.2,2,0
store_48,2026-06-15,440,1835,0.41,2,0
store_48,2026-06-22,485,1794,0.33,3,1
store_48,2026-06-29,399,1703,0.34,3,0
store_48,2026-07-06,492,1905,0.4,1,1
store_48,2026-07-13,398,1404,0.27,0,0
store_48,2026-07-20,463,1702,0.47,1,0
store_48,2026-07-27,500,2185,0.45,1,0
store_48,2026-08-03,413,1520,0.52,1,1
store_48,2026-08-10,408,1718,0.23,1,0
store_48,2026-08-17,463,1899,0.34,2,0
store_48,2026-08-24,452,1749,0.38,0,0
store_49,2025-07-07,728,2704,2.22,0,0
store_49,2025-07-14,858,3389,2.08,4,0
store_49,2025-07-21,752,3263,2.12,2,1
store_49,2025-07-28,894,3784,1.73,5,1
store_49,2025-08-04,805,2920,1.53,3,1
store_49,2025-08-11,875,3818,1.45,4,1
store_49,2025-08-18,851,3647,1.12,5,0
store_49,2025-08-25,875,3127,1.19,3,1
store_49,2025-09-01,860,3235,1.11,2,0
store_49,2025-09-08,847,3266,0.87,2,0
store_49,2025-09-15,824,3387,0.68,5,0
store_49,2025-09-22,893,3667,0.52,3,1
store_49,2025-09-29,988,4208,0.32,2,1
store_49,2025-10-06,961,3531,0.23,3,1
store_49,2025-10-13,927,3384,0.2,5,1
store_49,2025-10-20,929,3938,0.2,5,1
store_49,2025-10-27,834,3685,0.23,5,1
store_49,2025-11-03,1014,4292,0.2,4,0
store_49,2025-11-10,916,3550,0.2,3,0
store_49,2025-11-17,917,3750,0.2,3,1
store_49,2025-11-24,926,4000,0.2,5,1
store_49,2025-12-01,955,3754,0.2,5,1
store_49,2025-12-08,955,4278,0.2,3,0
store_49,2025-12-15,976,3608,0.2,2,0
store_49,2025-12-22,980,3725,0.2,4,0
store_49,2025-12-29,924,3390,0.27,2,1
store_49,2026-01-05,1003,4068,0.22,2,0
store_49,2026-01-12,905,3999,0.2,4,1
store_49,2026-01-19,877,3181,0.2,5,1
store_49,2026-01-26,906,3813,0.31,2,1
store_49,2026-02-02,966,4249,0.2,4,1
store_49,2026-02-09,884,3481,0.27,3,0
store_49,2026-02-16,879,3381,0.43,3,1
store_49,2026-02-23,955,4088,0.47,1,0
store_49,2026-03-02,922,4057,0.61,4,0
store_49,2026-03-09,948,3645,0.53,3,0
store_49,2026-03-16,853,3256,0.48,2,1
store_49,2026-03-23,922,3432,0.28,2,1
store_49,2026-03-30,898,3869,0.35,3,1
store_49,2026-04-06,951,4249,0.21,2,0
store_49,2026-04-13,916,3596,0.2,0,0
store_49,2026-04-20,987,3991,0.3,0,0
store_49,2026-04-27,929,3266,0.2,2,1
store_49,2026-05-04,915,3572,0.29,3,1
store_49,2026-05-11,909,3185,0.34,2,0
store_49,2026-05-18,918,3389,0.4,3,1
store_49,2026-05-25,912,3735,0.49,0,0
store_49,2026-06-01,871,3403,0.66,0,0
store_49,2026-06-08,901,3428,0.56,0,0
store_49,2026-06-15,919,4092,0.5,2,0
store_49,2026-06-22,945,3404,0.29,1,0
store_49,2026-06-29,921,3917,0.3,3,1
store_49,2026-07-06,929,4077,0.59,1,0
store_49,2026-07-13,872,3287,0.75,0,0
store_49,2026-07-20,872,3173,0.72,2,0
store_49,2026-07-27,918,3333,0.43,0,1
store_49,2026-08-03,919,3536,0.34,3,0
store_49,2026-08-10,883,3139,0.32,2,0
store_49,2026-08-17,906,3494,0.39,0,0
store_49,2026-08-24,905,3715,0.47,2,0
store_50,2025-07-07,596,2271,2.63,0,0
store_50,2025-07-14,643,2523,2.7,2,0
store_50,2025-07-21,549,2458,2.66,3,0
store_50,2025-07-28,566,2264,2.71,3,0
store_50,2025-08-04,625,2513,2.55,0,0
store_50,2025-08-11,594,2320,2.36,2,0
store_50,2025-08-18,579,2231,2.29,3,0
store_50,2025-08-25,691,2999,2.07,2,0
store_50,2025-09-01,595,2387,2.15,0,0
store_50,2025-09-08,612,2231,1.93,2,0
store_50,2025-09-15,639,2475,1.74,5,0
store_50,2025-09-22,630,2370,1.61,3,0
store_50,2025-09-29,669,2829,1.55,3,0
store_50,2025-10-06,637,2779,1.95,1,1
store_50,2025-10-13,661,2934,1.92,3,0
store_50,2025-10-20,567,2471,1.88,2,0
store_50,2025-10-27,656,2300,1.74,2,1
store_50,2025-11-03,630,2506,1.6,3,1
store_50,2025-11-10,695,3119,1.48,3,0
store_50,2025-11-17,569,2155,1.24,2,0
store_50,2025-11-24,665,2336,1.08,2,0
store_50,2025-12-01,733,3129,0.72,3,1
store_50,2025-12-08,714,3033,0.32,2,0
store_50,2025-12-15,691,2629,0.27,5,1
store_50,2025-12-22,771,2737,0.28,5,1
store_50,2025-12-29,691,2847,0.2,3,0
store_50,2026-01-05,704,2794,0.24,2,1
store_50,2026-01-12,790,2817,0.2,5,1
store_50,2026-01-19,732,2982,0.21,5,1
store_50,2026-01-26,696,2591,0.2,2,1
store_50,2026-02-02,707,3137,0.2,5,0
store_50,2026-02-09,711,2968,0.2,3,1
store_50,2026-02-16,737,2816,0.2,2,1
store_50,2026-02-23,689,2876,0.2,5,0
store_50,2026-03-02,673,2778,0.2,5,0
store_50,2026-03-09,768,3192,0.2,2,0
store_50,2026-03-16,718,3090,0.2,3,0
store_50,2026-03-23,652,2761,0.2,0,1
store_50,2026-03-30,675,2370,0.24,0,0
store_50,2026-04-06,692,2862,0.2,0,0
store_50,2026-04-13,706,3176,0.2,0,0
store_50,2026-04-20,715,2532,0.2,3,0
store_50,2026-04-27,641,2374,0.2,1,0
store_50,2026-05-04,680,2506,0.2,0,1
store_50,2026-05-11,684,2885,0.35,1,0
store_50,2026-05-18,714,2632,0.31,3,0
store_50,2026-05-25,726,3228,0.29,0,0
store_50,2026-06-01,700,2665,0.32,2,0
store_50,2026-06-08,754,2757,0.49,2,0
store_50,2026-06-15,707,2498,0.55,2,0
store_50,2026-06-22,673,2382,0.49,4,1
store_50,2026-06-29,663,2645,0.6,5,1
store_50,2026-07-06,673,2976,0.49,3,0
store_50,2026-07-13,726,2946,0.33,2,0
store_50,2026-07-20,733,3208,0.26,4,1
store_50,2026-07-27,733,2940,0.24,5,1
store_50,2026-08-03,713,2783,0.31,5,1
store_50,2026-08-10,658,2817,0.42,4,1
store_50,2026-08-17,694,2896,0.4,5,1
store_50,2026-08-24,723,2689,0.36,4,1
store_51,2025-07-07,635,2668,2.6,0,0
store_51,2025-07-14,603,2470,2.73,0,0
store_51,2025-07-21,724,2576,2.91,0,1
store_51,2025-07-28,719,3209,2.83,5,0
store_51,2025-08-04,755,2742,2.57,4,0
store_51,2025-08-11,626,2536,2.58,3,0
store_51,2025-08-18,705,2786,2.4,3,0
store_51,2025-08-25,715,2829,2.16,5,1
store_51,2025-09-01,666,2608,2.17,5,0
store_51,2025-09-08,689,2571,2.13,4,0
store_51,2025-09-15,760,3389,2.14,2,0
store_51,2025-09-22,787,2781,2.06,3,0
store_51,2025-09-29,808,2863,1.93,3,0
store_51,2025-10-06,746,2880,1.89,2,0
store_51,2025-10-13,765,3249,1.75,2,0
store_51,2025-10-20,741,2662,1.42,5,0
store_51,2025-10-27,749,3334,1.14,4,0
store_51,2025-11-03,790,2775,0.96,3,0
store_51,2025-11-10,743,2640,0.92,5,1
store_51,2025-11-17,773,3355,0.94,2,1
store_51,2025-11-24,743,2823,0.81,2,1
store_51,2025-12-01,839,3256,0.84,1,1
store_51,2025-12-08,760,2982,0.64,2,0
store_51,2025-12-15,825,3014,0.65,1,0
store_51,2025-12-22,857,3553,0.35,0,0
store_51,2025-12-29,812,3522,0.3,1,1
store_51,2026-01-05,863,3562,0.22,0,0
store_51,2026-01-12,801,3501,0.31,1,0
store_51,2026-01-19,791,3324,0.53,0,0
store_51,2026-01-26,736,2742,0.53,3,0
store_51,2026-02-02,849,3021,0.54,0,0
store_51,2026-02-09,863,3476,0.41,2,0
store_51,2026-02-16,814,3029,0.72,3,1
store_51,2026-02-23,759,2834,0.88,1,1
store_51,2026-03-02,821,3306,0.95,3,0
store_51,2026-03-09,795,2951,0.9,0,0
store_51,2026-03-16,765,3108,0.9,3,0
store_51,2026-03-23,782,2873,1.06,2,0
store_51,2026-03-30,748,2659,0.96,1,0
store_51,2026-04-06,767,3212,1.01,3,0
store_51,2026-04-13,835,3413,1.01,0,0
store_51,2026-04-20,820,3073,1.11,1,0
store_51,2026-04-27,706,2724,1.25,2,1
store_51,2026-05-04,772,2762,1.08,5,0
store_51,2026-05-11,792,3219,0.92,3,0
store_51,2026-05-18,812,3584,0.71,4,1
store_51,2026-05-25,773,3379,0.5,5,1
store_51,2026-06-01,772,3134,0.39,3,0
store_51,2026-06-08,790,2774,0.26,4,1
store_51,2026-06-15,821,3152,0.2,2,0
store_51,2026-06-22,825,2987,0.2,4,1
store_51,2026-06-29,810,3471,0.2,3,1
store_51,2026-07-06,821,3075,0.2,3,0
store_51,2026-07-13,779,2926,0.2,4,1
store_51,2026-07-20,838,3188,0.24,2,0
store_51,2026-07-27,855,3692,0.2,0,0
store_51,2026-08-03,763,2763,0.21,1,0
store_51,2026-08-10,856,3706,0.2,3,1
store_51,2026-08-17,834,3352,0.26,2,0
store_51,2026-08-24,836,3323,0.2,5,1
store_52,2025-07-07,345,1296,3.85,1,0
store_52,2025-07-14,321,1432,3.76,1,0
store_52,2025-07-21,339,1440,3.86,2,0
store_52,2025-07-28,354,1433,3.88,1,1
store_52,2025-08-04,320,1261,4.19,0,0
store_52,2025-08-11,338,1351,4.28,1,0
store_52,2025-08-18,352,1271,4.12,0,0
store_52,2025-08-25,350,1566,3.99,5,0
store_52,2025-09-01,337,1217,3.76,2,0
store_52,2025-09-08,283,1181,3.57,4,0
store_52,2025-09-15,328,1438,3.54,2,0
store_52,2025-09-22,331,1433,3.43,4,0
store_52,2025-09-29,338,1246,3.13,5,0
store_52,2025-10-06,372,1390,3.27,4,1
store_52,2025-10-13,315,1367,3.44,0,0
store_52,2025-10-20,356,1261,3.5,0,0
store_52,2025-10-27,367,1414,3.58,3,0
store_52,2025-11-03,309,1329,3.51,4,0
store_52,2025-11-10,341,1206,3.58,3,0
store_52,2025-11-17,354,1392,3.63,1,0
store_52,2025-11-24,332,1164,3.6,2,0
store_52,2025-12-01,346,1225,3.55,3,0
store_52,2025-12-08,327,1242,3.63,0,0
store_52,2025-12-15,329,1415,3.64,3,0
store_52,2025-12-22,377,1619,3.59,1,0
store_52,2025-12-29,328,1229,3.7,2,1
store_52,2026-01-05,323,1331,3.51,0,0
store_52,2026-01-12,323,1163,3.44,1,0
store_52,2026-01-19,321,1339,3.31,2,0
store_52,2026-01-26,327,1267,3.33,5,0
store_52,2026-02-02,294,1164,3.35,4,0
store_52,2026-02-09,382,1477,3.34,3,0
store_52,2026-02-16,369,1319,3.29,3,0
store_52,2026-02-23,347,1528,3.14,2,0
store_52,2026-03-02,325,1180,3.06,4,1
store_52,2026-03-09,306,1341,3.09,3,0
store_52,2026-03-16,341,1502,2.76,4,0
store_52,2026-03-23,330,1281,2.65,2,0
store_52,2026-03-30,375,1346,2.46,4,1
store_52,2026-04-06,377,1373,2.15,4,0
store_52,2026-04-13,361,1418,2.15,4,0
store_52,2026-04-20,319,1216,2.16,5,1
store_52,2026-04-27,335,1297,2.13,2,0
store_52,2026-05-04,323,1427,2.13,3,0
store_52,2026-05-11,367,1412,2.25,4,0
store_52,2026-05-18,348,1404,1.98,4,0
store_52,2026-05-25,364,1371,1.85,2,0
store_52,2026-06-01,384,1599,1.82,2,0
store_52,2026-06-08,381,1421,1.53,5,1
store_52,2026-06-15,386,1381,1.31,3,1
store_52,2026-06-22,381,1440,1.24,3,0
store_52,2026-06-29,382,1494,1.17,3,0
store_52,2026-07-06,404,1777,1.29,2,0
store_52,2026-07-13,387,1639,1.32,2,0
store_52,2026-07-20,396,1531,1.17,4,1
store_52,2026-07-27,348,1257,0.91,2,1
store_52,2026-08-03,403,1770,0.85,2,0
store_52,2026-08-10,412,1811,0.79,3,1
store_52,2026-08-17,416,1674,0.57,2,0
store_52,2026-08-24,457,1675,0.23,5,0
store_53,2025-07-07,837,3620,2.49,2,0
store_53,2025-07-14,826,3670,2.46,3,0
store_53,2025-07-21,897,3282,2.38,0,1
store_53,2025-07-28,897,3964,2.26,3,0
store_53,2025-08-04,873,3218,2.34,0,0
store_53,2025-08-11,887,3831,2.21,2,0
store_53,2025-08-18,838,3242,2.11,3,0
store_53,2025-08-25,863,3776,2.05,3,0
store_53,2025-09-01,928,3606,2.15,2,0
store_53,2025-09-08,887,3866,2.23,3,0
store_53,2025-09-15,884,3265,2.31,3,0
store_53,2025-09-22,909,3234,2.38,1,0
store_53,2025-09-29,876,3716,2.63,2,0
store_53,2025-10-06,820,3197,2.75,2,0
store_53,2025-10-13,867,3706,2.61,0,0
store_53,2025-10-20,810,3382,2.67,0,0
store_53,2025-10-27,857,3376,2.63,1,0
store_53,2025-11-03,826,3445,2.57,0,0
store_53,2025-11-10,814,3515,2.48,3,1
store_53,2025-11-17,839,3556,2.43,2,0
store_53,2025-11-24,841,3104,2.42,2,0
store_53,2025-12-01,819,2975,2.4,3,0
store_53,2025-12-08,856,3583,2.41,3,1
store_53,2025-12-15,962,3518,2.15,4,0
store_53,2025-12-22,885,3248,2.23,3,1
store_53,2025-12-29,838,3416,2.26,1,0
store_53,2026-01-05,779,3409,2.1,2,0
store_53,2026-01-12,950,4111,2.08,2,0
store_53,2026-01-19,998,4450,2.31,0,0
store_53,2026-01-26,809,3577,2.31,2,0
store_53,2026-02-02,824,3669,2.47,3,1
store_53,2026-02-09,917,3802,2.47,2,0
store_53,2026-02-16,907,3855,2.38,2,1
store_53,2026-02-23,803,3463,2.37,3,0
store_53,2026-03-02,911,3974,2.39,2,0
store_53,2026-03-09,945,4048,2.34,3,1
store_53,2026-03-16,733,2674,2.54,3,0
store_53,2026-03-23,861,3705,2.61,0,0
store_53,2026-03-30,949,4009,2.53,4,0
store_53,2026-04-06,807,3023,2.51,2,0
store_53,2026-04-13,820,3409,2.32,2,0
store_53,2026-04-20,1019,4103,2.06,2,0
store_53,2026-04-27,984,3983,2.02,4,0
store_53,2026-05-04,886,3699,1.61,4,1
store_53,2026-05-11,871,3455,1.4,4,1
store_53,2026-05-18,1005,4199,1.52,2,0
store_53,2026-05-25,996,4432,1.3,1,0
store_53,2026-06-01,944,3590,1.53,2,0
store_53,2026-06-08,934,4025,1.48,1,0
store_53,2026-06-15,972,3964,1.5,2,0
store_53,2026-06-22,997,3537,1.51,2,0
store_53,2026-06-29,881,3625,1.65,0,0
store_53,2026-07-06,1031,3866,1.7,3,0
store_53,2026-07-13,893,3623,1.73,1,0
store_53,2026-07-20,933,3957,1.89,2,0
store_53,2026-07-27,809,3087,2.12,1,0
store_53,2026-08-03,849,3484,1.99,2,0
store_53,2026-08-10,846,3805,1.93,0,0
store_53,2026-08-17,932,3491,1.97,0,0
store_53,2026-08-24,876,3689,2.0,3,0
store_54,2025-07-07,745,3117,2.77,4,0
store_54,2025-07-14,789,3346,2.75,2,0
store_54,2025-07-21,740,3003,2.61,3,0
store_54,2025-07-28,863,3364,2.43,4,0
store_54,2025-08-04,796,3388,2.48,4,0
store_54,2025-08-11,734,2713,2.47,4,0
store_54,2025-08-18,787,2799,2.34,2,0
store_54,2025-08-25,734,2945,2.09,3,1
store_54,2025-09-01,816,2948,1.9,4,0
store_54,2025-09-08,856,3749,1.69,5,0
store_54,2025-09-15,760,3010,1.52,4,0
store_54,2025-09-22,774,2838,1.41,3,0
store_54,2025-09-29,829,3371,1.46,5,1
store_54,2025-10-06,853,3307,1.51,3,0
store_54,2025-10-13,919,3684,1.42,5,0
store_54,2025-10-20,850,3767,1.45,5,1
store_54,2025-10-27,857,3304,1.47,3,1
store_54,2025-11-03,907,3590,1.38,5,1
store_54,2025-11-10,811,3581,1.18,2,1
store_54,2025-11-17,815,3536,1.05,3,0
store_54,2025-11-24,824,3287,0.82,4,1
store_54,2025-12-01,882,3326,0.74,2,0
store_54,2025-12-08,960,4189,0.66,4,1
store_54,2025-12-15,883,3899,0.51,5,1
store_54,2025-12-22,919,3618,0.37,5,1
store_54,2025-12-29,884,3522,0.2,2,0
store_54,2026-01-05,955,3367,0.2,2,1
store_54,2026-01-12,998,4312,0.2,4,1
store_54,2026-01-19,932,3997,0.2,1,0
store_54,2026-01-26,987,4078,0.2,3,1
store_54,2026-02-02,1011,4438,0.24,0,1
store_54,2026-02-09,997,4178,0.2,0,0
store_54,2026-02-16,876,3594,0.2,3,0
store_54,2026-02-23,955,3695,0.2,2,0
store_54,2026-03-02,929,4031,0.2,0,1
store_54,2026-03-09,920,4061,0.2,1,0
store_54,2026-03-16,991,3732,0.3,3,0
store_54,2026-03-23,906,3458,0.33,0,0
store_54,2026-03-30,974,4208,0.3,0,0
store_54,2026-04-06,924,3644,0.47,2,0
store_54,2026-04-13,881,3299,0.37,1,0
store_54,2026-04-20,887,3486,0.38,2,0
store_54,2026-04-27,938,3718,0.2,3,0
store_54,2026-05-04,962,4177,0.2,5,0
store_54,2026-05-11,969,3846,0.2,3,0
store_54,2026-05-18,1001,4114,0.2,5,1
store_54,2026-05-25,933,3469,0.2,2,0
store_54,2026-06-01,950,3775,0.2,2,1
store_54,2026-06-08,923,3721,0.26,3,1
store_54,2026-06-15,953,4266,0.2,2,0
store_54,2026-06-22,958,4121,0.37,0,0
store_54,2026-06-29,941,3496,0.2,1,0
store_54,2026-07-06,937,3698,0.23,3,1
store_54,2026-07-13,957,3719,0.22,2,0
store_54,2026-07-20,870,3137,0.24,0,0
store_54,2026-07-27,946,3416,0.32,1,1
store_54,2026-08-03,982,3641,0.3,2,0
store_54,2026-08-10,970,4165,0.2,3,1
store_54,2026-08-17,924,3958,0.36,2,1
store_54,2026-08-24,986,3931,0.2,3,0
store_55,2025-07-07,602,2194,3.3,2,0
store_55,2025-07-14,547,2376,3.4,3,0
store_55,2025-07-21,705,3099,3.35,2,0
store_55,2025-07-28,654,2305,3.18,1,0
store_55,2025-08-04,620,2275,3.37,2,0
store_55,2025-08-11,582,2570,3.23,0,0
store_55,2025-08-18,612,2650,3.46,1,0
store_55,2025-08-25,615,2301,3.66,2,0
store_55,2025-09-01,571,2402,3.59,1,0
store_55,2025-09-08,654,2929,3.62,2,0
store_55,2025-09-15,622,2189,3.67,1,0
store_55,2025-09-22,555,2120,3.62,0,0
store_55,2025-09-29,583,2201,3.65,1,0
store_55,2025-10-06,627,2395,3.73,0,0
store_55,2025-10-13,566,2474,3.64,3,0
store_55,2025-10-20,623,2555,3.6,3,1
store_55,2025-10-27,616,2352,3.82,1,0
store_55,2025-11-03,640,2845,3.57,3,0
store_55,2025-11-10,611,2351,3.66,1,0
store_55,2025-11-17,622,2320,3.93,3,0
store_55,2025-11-24,618,2214,3.89,1,0
store_55,2025-12-01,648,2688,3.91,0,0
store_55,2025-12-08,652,2413,4.08,0,0
store_55,2025-12-15,597,2173,4.07,0,0
store_55,2025-12-22,637,2506,4.04,2,0
store_55,2025-12-29,649,2549,4.13,3,0
store_55,2026-01-05,588,2501,4.19,1,0
store_55,2026-01-12,681,2456,3.85,3,0
store_55,2026-01-19,680,2737,3.8,1,0
store_55,2026-01-26,556,2401,3.69,1,0
store_55,2026-02-02,627,2204,3.41,4,0
store_55,2026-02-09,675,2936,3.33,2,1
store_55,2026-02-16,633,2840,3.18,4,1
store_55,2026-02-23,619,2374,3.05,5,0
store_55,2026-03-02,642,2303,2.91,3,0
store_55,2026-03-09,652,2532,2.83,3,0
store_55,2026-03-16,663,2789,2.66,2,0
store_55,2026-03-23,626,2220,2.66,5,0
store_55,2026-03-30,644,2632,2.68,2,0
store_55,2026-04-06,646,2293,2.59,4,0
store_55,2026-04-13,657,2887,2.33,4,0
store_55,2026-04-20,646,2368,2.22,2,0
store_55,2026-04-27,676,2942,1.94,4,0
store_55,2026-05-04,650,2769,1.69,2,0
store_55,2026-05-11,605,2437,1.68,4,0
store_55,2026-05-18,708,2687,1.46,2,0
store_55,2026-05-25,694,2900,1.29,5,0
store_55,2026-06-01,681,2891,1.32,3,1
store_55,2026-06-08,715,3016,1.13,3,0
store_55,2026-06-15,718,3039,1.12,2,0
store_55,2026-06-22,726,2701,1.04,4,0
store_55,2026-06-29,795,3546,1.09,0,0
store_55,2026-07-06,712,2727,0.66,4,1
store_55,2026-07-13,721,2949,0.42,5,0
store_55,2026-07-20,769,2800,0.26,5,0
store_55,2026-07-27,731,3212,0.26,4,0
store_55,2026-08-03,785,3282,0.2,3,0
store_55,2026-08-10,790,3261,0.2,2,0
store_55,2026-08-17,696,2685,0.2,5,0
store_55,2026-08-24,744,3026,0.2,3,1
store_56,2025-07-07,564,2124,3.44,0,1
store_56,2025-07-14,623,2509,3.51,2,0
store_56,2025-07-21,517,1834,3.54,0,0
store_56,2025-07-28,551,2147,3.54,3,0
store_56,2025-08-04,577,2317,3.42,0,0
store_56,2025-08-11,539,1899,3.51,0,0
store_56,2025-08-18,618,2625,3.46,3,0
store_56,2025-08-25,515,1878,3.45,2,0
store_56,2025-09-01,605,2678,3.5,2,0
store_56,2025-09-08,552,2230,3.3,1,0
store_56,2025-09-15,546,2345,3.51,3,0
store_56,2025-09-22,601,2615,3.6,1,0
store_56,2025-09-29,617,2694,3.54,0,0
store_56,2025-10-06,594,2162,3.37,2,0
store_56,2025-10-13,558,2302,3.41,0,0
store_56,2025-10-20,549,2263,3.33,1,0
store_56,2025-10-27,621,2495,3.29,4,0
store_56,2025-11-03,575,2406,3.02,4,0
store_56,2025-11-10,543,2239,2.87,4,0
store_56,2025-11-17,544,2312,2.89,3,0
store_56,2025-11-24,574,2035,3.21,0,0
store_56,2025-12-01,561,2146,3.52,1,0
store_56,2025-12-08,549,1965,3.49,3,0
store_56,2025-12-15,596,2623,3.39,1,0
store_56,2025-12-22,547,2063,3.35,3,0
store_56,2025-12-29,627,2606,3.59,2,0
store_56,2026-01-05,614,2658,3.57,1,0
store_56,2026-01-12,598,2343,3.21,3,0
store_56,2026-01-19,565,2431,3.2,3,0
store_56,2026-01-26,595,2508,3.3,0,0
store_56,2026-02-02,519,2182,3.01,3,0
store_56,2026-02-09,578,2090,3.06,4,1
store_56,2026-02-16,538,2419,3.04,3,0
store_56,2026-02-23,573,2307,3.06,4,0
store_56,2026-03-02,540,1921,2.81,3,0
store_56,2026-03-09,535,2387,2.6,3,0
store_56,2026-03-16,565,2094,2.69,1,0
store_56,2026-03-23,550,2456,2.76,1,0
store_56,2026-03-30,546,1948,2.54,1,0
store_56,2026-04-06,587,2608,2.56,2,0
store_56,2026-04-13,576,2185,2.6,0,0
store_56,2026-04-20,621,2208,2.73,3,0
store_56,2026-04-27,561,2278,2.59,2,0
store_56,2026-05-04,626,2318,2.32,5,1
store_56,2026-05-11,621,2445,2.28,3,1
store_56,2026-05-18,585,2450,2.34,5,1
store_56,2026-05-25,590,2505,2.08,3,0
store_56,2026-06-01,633,2274,1.89,3,0
store_56,2026-06-08,607,2598,1.84,0,0
store_56,2026-06-15,589,2306,2.16,3,0
store_56,2026-06-22,569,2305,2.12,0,0
store_56,2026-06-29,580,2133,1.91,0,0
store_56,2026-07-06,617,2468,1.91,0,0
store_56,2026-07-13,558,2287,1.86,0,0
store_56,2026-07-20,560,2499,2.04,2,0
store_56,2026-07-27,664,2641,1.97,0,0
store_56,2026-08-03,592,2374,1.87,3,0
store_56,2026-08-10,519,2137,1.94,3,0
store_56,2026-08-17,638,2304,1.79,1,0
store_56,2026-08-24,681,2575,1.72,3,0
store_57,2025-07-07,683,2431,2.24,3,0
store_57,2025-07-14,606,2467,2.26,1,0
store_57,2025-07-21,658,2860,2.26,2,0
store_57,2025-07-28,609,2213,2.13,3,0
store_57,2025-08-04,648,2359,2.09,3,0
store_57,2025-08-11,688,3003,1.94,5,1
store_57,2025-08-18,657,2734,2.06,4,1
store_57,2025-08-25,566,2212,2.01,3,0
store_57,2025-09-01,663,2880,2.06,4,1
store_57,2025-09-08,566,2153,1.99,3,0
store_57,2025-09-15,638,2584,2.04,1,0
store_57,2025-09-22,644,2522,2.18,1,0
store_57,2025-09-29,648,2314,2.03,4,1
store_57,2025-10-06,706,3021,1.92,3,0
store_57,2025-10-13,662,2905,2.01,2,1
store_57,2025-10-20,709,2992,2.1,3,0
store_57,2025-10-27,707,3162,2.23,0,0
store_57,2025-11-03,661,2357,2.14,1,0
store_57,2025-11-10,721,3000,2.07,1,0
store_57,2025-11-17,658,2731,2.06,0,0
store_57,2025-11-24,666,2751,1.94,3,0
store_57,2025-12-01,685,2611,1.72,3,0
store_57,2025-12-08,666,2431,1.65,2,1
store_57,2025-12-15,623,2556,1.57,0,0
store_57,2025-12-22,581,2375,1.63,0,0
store_57,2025-12-29,721,3118,1.51,3,0
store_57,2026-01-05,654,2568,1.65,3,0
store_57,2026-01-12,674,2880,1.63,1,0
store_57,2026-01-19,658,2570,1.75,1,0
store_57,2026-01-26,777,3254,1.32,2,0
store_57,2026-02-02,699,2635,1.31,2,0
store_57,2026-02-09,745,2791,1.11,2,0
store_57,2026-02-16,679,3052,1.06,1,0
store_57,2026-02-23,623,2568,1.1,0,0
store_57,2026-03-02,727,2783,0.84,2,0
store_57,2026-03-09,726,3120,0.75,3,1
store_57,2026-03-16,710,2688,0.96,3,0
store_57,2026-03-23,699,3114,1.11,1,0
store_57,2026-03-30,780,2964,1.03,4,1
store_57,2026-04-06,729,2734,0.78,5,0
store_57,2026-04-13,768,2735,0.59,4,0
store_57,2026-04-20,720,3210,0.52,0,1
store_57,2026-04-27,778,3090,0.48,1,0
store_57,2026-05-04,753,3068,0.27,3,1
store_57,2026-05-11,748,2794,0.33,3,1
store_57,2026-05-18,763,3247,0.35,3,0
store_57,2026-05-25,711,2626,0.4,0,0
store_57,2026-06-01,756,3154,0.4,1,1
store_57,2026-06-08,733,2959,0.27,0,0
store_57,2026-06-15,797,3083,0.2,0,0
store_57,2026-06-22,737,2638,0.2,0,0
store_57,2026-06-29,767,3136,0.29,1,1
store_57,2026-07-06,811,3028,0.34,0,0
store_57,2026-07-13,695,3071,0.37,0,0
store_57,2026-07-20,758,2795,0.34,2,1
store_57,2026-07-27,783,3470,0.23,2,1
store_57,2026-08-03,767,2726,0.26,3,1
store_57,2026-08-10,794,3473,0.22,2,0
store_57,2026-08-17,806,3001,0.2,1,1
store_57,2026-08-24,717,3066,0.2,3,0
store_58,2025-07-07,741,2800,3.38,1,0
store_58,2025-07-14,807,2953,3.52,0,0
store_58,2025-07-21,794,3450,3.38,3,0
store_58,2025-07-28,748,2958,3.57,1,0
store_58,2025-08-04,771,3418,3.74,2,0
store_58,2025-08-11,776,3116,3.89,3,0
store_58,2025-08-18,675,2374,3.89,3,0
store_58,2025-08-25,729,2859,4.02,2,0
store_58,2025-09-01,742,3102,3.91,3,1
store_58,2025-09-08,707,2791,3.83,3,0
store_58,2025-09-15,826,3246,3.83,0,0
store_58,2025-09-22,715,3096,3.74,0,0
store_58,2025-09-29,799,3457,3.87,3,0
store_58,2025-10-06,748,3244,4.01,3,0
store_58,2025-10-13,746,2751,4.02,3,1
store_58,2025-10-20,696,2647,4.16,1,0
store_58,2025-10-27,760,3020,4.05,3,0
store_58,2025-11-03,827,3374,3.99,0,0
store_58,2025-11-10,855,3413,3.73,2,0
store_58,2025-11-17,823,3473,3.89,1,0
store_58,2025-11-24,721,3008,3.85,0,0
store_58,2025-12-01,722,3216,3.95,3,0
store_58,2025-12-08,798,2797,3.86,2,0
store_58,2025-12-15,716,3166,3.82,5,1
store_58,2025-12-22,762,3277,3.71,3,0
store_58,2025-12-29,768,3141,3.63,2,0
store_58,2026-01-05,816,3572,3.48,4,0
store_58,2026-01-12,696,2991,3.44,4,0
store_58,2026-01-19,806,2891,3.23,2,0
store_58,2026-01-26,825,3112,3.45,2,0
store_58,2026-02-02,790,2848,3.52,1,0
store_58,2026-02-09,749,2692,3.45,3,0
store_58,2026-02-16,737,3314,3.42,3,0
store_58,2026-02-23,690,2993,3.42,1,0
store_58,2026-03-02,673,2795,3.36,2,0
store_58,2026-03-09,765,3323,3.51,2,0
store_58,2026-03-16,777,3352,3.54,0,0
store_58,2026-03-23,725,2572,3.67,1,0
store_58,2026-03-30,718,2566,3.64,1,0
store_58,2026-04-06,841,3443,3.53,2,0
store_58,2026-04-13,711,2597,3.73,3,0
store_58,2026-04-20,720,3022,4.09,2,0
store_58,2026-04-27,731,2787,4.22,3,0
store_58,2026-05-04,726,3264,4.42,1,0
store_58,2026-05-11,794,2906,4.22,5,0
store_58,2026-05-18,658,2843,4.36,4,1
store_58,2026-05-25,740,3184,4.54,3,1
store_58,2026-06-01,678,2650,4.7,4,0
store_58,2026-06-08,707,3117,4.51,2,0
store_58,2026-06-15,791,3515,4.13,3,0
store_58,2026-06-22,713,2902,4.22,3,0
store_58,2026-06-29,774,3078,4.24,5,0
store_58,2026-07-06,739,3168,3.98,2,0
store_58,2026-07-13,742,3078,3.99,2,0
store_58,2026-07-20,818,2980,3.74,5,1
store_58,2026-07-27,681,2650,3.55,2,0
store_58,2026-08-03,748,3004,3.45,2,0
store_58,2026-08-10,752,2996,3.34,3,0
store_58,2026-08-17,721,2844,3.35,4,1
store_58,2026-08-24,769,2777,3.13,5,0
store_59,2025-07-07,645,2269,2.52,5,1
store_59,2025-07-14,612,2707,2.32,0,0
store_59,2025-07-21,576,2127,2.47,2,0
store_59,2025-07-28,561,2056,2.31,1,0
store_59,2025-08-04,601,2185,2.35,2,0
store_59,2025-08-11,630,2508,2.33,3,0
store_59,2025-08-18,588,2139,2.35,3,0
store_59,2025-08-25,565,2204,2.31,2,0
store_59,2025-09-01,636,2566,2.07,2,1
store_59,2025-09-08,651,2648,1.85,4,1
store_59,2025-09-15,684,2995,1.8,5,1
store_59,2025-09-22,745,2643,1.82,1,0
store_59,2025-09-29,738,3302,1.64,3,0
store_59,2025-10-06,657,2892,1.42,5,1
store_59,2025-10-13,650,2636,1.24,4,0
store_59,2025-10-20,763,3354,1.1,5,0
store_59,2025-10-27,701,3120,0.91,5,1
store_59,2025-11-03,691,2479,0.74,2,0
store_59,2025-11-10,749,3334,0.45,5,0
store_59,2025-11-17,697,2598,0.35,5,1
store_59,2025-11-24,749,3276,0.33,4,1
store_59,2025-12-01,734,2971,0.28,4,1
store_59,2025-12-08,771,3227,0.39,1,0
store_59,2025-12-15,777,3270,0.44,3,0
store_59,2025-12-22,723,2856,0.4,4,1
store_59,2025-12-29,747,2984,0.34,2,1
store_59,2026-01-05,757,2716,0.21,5,0
store_59,2026-01-12,735,3208,0.28,3,0
store_59,2026-01-19,826,2905,0.4,2,0
store_59,2026-01-26,763,3281,0.41,2,0
store_59,2026-02-02,767,3430,0.47,3,0
store_59,2026-02-09,804,3288,0.53,3,0
store_59,2026-02-16,689,2417,0.45,1,0
store_59,2026-02-23,737,2818,0.46,2,0
store_59,2026-03-02,715,2599,0.54,2,0
store_59,2026-03-09,731,2615,0.2,2,0
store_59,2026-03-16,702,2628,0.26,2,0
store_59,2026-03-23,692,2540,0.26,0,0
store_59,2026-03-30,699,2903,0.2,1,1
store_59,2026-04-06,697,2639,0.2,2,1
store_59,2026-04-13,700,2764,0.2,0,0
store_59,2026-04-20,817,3267,0.2,2,1
store_59,2026-04-27,790,3255,0.22,2,0
store_59,2026-05-04,754,3115,0.2,2,1
store_59,2026-05-11,745,2682,0.2,0,0
store_59,2026-05-18,709,3043,0.2,3,1
store_59,2026-05-25,766,3199,0.2,0,1
store_59,2026-06-01,716,2858,0.34,2,1
store_59,2026-06-08,781,2807,0.31,3,0
store_59,2026-06-15,742,2902,0.2,1,0
store_59,2026-06-22,762,3342,0.2,2,0
store_59,2026-06-29,782,3253,0.2,2,0
store_59,2026-07-06,795,3161,0.26,1,0
store_59,2026-07-13,771,2765,0.22,1,0
store_59,2026-07-20,714,2590,0.22,2,0
store_59,2026-07-27,730,2849,0.2,2,0
store_59,2026-08-03,754,2721,0.26,1,0
store_59,2026-08-10,761,3047,0.58,2,0
store_59,2026-08-17,720,2813,0.47,0,0
store_59,2026-08-24,779,3420,0.41,2,0
