account_id,period,usage,support_tickets,logins,feature_adoption,days_since_login,seats,plan,usage_declining
acct_000,2026-01-01,672,3,16,0.761,4,9,pro,1
acct_000,2026-02-01,688,3,11,0.611,12,9,pro,0
acct_000,2026-03-01,689,0,6,0.744,9,9,pro,0
acct_000,2026-04-01,668,4,23,0.75,8,9,pro,1
acct_000,2026-05-01,625,2,23,0.541,2,9,pro,0
acct_000,2026-06-01,641,3,15,0.653,5,9,pro,0
acct_000,2026-07-01,643,6,5,0.702,8,9,pro,0
acct_000,2026-08-01,625,3,9,0.629,14,9,pro,0
acct_000,2026-09-01,602,7,17,0.685,0,9,pro,0
acct_000,2026-10-01,600,6,18,0.552,4,9,pro,0
acct_000,2026-11-01,582,4,18,0.713,5,9,pro,0
acct_000,2026-12-01,585,6,19,0.642,4,9,pro,1
acct_001,2026-01-01,1151,6,28,0.656,11,3,basic,0
acct_001,2026-02-01,1039,6,19,0.706,16,3,basic,0
acct_001,2026-03-01,893,6,25,0.642,2,3,basic,0
acct_001,2026-04-01,815,2,13,0.617,2,3,basic,0
acct_001,2026-05-01,681,8,11,0.591,7,3,basic,1
acct_001,2026-06-01,549,2,19,0.379,18,3,basic,0
acct_001,2026-07-01,448,7,15,0.273,21,3,basic,0
acct_001,2026-08-01,327,9,13,0.385,18,3,basic,0
acct_001,2026-09-01,185,3,0,0.12,9,3,basic,0
acct_001,2026-10-01,117,6,3,0.266,16,3,basic,0
acct_001,2026-11-01,0,10,0,0.183,14,3,basic,0
acct_001,2026-12-01,0,8,0,0.124,15,3,basic,1
acct_002,2026-01-01,481,7,47,0.394,12,10,basic,0
acct_002,2026-02-01,457,7,43,0.414,2,10,basic,0
acct_002,2026-03-01,407,2,44,0.31,10,10,basic,0
acct_002,2026-04-01,365,4,50,0.313,10,10,basic,0
acct_002,2026-05-01,326,3,40,0.288,10,10,basic,0
acct_002,2026-06-01,280,3,38,0.137,5,10,basic,0
acct_002,2026-07-01,251,5,22,0.078,11,10,basic,0
acct_002,2026-08-01,197,6,18,0.088,12,10,basic,0
acct_002,2026-09-01,164,6,22,0.282,16,10,basic,0
acct_002,2026-10-01,139,5,15,0.0,11,10,basic,0
acct_002,2026-11-01,99,8,10,0.0,13,10,basic,0
acct_002,2026-12-01,36,6,22,0.0,15,10,basic,0
acct_003,2026-01-01,1138,0,25,0.527,6,33,pro,1
acct_003,2026-02-01,1165,7,40,0.586,7,33,pro,0
acct_003,2026-03-01,1094,3,36,0.721,15,33,pro,0
acct_003,2026-04-01,1191,7,40,0.533,9,33,pro,0
acct_003,2026-05-01,1162,0,40,0.588,4,33,pro,0
acct_003,2026-06-01,1096,7,41,0.622,13,33,pro,0
acct_003,2026-07-01,1174,2,26,0.508,4,33,pro,0
acct_003,2026-08-01,1127,1,44,0.495,8,33,pro,0
acct_003,2026-09-01,1091,6,49,0.621,10,33,pro,0
acct_003,2026-10-01,1077,0,30,0.827,14,33,pro,0
acct_003,2026-11-01,1138,1,46,0.624,12,33,pro,0
acct_003,2026-12-01,1133,7,28,0.555,11,33,pro,0
acct_004,2026-01-01,573,9,40,0.435,15,6,basic,0
acct_004,2026-02-01,516,9,30,0.334,8,6,basic,0
acct_004,2026-03-01,446,7,32,0.29,10,6,basic,0
acct_004,2026-04-01,406,2,23,0.3,7,6,basic,1
acct_004,2026-05-01,354,5,20,0.226,16,6,basic,0
acct_004,2026-06-01,293,2,34,0.343,9,6,basic,1
acct_004,2026-07-01,252,3,31,0.103,9,6,basic,0
acct_004,2026-08-01,215,8,7,0.259,22,6,basic,0
acct_004,2026-09-01,150,10,13,0.093,20,6,basic,0
acct_004,2026-10-01,101,4,24,0.0,15,6,basic,0
acct_004,2026-11-01,57,5,6,0.0,11,6,basic,0
acct_004,2026-12-01,0,10,0,0.13,11,6,basic,1
acct_005,2026-01-01,895,7,40,0.628,3,17,pro,0
acct_005,2026-02-01,917,2,34,0.568,11,17,pro,0
acct_005,2026-03-01,892,4,26,0.439,13,17,pro,0
acct_005,2026-04-01,867,5,26,0.739,13,17,pro,0
acct_005,2026-05-01,854,7,32,0.605,6,17,pro,0
acct_005,2026-06-01,892,6,33,0.678,8,17,pro,0
acct_005,2026-07-01,909,0,35,0.689,11,17,pro,0
acct_005,2026-08-01,878,6,37,0.769,11,17,pro,0
acct_005,2026-09-01,880,1,18,0.57,5,17,pro,0
acct_005,2026-10-01,872,0,18,0.756,8,17,pro,0
acct_005,2026-11-01,885,5,29,0.654,4,17,pro,1
acct_005,2026-12-01,871,2,30,0.577,13,17,pro,0
acct_006,2026-01-01,678,6,59,0.519,17,8,pro,0
acct_006,2026-02-01,684,5,44,0.428,14,8,pro,1
acct_006,2026-03-01,655,3,54,0.481,11,8,pro,0
acct_006,2026-04-01,657,1,58,0.458,6,8,pro,0
acct_006,2026-05-01,660,7,56,0.446,6,8,pro,0
acct_006,2026-06-01,672,4,54,0.342,2,8,pro,0
acct_006,2026-07-01,629,1,51,0.613,9,8,pro,0
acct_006,2026-08-01,634,0,58,0.424,8,8,pro,0
acct_006,2026-09-01,628,7,42,0.493,10,8,pro,0
acct_006,2026-10-01,653,6,46,0.653,17,8,pro,0
acct_006,2026-11-01,637,5,56,0.541,6,8,pro,0
acct_006,2026-12-01,669,0,57,0.338,7,8,pro,1
acct_007,2026-01-01,450,2,48,0.56,15,28,enterprise,0
acct_007,2026-02-01,435,3,46,0.55,10,28,enterprise,1
acct_007,2026-03-01,447,2,46,0.713,8,28,enterprise,1
acct_007,2026-04-01,446,0,35,0.735,12,28,enterprise,0
acct_007,2026-05-01,422,6,49,0.65,7,28,enterprise,0
acct_007,2026-06-01,429,6,30,0.713,1,28,enterprise,0
acct_007,2026-07-01,435,2,39,0.612,1,28,enterprise,1
acct_007,2026-08-01,421,2,41,0.641,11,28,enterprise,0
acct_007,2026-09-01,425,3,45,0.673,12,28,enterprise,0
acct_007,2026-10-01,414,7,38,0.689,9,28,enterprise,0
acct_007,2026-11-01,407,3,49,0.572,14,28,enterprise,0
acct_007,2026-12-01,405,2,29,0.568,10,28,enterprise,1
acct_008,2026-01-01,817,2,32,0.23,15,5,enterprise,0
acct_008,2026-02-01,811,0,35,0.348,9,5,enterprise,0
acct_008,2026-03-01,844,3,43,0.401,5,5,enterprise,0
acct_008,2026-04-01,838,7,44,0.301,5,5,enterprise,0
acct_008,2026-05-01,785,0,41,0.395,9,5,enterprise,0
acct_008,2026-06-01,833,3,33,0.282,0,5,enterprise,0
acct_008,2026-07-01,814,5,46,0.409,14,5,enterprise,1
acct_008,2026-08-01,811,1,35,0.207,11,5,enterprise,0
acct_008,2026-09-01,794,4,30,0.246,13,5,enterprise,0
acct_008,2026-10-01,806,3,44,0.253,4,5,enterprise,0
acct_008,2026-11-01,809,3,35,0.555,14,5,enterprise,0
acct_008,2026-12-01,773,7,44,0.455,15,5,enterprise,0
acct_009,2026-01-01,439,3,13,0.437,15,31,basic,0
acct_009,2026-02-01,442,1,17,0.425,7,31,basic,0
acct_009,2026-03-01,436,5,9,0.454,5,31,basic,0
acct_009,2026-04-01,448,7,3,0.533,14,31,basic,0
acct_009,2026-05-01,438,7,21,0.452,14,31,basic,0
acct_009,2026-06-01,424,5,17,0.436,6,31,basic,0
acct_009,2026-07-01,441,3,11,0.327,17,31,basic,0
acct_009,2026-08-01,405,3,23,0.427,15,31,basic,0
acct_009,2026-09-01,419,5,19,0.37,2,31,basic,0
acct_009,2026-10-01,432,2,15,0.511,3,31,basic,0
acct_009,2026-11-01,436,7,22,0.268,8,31,basic,0
acct_009,2026-12-01,415,4,16,0.442,11,31,basic,0
acct_010,2026-01-01,565,5,19,0.707,2,40,enterprise,0
acct_010,2026-02-01,579,6,14,0.684,10,40,enterprise,0
acct_010,2026-03-01,593,6,11,0.677,9,40,enterprise,0
acct_010,2026-04-01,572,1,25,0.636,9,40,enterprise,0
acct_010,2026-05-01,598,3,12,0.574,5,40,enterprise,0
acct_010,2026-06-01,597,0,18,0.688,5,40,enterprise,0
acct_010,2026-07-01,630,5,17,0.679,1,40,enterprise,0
acct_010,2026-08-01,594,6,12,0.773,12,40,enterprise,0
acct_010,2026-09-01,607,5,21,0.855,3,40,enterprise,0
acct_010,2026-10-01,623,3,12,0.551,2,40,enterprise,0
acct_010,2026-11-01,604,5,19,0.557,9,40,enterprise,0
acct_010,2026-12-01,631,5,19,0.54,2,40,enterprise,0
acct_011,2026-01-01,593,7,54,0.249,2,16,enterprise,0
acct_011,2026-02-01,530,7,40,0.44,3,16,enterprise,0
acct_011,2026-03-01,539,6,36,0.467,6,16,enterprise,0
acct_011,2026-04-01,465,3,40,0.34,10,16,enterprise,0
acct_011,2026-05-01,440,9,41,0.299,8,16,enterprise,0
acct_011,2026-06-01,402,8,33,0.46,5,16,enterprise,0
acct_011,2026-07-01,362,5,38,0.292,14,16,enterprise,0
acct_011,2026-08-01,311,9,23,0.23,13,16,enterprise,0
acct_011,2026-09-01,304,10,17,0.16,19,16,enterprise,0
acct_011,2026-10-01,259,10,13,0.0,14,16,enterprise,0
acct_011,2026-11-01,191,10,10,0.0,10,16,enterprise,0
acct_011,2026-12-01,150,3,14,0.016,11,16,enterprise,0
acct_012,2026-01-01,933,0,24,0.57,7,18,pro,0
acct_012,2026-02-01,1004,0,21,0.394,4,18,pro,0
acct_012,2026-03-01,990,0,17,0.597,9,18,pro,0
acct_012,2026-04-01,1004,7,8,0.517,11,18,pro,0
acct_012,2026-05-01,967,3,14,0.446,0,18,pro,0
acct_012,2026-06-01,980,2,24,0.651,10,18,pro,1
acct_012,2026-07-01,1042,4,27,0.601,0,18,pro,0
acct_012,2026-08-01,965,1,26,0.387,10,18,pro,0
acct_012,2026-09-01,1061,1,18,0.471,5,18,pro,0
acct_012,2026-10-01,1036,4,14,0.399,5,18,pro,0
acct_012,2026-11-01,999,7,10,0.591,13,18,pro,0
acct_012,2026-12-01,1022,7,13,0.476,16,18,pro,1
acct_013,2026-01-01,941,7,21,0.646,6,30,pro,0
acct_013,2026-02-01,938,3,33,0.531,10,30,pro,0
acct_013,2026-03-01,931,3,17,0.578,7,30,pro,0
acct_013,2026-04-01,913,7,21,0.601,8,30,pro,0
acct_013,2026-05-01,879,4,27,0.55,8,30,pro,0
acct_013,2026-06-01,867,7,19,0.596,10,30,pro,0
acct_013,2026-07-01,856,2,22,0.554,3,30,pro,1
acct_013,2026-08-01,838,6,20,0.4,10,30,pro,1
acct_013,2026-09-01,881,4,25,0.461,7,30,pro,0
acct_013,2026-10-01,852,3,29,0.448,8,30,pro,0
acct_013,2026-11-01,930,3,19,0.674,8,30,pro,0
acct_013,2026-12-01,841,6,5,0.372,18,30,pro,0
acct_014,2026-01-01,914,2,27,0.733,3,6,pro,0
acct_014,2026-02-01,948,7,42,0.733,8,6,pro,0
acct_014,2026-03-01,868,2,35,0.738,12,6,pro,0
acct_014,2026-04-01,927,4,42,0.588,7,6,pro,0
acct_014,2026-05-01,948,1,35,0.674,2,6,pro,0
acct_014,2026-06-01,966,4,26,0.823,7,6,pro,1
acct_014,2026-07-01,944,6,35,0.757,5,6,pro,0
acct_014,2026-08-01,930,3,36,0.67,12,6,pro,0
acct_014,2026-09-01,984,3,37,0.497,1,6,pro,0
acct_014,2026-10-01,919,7,52,0.571,5,6,pro,0
acct_014,2026-11-01,987,7,43,0.73,9,6,pro,0
acct_014,2026-12-01,994,6,47,0.631,11,6,pro,0
acct_015,2026-01-01,828,5,54,0.604,12,33,pro,0
acct_015,2026-02-01,820,1,67,0.734,14,33,pro,0
acct_015,2026-03-01,803,4,67,0.848,10,33,pro,0
acct_015,2026-04-01,842,6,59,0.685,15,33,pro,0
acct_015,2026-05-01,815,1,64,0.749,12,33,pro,0
acct_015,2026-06-01,775,1,55,0.802,3,33,pro,0
acct_015,2026-07-01,830,1,52,0.603,7,33,pro,0
acct_015,2026-08-01,808,1,52,0.818,16,33,pro,0
acct_015,2026-09-01,785,1,50,0.741,11,33,pro,0
acct_015,2026-10-01,791,6,46,0.74,0,33,pro,0
acct_015,2026-11-01,777,1,60,0.876,13,33,pro,0
acct_015,2026-12-01,790,4,53,0.724,17,33,pro,0
acct_016,2026-01-01,967,2,36,0.596,7,17,pro,0
acct_016,2026-02-01,1007,4,32,0.741,8,17,pro,0
acct_016,2026-03-01,1029,7,31,0.596,12,17,pro,1
acct_016,2026-04-01,1033,1,34,0.731,15,17,pro,0
acct_016,2026-05-01,1006,5,30,0.738,0,17,pro,0
acct_016,2026-06-01,1077,4,36,0.654,3,17,pro,0
acct_016,2026-07-01,1060,5,25,0.598,15,17,pro,0
acct_016,2026-08-01,1046,5,31,0.72,12,17,pro,0
acct_016,2026-09-01,1150,2,35,0.623,1,17,pro,0
acct_016,2026-10-01,1076,7,37,0.636,11,17,pro,0
acct_016,2026-11-01,1045,1,31,0.701,7,17,pro,0
acct_016,2026-12-01,1125,0,39,0.623,14,17,pro,0
acct_017,2026-01-01,628,5,38,0.377,12,31,basic,0
acct_017,2026-02-01,602,7,41,0.478,7,31,basic,0
acct_017,2026-03-01,623,3,34,0.383,13,31,basic,0
acct_017,2026-04-01,639,5,47,0.63,5,31,basic,0
acct_017,2026-05-01,636,3,43,0.558,8,31,basic,0
acct_017,2026-06-01,641,7,38,0.45,17,31,basic,0
acct_017,2026-07-01,628,4,42,0.522,13,31,basic,0
acct_017,2026-08-01,614,3,28,0.393,1,31,basic,0
acct_017,2026-09-01,623,7,33,0.347,9,31,basic,0
acct_017,2026-10-01,600,1,38,0.406,4,31,basic,0
acct_017,2026-11-01,615,5,49,0.396,10,31,basic,0
acct_017,2026-12-01,582,5,46,0.509,5,31,basic,0
acct_018,2026-01-01,1169,5,43,0.467,8,12,basic,0
acct_018,2026-02-01,1034,3,28,0.414,5,12,basic,0
acct_018,2026-03-01,883,9,34,0.313,8,12,basic,0
acct_018,2026-04-01,833,7,34,0.249,10,12,basic,1
acct_018,2026-05-01,794,6,24,0.366,11,12,basic,0
acct_018,2026-06-01,707,5,31,0.209,16,12,basic,0
acct_018,2026-07-01,565,5,9,0.201,21,12,basic,0
acct_018,2026-08-01,531,4,21,0.166,13,12,basic,0
acct_018,2026-09-01,394,7,14,0.09,18,12,basic,1
acct_018,2026-10-01,355,8,20,0.279,19,12,basic,0
acct_018,2026-11-01,254,4,12,0.0,18,12,basic,0
acct_018,2026-12-01,198,4,13,0.0,8,12,basic,0
acct_019,2026-01-01,503,7,23,0.219,9,34,enterprise,0
acct_019,2026-02-01,496,2,25,0.354,10,34,enterprise,0
acct_019,2026-03-01,481,4,49,0.307,0,34,enterprise,0
acct_019,2026-04-01,526,3,34,0.315,12,34,enterprise,0
acct_019,2026-05-01,545,7,42,0.524,2,34,enterprise,0
acct_019,2026-06-01,495,6,46,0.508,15,34,enterprise,1
acct_019,2026-07-01,522,7,37,0.329,3,34,enterprise,0
acct_019,2026-08-01,540,4,41,0.369,5,34,enterprise,0
acct_019,2026-09-01,509,0,42,0.421,13,34,enterprise,0
acct_019,2026-10-01,546,3,38,0.349,14,34,enterprise,0
acct_019,2026-11-01,539,2,46,0.298,2,34,enterprise,1
acct_019,2026-12-01,549,5,37,0.473,6,34,enterprise,0
acct_020,2026-01-01,991,5,17,0.488,14,14,basic,0
acct_020,2026-02-01,934,9,23,0.497,7,14,basic,0
acct_020,2026-03-01,769,6,15,0.505,14,14,basic,0
acct_020,2026-04-01,679,2,22,0.428,17,14,basic,0
acct_020,2026-05-01,610,7,14,0.433,17,14,basic,0
acct_020,2026-06-01,504,5,8,0.322,9,14,basic,0
acct_020,2026-07-01,415,2,8,0.18,8,14,basic,0
acct_020,2026-08-01,320,10,7,0.102,15,14,basic,0
acct_020,2026-09-01,237,9,9,0.234,6,14,basic,0
acct_020,2026-10-01,169,5,3,0.09,12,14,basic,0
acct_020,2026-11-01,12,10,12,0.0,20,14,basic,0
acct_020,2026-12-01,0,7,3,0.0,17,14,basic,0
acct_021,2026-01-01,987,4,20,0.701,9,30,basic,0
acct_021,2026-02-01,939,1,5,0.604,14,30,basic,0
acct_021,2026-03-01,987,6,25,0.748,9,30,basic,0
acct_021,2026-04-01,983,3,12,0.705,5,30,basic,1
acct_021,2026-05-01,959,4,22,0.704,12,30,basic,0
acct_021,2026-06-01,994,5,6,0.79,3,30,basic,0
acct_021,2026-07-01,988,0,9,0.826,6,30,basic,0
acct_021,2026-08-01,972,6,16,0.797,7,30,basic,0
acct_021,2026-09-01,987,5,14,0.7,6,30,basic,0
acct_021,2026-10-01,991,2,6,0.634,4,30,basic,0
acct_021,2026-11-01,1031,7,17,0.737,9,30,basic,0
acct_021,2026-12-01,996,7,30,0.739,7,30,basic,0
acct_022,2026-01-01,752,4,41,0.78,10,40,pro,0
acct_022,2026-02-01,721,3,31,0.518,0,40,pro,0
acct_022,2026-03-01,764,3,54,0.79,10,40,pro,1
acct_022,2026-04-01,770,0,64,0.711,14,40,pro,1
acct_022,2026-05-01,769,0,61,0.63,9,40,pro,0
acct_022,2026-06-01,756,5,55,0.66,10,40,pro,0
acct_022,2026-07-01,779,7,35,0.548,5,40,pro,0
acct_022,2026-08-01,780,6,46,0.739,1,40,pro,0
acct_022,2026-09-01,830,5,51,0.65,15,40,pro,1
acct_022,2026-10-01,787,2,52,0.535,12,40,pro,0
acct_022,2026-11-01,800,4,53,0.671,15,40,pro,0
acct_022,2026-12-01,765,0,43,0.7,15,40,pro,0
acct_023,2026-01-01,707,5,45,0.589,9,35,enterprise,0
acct_023,2026-02-01,708,1,50,0.691,5,35,enterprise,0
acct_023,2026-03-01,706,6,42,0.72,13,35,enterprise,0
acct_023,2026-04-01,648,2,45,0.788,7,35,enterprise,1
acct_023,2026-05-01,665,5,47,0.441,3,35,enterprise,1
acct_023,2026-06-01,653,7,40,0.722,10,35,enterprise,0
acct_023,2026-07-01,688,7,41,0.689,4,35,enterprise,0
acct_023,2026-08-01,661,0,39,0.721,10,35,enterprise,0
acct_023,2026-09-01,596,3,37,0.657,14,35,enterprise,0
acct_023,2026-10-01,651,0,53,0.672,11,35,enterprise,0
acct_023,2026-11-01,646,4,45,0.703,13,35,enterprise,0
acct_023,2026-12-01,663,4,42,0.618,7,35,enterprise,0
acct_024,2026-01-01,600,8,43,0.467,10,18,basic,0
acct_024,2026-02-01,538,5,40,0.401,13,18,basic,0
acct_024,2026-03-01,536,2,29,0.513,5,18,basic,1
acct_024,2026-04-01,524,3,30,0.547,9,18,basic,1
acct_024,2026-05-01,401,6,30,0.598,9,18,basic,0
acct_024,2026-06-01,395,4,22,0.306,4,18,basic,0
acct_024,2026-07-01,346,5,16,0.301,8,18,basic,1
acct_024,2026-08-01,342,5,22,0.429,21,18,basic,0
acct_024,2026-09-01,251,6,14,0.275,14,18,basic,0
acct_024,2026-10-01,189,3,24,0.111,19,18,basic,0
acct_024,2026-11-01,144,10,13,0.313,20,18,basic,0
acct_024,2026-12-01,109,9,5,0.056,18,18,basic,0
acct_025,2026-01-01,1111,0,18,0.456,1,11,pro,0
acct_025,2026-02-01,1094,4,31,0.577,4,11,pro,0
acct_025,2026-03-01,1051,5,22,0.459,9,11,pro,0
acct_025,2026-04-01,1105,7,20,0.483,6,11,pro,0
acct_025,2026-05-01,1075,0,32,0.478,5,11,pro,0
acct_025,2026-06-01,1040,4,33,0.512,7,11,pro,0
acct_025,2026-07-01,1049,7,29,0.52,8,11,pro,0
acct_025,2026-08-01,1020,1,32,0.35,6,11,pro,0
acct_025,2026-09-01,1034,6,22,0.458,10,11,pro,0
acct_025,2026-10-01,1079,3,21,0.426,10,11,pro,0
acct_025,2026-11-01,1018,6,15,0.452,5,11,pro,1
acct_025,2026-12-01,1055,1,23,0.615,8,11,pro,0
acct_026,2026-01-01,517,3,16,0.318,15,18,pro,0
acct_026,2026-02-01,501,7,22,0.317,11,18,pro,0
acct_026,2026-03-01,501,7,23,0.283,11,18,pro,1
acct_026,2026-04-01,537,3,35,0.317,11,18,pro,0
acct_026,2026-05-01,516,6,17,0.491,7,18,pro,0
acct_026,2026-06-01,537,3,34,0.436,8,18,pro,1
acct_026,2026-07-01,526,6,33,0.466,1,18,pro,0
acct_026,2026-08-01,537,0,25,0.333,9,18,pro,0
acct_026,2026-09-01,544,0,29,0.482,13,18,pro,1
acct_026,2026-10-01,553,7,26,0.366,12,18,pro,0
acct_026,2026-11-01,546,6,26,0.449,18,18,pro,0
acct_026,2026-12-01,567,0,32,0.373,7,18,pro,0
acct_027,2026-01-01,723,1,51,0.371,11,18,basic,0
acct_027,2026-02-01,740,2,49,0.417,7,18,basic,0
acct_027,2026-03-01,743,4,45,0.3,2,18,basic,0
acct_027,2026-04-01,726,1,46,0.475,14,18,basic,1
acct_027,2026-05-01,709,1,56,0.518,13,18,basic,0
acct_027,2026-06-01,734,2,41,0.213,14,18,basic,0
acct_027,2026-07-01,726,2,59,0.445,9,18,basic,0
acct_027,2026-08-01,706,1,45,0.378,14,18,basic,0
acct_027,2026-09-01,700,0,46,0.313,1,18,basic,1
acct_027,2026-10-01,749,2,46,0.553,7,18,basic,0
acct_027,2026-11-01,715,7,40,0.181,16,18,basic,0
acct_027,2026-12-01,749,5,57,0.411,7,18,basic,0
acct_028,2026-01-01,661,1,31,0.292,8,36,pro,0
acct_028,2026-02-01,666,6,38,0.443,12,36,pro,0
acct_028,2026-03-01,644,0,45,0.265,16,36,pro,0
acct_028,2026-04-01,687,3,46,0.492,12,36,pro,0
acct_028,2026-05-01,673,0,44,0.475,12,36,pro,0
acct_028,2026-06-01,708,5,52,0.303,7,36,pro,0
acct_028,2026-07-01,663,5,45,0.342,7,36,pro,0
acct_028,2026-08-01,669,1,39,0.405,12,36,pro,0
acct_028,2026-09-01,703,3,38,0.209,8,36,pro,1
acct_028,2026-10-01,660,4,37,0.442,6,36,pro,1
acct_028,2026-11-01,657,2,43,0.368,9,36,pro,0
acct_028,2026-12-01,701,2,48,0.339,16,36,pro,0
acct_029,2026-01-01,629,7,40,0.37,0,30,pro,0
acct_029,2026-02-01,649,4,47,0.459,14,30,pro,0
acct_029,2026-03-01,644,7,43,0.55,5,30,pro,0
acct_029,2026-04-01,605,0,40,0.454,3,30,pro,1
acct_029,2026-05-01,590,4,38,0.555,14,30,pro,0
acct_029,2026-06-01,642,0,32,0.373,14,30,pro,0
acct_029,2026-07-01,616,2,38,0.523,5,30,pro,0
acct_029,2026-08-01,611,1,42,0.413,3,30,pro,0
acct_029,2026-09-01,575,4,34,0.608,11,30,pro,0
acct_029,2026-10-01,576,5,35,0.285,10,30,pro,0
acct_029,2026-11-01,569,7,32,0.434,13,30,pro,0
acct_029,2026-12-01,610,4,39,0.411,3,30,pro,0
acct_030,2026-01-01,1108,5,41,0.731,17,29,basic,1
acct_030,2026-02-01,1132,6,29,0.675,9,29,basic,0
acct_030,2026-03-01,1122,0,35,0.603,12,29,basic,0
acct_030,2026-04-01,1071,4,44,0.586,4,29,basic,0
acct_030,2026-05-01,1137,3,35,0.65,9,29,basic,1
acct_030,2026-06-01,1112,2,36,0.687,9,29,basic,0
acct_030,2026-07-01,1086,4,43,0.585,6,29,basic,0
acct_030,2026-08-01,1097,3,41,0.582,0,29,basic,0
acct_030,2026-09-01,1077,2,40,0.7,10,29,basic,0
acct_030,2026-10-01,1107,1,40,0.574,4,29,basic,0
acct_030,2026-11-01,1119,5,40,0.617,12,29,basic,0
acct_030,2026-12-01,1120,3,47,0.765,9,29,basic,0
acct_031,2026-01-01,545,4,10,0.343,14,6,enterprise,0
acct_031,2026-02-01,535,6,21,0.33,1,6,enterprise,1
acct_031,2026-03-01,571,1,24,0.29,6,6,enterprise,0
acct_031,2026-04-01,584,3,19,0.38,10,6,enterprise,0
acct_031,2026-05-01,539,4,19,0.424,7,6,enterprise,0
acct_031,2026-06-01,578,3,21,0.452,15,6,enterprise,0
acct_031,2026-07-01,582,0,21,0.291,7,6,enterprise,0
acct_031,2026-08-01,600,3,19,0.459,14,6,enterprise,0
acct_031,2026-09-01,565,5,4,0.405,10,6,enterprise,0
acct_031,2026-10-01,620,6,24,0.451,8,6,enterprise,0
acct_031,2026-11-01,606,3,19,0.44,3,6,enterprise,0
acct_031,2026-12-01,615,3,18,0.485,11,6,enterprise,1
acct_032,2026-01-01,690,7,20,0.602,7,32,pro,0
acct_032,2026-02-01,670,2,26,0.576,9,32,pro,0
acct_032,2026-03-01,674,6,26,0.489,12,32,pro,0
acct_032,2026-04-01,690,3,18,0.588,12,32,pro,0
acct_032,2026-05-01,677,2,15,0.444,5,32,pro,0
acct_032,2026-06-01,682,5,22,0.448,4,32,pro,0
acct_032,2026-07-01,676,7,26,0.39,12,32,pro,0
acct_032,2026-08-01,689,0,27,0.361,8,32,pro,0
acct_032,2026-09-01,670,7,25,0.643,16,32,pro,0
acct_032,2026-10-01,697,7,23,0.465,10,32,pro,0
acct_032,2026-11-01,694,3,28,0.658,9,32,pro,0
acct_032,2026-12-01,690,2,5,0.554,6,32,pro,0
acct_033,2026-01-01,641,0,7,0.732,11,28,enterprise,1
acct_033,2026-02-01,690,5,8,0.75,16,28,enterprise,0
acct_033,2026-03-01,650,2,5,0.615,13,28,enterprise,0
acct_033,2026-04-01,662,2,27,0.699,11,28,enterprise,0
acct_033,2026-05-01,710,0,21,0.745,16,28,enterprise,0
acct_033,2026-06-01,672,4,32,0.64,13,28,enterprise,0
acct_033,2026-07-01,668,7,20,0.627,4,28,enterprise,1
acct_033,2026-08-01,665,7,8,0.493,11,28,enterprise,0
acct_033,2026-09-01,679,6,23,0.859,5,28,enterprise,0
acct_033,2026-10-01,694,6,26,0.673,7,28,enterprise,0
acct_033,2026-11-01,699,6,16,0.598,7,28,enterprise,1
acct_033,2026-12-01,734,1,21,0.631,9,28,enterprise,0
acct_034,2026-01-01,1056,6,37,0.776,1,26,pro,0
acct_034,2026-02-01,1025,4,50,0.785,0,26,pro,0
acct_034,2026-03-01,1041,1,42,0.697,3,26,pro,0
acct_034,2026-04-01,1092,0,36,0.685,8,26,pro,0
acct_034,2026-05-01,1050,6,40,0.594,15,26,pro,1
acct_034,2026-06-01,1001,3,36,0.967,11,26,pro,0
acct_034,2026-07-01,1027,5,31,0.723,1,26,pro,0
acct_034,2026-08-01,1053,5,43,0.56,10,26,pro,0
acct_034,2026-09-01,982,1,47,0.744,8,26,pro,0
acct_034,2026-10-01,980,1,47,0.713,13,26,pro,0
acct_034,2026-11-01,964,3,44,0.777,11,26,pro,0
acct_034,2026-12-01,989,6,43,0.763,4,26,pro,0
acct_035,2026-01-01,412,3,24,0.848,6,37,basic,1
acct_035,2026-02-01,415,6,27,0.58,7,37,basic,0
acct_035,2026-03-01,426,5,39,0.717,4,37,basic,0
acct_035,2026-04-01,407,6,35,0.642,16,37,basic,1
acct_035,2026-05-01,419,1,29,0.856,5,37,basic,0
acct_035,2026-06-01,424,0,42,0.7,6,37,basic,1
acct_035,2026-07-01,415,1,40,0.749,3,37,basic,0
acct_035,2026-08-01,444,7,26,0.711,15,37,basic,0
acct_035,2026-09-01,430,6,44,0.728,3,37,basic,0
acct_035,2026-10-01,431,5,42,0.638,16,37,basic,1
acct_035,2026-11-01,427,6,41,0.662,15,37,basic,0
acct_035,2026-12-01,428,3,24,0.832,8,37,basic,0
acct_036,2026-01-01,427,0,38,0.518,10,28,pro,0
acct_036,2026-02-01,433,3,48,0.464,8,28,pro,0
acct_036,2026-03-01,457,5,42,0.537,6,28,pro,0
acct_036,2026-04-01,426,3,43,0.646,8,28,pro,0
acct_036,2026-05-01,437,2,33,0.384,1,28,pro,0
acct_036,2026-06-01,438,3,37,0.592,2,28,pro,0
acct_036,2026-07-01,450,4,35,0.709,12,28,pro,0
acct_036,2026-08-01,468,7,43,0.663,6,28,pro,0
acct_036,2026-09-01,421,0,62,0.534,7,28,pro,0
acct_036,2026-10-01,459,1,42,0.538,12,28,pro,0
acct_036,2026-11-01,445,3,45,0.503,13,28,pro,0
acct_036,2026-12-01,431,4,40,0.483,5,28,pro,0
acct_037,2026-01-01,811,6,11,0.643,0,19,enterprise,0
acct_037,2026-02-01,766,4,12,0.797,9,19,enterprise,0
acct_037,2026-03-01,822,1,12,0.658,11,19,enterprise,0
acct_037,2026-04-01,798,1,14,0.572,7,19,enterprise,0
acct_037,2026-05-01,759,0,12,0.822,6,19,enterprise,0
acct_037,2026-06-01,814,4,3,0.53,6,19,enterprise,0
acct_037,2026-07-01,768,3,9,0.559,7,19,enterprise,0
acct_037,2026-08-01,754,0,12,0.751,9,19,enterprise,1
acct_037,2026-09-01,769,7,19,0.841,12,19,enterprise,0
acct_037,2026-10-01,794,6,7,0.745,16,19,enterprise,1
acct_037,2026-11-01,751,7,18,0.582,3,19,enterprise,0
acct_037,2026-12-01,766,5,5,0.678,6,19,enterprise,0
acct_038,2026-01-01,1149,9,39,0.094,14,12,basic,0
acct_038,2026-02-01,1013,3,41,0.097,1,12,basic,0
acct_038,2026-03-01,924,9,39,0.227,8,12,basic,0
acct_038,2026-04-01,922,4,28,0.303,2,12,basic,0
acct_038,2026-05-01,808,9,35,0.143,16,12,basic,0
acct_038,2026-06-01,701,4,34,0.0,20,12,basic,1
acct_038,2026-07-01,614,2,28,0.136,10,12,basic,0
acct_038,2026-08-01,490,4,31,0.0,6,12,basic,0
acct_038,2026-09-01,479,3,20,0.015,18,12,basic,0
acct_038,2026-10-01,400,6,24,0.0,10,12,basic,0
acct_038,2026-11-01,276,6,10,0.0,25,12,basic,0
acct_038,2026-12-01,197,3,14,0.0,20,12,basic,1
acct_039,2026-01-01,866,6,24,0.401,16,29,pro,0
acct_039,2026-02-01,840,7,16,0.439,11,29,pro,0
acct_039,2026-03-01,856,6,6,0.528,3,29,pro,0
acct_039,2026-04-01,883,0,15,0.152,2,29,pro,0
acct_039,2026-05-01,864,2,19,0.295,11,29,pro,0
acct_039,2026-06-01,855,5,13,0.25,13,29,pro,0
acct_039,2026-07-01,850,5,15,0.384,7,29,pro,1
acct_039,2026-08-01,851,3,26,0.374,4,29,pro,1
acct_039,2026-09-01,865,6,3,0.346,7,29,pro,0
acct_039,2026-10-01,809,0,18,0.376,9,29,pro,0
acct_039,2026-11-01,842,6,23,0.45,4,29,pro,0
acct_039,2026-12-01,809,2,19,0.379,8,29,pro,0
acct_040,2026-01-01,539,6,44,0.423,5,9,enterprise,0
acct_040,2026-02-01,492,5,38,0.381,7,9,enterprise,0
acct_040,2026-03-01,433,7,27,0.438,5,9,enterprise,0
acct_040,2026-04-01,372,3,23,0.196,10,9,enterprise,0
acct_040,2026-05-01,351,4,21,0.333,13,9,enterprise,0
acct_040,2026-06-01,272,5,30,0.144,5,9,enterprise,0
acct_040,2026-07-01,255,5,25,0.188,14,9,enterprise,1
acct_040,2026-08-01,243,5,24,0.086,16,9,enterprise,0
acct_040,2026-09-01,164,8,8,0.131,19,9,enterprise,0
acct_040,2026-10-01,110,9,8,0.181,18,9,enterprise,0
acct_040,2026-11-01,62,5,5,0.0,16,9,enterprise,0
acct_040,2026-12-01,27,7,12,0.0,14,9,enterprise,0
acct_041,2026-01-01,1063,0,18,0.304,14,40,pro,0
acct_041,2026-02-01,1027,5,32,0.531,10,40,pro,0
acct_041,2026-03-01,1087,3,6,0.525,5,40,pro,0
acct_041,2026-04-01,1172,6,17,0.4,3,40,pro,0
acct_041,2026-05-01,1118,1,20,0.4,7,40,pro,0
acct_041,2026-06-01,1145,7,13,0.637,6,40,pro,1
acct_041,2026-07-01,1145,1,13,0.471,9,40,pro,1
acct_041,2026-08-01,1176,7,9,0.694,5,40,pro,0
acct_041,2026-09-01,1051,2,15,0.447,1,40,pro,0
acct_041,2026-10-01,1174,5,28,0.563,10,40,pro,0
acct_041,2026-11-01,1142,5,20,0.491,17,40,pro,1
acct_041,2026-12-01,1224,3,10,0.496,0,40,pro,0
acct_042,2026-01-01,1174,6,27,0.41,9,6,pro,0
acct_042,2026-02-01,960,2,24,0.476,5,6,pro,0
acct_042,2026-03-01,855,4,15,0.271,17,6,pro,0
acct_042,2026-04-01,794,6,15,0.143,14,6,pro,0
acct_042,2026-05-01,685,6,8,0.259,6,6,pro,0
acct_042,2026-06-01,527,8,14,0.298,19,6,pro,1
acct_042,2026-07-01,513,8,13,0.189,15,6,pro,0
acct_042,2026-08-01,306,10,24,0.243,16,6,pro,0
acct_042,2026-09-01,252,4,14,0.157,13,6,pro,1
acct_042,2026-10-01,89,6,14,0.068,12,6,pro,0
acct_042,2026-11-01,0,7,4,0.0,17,6,pro,0
acct_042,2026-12-01,0,7,9,0.0,17,6,pro,0
acct_043,2026-01-01,982,9,25,0.198,15,2,pro,0
acct_043,2026-02-01,957,3,29,0.164,0,2,pro,0
acct_043,2026-03-01,844,2,11,0.15,8,2,pro,0
acct_043,2026-04-01,837,7,27,0.299,12,2,pro,0
acct_043,2026-05-01,766,6,13,0.0,14,2,pro,0
acct_043,2026-06-01,747,2,24,0.143,18,2,pro,0
acct_043,2026-07-01,672,6,20,0.0,14,2,pro,1
acct_043,2026-08-01,601,8,11,0.105,16,2,pro,1
acct_043,2026-09-01,548,3,2,0.0,12,2,pro,0
acct_043,2026-10-01,455,9,16,0.063,11,2,pro,0
acct_043,2026-11-01,441,5,5,0.03,15,2,pro,0
acct_043,2026-12-01,357,6,11,0.09,16,2,pro,0
acct_044,2026-01-01,850,2,28,0.79,8,32,enterprise,0
acct_044,2026-02-01,795,6,35,0.868,6,32,enterprise,0
acct_044,2026-03-01,835,7,26,0.622,8,32,enterprise,0
acct_044,2026-04-01,854,6,23,0.828,11,32,enterprise,1
acct_044,2026-05-01,923,2,25,0.609,16,32,enterprise,0
acct_044,2026-06-01,863,7,32,0.502,15,32,enterprise,0
acct_044,2026-07-01,861,2,46,0.922,15,32,enterprise,0
acct_044,2026-08-01,912,5,29,0.715,2,32,enterprise,0
acct_044,2026-09-01,868,7,33,0.895,5,32,enterprise,0
acct_044,2026-10-01,889,2,28,0.83,7,32,enterprise,0
acct_044,2026-11-01,869,7,41,0.8,16,32,enterprise,0
acct_044,2026-12-01,926,7,11,0.839,9,32,enterprise,1
acct_045,2026-01-01,740,5,14,0.515,14,4,enterprise,0
acct_045,2026-02-01,768,5,17,0.349,8,4,enterprise,0
acct_045,2026-03-01,788,6,25,0.521,14,4,enterprise,0
acct_045,2026-04-01,776,6,26,0.478,0,4,enterprise,0
acct_045,2026-05-01,784,5,26,0.137,9,4,enterprise,0
acct_045,2026-06-01,793,7,24,0.445,5,4,enterprise,0
acct_045,2026-07-01,812,5,9,0.426,12,4,enterprise,0
acct_045,2026-08-01,819,3,20,0.38,1,4,enterprise,0
acct_045,2026-09-01,836,4,28,0.442,11,4,enterprise,0
acct_045,2026-10-01,817,3,27,0.419,8,4,enterprise,0
acct_045,2026-11-01,816,0,24,0.561,13,4,enterprise,0
acct_045,2026-12-01,860,1,29,0.397,12,4,enterprise,0
acct_046,2026-01-01,512,7,30,0.505,0,22,pro,1
acct_046,2026-02-01,492,8,26,0.684,2,22,pro,0
acct_046,2026-03-01,480,8,27,0.653,13,22,pro,0
acct_046,2026-04-01,434,7,24,0.5,18,22,pro,0
acct_046,2026-05-01,429,2,17,0.599,15,22,pro,0
acct_046,2026-06-01,355,4,16,0.296,17,22,pro,0
acct_046,2026-07-01,350,9,13,0.489,12,22,pro,0
acct_046,2026-08-01,316,4,16,0.355,10,22,pro,0
acct_046,2026-09-01,310,9,9,0.5,15,22,pro,0
acct_046,2026-10-01,254,7,7,0.439,21,22,pro,0
acct_046,2026-11-01,192,6,4,0.291,20,22,pro,0
acct_046,2026-12-01,184,3,14,0.343,23,22,pro,0
acct_047,2026-01-01,928,9,24,0.532,2,9,basic,1
acct_047,2026-02-01,911,5,29,0.67,8,9,basic,0
acct_047,2026-03-01,842,3,30,0.464,9,9,basic,0
acct_047,2026-04-01,771,8,28,0.576,7,9,basic,0
acct_047,2026-05-01,708,5,31,0.609,6,9,basic,1
acct_047,2026-06-01,712,7,25,0.477,15,9,basic,1
acct_047,2026-07-01,681,4,23,0.391,15,9,basic,1
acct_047,2026-08-01,599,7,21,0.43,9,9,basic,0
acct_047,2026-09-01,491,9,6,0.464,24,9,basic,0
acct_047,2026-10-01,409,5,29,0.323,23,9,basic,0
acct_047,2026-11-01,461,4,22,0.377,17,9,basic,0
acct_047,2026-12-01,397,10,13,0.356,17,9,basic,1
acct_048,2026-01-01,949,8,56,0.699,9,9,pro,0
acct_048,2026-02-01,833,5,55,0.575,11,9,pro,0
acct_048,2026-03-01,724,8,42,0.635,12,9,pro,0
acct_048,2026-04-01,624,6,40,0.44,14,9,pro,0
acct_048,2026-05-01,626,7,39,0.365,12,9,pro,0
acct_048,2026-06-01,477,7,39,0.281,18,9,pro,0
acct_048,2026-07-01,422,6,25,0.294,7,9,pro,0
acct_048,2026-08-01,323,5,24,0.242,15,9,pro,0
acct_048,2026-09-01,211,3,19,0.244,20,9,pro,0
acct_048,2026-10-01,132,7,11,0.104,8,9,pro,0
acct_048,2026-11-01,40,10,5,0.206,10,9,pro,1
acct_048,2026-12-01,0,3,0,0.354,11,9,pro,1
acct_049,2026-01-01,545,2,48,0.428,2,17,basic,0
acct_049,2026-02-01,442,8,46,0.26,9,17,basic,0
acct_049,2026-03-01,421,6,32,0.358,9,17,basic,0
acct_049,2026-04-01,392,7,29,0.471,6,17,basic,0
acct_049,2026-05-01,343,6,28,0.329,18,17,basic,0
acct_049,2026-06-01,272,3,25,0.292,16,17,basic,0
acct_049,2026-07-01,231,6,27,0.03,6,17,basic,0
acct_049,2026-08-01,177,7,6,0.14,10,17,basic,0
acct_049,2026-09-01,137,4,20,0.242,10,17,basic,0
acct_049,2026-10-01,61,5,16,0.111,10,17,basic,0
acct_049,2026-11-01,19,9,19,0.0,11,17,basic,0
acct_049,2026-12-01,0,8,0,0.0,22,17,basic,0
acct_050,2026-01-01,1142,5,27,0.434,14,33,pro,0
acct_050,2026-02-01,1151,0,8,0.681,14,33,pro,0
acct_050,2026-03-01,1170,2,30,0.464,10,33,pro,0
acct_050,2026-04-01,1165,0,17,0.356,12,33,pro,0
acct_050,2026-05-01,1207,2,16,0.45,2,33,pro,0
acct_050,2026-06-01,1146,6,30,0.438,10,33,pro,0
acct_050,2026-07-01,1199,0,27,0.349,14,33,pro,0
acct_050,2026-08-01,1230,6,13,0.236,8,33,pro,1
acct_050,2026-09-01,1197,2,22,0.277,8,33,pro,1
acct_050,2026-10-01,1199,3,33,0.422,1,33,pro,0
acct_050,2026-11-01,1222,1,25,0.497,12,33,pro,0
acct_050,2026-12-01,1225,5,16,0.409,6,33,pro,0
acct_051,2026-01-01,1047,3,39,0.671,6,14,pro,1
acct_051,2026-02-01,1095,0,30,0.552,8,14,pro,0
acct_051,2026-03-01,1067,6,34,0.711,5,14,pro,0
acct_051,2026-04-01,1062,1,34,0.463,13,14,pro,0
acct_051,2026-05-01,1011,2,37,0.493,15,14,pro,0
acct_051,2026-06-01,1008,5,35,0.693,16,14,pro,0
acct_051,2026-07-01,993,6,55,0.598,4,14,pro,0
acct_051,2026-08-01,1009,5,29,0.59,3,14,pro,0
acct_051,2026-09-01,1049,4,42,0.759,6,14,pro,0
acct_051,2026-10-01,1089,3,39,0.716,9,14,pro,0
acct_051,2026-11-01,1025,1,46,0.709,7,14,pro,0
acct_051,2026-12-01,1051,6,38,0.568,15,14,pro,0
acct_052,2026-01-01,401,0,44,0.666,7,12,pro,0
acct_052,2026-02-01,420,7,59,0.726,0,12,pro,0
acct_052,2026-03-01,433,1,46,0.694,12,12,pro,0
acct_052,2026-04-01,430,4,55,0.772,7,12,pro,0
acct_052,2026-05-01,449,4,58,0.668,13,12,pro,0
acct_052,2026-06-01,456,2,53,0.824,2,12,pro,1
acct_052,2026-07-01,440,1,43,0.763,11,12,pro,0
acct_052,2026-08-01,428,3,53,0.721,8,12,pro,0
acct_052,2026-09-01,448,1,61,0.712,3,12,pro,0
acct_052,2026-10-01,462,5,58,0.728,6,12,pro,0
acct_052,2026-11-01,470,2,64,0.549,2,12,pro,0
acct_052,2026-12-01,491,0,61,0.727,4,12,pro,0
acct_053,2026-01-01,454,5,54,0.626,14,26,basic,0
acct_053,2026-02-01,466,7,59,0.76,8,26,basic,0
acct_053,2026-03-01,478,2,59,0.704,3,26,basic,0
acct_053,2026-04-01,440,5,64,0.584,5,26,basic,0
acct_053,2026-05-01,432,6,55,0.643,4,26,basic,0
acct_053,2026-06-01,442,3,54,0.626,2,26,basic,0
acct_053,2026-07-01,434,2,45,0.874,5,26,basic,1
acct_053,2026-08-01,436,0,68,0.81,1,26,basic,1
acct_053,2026-09-01,436,6,48,0.747,16,26,basic,0
acct_053,2026-10-01,424,6,48,0.612,11,26,basic,0
acct_053,2026-11-01,427,1,58,0.669,4,26,basic,1
acct_053,2026-12-01,426,2,45,0.735,18,26,basic,0
acct_054,2026-01-01,790,3,28,0.292,1,13,basic,0
acct_054,2026-02-01,815,7,34,0.399,11,13,basic,0
acct_054,2026-03-01,854,4,21,0.324,2,13,basic,0
acct_054,2026-04-01,840,7,18,0.065,0,13,basic,0
acct_054,2026-05-01,798,4,33,0.318,6,13,basic,0
acct_054,2026-06-01,775,4,35,0.357,6,13,basic,0
acct_054,2026-07-01,889,6,29,0.325,9,13,basic,0
acct_054,2026-08-01,845,2,30,0.399,4,13,basic,0
acct_054,2026-09-01,834,6,24,0.214,10,13,basic,0
acct_054,2026-10-01,825,1,30,0.133,3,13,basic,1
acct_054,2026-11-01,855,2,37,0.251,2,13,basic,1
acct_054,2026-12-01,813,6,24,0.25,10,13,basic,0
acct_055,2026-01-01,516,5,40,0.715,11,8,pro,0
acct_055,2026-02-01,485,4,40,0.699,10,8,pro,1
acct_055,2026-03-01,495,3,30,0.806,11,8,pro,1
acct_055,2026-04-01,504,2,32,0.86,10,8,pro,0
acct_055,2026-05-01,501,6,33,0.788,6,8,pro,1
acct_055,2026-06-01,517,4,31,0.909,9,8,pro,0
acct_055,2026-07-01,509,2,29,0.813,9,8,pro,0
acct_055,2026-08-01,539,1,35,0.857,6,8,pro,1
acct_055,2026-09-01,527,2,30,0.719,5,8,pro,0
acct_055,2026-10-01,540,5,39,0.752,0,8,pro,1
acct_055,2026-11-01,526,3,30,0.773,7,8,pro,0
acct_055,2026-12-01,570,1,39,0.815,2,8,pro,0
acct_056,2026-01-01,623,7,53,0.455,3,30,enterprise,1
acct_056,2026-02-01,640,0,46,0.447,11,30,enterprise,1
acct_056,2026-03-01,635,2,51,0.433,12,30,enterprise,0
acct_056,2026-04-01,579,1,45,0.403,10,30,enterprise,0
acct_056,2026-05-01,617,7,56,0.286,16,30,enterprise,0
acct_056,2026-06-01,581,3,62,0.341,7,30,enterprise,0
acct_056,2026-07-01,573,1,49,0.285,5,30,enterprise,0
acct_056,2026-08-01,571,4,53,0.357,15,30,enterprise,0
acct_056,2026-09-01,557,0,46,0.557,17,30,enterprise,0
acct_056,2026-10-01,567,2,35,0.43,12,30,enterprise,0
acct_056,2026-11-01,554,5,44,0.268,7,30,enterprise,0
acct_056,2026-12-01,576,1,56,0.317,8,30,enterprise,0
acct_057,2026-01-01,985,2,13,0.422,8,22,pro,1
acct_057,2026-02-01,968,7,10,0.568,10,22,pro,0
acct_057,2026-03-01,1037,5,1,0.482,4,22,pro,0
acct_057,2026-04-01,968,4,10,0.352,7,22,pro,1
acct_057,2026-05-01,1064,2,5,0.423,12,22,pro,0
acct_057,2026-06-01,1031,2,6,0.468,5,22,pro,0
acct_057,2026-07-01,1056,2,11,0.381,7,22,pro,0
acct_057,2026-08-01,1067,3,18,0.571,1,22,pro,1
acct_057,2026-09-01,987,4,11,0.556,8,22,pro,0
acct_057,2026-10-01,1064,0,18,0.482,5,22,pro,0
acct_057,2026-11-01,1060,2,29,0.418,9,22,pro,0
acct_057,2026-12-01,1090,4,18,0.468,6,22,pro,0
acct_058,2026-01-01,807,5,25,0.276,10,7,enterprise,0
acct_058,2026-02-01,759,8,28,0.297,2,7,enterprise,0
acct_058,2026-03-01,648,9,14,0.15,3,7,enterprise,1
acct_058,2026-04-01,667,3,13,0.085,17,7,enterprise,0
acct_058,2026-05-01,606,8,16,0.315,9,7,enterprise,0
acct_058,2026-06-01,514,8,9,0.206,6,7,enterprise,0
acct_058,2026-07-01,507,2,26,0.0,10,7,enterprise,1
acct_058,2026-08-01,462,7,16,0.0,13,7,enterprise,0
acct_058,2026-09-01,374,6,4,0.0,20,7,enterprise,0
acct_058,2026-10-01,305,8,17,0.0,13,7,enterprise,0
acct_058,2026-11-01,304,8,20,0.0,15,7,enterprise,0
acct_058,2026-12-01,216,6,4,0.0,25,7,enterprise,0
acct_059,2026-01-01,427,0,18,0.182,13,32,enterprise,0
acct_059,2026-02-01,428,0,1,0.21,8,32,enterprise,0
acct_059,2026-03-01,427,3,16,0.285,12,32,enterprise,0
acct_059,2026-04-01,434,0,2,0.248,14,32,enterprise,0
acct_059,2026-05-01,432,1,10,0.248,9,32,enterprise,0
acct_059,2026-06-01,412,0,23,0.161,14,32,enterprise,0
acct_059,2026-07-01,425,1,13,0.463,15,32,enterprise,0
acct_059,2026-08-01,408,7,10,0.292,17,32,enterprise,0
acct_059,2026-09-01,426,3,4,0.192,8,32,enterprise,0
acct_059,2026-10-01,421,4,13,0.308,7,32,enterprise,0
acct_059,2026-11-01,410,7,10,0.115,5,32,enterprise,0
acct_059,2026-12-01,421,6,19,0.41,7,32,enterprise,0
acct_060,2026-01-01,959,6,9,0.49,6,15,basic,0
acct_060,2026-02-01,843,6,25,0.493,3,15,basic,0
acct_060,2026-03-01,792,5,13,0.364,2,15,basic,0
acct_060,2026-04-01,589,7,2,0.32,8,15,basic,0
acct_060,2026-05-01,563,4,9,0.362,10,15,basic,0
acct_060,2026-06-01,477,5,15,0.215,5,15,basic,0
acct_060,2026-07-01,380,5,12,0.268,13,15,basic,0
acct_060,2026-08-01,273,9,0,0.312,13,15,basic,0
acct_060,2026-09-01,144,4,19,0.06,14,15,basic,0
acct_060,2026-10-01,118,4,4,0.028,20,15,basic,1
acct_060,2026-11-01,0,5,2,0.0,14,15,basic,1
acct_060,2026-12-01,0,8,0,0.0,20,15,basic,0
acct_061,2026-01-01,1119,3,41,0.509,5,6,enterprise,1
acct_061,2026-02-01,1120,0,45,0.4,5,6,enterprise,0
acct_061,2026-03-01,1058,6,45,0.398,3,6,enterprise,1
acct_061,2026-04-01,1076,6,51,0.548,12,6,enterprise,0
acct_061,2026-05-01,1040,3,49,0.515,1,6,enterprise,0
acct_061,2026-06-01,1031,7,38,0.577,13,6,enterprise,0
acct_061,2026-07-01,1080,2,46,0.437,9,6,enterprise,0
acct_061,2026-08-01,1044,5,51,0.365,15,6,enterprise,0
acct_061,2026-09-01,1042,6,52,0.651,4,6,enterprise,0
acct_061,2026-10-01,1050,0,45,0.413,0,6,enterprise,0
acct_061,2026-11-01,1060,6,47,0.448,6,6,enterprise,1
acct_061,2026-12-01,1034,3,48,0.536,14,6,enterprise,0
acct_062,2026-01-01,806,7,53,0.372,10,2,enterprise,0
acct_062,2026-02-01,733,8,50,0.561,13,2,enterprise,0
acct_062,2026-03-01,641,3,34,0.396,16,2,enterprise,0
acct_062,2026-04-01,570,7,18,0.383,7,2,enterprise,0
acct_062,2026-05-01,485,5,27,0.264,7,2,enterprise,0
acct_062,2026-06-01,391,7,19,0.346,15,2,enterprise,0
acct_062,2026-07-01,248,4,26,0.25,7,2,enterprise,0
acct_062,2026-08-01,196,4,15,0.303,5,2,enterprise,0
acct_062,2026-09-01,112,6,16,0.0,24,2,enterprise,0
acct_062,2026-10-01,0,5,9,0.07,19,2,enterprise,0
acct_062,2026-11-01,0,4,0,0.14,13,2,enterprise,0
acct_062,2026-12-01,0,8,0,0.0,12,2,enterprise,0
acct_063,2026-01-01,421,6,24,0.498,4,34,enterprise,0
acct_063,2026-02-01,420,7,27,0.474,8,34,enterprise,0
acct_063,2026-03-01,433,0,11,0.499,10,34,enterprise,0
acct_063,2026-04-01,408,7,18,0.509,5,34,enterprise,0
acct_063,2026-05-01,406,6,16,0.728,2,34,enterprise,0
acct_063,2026-06-01,400,6,23,0.518,13,34,enterprise,0
acct_063,2026-07-01,382,6,17,0.539,2,34,enterprise,0
acct_063,2026-08-01,412,3,21,0.561,13,34,enterprise,0
acct_063,2026-09-01,385,2,22,0.572,13,34,enterprise,0
acct_063,2026-10-01,389,2,27,0.703,12,34,enterprise,0
acct_063,2026-11-01,408,4,28,0.464,2,34,enterprise,0
acct_063,2026-12-01,389,0,25,0.598,7,34,enterprise,0
acct_064,2026-01-01,1111,2,15,0.213,11,22,enterprise,0
acct_064,2026-02-01,1081,0,18,0.303,7,22,enterprise,0
acct_064,2026-03-01,1082,3,4,0.19,3,22,enterprise,0
acct_064,2026-04-01,1003,7,5,0.261,0,22,enterprise,0
acct_064,2026-05-01,1056,2,6,0.262,13,22,enterprise,0
acct_064,2026-06-01,995,2,11,0.357,5,22,enterprise,0
acct_064,2026-07-01,1022,1,10,0.215,8,22,enterprise,1
acct_064,2026-08-01,976,5,9,0.301,4,22,enterprise,0
acct_064,2026-09-01,1014,6,11,0.357,17,22,enterprise,0
acct_064,2026-10-01,1053,2,17,0.204,9,22,enterprise,0
acct_064,2026-11-01,988,7,20,0.292,17,22,enterprise,0
acct_064,2026-12-01,956,5,13,0.188,9,22,enterprise,0
acct_065,2026-01-01,454,2,15,0.561,11,32,enterprise,0
acct_065,2026-02-01,449,7,12,0.584,12,32,enterprise,0
acct_065,2026-03-01,434,4,13,0.438,10,32,enterprise,0
acct_065,2026-04-01,447,0,20,0.795,7,32,enterprise,0
acct_065,2026-05-01,407,4,21,0.676,12,32,enterprise,0
acct_065,2026-06-01,398,3,18,0.714,16,32,enterprise,0
acct_065,2026-07-01,388,2,13,0.543,16,32,enterprise,0
acct_065,2026-08-01,403,7,18,0.422,11,32,enterprise,0
acct_065,2026-09-01,394,6,15,0.527,13,32,enterprise,0
acct_065,2026-10-01,406,6,21,0.525,9,32,enterprise,0
acct_065,2026-11-01,414,1,20,0.578,11,32,enterprise,0
acct_065,2026-12-01,391,1,16,0.514,9,32,enterprise,0
acct_066,2026-01-01,666,7,44,0.546,7,37,pro,0
acct_066,2026-02-01,695,7,65,0.497,8,37,pro,1
acct_066,2026-03-01,673,0,49,0.636,7,37,pro,1
acct_066,2026-04-01,678,1,54,0.292,14,37,pro,0
acct_066,2026-05-01,690,5,52,0.336,9,37,pro,0
acct_066,2026-06-01,675,0,52,0.509,12,37,pro,1
acct_066,2026-07-01,684,6,49,0.503,14,37,pro,0
acct_066,2026-08-01,641,6,48,0.286,14,37,pro,0
acct_066,2026-09-01,658,7,42,0.346,10,37,pro,0
acct_066,2026-10-01,662,5,51,0.396,7,37,pro,0
acct_066,2026-11-01,674,5,56,0.638,16,37,pro,0
acct_066,2026-12-01,659,6,40,0.459,6,37,pro,0
acct_067,2026-01-01,524,3,11,0.467,6,12,basic,0
acct_067,2026-02-01,519,4,16,0.621,11,12,basic,0
acct_067,2026-03-01,523,0,19,0.562,6,12,basic,0
acct_067,2026-04-01,565,5,22,0.533,12,12,basic,0
acct_067,2026-05-01,558,2,21,0.598,1,12,basic,0
acct_067,2026-06-01,534,2,15,0.669,6,12,basic,1
acct_067,2026-07-01,536,3,16,0.584,13,12,basic,0
acct_067,2026-08-01,558,1,24,0.826,6,12,basic,0
acct_067,2026-09-01,577,3,14,0.516,9,12,basic,0
acct_067,2026-10-01,604,5,16,0.621,13,12,basic,1
acct_067,2026-11-01,598,2,16,0.55,14,12,basic,0
acct_067,2026-12-01,569,3,14,0.692,6,12,basic,0
acct_068,2026-01-01,984,1,57,0.607,0,39,pro,0
acct_068,2026-02-01,944,4,51,0.661,7,39,pro,0
acct_068,2026-03-01,955,2,65,0.652,9,39,pro,1
acct_068,2026-04-01,913,7,58,0.778,11,39,pro,0
acct_068,2026-05-01,962,4,59,0.684,4,39,pro,0
acct_068,2026-06-01,980,3,56,0.479,9,39,pro,0
acct_068,2026-07-01,1004,6,55,0.637,6,39,pro,0
acct_068,2026-08-01,1002,4,70,0.727,0,39,pro,1
acct_068,2026-09-01,951,3,55,0.558,6,39,pro,0
acct_068,2026-10-01,964,7,58,0.518,2,39,pro,1
acct_068,2026-11-01,959,2,51,0.588,4,39,pro,0
acct_068,2026-12-01,1026,0,56,0.785,12,39,pro,0
acct_069,2026-01-01,808,7,50,0.352,13,16,pro,0
acct_069,2026-02-01,788,6,35,0.425,13,16,pro,0
acct_069,2026-03-01,793,1,30,0.278,4,16,pro,0
acct_069,2026-04-01,833,3,37,0.419,8,16,pro,0
acct_069,2026-05-01,842,5,37,0.394,12,16,pro,0
acct_069,2026-06-01,802,0,37,0.431,9,16,pro,0
acct_069,2026-07-01,845,7,38,0.488,7,16,pro,0
acct_069,2026-08-01,827,2,35,0.25,5,16,pro,0
acct_069,2026-09-01,887,7,37,0.403,12,16,pro,0
acct_069,2026-10-01,822,7,42,0.463,12,16,pro,0
acct_069,2026-11-01,864,7,36,0.492,14,16,pro,0
acct_069,2026-12-01,863,3,42,0.532,7,16,pro,0
acct_070,2026-01-01,847,2,44,0.309,0,12,pro,0
acct_070,2026-02-01,824,4,52,0.295,10,12,pro,1
acct_070,2026-03-01,779,3,51,0.31,13,12,pro,0
acct_070,2026-04-01,811,1,45,0.404,7,12,pro,0
acct_070,2026-05-01,807,4,49,0.311,8,12,pro,0
acct_070,2026-06-01,879,7,38,0.447,11,12,pro,0
acct_070,2026-07-01,851,1,45,0.329,11,12,pro,0
acct_070,2026-08-01,806,3,41,0.371,12,12,pro,0
acct_070,2026-09-01,825,4,47,0.439,13,12,pro,0
acct_070,2026-10-01,812,2,54,0.371,12,12,pro,1
acct_070,2026-11-01,844,5,58,0.382,10,12,pro,1
acct_070,2026-12-01,839,5,52,0.307,2,12,pro,0
acct_071,2026-01-01,499,6,42,0.676,5,22,pro,0
acct_071,2026-02-01,508,3,39,0.618,11,22,pro,0
acct_071,2026-03-01,499,7,44,0.532,15,22,pro,0
acct_071,2026-04-01,496,6,44,0.502,2,22,pro,0
acct_071,2026-05-01,528,1,41,0.568,12,22,pro,0
acct_071,2026-06-01,479,6,33,0.657,11,22,pro,0
acct_071,2026-07-01,507,7,42,0.649,8,22,pro,0
acct_071,2026-08-01,477,1,43,0.72,6,22,pro,0
acct_071,2026-09-01,500,2,38,0.563,7,22,pro,0
acct_071,2026-10-01,527,1,35,0.835,10,22,pro,0
acct_071,2026-11-01,498,1,42,0.616,11,22,pro,0
acct_071,2026-12-01,490,1,49,0.751,11,22,pro,1
acct_072,2026-01-01,1050,5,42,0.601,15,20,basic,0
acct_072,2026-02-01,1055,2,47,0.761,9,20,basic,0
acct_072,2026-03-01,1024,3,57,0.777,12,20,basic,0
acct_072,2026-04-01,952,1,42,0.762,0,20,basic,0
acct_072,2026-05-01,1009,0,52,0.741,12,20,basic,0
acct_072,2026-06-01,968,3,42,0.712,16,20,basic,1
acct_072,2026-07-01,989,2,49,0.742,7,20,basic,0
acct_072,2026-08-01,1032,7,54,0.644,8,20,basic,0
acct_072,2026-09-01,943,5,59,0.912,9,20,basic,0
acct_072,2026-10-01,1021,7,51,0.629,5,20,basic,1
acct_072,2026-11-01,999,0,37,0.697,4,20,basic,0
acct_072,2026-12-01,991,1,46,0.714,6,20,basic,0
acct_073,2026-01-01,1015,9,28,0.44,11,5,enterprise,0
acct_073,2026-02-01,902,3,20,0.205,6,5,enterprise,0
acct_073,2026-03-01,764,9,29,0.334,8,5,enterprise,0
acct_073,2026-04-01,653,6,24,0.373,7,5,enterprise,0
acct_073,2026-05-01,573,7,23,0.282,6,5,enterprise,0
acct_073,2026-06-01,537,7,5,0.243,13,5,enterprise,0
acct_073,2026-07-01,303,6,8,0.104,5,5,enterprise,0
acct_073,2026-08-01,278,9,11,0.077,16,5,enterprise,0
acct_073,2026-09-01,208,10,11,0.0,11,5,enterprise,0
acct_073,2026-10-01,87,4,2,0.09,17,5,enterprise,0
acct_073,2026-11-01,0,3,5,0.0,10,5,enterprise,1
acct_073,2026-12-01,0,4,0,0.0,14,5,enterprise,0
acct_074,2026-01-01,806,3,45,0.273,13,21,basic,0
acct_074,2026-02-01,736,9,37,0.282,9,21,basic,0
acct_074,2026-03-01,692,2,43,0.042,12,21,basic,1
acct_074,2026-04-01,707,7,38,0.036,7,21,basic,0
acct_074,2026-05-01,564,3,41,0.0,8,21,basic,0
acct_074,2026-06-01,526,9,21,0.073,10,21,basic,0
acct_074,2026-07-01,455,8,33,0.243,9,21,basic,0
acct_074,2026-08-01,430,9,19,0.0,18,21,basic,0
acct_074,2026-09-01,345,10,25,0.0,10,21,basic,1
acct_074,2026-10-01,294,3,27,0.0,21,21,basic,0
acct_074,2026-11-01,227,6,23,0.0,14,21,basic,0
acct_074,2026-12-01,169,4,0,0.0,17,21,basic,0
acct_075,2026-01-01,1109,8,47,0.575,7,16,basic,0
acct_075,2026-02-01,1061,7,26,0.59,15,16,basic,0
acct_075,2026-03-01,935,2,29,0.496,2,16,basic,1
acct_075,2026-04-01,891,7,23,0.554,8,16,basic,0
acct_075,2026-05-01,815,7,23,0.364,17,16,basic,0
acct_075,2026-06-01,702,9,17,0.448,8,16,basic,0
acct_075,2026-07-01,593,2,26,0.305,15,16,basic,1
acct_075,2026-08-01,522,4,19,0.313,7,16,basic,0
acct_075,2026-09-01,418,8,8,0.363,12,16,basic,0
acct_075,2026-10-01,378,5,24,0.229,13,16,basic,0
acct_075,2026-11-01,268,4,15,0.073,19,16,basic,0
acct_075,2026-12-01,162,5,13,0.172,24,16,basic,0
acct_076,2026-01-01,973,4,32,0.16,15,16,pro,0
acct_076,2026-02-01,916,4,14,0.187,6,16,pro,0
acct_076,2026-03-01,955,2,33,0.141,12,16,pro,0
acct_076,2026-04-01,745,5,15,0.05,13,16,pro,0
acct_076,2026-05-01,647,2,19,0.0,10,16,pro,1
acct_076,2026-06-01,507,6,21,0.0,6,16,pro,0
acct_076,2026-07-01,479,6,19,0.0,8,16,pro,0
acct_076,2026-08-01,361,7,15,0.0,21,16,pro,0
acct_076,2026-09-01,327,9,6,0.0,21,16,pro,0
acct_076,2026-10-01,204,5,12,0.0,12,16,pro,0
acct_076,2026-11-01,130,9,6,0.0,21,16,pro,0
acct_076,2026-12-01,18,6,2,0.0,10,16,pro,0
acct_077,2026-01-01,763,3,51,0.419,15,35,basic,0
acct_077,2026-02-01,719,1,48,0.479,17,35,basic,0
acct_077,2026-03-01,689,4,55,0.585,5,35,basic,0
acct_077,2026-04-01,704,7,45,0.447,0,35,basic,1
acct_077,2026-05-01,794,5,56,0.487,11,35,basic,0
acct_077,2026-06-01,725,7,53,0.432,14,35,basic,0
acct_077,2026-07-01,733,7,57,0.363,9,35,basic,0
acct_077,2026-08-01,732,6,60,0.54,13,35,basic,0
acct_077,2026-09-01,735,4,46,0.569,13,35,basic,0
acct_077,2026-10-01,758,3,50,0.464,2,35,basic,0
acct_077,2026-11-01,732,2,60,0.421,10,35,basic,0
acct_077,2026-12-01,690,0,53,0.487,9,35,basic,0
acct_078,2026-01-01,1062,6,61,0.286,7,11,basic,0
acct_078,2026-02-01,1151,6,43,0.282,8,11,basic,0
acct_078,2026-03-01,1137,4,58,0.229,6,11,basic,0
acct_078,2026-04-01,1128,3,42,0.24,10,11,basic,0
acct_078,2026-05-01,1113,2,39,0.319,6,11,basic,0
acct_078,2026-06-01,1184,3,57,0.205,10,11,basic,1
acct_078,2026-07-01,1128,0,48,0.34,5,11,basic,0
acct_078,2026-08-01,1064,6,46,0.335,13,11,basic,1
acct_078,2026-09-01,1059,5,42,0.411,10,11,basic,0
acct_078,2026-10-01,1063,1,63,0.244,11,11,basic,0
acct_078,2026-11-01,1172,3,51,0.351,8,11,basic,0
acct_078,2026-12-01,1156,3,46,0.214,15,11,basic,1
acct_079,2026-01-01,805,4,43,0.529,3,19,basic,0
acct_079,2026-02-01,757,5,44,0.467,9,19,basic,0
acct_079,2026-03-01,769,0,49,0.506,8,19,basic,0
acct_079,2026-04-01,777,6,55,0.63,2,19,basic,0
acct_079,2026-05-01,813,5,48,0.593,5,19,basic,0
acct_079,2026-06-01,799,6,44,0.5,10,19,basic,0
acct_079,2026-07-01,820,2,28,0.447,8,19,basic,0
acct_079,2026-08-01,789,0,43,0.624,1,19,basic,0
acct_079,2026-09-01,762,1,42,0.504,9,19,basic,0
acct_079,2026-10-01,776,7,42,0.619,9,19,basic,0
acct_079,2026-11-01,750,2,46,0.409,7,19,basic,0
acct_079,2026-12-01,740,1,55,0.666,3,19,basic,1
acct_080,2026-01-01,712,5,50,0.318,17,37,enterprise,0
acct_080,2026-02-01,685,1,46,0.112,12,37,enterprise,0
acct_080,2026-03-01,702,2,37,0.409,15,37,enterprise,0
acct_080,2026-04-01,687,7,40,0.352,7,37,enterprise,0
acct_080,2026-05-01,748,7,51,0.387,9,37,enterprise,1
acct_080,2026-06-01,655,4,45,0.491,2,37,enterprise,0
acct_080,2026-07-01,652,5,43,0.356,10,37,enterprise,0
acct_080,2026-08-01,672,5,49,0.235,6,37,enterprise,0
acct_080,2026-09-01,714,4,42,0.415,13,37,enterprise,0
acct_080,2026-10-01,673,6,54,0.365,16,37,enterprise,1
acct_080,2026-11-01,678,0,41,0.32,8,37,enterprise,0
acct_080,2026-12-01,684,5,50,0.175,9,37,enterprise,0
acct_081,2026-01-01,734,8,14,0.446,14,9,basic,0
acct_081,2026-02-01,666,5,18,0.277,8,9,basic,0
acct_081,2026-03-01,596,6,3,0.332,12,9,basic,0
acct_081,2026-04-01,579,4,17,0.26,9,9,basic,0
acct_081,2026-05-01,547,4,8,0.184,7,9,basic,0
acct_081,2026-06-01,490,6,13,0.346,12,9,basic,1
acct_081,2026-07-01,434,4,0,0.098,18,9,basic,0
acct_081,2026-08-01,323,9,17,0.0,23,9,basic,0
acct_081,2026-09-01,315,7,0,0.0,7,9,basic,1
acct_081,2026-10-01,235,5,0,0.103,9,9,basic,1
acct_081,2026-11-01,264,7,7,0.0,22,9,basic,0
acct_081,2026-12-01,165,5,0,0.0,11,9,basic,0
acct_082,2026-01-01,849,5,51,0.552,14,35,basic,0
acct_082,2026-02-01,911,7,50,0.601,12,35,basic,0
acct_082,2026-03-01,841,2,51,0.629,8,35,basic,0
acct_082,2026-04-01,851,1,55,0.745,13,35,basic,0
acct_082,2026-05-01,854,7,43,0.652,5,35,basic,0
acct_082,2026-06-01,832,5,49,0.61,6,35,basic,0
acct_082,2026-07-01,784,2,52,0.518,7,35,basic,0
acct_082,2026-08-01,812,6,43,0.8,8,35,basic,0
acct_082,2026-09-01,838,1,49,0.696,14,35,basic,1
acct_082,2026-10-01,833,5,55,0.448,5,35,basic,0
acct_082,2026-11-01,839,7,53,0.524,7,35,basic,1
acct_082,2026-12-01,846,2,62,0.769,9,35,basic,1
acct_083,2026-01-01,567,7,32,0.858,2,21,pro,1
acct_083,2026-02-01,568,6,28,0.691,2,21,pro,0
acct_083,2026-03-01,541,6,33,0.827,4,21,pro,0
acct_083,2026-04-01,564,0,37,0.924,12,21,pro,0
acct_083,2026-05-01,550,1,22,0.871,12,21,pro,0
acct_083,2026-06-01,562,5,38,0.748,11,21,pro,1
acct_083,2026-07-01,537,2,24,0.711,8,21,pro,0
acct_083,2026-08-01,561,4,28,0.907,8,21,pro,0
acct_083,2026-09-01,566,5,23,0.876,2,21,pro,1
acct_083,2026-10-01,557,0,24,0.813,8,21,pro,0
acct_083,2026-11-01,553,6,33,0.742,5,21,pro,0
acct_083,2026-12-01,578,1,30,0.592,9,21,pro,0
acct_084,2026-01-01,808,4,47,0.544,8,9,basic,0
acct_084,2026-02-01,741,2,40,0.71,9,9,basic,0
acct_084,2026-03-01,656,4,37,0.331,8,9,basic,0
acct_084,2026-04-01,549,2,40,0.581,13,9,basic,0
acct_084,2026-05-01,410,6,37,0.463,18,9,basic,0
acct_084,2026-06-01,358,7,10,0.382,11,9,basic,0
acct_084,2026-07-01,329,2,29,0.508,12,9,basic,0
acct_084,2026-08-01,224,7,19,0.244,16,9,basic,0
acct_084,2026-09-01,153,8,5,0.272,24,9,basic,0
acct_084,2026-10-01,67,7,3,0.123,11,9,basic,0
acct_084,2026-11-01,0,8,5,0.028,22,9,basic,0
acct_084,2026-12-01,0,7,0,0.123,10,9,basic,0
acct_085,2026-01-01,577,6,27,0.525,5,5,pro,0
acct_085,2026-02-01,557,5,17,0.62,13,5,pro,0
acct_085,2026-03-01,558,8,11,0.579,12,5,pro,0
acct_085,2026-04-01,459,7,20,0.425,9,5,pro,0
acct_085,2026-05-01,434,4,18,0.339,5,5,pro,0
acct_085,2026-06-01,397,4,12,0.305,19,5,pro,0
acct_085,2026-07-01,370,2,14,0.119,18,5,pro,0
acct_085,2026-08-01,331,8,10,0.324,18,5,pro,0
acct_085,2026-09-01,306,9,13,0.194,7,5,pro,0
acct_085,2026-10-01,259,3,13,0.163,8,5,pro,0
acct_085,2026-11-01,259,6,3,0.089,12,5,pro,0
acct_085,2026-12-01,200,10,5,0.056,11,5,pro,0
acct_086,2026-01-01,1011,5,17,0.612,10,17,pro,0
acct_086,2026-02-01,1043,5,12,0.649,8,17,pro,0
acct_086,2026-03-01,990,2,22,0.842,11,17,pro,0
acct_086,2026-04-01,991,4,15,0.785,13,17,pro,0
acct_086,2026-05-01,1046,5,23,0.699,10,17,pro,0
acct_086,2026-06-01,1059,0,15,0.833,4,17,pro,0
acct_086,2026-07-01,1054,0,11,0.72,17,17,pro,1
acct_086,2026-08-01,1050,5,4,0.655,10,17,pro,0
acct_086,2026-09-01,1063,3,21,0.67,3,17,pro,0
acct_086,2026-10-01,1077,1,17,0.652,10,17,pro,0
acct_086,2026-11-01,1135,7,12,0.572,9,17,pro,0
acct_086,2026-12-01,1149,0,14,0.706,9,17,pro,0
acct_087,2026-01-01,459,2,46,0.388,2,27,pro,0
acct_087,2026-02-01,461,1,38,0.308,10,27,pro,0
acct_087,2026-03-01,473,1,44,0.222,3,27,pro,0
acct_087,2026-04-01,495,3,26,0.25,3,27,pro,0
acct_087,2026-05-01,473,6,50,0.3,5,27,pro,0
acct_087,2026-06-01,453,7,51,0.324,4,27,pro,0
acct_087,2026-07-01,502,6,35,0.129,2,27,pro,0
acct_087,2026-08-01,483,1,48,0.281,7,27,pro,1
acct_087,2026-09-01,490,0,40,0.209,2,27,pro,0
acct_087,2026-10-01,502,0,46,0.094,3,27,pro,0
acct_087,2026-11-01,483,2,47,0.412,12,27,pro,0
acct_087,2026-12-01,484,0,49,0.354,9,27,pro,0
acct_088,2026-01-01,839,3,40,0.239,8,8,basic,0
acct_088,2026-02-01,792,6,29,0.216,15,8,basic,0
acct_088,2026-03-01,723,9,23,0.0,8,8,basic,0
acct_088,2026-04-01,597,5,19,0.184,7,8,basic,0
acct_088,2026-05-01,588,7,17,0.036,15,8,basic,1
acct_088,2026-06-01,486,4,18,0.074,6,8,basic,0
acct_088,2026-07-01,425,7,14,0.0,17,8,basic,0
acct_088,2026-08-01,325,10,11,0.0,19,8,basic,0
acct_088,2026-09-01,243,6,18,0.0,22,8,basic,0
acct_088,2026-10-01,152,4,3,0.0,14,8,basic,0
acct_088,2026-11-01,97,4,8,0.0,14,8,basic,0
acct_088,2026-12-01,61,9,3,0.0,16,8,basic,0
acct_089,2026-01-01,1236,1,21,0.75,6,11,basic,1
acct_089,2026-02-01,1211,3,33,0.949,12,11,basic,0
acct_089,2026-03-01,1277,5,21,0.772,12,11,basic,0
acct_089,2026-04-01,1184,3,6,0.827,10,11,basic,0
acct_089,2026-05-01,1249,1,15,0.756,7,11,basic,0
acct_089,2026-06-01,1219,2,23,0.939,14,11,basic,0
acct_089,2026-07-01,1282,1,9,0.914,8,11,basic,0
acct_089,2026-08-01,1250,2,26,0.672,4,11,basic,0
acct_089,2026-09-01,1250,4,21,0.8,10,11,basic,0
acct_089,2026-10-01,1289,3,20,0.852,3,11,basic,1
acct_089,2026-11-01,1216,5,5,0.834,10,11,basic,0
acct_089,2026-12-01,1320,4,16,0.714,5,11,basic,0
acct_090,2026-01-01,1196,6,22,0.67,4,31,enterprise,0
acct_090,2026-02-01,1138,7,31,0.48,13,31,enterprise,0
acct_090,2026-03-01,1144,1,13,0.595,17,31,enterprise,0
acct_090,2026-04-01,1186,4,13,0.668,10,31,enterprise,0
acct_090,2026-05-01,1220,0,27,0.638,10,31,enterprise,0
acct_090,2026-06-01,1141,1,20,0.683,4,31,enterprise,0
acct_090,2026-07-01,1055,5,23,0.613,15,31,enterprise,0
acct_090,2026-08-01,1088,5,30,0.672,16,31,enterprise,0
acct_090,2026-09-01,1124,0,18,0.614,1,31,enterprise,0
acct_090,2026-10-01,1142,3,23,0.632,11,31,enterprise,1
acct_090,2026-11-01,1123,3,18,0.582,12,31,enterprise,0
acct_090,2026-12-01,1083,4,16,0.536,2,31,enterprise,0
acct_091,2026-01-01,1074,4,44,0.85,0,33,pro,0
acct_091,2026-02-01,1194,6,27,0.782,15,33,pro,0
acct_091,2026-03-01,1202,3,27,0.705,9,33,pro,0
acct_091,2026-04-01,1107,3,37,0.852,2,33,pro,0
acct_091,2026-05-01,1130,4,41,0.856,10,33,pro,0
acct_091,2026-06-01,1196,7,46,0.827,11,33,pro,0
acct_091,2026-07-01,1140,1,23,0.853,0,33,pro,0
acct_091,2026-08-01,1120,7,27,0.918,6,33,pro,1
acct_091,2026-09-01,1081,2,26,0.875,13,33,pro,0
acct_091,2026-10-01,1180,5,39,0.73,7,33,pro,0
acct_091,2026-11-01,1091,3,42,0.612,12,33,pro,0
acct_091,2026-12-01,1179,1,39,0.88,12,33,pro,0
acct_092,2026-01-01,773,6,44,0.897,5,16,enterprise,0
acct_092,2026-02-01,802,4,41,0.721,11,16,enterprise,1
acct_092,2026-03-01,809,1,42,0.784,1,16,enterprise,0
acct_092,2026-04-01,798,4,49,0.749,7,16,enterprise,0
acct_092,2026-05-01,771,0,48,0.867,9,16,enterprise,0
acct_092,2026-06-01,777,5,44,0.841,8,16,enterprise,0
acct_092,2026-07-01,778,2,51,0.59,2,16,enterprise,0
acct_092,2026-08-01,762,1,38,0.7,5,16,enterprise,0
acct_092,2026-09-01,787,4,46,0.785,2,16,enterprise,0
acct_092,2026-10-01,745,3,38,0.852,12,16,enterprise,0
acct_092,2026-11-01,716,6,34,0.629,11,16,enterprise,0
acct_092,2026-12-01,735,1,42,1.0,5,16,enterprise,0
acct_093,2026-01-01,1085,3,16,0.338,5,21,basic,0
acct_093,2026-02-01,953,9,19,0.2,6,21,basic,0
acct_093,2026-03-01,895,3,26,0.207,7,21,basic,0
acct_093,2026-04-01,863,9,18,0.299,15,21,basic,0
acct_093,2026-05-01,823,9,12,0.075,12,21,basic,0
acct_093,2026-06-01,748,6,17,0.235,10,21,basic,0
acct_093,2026-07-01,603,2,14,0.161,21,21,basic,0
acct_093,2026-08-01,604,3,18,0.171,12,21,basic,0
acct_093,2026-09-01,530,10,18,0.095,7,21,basic,0
acct_093,2026-10-01,459,7,14,0.0,19,21,basic,0
acct_093,2026-11-01,417,9,6,0.0,13,21,basic,0
acct_093,2026-12-01,330,4,8,0.058,22,21,basic,0
acct_094,2026-01-01,931,3,53,0.753,5,14,pro,0
acct_094,2026-02-01,893,5,40,0.589,5,14,pro,0
acct_094,2026-03-01,885,1,34,0.641,10,14,pro,0
acct_094,2026-04-01,876,2,32,0.671,11,14,pro,0
acct_094,2026-05-01,847,1,40,0.754,9,14,pro,0
acct_094,2026-06-01,884,7,41,0.656,7,14,pro,0
acct_094,2026-07-01,874,0,42,0.773,13,14,pro,0
acct_094,2026-08-01,868,7,32,0.675,9,14,pro,0
acct_094,2026-09-01,870,0,47,0.663,10,14,pro,0
acct_094,2026-10-01,812,1,40,0.611,7,14,pro,0
acct_094,2026-11-01,790,3,40,0.635,4,14,pro,0
acct_094,2026-12-01,822,3,36,0.625,11,14,pro,0
acct_095,2026-01-01,464,3,28,0.409,8,15,enterprise,0
acct_095,2026-02-01,455,6,25,0.64,4,15,enterprise,0
acct_095,2026-03-01,406,2,23,0.351,15,15,enterprise,0
acct_095,2026-04-01,376,2,22,0.398,4,15,enterprise,0
acct_095,2026-05-01,380,8,26,0.379,16,15,enterprise,0
acct_095,2026-06-01,350,2,26,0.422,13,15,enterprise,0
acct_095,2026-07-01,313,7,15,0.22,8,15,enterprise,0
acct_095,2026-08-01,286,10,16,0.307,8,15,enterprise,0
acct_095,2026-09-01,265,5,7,0.449,16,15,enterprise,0
acct_095,2026-10-01,216,3,18,0.191,13,15,enterprise,0
acct_095,2026-11-01,218,5,19,0.1,18,15,enterprise,0
acct_095,2026-12-01,196,8,19,0.232,18,15,enterprise,0
acct_096,2026-01-01,935,6,43,0.323,15,25,enterprise,0
acct_096,2026-02-01,926,7,56,0.437,12,25,enterprise,0
acct_096,2026-03-01,909,7,47,0.478,3,25,enterprise,1
acct_096,2026-04-01,882,5,50,0.518,7,25,enterprise,0
acct_096,2026-05-01,959,3,51,0.411,8,25,enterprise,0
acct_096,2026-06-01,951,4,59,0.192,9,25,enterprise,0
acct_096,2026-07-01,953,0,53,0.317,10,25,enterprise,0
acct_096,2026-08-01,993,7,53,0.33,0,25,enterprise,1
acct_096,2026-09-01,1007,3,52,0.357,17,25,enterprise,0
acct_096,2026-10-01,975,4,60,0.311,4,25,enterprise,0
acct_096,2026-11-01,979,3,64,0.508,2,25,enterprise,0
acct_096,2026-12-01,1007,7,46,0.329,6,25,enterprise,0
acct_097,2026-01-01,840,1,57,0.596,10,11,enterprise,0
acct_097,2026-02-01,783,4,54,0.673,5,11,enterprise,0
acct_097,2026-03-01,833,0,47,0.641,10,11,enterprise,0
acct_097,2026-04-01,783,1,53,0.747,2,11,enterprise,0
acct_097,2026-05-01,827,4,44,0.742,9,11,enterprise,0
acct_097,2026-06-01,826,6,51,0.654,12,11,enterprise,1
acct_097,2026-07-01,788,3,48,0.768,8,11,enterprise,0
acct_097,2026-08-01,781,7,45,0.907,15,11,enterprise,0
acct_097,2026-09-01,784,1,45,0.852,11,11,enterprise,0
acct_097,2026-10-01,789,3,47,0.66,6,11,enterprise,0
acct_097,2026-11-01,789,2,46,0.597,13,11,enterprise,0
acct_097,2026-12-01,729,0,44,0.569,10,11,enterprise,0
acct_098,2026-01-01,983,2,59,0.404,2,6,basic,1
acct_098,2026-02-01,1024,3,57,0.345,6,6,basic,0
acct_098,2026-03-01,999,6,63,0.537,13,6,basic,1
acct_098,2026-04-01,975,1,74,0.402,8,6,basic,0
acct_098,2026-05-01,979,7,61,0.465,6,6,basic,0
acct_098,2026-06-01,998,1,49,0.45,11,6,basic,0
acct_098,2026-07-01,979,1,65,0.335,12,6,basic,0
acct_098,2026-08-01,1028,5,64,0.371,13,6,basic,0
acct_098,2026-09-01,994,1,65,0.314,3,6,basic,0
acct_098,2026-10-01,1021,2,65,0.545,11,6,basic,1
acct_098,2026-11-01,1013,0,55,0.338,9,6,basic,0
acct_098,2026-12-01,1042,2,56,0.292,12,6,basic,0
acct_099,2026-01-01,623,1,50,0.725,10,23,enterprise,0
acct_099,2026-02-01,602,5,53,0.694,4,23,enterprise,0
acct_099,2026-03-01,613,1,50,0.751,8,23,enterprise,0
acct_099,2026-04-01,631,6,51,0.723,5,23,enterprise,0
acct_099,2026-05-01,558,3,49,0.758,4,23,enterprise,0
acct_099,2026-06-01,624,6,42,0.715,15,23,enterprise,0
acct_099,2026-07-01,606,0,46,0.718,2,23,enterprise,0
acct_099,2026-08-01,595,7,45,0.765,3,23,enterprise,0
acct_099,2026-09-01,580,3,49,0.895,6,23,enterprise,0
acct_099,2026-10-01,577,3,33,0.685,13,23,enterprise,0
acct_099,2026-11-01,608,3,26,0.864,10,23,enterprise,0
acct_099,2026-12-01,563,5,37,0.747,8,23,enterprise,0
acct_100,2026-01-01,994,2,58,0.258,2,36,pro,0
acct_100,2026-02-01,936,4,60,0.365,6,36,pro,0
acct_100,2026-03-01,918,3,50,0.408,0,36,pro,0
acct_100,2026-04-01,943,3,47,0.317,13,36,pro,0
acct_100,2026-05-01,895,4,41,0.307,1,36,pro,0
acct_100,2026-06-01,896,6,60,0.389,6,36,pro,1
acct_100,2026-07-01,901,5,50,0.32,5,36,pro,0
acct_100,2026-08-01,906,1,53,0.387,11,36,pro,0
acct_100,2026-09-01,922,6,45,0.309,3,36,pro,0
acct_100,2026-10-01,883,2,46,0.312,15,36,pro,0
acct_100,2026-11-01,840,2,47,0.398,6,36,pro,0
acct_100,2026-12-01,868,1,54,0.384,3,36,pro,0
acct_101,2026-01-01,818,3,42,0.608,16,25,enterprise,1
acct_101,2026-02-01,848,1,35,0.603,15,25,enterprise,0
acct_101,2026-03-01,837,2,46,0.588,9,25,enterprise,0
acct_101,2026-04-01,846,0,53,0.692,13,25,enterprise,0
acct_101,2026-05-01,864,7,54,0.784,15,25,enterprise,0
acct_101,2026-06-01,853,0,47,0.718,6,25,enterprise,0
acct_101,2026-07-01,858,5,46,0.795,2,25,enterprise,0
acct_101,2026-08-01,845,5,63,0.772,5,25,enterprise,0
acct_101,2026-09-01,874,1,39,0.798,0,25,enterprise,0
acct_101,2026-10-01,907,0,58,0.9,12,25,enterprise,0
acct_101,2026-11-01,895,5,49,0.776,6,25,enterprise,0
acct_101,2026-12-01,911,0,56,0.878,12,25,enterprise,0
acct_102,2026-01-01,1097,7,38,0.19,4,18,basic,0
acct_102,2026-02-01,1068,2,36,0.382,9,18,basic,0
acct_102,2026-03-01,1027,4,34,0.275,11,18,basic,0
acct_102,2026-04-01,1100,0,35,0.282,7,18,basic,0
acct_102,2026-05-01,1022,1,47,0.233,1,18,basic,0
acct_102,2026-06-01,1094,2,47,0.196,12,18,basic,1
acct_102,2026-07-01,1004,7,44,0.089,4,18,basic,1
acct_102,2026-08-01,1022,6,49,0.289,2,18,basic,0
acct_102,2026-09-01,1031,7,41,0.325,2,18,basic,0
acct_102,2026-10-01,941,6,43,0.382,6,18,basic,0
acct_102,2026-11-01,1006,1,35,0.296,18,18,basic,0
acct_102,2026-12-01,940,6,42,0.243,3,18,basic,0
acct_103,2026-01-01,962,7,16,0.25,9,24,pro,0
acct_103,2026-02-01,881,6,21,0.409,0,24,pro,0
acct_103,2026-03-01,873,0,13,0.264,0,24,pro,1
acct_103,2026-04-01,898,5,5,0.152,4,24,pro,0
acct_103,2026-05-01,828,2,22,0.229,7,24,pro,0
acct_103,2026-06-01,853,7,14,0.26,11,24,pro,0
acct_103,2026-07-01,913,0,13,0.227,7,24,pro,0
acct_103,2026-08-01,897,2,23,0.395,0,24,pro,1
acct_103,2026-09-01,847,7,15,0.336,13,24,pro,0
acct_103,2026-10-01,806,2,11,0.355,0,24,pro,0
acct_103,2026-11-01,806,2,6,0.228,15,24,pro,0
acct_103,2026-12-01,793,2,13,0.235,10,24,pro,0
acct_104,2026-01-01,690,6,18,0.808,14,25,enterprise,0
acct_104,2026-02-01,702,1,9,0.492,1,25,enterprise,0
acct_104,2026-03-01,632,6,19,0.648,15,25,enterprise,0
acct_104,2026-04-01,644,5,16,0.671,13,25,enterprise,0
acct_104,2026-05-01,640,3,23,0.752,4,25,enterprise,0
acct_104,2026-06-01,633,6,14,0.575,7,25,enterprise,0
acct_104,2026-07-01,628,5,21,0.611,9,25,enterprise,0
acct_104,2026-08-01,622,1,19,0.607,4,25,enterprise,1
acct_104,2026-09-01,624,0,13,0.813,8,25,enterprise,0
acct_104,2026-10-01,613,5,12,0.872,13,25,enterprise,0
acct_104,2026-11-01,560,2,16,0.754,3,25,enterprise,0
acct_104,2026-12-01,571,6,20,0.665,4,25,enterprise,0
acct_105,2026-01-01,855,1,38,0.284,8,16,pro,0
acct_105,2026-02-01,880,2,31,0.18,11,16,pro,0
acct_105,2026-03-01,934,1,36,0.362,8,16,pro,0
acct_105,2026-04-01,878,4,37,0.296,2,16,pro,0
acct_105,2026-05-01,865,4,32,0.33,8,16,pro,0
acct_105,2026-06-01,859,6,38,0.48,8,16,pro,0
acct_105,2026-07-01,904,7,30,0.299,5,16,pro,0
acct_105,2026-08-01,867,4,34,0.358,8,16,pro,0
acct_105,2026-09-01,861,4,26,0.234,12,16,pro,0
acct_105,2026-10-01,914,7,37,0.269,11,16,pro,0
acct_105,2026-11-01,896,7,40,0.399,11,16,pro,0
acct_105,2026-12-01,904,1,42,0.376,7,16,pro,0
acct_106,2026-01-01,612,1,33,0.711,14,31,pro,0
acct_106,2026-02-01,621,4,36,0.694,7,31,pro,0
acct_106,2026-03-01,615,1,36,0.569,12,31,pro,0
acct_106,2026-04-01,600,0,46,0.731,10,31,pro,1
acct_106,2026-05-01,640,4,29,0.625,11,31,pro,0
acct_106,2026-06-01,642,2,34,0.5,7,31,pro,0
acct_106,2026-07-01,658,2,26,0.812,5,31,pro,0
acct_106,2026-08-01,662,2,35,0.691,5,31,pro,0
acct_106,2026-09-01,667,0,44,0.629,12,31,pro,0
acct_106,2026-10-01,660,7,52,0.598,7,31,pro,0
acct_106,2026-11-01,665,6,28,0.783,9,31,pro,1
acct_106,2026-12-01,674,6,39,0.59,16,31,pro,1
acct_107,2026-01-01,663,5,56,0.327,7,8,enterprise,0
acct_107,2026-02-01,669,4,62,0.382,14,8,enterprise,0
acct_107,2026-03-01,709,5,60,0.51,2,8,enterprise,1
acct_107,2026-04-01,689,0,53,0.362,17,8,enterprise,0
acct_107,2026-05-01,697,0,50,0.325,14,8,enterprise,0
acct_107,2026-06-01,711,2,56,0.436,11,8,enterprise,0
acct_107,2026-07-01,701,5,51,0.483,17,8,enterprise,0
acct_107,2026-08-01,736,1,66,0.257,12,8,enterprise,0
acct_107,2026-09-01,726,1,58,0.268,16,8,enterprise,0
acct_107,2026-10-01,683,0,56,0.466,7,8,enterprise,0
acct_107,2026-11-01,703,1,59,0.232,11,8,enterprise,1
acct_107,2026-12-01,733,4,66,0.422,14,8,enterprise,0
acct_108,2026-01-01,392,2,38,0.662,7,9,enterprise,1
acct_108,2026-02-01,415,5,28,0.465,11,9,enterprise,0
acct_108,2026-03-01,417,4,43,0.425,2,9,enterprise,0
acct_108,2026-04-01,422,0,40,0.471,6,9,enterprise,0
acct_108,2026-05-01,425,7,24,0.713,14,9,enterprise,0
acct_108,2026-06-01,448,6,29,0.611,12,9,enterprise,0
acct_108,2026-07-01,446,4,29,0.607,8,9,enterprise,0
acct_108,2026-08-01,460,0,34,0.733,4,9,enterprise,0
acct_108,2026-09-01,439,7,37,0.6,5,9,enterprise,1
acct_108,2026-10-01,435,0,32,0.501,7,9,enterprise,0
acct_108,2026-11-01,461,2,37,0.724,5,9,enterprise,0
acct_108,2026-12-01,461,1,36,0.637,4,9,enterprise,0
acct_109,2026-01-01,916,3,50,0.456,11,4,basic,0
acct_109,2026-02-01,888,2,54,0.507,4,4,basic,0
acct_109,2026-03-01,913,3,51,0.448,6,4,basic,0
acct_109,2026-04-01,910,6,59,0.42,11,4,basic,0
acct_109,2026-05-01,919,1,44,0.211,5,4,basic,0
acct_109,2026-06-01,855,2,54,0.369,0,4,basic,0
acct_109,2026-07-01,933,4,60,0.342,13,4,basic,1
acct_109,2026-08-01,898,3,60,0.288,10,4,basic,0
acct_109,2026-09-01,825,7,49,0.292,10,4,basic,0
acct_109,2026-10-01,822,0,63,0.299,0,4,basic,0
acct_109,2026-11-01,885,0,51,0.361,13,4,basic,0
acct_109,2026-12-01,880,0,58,0.401,7,4,basic,0
acct_110,2026-01-01,1085,0,44,0.839,5,22,enterprise,0
acct_110,2026-02-01,1152,7,42,0.784,9,22,enterprise,0
acct_110,2026-03-01,1024,4,50,0.667,9,22,enterprise,0
acct_110,2026-04-01,1090,6,48,0.765,7,22,enterprise,0
acct_110,2026-05-01,1051,1,38,0.763,8,22,enterprise,0
acct_110,2026-06-01,1032,3,36,0.656,3,22,enterprise,0
acct_110,2026-07-01,1156,4,45,0.65,14,22,enterprise,1
acct_110,2026-08-01,1062,6,48,0.751,13,22,enterprise,0
acct_110,2026-09-01,1076,0,52,0.696,15,22,enterprise,0
acct_110,2026-10-01,1077,3,58,0.767,8,22,enterprise,0
acct_110,2026-11-01,1069,6,59,0.889,9,22,enterprise,0
acct_110,2026-12-01,1100,1,46,0.749,4,22,enterprise,0
acct_111,2026-01-01,982,3,34,0.327,11,7,enterprise,0
acct_111,2026-02-01,949,7,41,0.208,13,7,enterprise,0
acct_111,2026-03-01,1046,5,37,0.387,0,7,enterprise,0
acct_111,2026-04-01,1030,6,26,0.188,7,7,enterprise,0
acct_111,2026-05-01,1015,4,40,0.457,11,7,enterprise,0
acct_111,2026-06-01,1027,1,47,0.406,6,7,enterprise,0
acct_111,2026-07-01,996,0,41,0.334,13,7,enterprise,0
acct_111,2026-08-01,983,3,38,0.296,2,7,enterprise,1
acct_111,2026-09-01,943,4,21,0.133,9,7,enterprise,0
acct_111,2026-10-01,1012,6,43,0.323,9,7,enterprise,0
acct_111,2026-11-01,1043,5,31,0.22,3,7,enterprise,0
acct_111,2026-12-01,1068,2,48,0.317,9,7,enterprise,0
acct_112,2026-01-01,703,7,48,0.476,14,37,basic,0
acct_112,2026-02-01,735,1,58,0.478,0,37,basic,0
acct_112,2026-03-01,732,2,60,0.565,0,37,basic,0
acct_112,2026-04-01,702,4,48,0.327,1,37,basic,0
acct_112,2026-05-01,681,7,58,0.524,7,37,basic,0
acct_112,2026-06-01,727,7,49,0.593,7,37,basic,1
acct_112,2026-07-01,718,5,54,0.536,15,37,basic,0
acct_112,2026-08-01,712,6,48,0.468,12,37,basic,0
acct_112,2026-09-01,665,3,52,0.512,12,37,basic,0
acct_112,2026-10-01,715,1,61,0.555,12,37,basic,1
acct_112,2026-11-01,722,5,61,0.45,18,37,basic,1
acct_112,2026-12-01,692,1,51,0.516,11,37,basic,0
acct_113,2026-01-01,779,7,38,0.635,2,5,pro,0
acct_113,2026-02-01,715,3,44,0.67,9,5,pro,1
acct_113,2026-03-01,751,7,40,0.548,0,5,pro,0
acct_113,2026-04-01,750,4,37,0.546,5,5,pro,0
acct_113,2026-05-01,772,6,44,0.676,9,5,pro,0
acct_113,2026-06-01,745,2,51,0.659,14,5,pro,1
acct_113,2026-07-01,755,0,38,0.716,9,5,pro,0
acct_113,2026-08-01,719,5,35,0.597,2,5,pro,0
acct_113,2026-09-01,736,2,55,0.75,6,5,pro,0
acct_113,2026-10-01,753,2,53,0.602,11,5,pro,0
acct_113,2026-11-01,760,2,55,0.608,12,5,pro,1
acct_113,2026-12-01,735,3,44,0.585,2,5,pro,0
acct_114,2026-01-01,967,7,51,0.572,6,39,pro,0
acct_114,2026-02-01,956,3,59,0.514,9,39,pro,0
acct_114,2026-03-01,929,5,61,0.624,3,39,pro,1
acct_114,2026-04-01,882,2,55,0.427,10,39,pro,1
acct_114,2026-05-01,882,4,58,0.341,2,39,pro,0
acct_114,2026-06-01,914,0,64,0.472,10,39,pro,0
acct_114,2026-07-01,875,1,48,0.493,14,39,pro,0
acct_114,2026-08-01,917,6,60,0.464,15,39,pro,0
acct_114,2026-09-01,873,2,58,0.477,9,39,pro,0
acct_114,2026-10-01,866,7,64,0.622,2,39,pro,0
acct_114,2026-11-01,837,6,49,0.586,13,39,pro,0
acct_114,2026-12-01,869,3,57,0.57,8,39,pro,0
acct_115,2026-01-01,449,1,1,0.651,4,16,pro,0
acct_115,2026-02-01,459,3,18,0.772,4,16,pro,0
acct_115,2026-03-01,443,2,11,0.676,6,16,pro,1
acct_115,2026-04-01,442,3,17,0.814,16,16,pro,0
acct_115,2026-05-01,418,4,17,0.601,1,16,pro,0
acct_115,2026-06-01,426,1,14,0.749,8,16,pro,0
acct_115,2026-07-01,419,2,18,0.689,12,16,pro,0
acct_115,2026-08-01,432,4,12,0.573,1,16,pro,0
acct_115,2026-09-01,409,0,11,0.633,7,16,pro,0
acct_115,2026-10-01,374,0,16,0.753,15,16,pro,1
acct_115,2026-11-01,392,2,17,0.628,8,16,pro,0
acct_115,2026-12-01,399,4,13,0.548,12,16,pro,0
acct_116,2026-01-01,963,5,54,0.647,1,19,pro,0
acct_116,2026-02-01,930,4,53,0.578,15,19,pro,0
acct_116,2026-03-01,964,7,47,0.607,13,19,pro,0
acct_116,2026-04-01,888,2,41,0.551,4,19,pro,0
acct_116,2026-05-01,889,0,46,0.531,0,19,pro,0
acct_116,2026-06-01,907,7,58,0.499,13,19,pro,0
acct_116,2026-07-01,868,2,50,0.492,6,19,pro,0
acct_116,2026-08-01,866,3,51,0.432,10,19,pro,0
acct_116,2026-09-01,867,7,47,0.483,1,19,pro,0
acct_116,2026-10-01,904,3,37,0.52,7,19,pro,0
acct_116,2026-11-01,883,2,64,0.595,9,19,pro,0
acct_116,2026-12-01,804,5,55,0.567,10,19,pro,0
acct_117,2026-01-01,728,7,21,0.172,8,9,pro,0
acct_117,2026-02-01,671,9,24,0.205,0,9,pro,0
acct_117,2026-03-01,637,6,9,0.073,6,9,pro,0
acct_117,2026-04-01,535,2,19,0.082,13,9,pro,0
acct_117,2026-05-01,534,8,16,0.0,10,9,pro,0
acct_117,2026-06-01,442,4,10,0.046,9,9,pro,1
acct_117,2026-07-01,373,4,21,0.0,10,9,pro,0
acct_117,2026-08-01,314,7,9,0.0,15,9,pro,0
acct_117,2026-09-01,246,9,7,0.0,11,9,pro,0
acct_117,2026-10-01,197,7,11,0.0,20,9,pro,0
acct_117,2026-11-01,111,5,3,0.0,23,9,pro,0
acct_117,2026-12-01,87,6,0,0.0,14,9,pro,0
acct_118,2026-01-01,1032,3,22,0.437,6,22,enterprise,0
acct_118,2026-02-01,1065,3,15,0.23,10,22,enterprise,0
acct_118,2026-03-01,1051,4,20,0.592,1,22,enterprise,0
acct_118,2026-04-01,967,7,20,0.241,9,22,enterprise,0
acct_118,2026-05-01,1052,5,25,0.381,6,22,enterprise,1
acct_118,2026-06-01,1070,2,23,0.545,13,22,enterprise,0
acct_118,2026-07-01,1089,2,31,0.494,14,22,enterprise,0
acct_118,2026-08-01,1132,4,25,0.338,9,22,enterprise,1
acct_118,2026-09-01,1119,5,24,0.381,13,22,enterprise,0
acct_118,2026-10-01,1105,3,36,0.468,10,22,enterprise,0
acct_118,2026-11-01,1117,4,24,0.48,14,22,enterprise,0
acct_118,2026-12-01,1167,1,33,0.503,4,22,enterprise,0
acct_119,2026-01-01,407,4,55,0.269,11,18,basic,0
acct_119,2026-02-01,378,9,40,0.124,7,18,basic,0
acct_119,2026-03-01,334,6,55,0.088,17,18,basic,0
acct_119,2026-04-01,333,3,45,0.17,4,18,basic,0
acct_119,2026-05-01,293,7,36,0.124,18,18,basic,0
acct_119,2026-06-01,250,9,27,0.0,12,18,basic,0
acct_119,2026-07-01,231,4,39,0.0,15,18,basic,0
acct_119,2026-08-01,193,10,30,0.136,16,18,basic,0
acct_119,2026-09-01,174,5,24,0.017,18,18,basic,0
acct_119,2026-10-01,121,10,24,0.0,18,18,basic,0
acct_119,2026-11-01,91,5,15,0.0,21,18,basic,0
acct_119,2026-12-01,63,5,15,0.0,11,18,basic,0
acct_120,2026-01-01,904,3,14,0.764,12,20,enterprise,0
acct_120,2026-02-01,870,5,17,0.704,2,20,enterprise,0
acct_120,2026-03-01,922,5,21,0.674,14,20,enterprise,0
acct_120,2026-04-01,915,7,12,0.624,6,20,enterprise,0
acct_120,2026-05-01,892,1,12,0.548,12,20,enterprise,0
acct_120,2026-06-01,884,0,3,0.6,9,20,enterprise,0
acct_120,2026-07-01,903,2,4,0.626,10,20,enterprise,0
acct_120,2026-08-01,871,2,8,0.906,14,20,enterprise,0
acct_120,2026-09-01,846,4,6,0.672,10,20,enterprise,1
acct_120,2026-10-01,861,6,9,0.592,15,20,enterprise,0
acct_120,2026-11-01,907,6,0,0.682,8,20,enterprise,0
acct_120,2026-12-01,838,0,15,0.52,6,20,enterprise,0
acct_121,2026-01-01,927,2,41,0.601,4,7,basic,0
acct_121,2026-02-01,924,2,38,0.499,9,7,basic,0
acct_121,2026-03-01,829,8,40,0.514,5,7,basic,0
acct_121,2026-04-01,761,3,27,0.499,10,7,basic,0
acct_121,2026-05-01,722,8,30,0.261,11,7,basic,0
acct_121,2026-06-01,586,7,22,0.367,10,7,basic,0
acct_121,2026-07-01,496,8,19,0.359,11,7,basic,0
acct_121,2026-08-01,482,7,16,0.68,14,7,basic,0
acct_121,2026-09-01,402,5,6,0.225,13,7,basic,0
acct_121,2026-10-01,354,6,17,0.308,10,7,basic,0
acct_121,2026-11-01,190,5,18,0.162,19,7,basic,0
acct_121,2026-12-01,216,4,12,0.051,22,7,basic,0
acct_122,2026-01-01,915,7,47,0.451,6,8,basic,0
acct_122,2026-02-01,929,5,41,0.369,8,8,basic,0
acct_122,2026-03-01,877,5,43,0.284,13,8,basic,0
acct_122,2026-04-01,881,2,45,0.592,8,8,basic,0
acct_122,2026-05-01,939,3,45,0.369,6,8,basic,0
acct_122,2026-06-01,963,1,43,0.349,11,8,basic,0
acct_122,2026-07-01,970,1,34,0.335,10,8,basic,0
acct_122,2026-08-01,961,7,54,0.352,9,8,basic,0
acct_122,2026-09-01,984,6,56,0.445,6,8,basic,0
acct_122,2026-10-01,964,0,58,0.49,7,8,basic,0
acct_122,2026-11-01,1005,4,38,0.29,17,8,basic,0
acct_122,2026-12-01,1013,7,38,0.409,12,8,basic,0
acct_123,2026-01-01,532,7,10,0.556,11,31,pro,0
acct_123,2026-02-01,528,4,3,0.558,13,31,pro,0
acct_123,2026-03-01,538,4,3,0.559,13,31,pro,0
acct_123,2026-04-01,544,3,18,0.58,14,31,pro,1
acct_123,2026-05-01,566,1,11,0.506,6,31,pro,1
acct_123,2026-06-01,559,2,17,0.675,17,31,pro,0
acct_123,2026-07-01,567,6,13,0.537,7,31,pro,0
acct_123,2026-08-01,561,3,14,0.575,2,31,pro,0
acct_123,2026-09-01,607,4,5,0.786,0,31,pro,0
acct_123,2026-10-01,592,0,2,0.656,3,31,pro,0
acct_123,2026-11-01,597,0,13,0.657,3,31,pro,0
acct_123,2026-12-01,619,1,10,0.695,15,31,pro,1
acct_124,2026-01-01,1107,0,22,0.652,12,10,pro,0
acct_124,2026-02-01,1223,1,33,0.539,12,10,pro,0
acct_124,2026-03-01,1127,7,19,0.371,10,10,pro,0
acct_124,2026-04-01,1181,5,28,0.54,5,10,pro,0
acct_124,2026-05-01,1115,1,16,0.651,4,10,pro,0
acct_124,2026-06-01,1121,0,15,0.656,3,10,pro,1
acct_124,2026-07-01,1161,0,28,0.565,8,10,pro,0
acct_124,2026-08-01,1129,7,24,0.57,6,10,pro,0
acct_124,2026-09-01,1036,6,19,0.65,11,10,pro,0
acct_124,2026-10-01,1132,6,19,0.54,11,10,pro,0
acct_124,2026-11-01,1039,2,21,0.346,12,10,pro,0
acct_124,2026-12-01,1088,1,23,0.533,9,10,pro,0
acct_125,2026-01-01,1049,0,53,0.665,9,15,pro,0
acct_125,2026-02-01,1112,0,58,0.625,10,15,pro,0
acct_125,2026-03-01,1109,4,64,0.646,1,15,pro,1
acct_125,2026-04-01,1033,2,55,0.62,7,15,pro,0
acct_125,2026-05-01,1062,7,54,0.675,7,15,pro,0
acct_125,2026-06-01,1046,4,51,0.743,10,15,pro,0
acct_125,2026-07-01,1097,4,47,0.669,13,15,pro,0
acct_125,2026-08-01,1086,3,43,0.613,16,15,pro,0
acct_125,2026-09-01,1167,2,62,0.629,9,15,pro,0
acct_125,2026-10-01,1053,7,62,0.767,4,15,pro,0
acct_125,2026-11-01,1078,6,58,0.641,8,15,pro,0
acct_125,2026-12-01,1174,4,62,0.658,12,15,pro,0
acct_126,2026-01-01,442,5,59,0.199,12,19,enterprise,0
acct_126,2026-02-01,392,8,48,0.138,1,19,enterprise,0
acct_126,2026-03-01,367,3,49,0.042,15,19,enterprise,0
acct_126,2026-04-01,352,6,41,0.013,6,19,enterprise,0
acct_126,2026-05-01,321,4,38,0.0,6,19,enterprise,0
acct_126,2026-06-01,324,5,46,0.001,15,19,enterprise,0
acct_126,2026-07-01,298,5,22,0.014,20,19,enterprise,0
acct_126,2026-08-01,266,8,41,0.049,15,19,enterprise,1
acct_126,2026-09-01,225,3,30,0.0,18,19,enterprise,0
acct_126,2026-10-01,213,9,31,0.0,17,19,enterprise,0
acct_126,2026-11-01,186,6,28,0.0,13,19,enterprise,0
acct_126,2026-12-01,175,5,24,0.0,16,19,enterprise,0
acct_127,2026-01-01,548,4,56,0.319,9,6,pro,1
acct_127,2026-02-01,561,7,60,0.372,4,6,pro,0
acct_127,2026-03-01,539,4,60,0.595,9,6,pro,0
acct_127,2026-04-01,497,7,59,0.284,3,6,pro,0
acct_127,2026-05-01,545,5,54,0.345,13,6,pro,0
acct_127,2026-06-01,502,1,54,0.297,13,6,pro,0
acct_127,2026-07-01,506,5,51,0.389,12,6,pro,0
acct_127,2026-08-01,499,6,52,0.321,11,6,pro,0
acct_127,2026-09-01,514,6,56,0.361,7,6,pro,0
acct_127,2026-10-01,498,4,48,0.3,13,6,pro,0
acct_127,2026-11-01,486,7,57,0.43,9,6,pro,0
acct_127,2026-12-01,451,2,51,0.136,10,6,pro,0
acct_128,2026-01-01,711,0,32,0.393,6,32,pro,0
acct_128,2026-02-01,688,7,44,0.516,5,32,pro,0
acct_128,2026-03-01,670,4,49,0.406,1,32,pro,0
acct_128,2026-04-01,709,4,43,0.455,6,32,pro,1
acct_128,2026-05-01,654,0,48,0.324,8,32,pro,0
acct_128,2026-06-01,616,4,50,0.312,17,32,pro,0
acct_128,2026-07-01,667,0,41,0.294,2,32,pro,1
acct_128,2026-08-01,632,6,37,0.475,12,32,pro,0
acct_128,2026-09-01,667,2,46,0.372,11,32,pro,1
acct_128,2026-10-01,614,2,29,0.311,9,32,pro,1
acct_128,2026-11-01,623,3,33,0.448,2,32,pro,0
acct_128,2026-12-01,559,7,40,0.457,11,32,pro,0
acct_129,2026-01-01,1095,7,42,0.118,11,19,pro,0
acct_129,2026-02-01,1045,1,49,0.215,9,19,pro,0
acct_129,2026-03-01,1068,0,50,0.182,3,19,pro,1
acct_129,2026-04-01,1040,7,53,0.306,13,19,pro,0
acct_129,2026-05-01,1105,5,63,0.361,7,19,pro,0
acct_129,2026-06-01,1090,7,52,0.204,15,19,pro,0
acct_129,2026-07-01,1100,5,61,0.321,11,19,pro,1
acct_129,2026-08-01,1142,2,53,0.321,4,19,pro,0
acct_129,2026-09-01,1108,0,65,0.308,12,19,pro,0
acct_129,2026-10-01,1159,5,53,0.423,1,19,pro,0
acct_129,2026-11-01,1163,0,58,0.423,7,19,pro,0
acct_129,2026-12-01,1217,7,58,0.302,9,19,pro,0
acct_130,2026-01-01,1019,7,20,0.535,4,30,pro,1
acct_130,2026-02-01,1057,4,26,0.492,0,30,pro,0
acct_130,2026-03-01,956,3,30,0.58,10,30,pro,0
acct_130,2026-04-01,1004,6,15,0.57,14,30,pro,1
acct_130,2026-05-01,983,6,20,0.615,4,30,pro,0
acct_130,2026-06-01,993,5,24,0.362,4,30,pro,1
acct_130,2026-07-01,985,0,20,0.483,11,30,pro,0
acct_130,2026-08-01,943,7,23,0.531,10,30,pro,0
acct_130,2026-09-01,935,6,13,0.509,9,30,pro,0
acct_130,2026-10-01,943,6,13,0.316,9,30,pro,0
acct_130,2026-11-01,924,3,24,0.469,10,30,pro,0
acct_130,2026-12-01,894,0,20,0.61,13,30,pro,1
acct_131,2026-01-01,947,4,45,0.46,0,22,basic,0
acct_131,2026-02-01,797,2,45,0.572,9,22,basic,0
acct_131,2026-03-01,726,6,45,0.332,5,22,basic,0
acct_131,2026-04-01,627,9,32,0.312,11,22,basic,1
acct_131,2026-05-01,559,8,33,0.396,6,22,basic,0
acct_131,2026-06-01,514,5,25,0.241,9,22,basic,0
acct_131,2026-07-01,466,4,33,0.176,13,22,basic,0
acct_131,2026-08-01,323,6,28,0.134,11,22,basic,0
acct_131,2026-09-01,283,4,16,0.139,19,22,basic,0
acct_131,2026-10-01,220,6,21,0.0,15,22,basic,0
acct_131,2026-11-01,120,3,4,0.057,13,22,basic,0
acct_131,2026-12-01,43,5,11,0.034,22,22,basic,0
acct_132,2026-01-01,876,6,27,0.44,0,30,enterprise,0
acct_132,2026-02-01,889,7,27,0.492,5,30,enterprise,0
acct_132,2026-03-01,872,3,17,0.541,7,30,enterprise,0
acct_132,2026-04-01,904,3,13,0.435,6,30,enterprise,0
acct_132,2026-05-01,860,3,21,0.548,5,30,enterprise,0
acct_132,2026-06-01,810,7,25,0.519,10,30,enterprise,0
acct_132,2026-07-01,793,7,28,0.572,5,30,enterprise,0
acct_132,2026-08-01,869,3,17,0.38,3,30,enterprise,1
acct_132,2026-09-01,832,3,20,0.523,14,30,enterprise,0
acct_132,2026-10-01,822,7,26,0.548,5,30,enterprise,1
acct_132,2026-11-01,874,1,23,0.531,4,30,enterprise,0
acct_132,2026-12-01,807,0,19,0.409,12,30,enterprise,0
acct_133,2026-01-01,554,3,15,0.627,14,4,enterprise,1
acct_133,2026-02-01,542,6,21,0.505,16,4,enterprise,0
acct_133,2026-03-01,546,3,13,0.463,11,4,enterprise,0
acct_133,2026-04-01,534,7,19,0.594,5,4,enterprise,0
acct_133,2026-05-01,558,1,29,0.545,11,4,enterprise,0
acct_133,2026-06-01,580,2,14,0.553,12,4,enterprise,0
acct_133,2026-07-01,536,6,9,0.497,14,4,enterprise,0
acct_133,2026-08-01,531,1,12,0.531,10,4,enterprise,0
acct_133,2026-09-01,533,0,15,0.545,9,4,enterprise,0
acct_133,2026-10-01,540,5,31,0.423,15,4,enterprise,0
acct_133,2026-11-01,518,0,20,0.542,9,4,enterprise,0
acct_133,2026-12-01,528,2,25,0.475,7,4,enterprise,0
acct_134,2026-01-01,1064,1,30,0.28,10,35,pro,0
acct_134,2026-02-01,1109,0,28,0.474,2,35,pro,0
acct_134,2026-03-01,1125,6,32,0.567,1,35,pro,0
acct_134,2026-04-01,1207,2,28,0.438,12,35,pro,0
acct_134,2026-05-01,1131,0,27,0.32,17,35,pro,0
acct_134,2026-06-01,1183,5,38,0.407,8,35,pro,0
acct_134,2026-07-01,1187,3,35,0.303,14,35,pro,0
acct_134,2026-08-01,1177,7,37,0.553,10,35,pro,0
acct_134,2026-09-01,1186,6,39,0.455,10,35,pro,0
acct_134,2026-10-01,1170,1,29,0.532,0,35,pro,0
acct_134,2026-11-01,1103,1,23,0.492,1,35,pro,0
acct_134,2026-12-01,1167,5,45,0.399,9,35,pro,0
acct_135,2026-01-01,1000,6,53,0.332,13,39,basic,0
acct_135,2026-02-01,989,1,54,0.536,13,39,basic,0
acct_135,2026-03-01,951,6,48,0.431,9,39,basic,0
acct_135,2026-04-01,1011,2,56,0.321,15,39,basic,0
acct_135,2026-05-01,1020,1,60,0.432,6,39,basic,1
acct_135,2026-06-01,1017,7,43,0.439,12,39,basic,0
acct_135,2026-07-01,1004,3,55,0.328,17,39,basic,0
acct_135,2026-08-01,999,2,61,0.453,11,39,basic,0
acct_135,2026-09-01,997,5,51,0.366,3,39,basic,0
acct_135,2026-10-01,1023,6,56,0.414,14,39,basic,0
acct_135,2026-11-01,1028,3,47,0.529,11,39,basic,0
acct_135,2026-12-01,999,7,56,0.489,10,39,basic,0
acct_136,2026-01-01,624,5,40,0.498,5,14,pro,0
acct_136,2026-02-01,613,0,48,0.644,0,14,pro,1
acct_136,2026-03-01,622,5,36,0.548,13,14,pro,0
acct_136,2026-04-01,624,3,40,0.441,5,14,pro,0
acct_136,2026-05-01,620,2,45,0.532,1,14,pro,0
acct_136,2026-06-01,654,5,34,0.603,11,14,pro,0
acct_136,2026-07-01,675,3,41,0.554,3,14,pro,0
acct_136,2026-08-01,671,2,33,0.71,3,14,pro,0
acct_136,2026-09-01,657,4,42,0.509,8,14,pro,1
acct_136,2026-10-01,646,2,46,0.546,1,14,pro,0
acct_136,2026-11-01,671,4,46,0.648,12,14,pro,0
acct_136,2026-12-01,664,2,56,0.712,12,14,pro,0
acct_137,2026-01-01,863,5,16,0.724,9,40,pro,1
acct_137,2026-02-01,888,5,21,0.781,6,40,pro,0
acct_137,2026-03-01,870,4,20,0.776,8,40,pro,0
acct_137,2026-04-01,819,7,28,0.589,4,40,pro,1
acct_137,2026-05-01,820,2,21,0.667,16,40,pro,0
acct_137,2026-06-01,779,1,13,0.579,10,40,pro,0
acct_137,2026-07-01,866,4,25,0.752,10,40,pro,0
acct_137,2026-08-01,785,3,21,0.598,14,40,pro,0
acct_137,2026-09-01,830,4,30,0.739,5,40,pro,0
acct_137,2026-10-01,802,1,28,0.67,13,40,pro,0
acct_137,2026-11-01,806,3,14,0.745,12,40,pro,0
acct_137,2026-12-01,783,6,15,0.842,2,40,pro,0
acct_138,2026-01-01,1058,7,50,0.76,14,19,pro,0
acct_138,2026-02-01,1078,0,47,0.55,9,19,pro,0
acct_138,2026-03-01,1105,4,51,0.444,12,19,pro,0
acct_138,2026-04-01,1108,5,50,0.554,14,19,pro,0
acct_138,2026-05-01,1126,5,49,0.599,9,19,pro,1
acct_138,2026-06-01,1145,1,38,0.688,7,19,pro,0
acct_138,2026-07-01,1172,5,49,0.623,8,19,pro,0
acct_138,2026-08-01,1180,2,37,0.517,9,19,pro,0
acct_138,2026-09-01,1215,7,51,0.521,14,19,pro,1
acct_138,2026-10-01,1193,0,49,0.63,6,19,pro,0
acct_138,2026-11-01,1211,2,51,0.519,12,19,pro,0
acct_138,2026-12-01,1204,0,57,0.599,9,19,pro,1
acct_139,2026-01-01,864,2,33,0.651,12,18,basic,0
acct_139,2026-02-01,827,4,33,0.766,14,18,basic,0
acct_139,2026-03-01,805,7,46,0.641,15,18,basic,1
acct_139,2026-04-01,864,7,33,0.73,13,18,basic,0
acct_139,2026-05-01,822,7,42,0.831,4,18,basic,0
acct_139,2026-06-01,824,4,36,0.889,13,18,basic,0
acct_139,2026-07-01,836,4,30,0.798,0,18,basic,0
acct_139,2026-08-01,846,5,35,0.789,7,18,basic,0
acct_139,2026-09-01,802,6,41,0.641,4,18,basic,0
acct_139,2026-10-01,787,4,32,0.727,3,18,basic,0
acct_139,2026-11-01,831,3,39,0.669,8,18,basic,0
acct_139,2026-12-01,816,2,31,0.671,10,18,basic,0
acct_140,2026-01-01,1007,3,40,0.626,8,9,basic,0
acct_140,2026-02-01,916,9,41,0.196,2,9,basic,1
acct_140,2026-03-01,793,4,32,0.282,8,9,basic,0
acct_140,2026-04-01,725,2,32,0.404,8,9,basic,0
acct_140,2026-05-01,615,8,26,0.24,14,9,basic,0
acct_140,2026-06-01,519,8,28,0.103,13,9,basic,0
acct_140,2026-07-01,379,7,15,0.233,9,9,basic,0
acct_140,2026-08-01,305,10,22,0.176,17,9,basic,1
acct_140,2026-09-01,248,7,2,0.008,14,9,basic,1
acct_140,2026-10-01,53,5,11,0.0,24,9,basic,0
acct_140,2026-11-01,0,3,4,0.0,11,9,basic,0
acct_140,2026-12-01,0,5,6,0.0,15,9,basic,0
acct_141,2026-01-01,600,6,63,0.421,6,9,pro,0
acct_141,2026-02-01,623,0,61,0.409,13,9,pro,0
acct_141,2026-03-01,589,4,56,0.291,16,9,pro,0
acct_141,2026-04-01,607,6,53,0.39,6,9,pro,1
acct_141,2026-05-01,581,6,54,0.346,11,9,pro,0
acct_141,2026-06-01,597,4,58,0.427,13,9,pro,0
acct_141,2026-07-01,597,4,63,0.394,6,9,pro,0
acct_141,2026-08-01,579,6,53,0.257,7,9,pro,0
acct_141,2026-09-01,626,1,69,0.458,4,9,pro,0
acct_141,2026-10-01,599,5,64,0.262,10,9,pro,0
acct_141,2026-11-01,576,7,57,0.418,5,9,pro,0
acct_141,2026-12-01,587,2,56,0.251,5,9,pro,0
acct_142,2026-01-01,438,6,20,0.757,5,17,enterprise,0
acct_142,2026-02-01,448,6,13,0.904,9,17,enterprise,0
acct_142,2026-03-01,442,7,9,0.744,11,17,enterprise,0
acct_142,2026-04-01,445,4,26,0.707,10,17,enterprise,0
acct_142,2026-05-01,447,3,24,0.821,14,17,enterprise,0
acct_142,2026-06-01,444,6,18,0.671,8,17,enterprise,1
acct_142,2026-07-01,439,2,18,0.796,4,17,enterprise,0
acct_142,2026-08-01,443,4,25,0.8,2,17,enterprise,1
acct_142,2026-09-01,429,1,15,0.881,14,17,enterprise,0
acct_142,2026-10-01,423,3,9,0.835,8,17,enterprise,0
acct_142,2026-11-01,461,0,5,0.902,14,17,enterprise,0
acct_142,2026-12-01,444,6,13,0.874,12,17,enterprise,0
acct_143,2026-01-01,983,2,18,0.407,4,18,basic,0
acct_143,2026-02-01,905,4,19,0.473,5,18,basic,0
acct_143,2026-03-01,871,3,9,0.305,17,18,basic,0
acct_143,2026-04-01,790,2,20,0.527,3,18,basic,1
acct_143,2026-05-01,816,5,23,0.372,12,18,basic,0
acct_143,2026-06-01,692,5,14,0.323,9,18,basic,0
acct_143,2026-07-01,699,9,11,0.209,8,18,basic,0
acct_143,2026-08-01,559,10,9,0.256,5,18,basic,0
acct_143,2026-09-01,550,6,16,0.049,15,18,basic,0
acct_143,2026-10-01,453,3,21,0.172,12,18,basic,0
acct_143,2026-11-01,409,6,21,0.149,13,18,basic,0
acct_143,2026-12-01,331,7,5,0.148,8,18,basic,0
acct_144,2026-01-01,776,5,39,0.268,11,30,pro,0
acct_144,2026-02-01,802,7,24,0.329,13,30,pro,0
acct_144,2026-03-01,778,5,37,0.35,7,30,pro,0
acct_144,2026-04-01,763,3,26,0.186,4,30,pro,0
acct_144,2026-05-01,835,1,35,0.325,7,30,pro,0
acct_144,2026-06-01,760,2,25,0.362,7,30,pro,0
acct_144,2026-07-01,813,6,35,0.383,8,30,pro,0
acct_144,2026-08-01,787,5,40,0.253,3,30,pro,0
acct_144,2026-09-01,804,2,43,0.337,4,30,pro,0
acct_144,2026-10-01,794,5,27,0.15,9,30,pro,0
acct_144,2026-11-01,788,6,24,0.409,16,30,pro,0
acct_144,2026-12-01,761,4,38,0.219,17,30,pro,0
acct_145,2026-01-01,644,4,34,0.256,2,3,basic,0
acct_145,2026-02-01,562,5,28,0.011,17,3,basic,0
acct_145,2026-03-01,489,5,16,0.055,5,3,basic,0
acct_145,2026-04-01,466,4,24,0.0,14,3,basic,0
acct_145,2026-05-01,394,6,22,0.071,10,3,basic,0
acct_145,2026-06-01,335,3,15,0.0,7,3,basic,0
acct_145,2026-07-01,290,9,9,0.014,18,3,basic,0
acct_145,2026-08-01,210,5,15,0.0,17,3,basic,0
acct_145,2026-09-01,141,10,17,0.006,16,3,basic,0
acct_145,2026-10-01,78,5,9,0.0,11,3,basic,0
acct_145,2026-11-01,47,4,0,0.0,11,3,basic,0
acct_145,2026-12-01,0,6,2,0.0,18,3,basic,0
acct_146,2026-01-01,598,5,8,0.352,9,23,pro,0
acct_146,2026-02-01,608,6,11,0.562,2,23,pro,0
acct_146,2026-03-01,633,0,8,0.414,1,23,pro,0
acct_146,2026-04-01,647,5,8,0.306,9,23,pro,0
acct_146,2026-05-01,573,1,8,0.454,5,23,pro,0
acct_146,2026-06-01,613,3,13,0.415,13,23,pro,1
acct_146,2026-07-01,587,7,16,0.255,5,23,pro,0
acct_146,2026-08-01,613,3,7,0.335,1,23,pro,0
acct_146,2026-09-01,570,4,11,0.34,0,23,pro,0
acct_146,2026-10-01,543,4,13,0.241,16,23,pro,0
acct_146,2026-11-01,577,3,2,0.389,7,23,pro,0
acct_146,2026-12-01,560,1,18,0.47,11,23,pro,0
acct_147,2026-01-01,999,5,40,0.421,4,7,enterprise,0
acct_147,2026-02-01,953,8,26,0.3,8,7,enterprise,0
acct_147,2026-03-01,935,5,42,0.428,12,7,enterprise,0
acct_147,2026-04-01,795,3,30,0.283,10,7,enterprise,0
acct_147,2026-05-01,837,2,31,0.268,10,7,enterprise,0
acct_147,2026-06-01,730,8,24,0.263,8,7,enterprise,0
acct_147,2026-07-01,658,4,21,0.351,6,7,enterprise,0
acct_147,2026-08-01,610,4,29,0.292,9,7,enterprise,0
acct_147,2026-09-01,546,3,16,0.198,12,7,enterprise,0
acct_147,2026-10-01,553,3,22,0.011,22,7,enterprise,0
acct_147,2026-11-01,434,4,23,0.337,18,7,enterprise,0
acct_147,2026-12-01,394,3,9,0.197,15,7,enterprise,0
acct_148,2026-01-01,501,1,37,0.363,9,34,pro,0
acct_148,2026-02-01,514,0,28,0.515,1,34,pro,0
acct_148,2026-03-01,500,7,34,0.541,6,34,pro,0
acct_148,2026-04-01,513,2,41,0.511,15,34,pro,0
acct_148,2026-05-01,492,4,48,0.322,0,34,pro,0
acct_148,2026-06-01,506,3,41,0.475,9,34,pro,0
acct_148,2026-07-01,500,6,42,0.276,12,34,pro,0
acct_148,2026-08-01,512,2,29,0.387,14,34,pro,0
acct_148,2026-09-01,498,2,25,0.371,6,34,pro,0
acct_148,2026-10-01,512,7,39,0.352,5,34,pro,0
acct_148,2026-11-01,488,5,30,0.335,12,34,pro,0
acct_148,2026-12-01,464,4,32,0.341,5,34,pro,0
acct_149,2026-01-01,442,4,15,0.747,12,15,pro,0
acct_149,2026-02-01,447,2,16,0.667,2,15,pro,0
acct_149,2026-03-01,435,2,11,0.358,13,15,pro,0
acct_149,2026-04-01,447,7,26,0.739,3,15,pro,0
acct_149,2026-05-01,461,4,20,0.593,5,15,pro,0
acct_149,2026-06-01,435,0,16,0.498,1,15,pro,0
acct_149,2026-07-01,445,4,18,0.491,12,15,pro,0
acct_149,2026-08-01,455,4,22,0.579,0,15,pro,0
acct_149,2026-09-01,446,4,27,0.529,7,15,pro,0
acct_149,2026-10-01,437,7,8,0.497,2,15,pro,0
acct_149,2026-11-01,456,2,28,0.559,4,15,pro,0
acct_149,2026-12-01,430,5,12,0.777,11,15,pro,0
acct_150,2026-01-01,705,4,28,0.396,6,38,pro,1
acct_150,2026-02-01,707,5,6,0.432,0,38,pro,1
acct_150,2026-03-01,720,6,16,0.481,13,38,pro,0
acct_150,2026-04-01,725,2,15,0.296,4,38,pro,0
acct_150,2026-05-01,770,0,15,0.493,14,38,pro,0
acct_150,2026-06-01,799,2,1,0.405,4,38,pro,0
acct_150,2026-07-01,725,5,14,0.396,12,38,pro,0
acct_150,2026-08-01,781,3,20,0.312,3,38,pro,0
acct_150,2026-09-01,781,6,18,0.522,8,38,pro,0
acct_150,2026-10-01,837,7,19,0.493,8,38,pro,0
acct_150,2026-11-01,820,2,18,0.401,7,38,pro,0
acct_150,2026-12-01,831,6,11,0.528,2,38,pro,1
acct_151,2026-01-01,644,4,26,0.393,5,15,enterprise,0
acct_151,2026-02-01,579,8,32,0.506,5,15,enterprise,0
acct_151,2026-03-01,513,2,23,0.7,8,15,enterprise,0
acct_151,2026-04-01,499,3,29,0.559,9,15,enterprise,0
acct_151,2026-05-01,478,3,24,0.61,8,15,enterprise,0
acct_151,2026-06-01,401,6,26,0.363,19,15,enterprise,0
acct_151,2026-07-01,419,9,22,0.39,12,15,enterprise,0
acct_151,2026-08-01,371,9,18,0.449,22,15,enterprise,0
acct_151,2026-09-01,343,9,18,0.395,17,15,enterprise,0
acct_151,2026-10-01,292,4,18,0.442,22,15,enterprise,0
acct_151,2026-11-01,255,5,15,0.211,22,15,enterprise,1
acct_151,2026-12-01,227,3,27,0.132,22,15,enterprise,0
acct_152,2026-01-01,903,5,43,0.61,17,34,enterprise,0
acct_152,2026-02-01,861,2,46,0.654,13,34,enterprise,0
acct_152,2026-03-01,887,1,46,0.342,12,34,enterprise,1
acct_152,2026-04-01,952,3,55,0.63,9,34,enterprise,0
acct_152,2026-05-01,956,0,37,0.501,9,34,enterprise,0
acct_152,2026-06-01,944,1,41,0.537,9,34,enterprise,0
acct_152,2026-07-01,954,0,46,0.61,8,34,enterprise,0
acct_152,2026-08-01,951,3,29,0.487,11,34,enterprise,0
acct_152,2026-09-01,1036,2,35,0.616,11,34,enterprise,0
acct_152,2026-10-01,999,4,32,0.713,0,34,enterprise,1
acct_152,2026-11-01,998,2,41,0.564,14,34,enterprise,0
acct_152,2026-12-01,989,7,30,0.716,3,34,enterprise,0
acct_153,2026-01-01,622,2,45,0.609,10,37,pro,1
acct_153,2026-02-01,599,4,42,0.639,17,37,pro,0
acct_153,2026-03-01,626,6,54,0.608,9,37,pro,0
acct_153,2026-04-01,623,6,48,0.736,5,37,pro,0
acct_153,2026-05-01,617,7,55,0.516,9,37,pro,0
acct_153,2026-06-01,612,2,56,0.804,7,37,pro,0
acct_153,2026-07-01,653,2,54,0.718,12,37,pro,0
acct_153,2026-08-01,637,3,55,0.731,8,37,pro,0
acct_153,2026-09-01,620,1,43,0.509,14,37,pro,0
acct_153,2026-10-01,649,6,48,0.715,5,37,pro,0
acct_153,2026-11-01,661,6,55,0.716,5,37,pro,0
acct_153,2026-12-01,633,4,53,0.796,3,37,pro,0
acct_154,2026-01-01,890,6,28,0.46,7,5,pro,1
acct_154,2026-02-01,911,0,21,0.683,2,5,pro,0
acct_154,2026-03-01,931,2,16,0.681,12,5,pro,0
acct_154,2026-04-01,847,5,26,0.55,5,5,pro,0
acct_154,2026-05-01,846,7,22,0.612,14,5,pro,0
acct_154,2026-06-01,884,1,27,0.535,7,5,pro,1
acct_154,2026-07-01,844,1,26,0.425,1,5,pro,0
acct_154,2026-08-01,878,2,25,0.388,13,5,pro,0
acct_154,2026-09-01,811,0,15,0.39,14,5,pro,0
acct_154,2026-10-01,869,2,26,0.523,14,5,pro,0
acct_154,2026-11-01,908,6,20,0.442,15,5,pro,0
acct_154,2026-12-01,782,6,20,0.623,4,5,pro,1
acct_155,2026-01-01,690,2,57,0.249,11,32,pro,0
acct_155,2026-02-01,680,5,56,0.253,11,32,pro,0
acct_155,2026-03-01,698,1,66,0.398,10,32,pro,0
acct_155,2026-04-01,713,3,45,0.448,10,32,pro,0
acct_155,2026-05-01,698,2,51,0.24,6,32,pro,0
acct_155,2026-06-01,696,7,51,0.214,0,32,pro,1
acct_155,2026-07-01,644,6,62,0.286,14,32,pro,0
acct_155,2026-08-01,649,7,54,0.305,0,32,pro,0
acct_155,2026-09-01,704,0,65,0.483,12,32,pro,0
acct_155,2026-10-01,681,1,40,0.373,11,32,pro,1
acct_155,2026-11-01,660,2,48,0.367,15,32,pro,0
acct_155,2026-12-01,692,2,44,0.434,17,32,pro,0
acct_156,2026-01-01,573,9,25,0.318,5,13,pro,0
acct_156,2026-02-01,551,4,13,0.239,1,13,pro,0
acct_156,2026-03-01,485,2,21,0.308,7,13,pro,0
acct_156,2026-04-01,444,2,5,0.185,6,13,pro,0
acct_156,2026-05-01,443,9,12,0.21,9,13,pro,0
acct_156,2026-06-01,378,4,23,0.32,17,13,pro,0
acct_156,2026-07-01,377,7,24,0.106,12,13,pro,0
acct_156,2026-08-01,327,4,4,0.202,22,13,pro,0
acct_156,2026-09-01,256,9,7,0.186,16,13,pro,0
acct_156,2026-10-01,268,7,14,0.07,9,13,pro,0
acct_156,2026-11-01,225,9,10,0.0,11,13,pro,0
acct_156,2026-12-01,171,8,0,0.0,23,13,pro,1
acct_157,2026-01-01,429,7,33,0.529,15,7,enterprise,0
acct_157,2026-02-01,418,5,24,0.63,5,7,enterprise,0
acct_157,2026-03-01,410,1,38,0.482,17,7,enterprise,0
acct_157,2026-04-01,423,6,36,0.582,14,7,enterprise,0
acct_157,2026-05-01,418,2,27,0.497,11,7,enterprise,0
acct_157,2026-06-01,443,0,35,0.447,3,7,enterprise,1
acct_157,2026-07-01,421,4,27,0.506,12,7,enterprise,0
acct_157,2026-08-01,421,2,31,0.658,12,7,enterprise,0
acct_157,2026-09-01,453,0,37,0.528,1,7,enterprise,0
acct_157,2026-10-01,432,0,31,0.555,4,7,enterprise,0
acct_157,2026-11-01,422,1,42,0.547,3,7,enterprise,0
acct_157,2026-12-01,440,0,46,0.541,0,7,enterprise,0
acct_158,2026-01-01,687,4,32,0.648,5,10,basic,0
acct_158,2026-02-01,676,4,27,0.716,9,10,basic,0
acct_158,2026-03-01,672,5,41,0.751,9,10,basic,0
acct_158,2026-04-01,648,6,44,0.594,10,10,basic,0
acct_158,2026-05-01,683,3,36,0.504,3,10,basic,1
acct_158,2026-06-01,637,5,41,0.757,3,10,basic,0
acct_158,2026-07-01,650,3,31,0.601,11,10,basic,0
acct_158,2026-08-01,635,6,39,0.503,13,10,basic,0
acct_158,2026-09-01,600,0,31,0.491,11,10,basic,0
acct_158,2026-10-01,597,0,33,0.67,13,10,basic,0
acct_158,2026-11-01,638,3,34,0.596,6,10,basic,0
acct_158,2026-12-01,627,3,20,0.479,12,10,basic,0
acct_159,2026-01-01,424,7,13,0.26,0,9,pro,0
acct_159,2026-02-01,405,7,11,0.294,9,9,pro,1
acct_159,2026-03-01,351,4,19,0.132,1,9,pro,0
acct_159,2026-04-01,359,3,9,0.248,11,9,pro,0
acct_159,2026-05-01,317,6,10,0.282,14,9,pro,0
acct_159,2026-06-01,306,4,23,0.133,9,9,pro,0
acct_159,2026-07-01,276,5,4,0.14,17,9,pro,0
acct_159,2026-08-01,234,4,19,0.0,20,9,pro,0
acct_159,2026-09-01,215,7,0,0.049,13,9,pro,0
acct_159,2026-10-01,148,5,7,0.066,12,9,pro,0
acct_159,2026-11-01,142,4,17,0.0,9,9,pro,0
acct_159,2026-12-01,125,9,7,0.0,14,9,pro,0
acct_160,2026-01-01,1109,8,25,0.534,0,22,enterprise,0
acct_160,2026-02-01,1071,2,36,0.512,4,22,enterprise,0
acct_160,2026-03-01,1027,7,22,0.322,10,22,enterprise,0
acct_160,2026-04-01,785,2,22,0.512,10,22,enterprise,0
acct_160,2026-05-01,729,2,22,0.361,17,22,enterprise,0
acct_160,2026-06-01,713,5,17,0.184,20,22,enterprise,0
acct_160,2026-07-01,557,9,13,0.268,17,22,enterprise,0
acct_160,2026-08-01,497,10,0,0.0,15,22,enterprise,0
acct_160,2026-09-01,302,5,4,0.09,17,22,enterprise,0
acct_160,2026-10-01,346,4,10,0.063,19,22,enterprise,0
acct_160,2026-11-01,121,7,4,0.089,14,22,enterprise,1
acct_160,2026-12-01,98,8,0,0.006,12,22,enterprise,0
acct_161,2026-01-01,768,6,41,0.695,3,5,basic,0
acct_161,2026-02-01,780,7,40,0.806,11,5,basic,0
acct_161,2026-03-01,771,2,41,0.873,11,5,basic,0
acct_161,2026-04-01,798,5,39,0.906,5,5,basic,0
acct_161,2026-05-01,815,0,50,0.569,10,5,basic,0
acct_161,2026-06-01,768,1,33,0.676,11,5,basic,0
acct_161,2026-07-01,794,5,30,0.694,3,5,basic,0
acct_161,2026-08-01,778,3,38,0.738,8,5,basic,0
acct_161,2026-09-01,784,2,28,0.74,1,5,basic,0
acct_161,2026-10-01,778,6,39,0.657,8,5,basic,0
acct_161,2026-11-01,802,4,34,0.663,2,5,basic,0
acct_161,2026-12-01,849,5,45,0.714,9,5,basic,0
acct_162,2026-01-01,1093,4,13,0.282,13,29,enterprise,1
acct_162,2026-02-01,1097,5,14,0.211,10,29,enterprise,0
acct_162,2026-03-01,1059,2,13,0.453,7,29,enterprise,0
acct_162,2026-04-01,1069,6,11,0.248,9,29,enterprise,0
acct_162,2026-05-01,1063,5,26,0.491,5,29,enterprise,0
acct_162,2026-06-01,1100,3,11,0.455,13,29,enterprise,0
acct_162,2026-07-01,1123,5,14,0.288,7,29,enterprise,0
acct_162,2026-08-01,1077,1,4,0.378,8,29,enterprise,1
acct_162,2026-09-01,1098,2,23,0.437,11,29,enterprise,0
acct_162,2026-10-01,1054,2,14,0.298,12,29,enterprise,0
acct_162,2026-11-01,1119,0,11,0.284,3,29,enterprise,0
acct_162,2026-12-01,1013,6,29,0.441,4,29,enterprise,0
acct_163,2026-01-01,853,4,10,0.479,5,31,pro,0
acct_163,2026-02-01,876,5,0,0.452,12,31,pro,0
acct_163,2026-03-01,844,5,12,0.441,7,31,pro,0
acct_163,2026-04-01,869,5,17,0.312,7,31,pro,0
acct_163,2026-05-01,804,3,10,0.343,3,31,pro,0
acct_163,2026-06-01,840,2,25,0.475,10,31,pro,0
acct_163,2026-07-01,809,2,12,0.411,16,31,pro,0
acct_163,2026-08-01,805,2,15,0.442,12,31,pro,0
acct_163,2026-09-01,787,4,12,0.308,6,31,pro,0
acct_163,2026-10-01,778,2,15,0.438,0,31,pro,0
acct_163,2026-11-01,806,7,20,0.224,0,31,pro,0
acct_163,2026-12-01,778,5,7,0.409,12,31,pro,0
acct_164,2026-01-01,996,5,59,0.648,2,12,enterprise,0
acct_164,2026-02-01,1065,2,37,0.375,3,12,enterprise,0
acct_164,2026-03-01,990,5,49,0.43,8,12,enterprise,0
acct_164,2026-04-01,1022,7,41,0.365,4,12,enterprise,0
acct_164,2026-05-01,958,2,45,0.197,5,12,enterprise,0
acct_164,2026-06-01,985,6,52,0.487,13,12,enterprise,0
acct_164,2026-07-01,983,2,38,0.327,17,12,enterprise,0
acct_164,2026-08-01,952,5,45,0.406,10,12,enterprise,0
acct_164,2026-09-01,973,2,51,0.507,3,12,enterprise,0
acct_164,2026-10-01,956,1,29,0.252,10,12,enterprise,0
acct_164,2026-11-01,903,4,43,0.327,5,12,enterprise,1
acct_164,2026-12-01,945,2,41,0.407,8,12,enterprise,0
acct_165,2026-01-01,614,6,33,1.0,14,29,pro,0
acct_165,2026-02-01,628,7,40,0.786,9,29,pro,0
acct_165,2026-03-01,623,0,32,0.786,17,29,pro,0
acct_165,2026-04-01,622,7,28,0.639,7,29,pro,0
acct_165,2026-05-01,633,0,36,0.796,12,29,pro,0
acct_165,2026-06-01,596,1,33,0.751,5,29,pro,1
acct_165,2026-07-01,610,5,42,0.654,0,29,pro,1
acct_165,2026-08-01,595,0,38,0.683,4,29,pro,0
acct_165,2026-09-01,606,0,39,0.737,10,29,pro,0
acct_165,2026-10-01,590,0,39,0.803,10,29,pro,0
acct_165,2026-11-01,604,3,43,0.952,9,29,pro,1
acct_165,2026-12-01,588,7,31,0.843,15,29,pro,0
acct_166,2026-01-01,821,2,18,0.806,12,32,pro,0
acct_166,2026-02-01,850,7,20,0.73,5,32,pro,0
acct_166,2026-03-01,811,3,20,0.858,13,32,pro,0
acct_166,2026-04-01,820,7,8,0.794,5,32,pro,0
acct_166,2026-05-01,835,0,10,0.94,8,32,pro,0
acct_166,2026-06-01,859,3,19,0.711,13,32,pro,0
acct_166,2026-07-01,820,2,19,0.804,8,32,pro,0
acct_166,2026-08-01,790,7,10,0.658,11,32,pro,0
acct_166,2026-09-01,861,2,12,0.762,4,32,pro,0
acct_166,2026-10-01,854,4,11,0.8,8,32,pro,0
acct_166,2026-11-01,817,6,0,0.751,13,32,pro,0
acct_166,2026-12-01,868,6,16,0.871,5,32,pro,0
acct_167,2026-01-01,1240,2,39,0.464,12,11,basic,0
acct_167,2026-02-01,1154,4,22,0.259,8,11,basic,0
acct_167,2026-03-01,1172,5,33,0.333,17,11,basic,0
acct_167,2026-04-01,1116,3,37,0.252,5,11,basic,0
acct_167,2026-05-01,1095,0,29,0.342,5,11,basic,0
acct_167,2026-06-01,1112,4,33,0.237,4,11,basic,0
acct_167,2026-07-01,1130,6,26,0.289,7,11,basic,0
acct_167,2026-08-01,1072,2,33,0.289,12,11,basic,0
acct_167,2026-09-01,1074,0,23,0.273,6,11,basic,0
acct_167,2026-10-01,1073,4,15,0.301,8,11,basic,0
acct_167,2026-11-01,1033,7,26,0.374,3,11,basic,0
acct_167,2026-12-01,1100,2,30,0.19,7,11,basic,0
acct_168,2026-01-01,538,4,35,0.734,4,3,enterprise,0
acct_168,2026-02-01,469,5,32,0.485,13,3,enterprise,0
acct_168,2026-03-01,434,2,33,0.517,3,3,enterprise,0
acct_168,2026-04-01,356,8,29,0.392,14,3,enterprise,0
acct_168,2026-05-01,310,5,21,0.188,12,3,enterprise,0
acct_168,2026-06-01,229,5,21,0.343,14,3,enterprise,1
acct_168,2026-07-01,179,5,10,0.336,6,3,enterprise,0
acct_168,2026-08-01,134,4,26,0.164,22,3,enterprise,1
acct_168,2026-09-01,75,8,13,0.014,17,3,enterprise,0
acct_168,2026-10-01,8,7,12,0.032,17,3,enterprise,0
acct_168,2026-11-01,2,10,0,0.127,13,3,enterprise,0
acct_168,2026-12-01,0,9,0,0.004,23,3,enterprise,0
acct_169,2026-01-01,472,2,40,0.414,8,20,enterprise,1
acct_169,2026-02-01,470,7,39,0.398,1,20,enterprise,0
acct_169,2026-03-01,495,3,25,0.481,8,20,enterprise,0
acct_169,2026-04-01,454,3,42,0.528,11,20,enterprise,0
acct_169,2026-05-01,503,3,47,0.302,9,20,enterprise,0
acct_169,2026-06-01,494,1,33,0.664,11,20,enterprise,0
acct_169,2026-07-01,495,6,32,0.543,2,20,enterprise,0
acct_169,2026-08-01,466,0,35,0.514,7,20,enterprise,0
acct_169,2026-09-01,511,4,31,0.545,5,20,enterprise,0
acct_169,2026-10-01,495,1,35,0.634,13,20,enterprise,0
acct_169,2026-11-01,524,6,34,0.466,11,20,enterprise,1
acct_169,2026-12-01,506,4,51,0.516,2,20,enterprise,0
acct_170,2026-01-01,764,6,11,0.463,2,10,basic,0
acct_170,2026-02-01,780,7,17,0.145,12,10,basic,0
acct_170,2026-03-01,777,1,25,0.21,12,10,basic,0
acct_170,2026-04-01,815,2,17,0.333,8,10,basic,0
acct_170,2026-05-01,810,7,14,0.457,6,10,basic,0
acct_170,2026-06-01,771,5,22,0.428,4,10,basic,0
acct_170,2026-07-01,770,4,16,0.147,6,10,basic,1
acct_170,2026-08-01,796,2,23,0.583,2,10,basic,0
acct_170,2026-09-01,829,2,18,0.62,8,10,basic,0
acct_170,2026-10-01,840,1,25,0.323,3,10,basic,0
acct_170,2026-11-01,844,2,6,0.282,11,10,basic,0
acct_170,2026-12-01,859,7,16,0.603,5,10,basic,0
acct_171,2026-01-01,674,5,31,0.657,8,23,enterprise,0
acct_171,2026-02-01,653,6,26,0.693,3,23,enterprise,0
acct_171,2026-03-01,690,7,30,0.737,5,23,enterprise,0
acct_171,2026-04-01,656,0,28,0.725,6,23,enterprise,0
acct_171,2026-05-01,624,6,29,0.752,1,23,enterprise,0
acct_171,2026-06-01,620,4,21,0.594,0,23,enterprise,0
acct_171,2026-07-01,600,7,25,0.599,15,23,enterprise,0
acct_171,2026-08-01,605,7,39,0.555,14,23,enterprise,0
acct_171,2026-09-01,564,6,25,0.659,11,23,enterprise,0
acct_171,2026-10-01,556,4,25,0.633,9,23,enterprise,0
acct_171,2026-11-01,553,5,29,0.595,13,23,enterprise,0
acct_171,2026-12-01,595,5,26,0.744,7,23,enterprise,1
acct_172,2026-01-01,857,9,60,0.349,13,4,enterprise,0
acct_172,2026-02-01,795,8,55,0.379,5,4,enterprise,0
acct_172,2026-03-01,828,5,55,0.334,15,4,enterprise,0
acct_172,2026-04-01,726,5,57,0.322,14,4,enterprise,0
acct_172,2026-05-01,651,2,39,0.231,8,4,enterprise,0
acct_172,2026-06-01,624,2,43,0.281,6,4,enterprise,0
acct_172,2026-07-01,592,4,42,0.218,9,4,enterprise,0
acct_172,2026-08-01,535,10,39,0.196,16,4,enterprise,0
acct_172,2026-09-01,520,4,26,0.223,18,4,enterprise,0
acct_172,2026-10-01,435,10,38,0.226,17,4,enterprise,0
acct_172,2026-11-01,378,4,24,0.072,18,4,enterprise,0
acct_172,2026-12-01,366,9,29,0.077,17,4,enterprise,1
acct_173,2026-01-01,992,6,61,0.397,5,2,basic,0
acct_173,2026-02-01,961,4,56,0.16,11,2,basic,0
acct_173,2026-03-01,806,4,34,0.068,6,2,basic,1
acct_173,2026-04-01,722,3,49,0.103,11,2,basic,0
acct_173,2026-05-01,623,6,35,0.133,10,2,basic,0
acct_173,2026-06-01,597,3,46,0.034,16,2,basic,0
acct_173,2026-07-01,536,4,35,0.035,20,2,basic,0
acct_173,2026-08-01,517,8,30,0.107,10,2,basic,0
acct_173,2026-09-01,334,9,20,0.047,18,2,basic,0
acct_173,2026-10-01,311,8,26,0.0,13,2,basic,0
acct_173,2026-11-01,274,7,16,0.0,18,2,basic,1
acct_173,2026-12-01,135,4,16,0.0,20,2,basic,0
acct_174,2026-01-01,1161,3,31,0.63,7,7,pro,0
acct_174,2026-02-01,1073,4,31,0.514,6,7,pro,0
acct_174,2026-03-01,1059,8,34,0.543,4,7,pro,0
acct_174,2026-04-01,897,4,27,0.363,12,7,pro,0
acct_174,2026-05-01,916,7,24,0.481,14,7,pro,0
acct_174,2026-06-01,808,8,21,0.235,9,7,pro,0
acct_174,2026-07-01,845,8,16,0.448,7,7,pro,0
acct_174,2026-08-01,710,4,16,0.375,22,7,pro,0
acct_174,2026-09-01,673,4,20,0.379,21,7,pro,1
acct_174,2026-10-01,613,7,12,0.373,20,7,pro,0
acct_174,2026-11-01,503,5,19,0.111,16,7,pro,1
acct_174,2026-12-01,446,3,18,0.329,19,7,pro,1
acct_175,2026-01-01,562,1,50,0.601,12,29,pro,0
acct_175,2026-02-01,514,0,49,0.695,11,29,pro,0
acct_175,2026-03-01,537,5,55,0.624,6,29,pro,0
acct_175,2026-04-01,544,3,56,0.718,8,29,pro,0
acct_175,2026-05-01,538,1,58,0.689,0,29,pro,0
acct_175,2026-06-01,547,2,57,0.61,12,29,pro,0
acct_175,2026-07-01,572,2,64,0.693,8,29,pro,0
acct_175,2026-08-01,548,4,55,0.865,4,29,pro,0
acct_175,2026-09-01,574,6,52,0.594,10,29,pro,0
acct_175,2026-10-01,598,4,60,0.853,5,29,pro,1
acct_175,2026-11-01,589,2,60,0.666,6,29,pro,0
acct_175,2026-12-01,593,4,63,0.72,9,29,pro,0
acct_176,2026-01-01,757,3,40,0.281,9,23,basic,1
acct_176,2026-02-01,753,7,41,0.511,10,23,basic,0
acct_176,2026-03-01,730,3,40,0.229,10,23,basic,1
acct_176,2026-04-01,746,1,42,0.237,10,23,basic,0
acct_176,2026-05-01,762,7,49,0.317,13,23,basic,0
acct_176,2026-06-01,739,2,52,0.1,5,23,basic,0
acct_176,2026-07-01,717,3,34,0.199,6,23,basic,1
acct_176,2026-08-01,757,0,52,0.411,17,23,basic,0
acct_176,2026-09-01,806,6,44,0.287,12,23,basic,0
acct_176,2026-10-01,735,6,38,0.3,8,23,basic,0
acct_176,2026-11-01,764,5,49,0.317,17,23,basic,0
acct_176,2026-12-01,743,6,53,0.225,9,23,basic,1
acct_177,2026-01-01,465,2,38,0.75,10,40,basic,0
acct_177,2026-02-01,460,4,57,0.657,11,40,basic,0
acct_177,2026-03-01,446,4,49,0.708,0,40,basic,0
acct_177,2026-04-01,446,7,62,0.61,8,40,basic,0
acct_177,2026-05-01,447,2,57,0.647,14,40,basic,0
acct_177,2026-06-01,420,3,50,0.665,0,40,basic,0
acct_177,2026-07-01,447,1,42,0.642,17,40,basic,0
acct_177,2026-08-01,449,1,45,0.643,14,40,basic,0
acct_177,2026-09-01,427,3,53,0.675,13,40,basic,0
acct_177,2026-10-01,424,5,47,0.716,0,40,basic,0
acct_177,2026-11-01,422,2,43,0.715,15,40,basic,0
acct_177,2026-12-01,423,5,47,0.549,10,40,basic,0
acct_178,2026-01-01,568,4,41,0.502,14,25,enterprise,1
acct_178,2026-02-01,531,6,41,0.479,12,25,enterprise,0
acct_178,2026-03-01,551,2,44,0.535,6,25,enterprise,0
acct_178,2026-04-01,569,1,42,0.51,4,25,enterprise,0
acct_178,2026-05-01,537,7,42,0.428,9,25,enterprise,0
acct_178,2026-06-01,557,3,43,0.515,16,25,enterprise,0
acct_178,2026-07-01,583,4,41,0.533,10,25,enterprise,0
acct_178,2026-08-01,572,4,42,0.555,10,25,enterprise,0
acct_178,2026-09-01,576,3,44,0.417,9,25,enterprise,0
acct_178,2026-10-01,585,7,39,0.538,9,25,enterprise,0
acct_178,2026-11-01,579,5,47,0.533,13,25,enterprise,0
acct_178,2026-12-01,554,2,48,0.508,9,25,enterprise,0
acct_179,2026-01-01,1148,5,49,0.784,13,30,pro,0
acct_179,2026-02-01,1111,2,58,0.841,8,30,pro,0
acct_179,2026-03-01,1183,0,44,0.757,8,30,pro,0
acct_179,2026-04-01,1141,0,55,0.605,15,30,pro,0
acct_179,2026-05-01,1070,2,50,0.737,6,30,pro,0
acct_179,2026-06-01,1095,2,43,0.814,10,30,pro,0
acct_179,2026-07-01,1075,6,53,0.793,10,30,pro,1
acct_179,2026-08-01,1017,3,57,0.622,9,30,pro,0
acct_179,2026-09-01,1081,6,59,0.79,15,30,pro,0
acct_179,2026-10-01,1080,6,44,0.603,6,30,pro,0
acct_179,2026-11-01,1062,6,51,0.546,8,30,pro,0
acct_179,2026-12-01,1005,2,53,0.7,5,30,pro,0
acct_180,2026-01-01,1141,0,55,0.5,5,33,enterprise,0
acct_180,2026-02-01,1114,3,48,0.177,15,33,enterprise,0
acct_180,2026-03-01,1157,3,54,0.552,10,33,enterprise,0
acct_180,2026-04-01,1123,0,62,0.497,15,33,enterprise,0
acct_180,2026-05-01,1134,6,58,0.279,6,33,enterprise,0
acct_180,2026-06-01,1146,3,63,0.453,3,33,enterprise,0
acct_180,2026-07-01,1144,5,66,0.288,16,33,enterprise,1
acct_180,2026-08-01,1095,3,63,0.378,7,33,enterprise,0
acct_180,2026-09-01,1208,3,60,0.44,0,33,enterprise,0
acct_180,2026-10-01,1134,3,57,0.584,6,33,enterprise,0
acct_180,2026-11-01,1166,7,52,0.428,4,33,enterprise,0
acct_180,2026-12-01,1162,4,50,0.334,17,33,enterprise,0
acct_181,2026-01-01,1026,4,17,0.477,9,28,enterprise,0
acct_181,2026-02-01,1114,7,10,0.396,7,28,enterprise,1
acct_181,2026-03-01,1101,3,25,0.405,13,28,enterprise,0
acct_181,2026-04-01,1077,6,15,0.31,11,28,enterprise,1
acct_181,2026-05-01,1051,3,4,0.371,1,28,enterprise,1
acct_181,2026-06-01,1123,3,12,0.484,2,28,enterprise,0
acct_181,2026-07-01,1073,6,20,0.522,13,28,enterprise,0
acct_181,2026-08-01,1124,3,24,0.457,4,28,enterprise,0
acct_181,2026-09-01,1112,6,21,0.399,13,28,enterprise,0
acct_181,2026-10-01,1122,3,9,0.458,10,28,enterprise,0
acct_181,2026-11-01,1181,5,25,0.424,12,28,enterprise,0
acct_181,2026-12-01,1109,6,24,0.35,7,28,enterprise,0
acct_182,2026-01-01,431,6,29,0.252,6,27,pro,0
acct_182,2026-02-01,398,2,24,0.234,2,27,pro,0
acct_182,2026-03-01,424,4,30,0.335,11,27,pro,0
acct_182,2026-04-01,394,2,17,0.161,3,27,pro,0
acct_182,2026-05-01,407,7,36,0.236,4,27,pro,0
acct_182,2026-06-01,379,2,30,0.221,14,27,pro,0
acct_182,2026-07-01,398,3,31,0.46,16,27,pro,0
acct_182,2026-08-01,385,7,25,0.321,15,27,pro,0
acct_182,2026-09-01,385,6,21,0.18,10,27,pro,0
acct_182,2026-10-01,383,6,19,0.307,11,27,pro,0
acct_182,2026-11-01,378,4,24,0.251,12,27,pro,0
acct_182,2026-12-01,370,7,22,0.212,14,27,pro,0
acct_183,2026-01-01,936,5,9,0.36,4,8,enterprise,0
acct_183,2026-02-01,966,3,18,0.233,9,8,enterprise,0
acct_183,2026-03-01,936,7,15,0.32,3,8,enterprise,0
acct_183,2026-04-01,930,1,3,0.132,10,8,enterprise,0
acct_183,2026-05-01,886,5,7,0.128,2,8,enterprise,1
acct_183,2026-06-01,894,4,26,0.312,8,8,enterprise,0
acct_183,2026-07-01,923,0,17,0.297,12,8,enterprise,0
acct_183,2026-08-01,930,0,16,0.267,12,8,enterprise,1
acct_183,2026-09-01,919,4,8,0.317,5,8,enterprise,0
acct_183,2026-10-01,916,0,36,0.542,13,8,enterprise,1
acct_183,2026-11-01,859,7,8,0.273,6,8,enterprise,0
acct_183,2026-12-01,874,7,10,0.181,13,8,enterprise,0
acct_184,2026-01-01,715,3,31,0.402,3,19,pro,0
acct_184,2026-02-01,667,3,26,0.342,12,19,pro,0
acct_184,2026-03-01,710,4,26,0.323,7,19,pro,1
acct_184,2026-04-01,722,7,27,0.443,9,19,pro,0
acct_184,2026-05-01,747,1,18,0.469,3,19,pro,0
acct_184,2026-06-01,745,7,18,0.385,10,19,pro,0
acct_184,2026-07-01,728,3,17,0.289,9,19,pro,0
acct_184,2026-08-01,735,0,32,0.334,6,19,pro,0
acct_184,2026-09-01,754,7,24,0.418,8,19,pro,0
acct_184,2026-10-01,731,0,20,0.463,10,19,pro,1
acct_184,2026-11-01,750,6,35,0.258,2,19,pro,0
acct_184,2026-12-01,756,4,28,0.304,13,19,pro,0
acct_185,2026-01-01,510,4,51,0.547,4,7,basic,0
acct_185,2026-02-01,495,2,35,0.484,1,7,basic,1
acct_185,2026-03-01,533,0,34,0.606,6,7,basic,0
acct_185,2026-04-01,546,5,41,0.637,5,7,basic,0
acct_185,2026-05-01,520,5,31,0.626,4,7,basic,0
acct_185,2026-06-01,537,4,45,0.515,0,7,basic,0
acct_185,2026-07-01,542,6,43,0.666,7,7,basic,0
acct_185,2026-08-01,523,2,40,0.659,11,7,basic,0
acct_185,2026-09-01,545,1,37,0.588,15,7,basic,0
acct_185,2026-10-01,518,6,41,0.655,9,7,basic,0
acct_185,2026-11-01,560,3,30,0.819,8,7,basic,1
acct_185,2026-12-01,575,7,47,0.73,6,7,basic,0
acct_186,2026-01-01,718,7,44,0.185,10,24,enterprise,0
acct_186,2026-02-01,754,5,61,0.276,5,24,enterprise,0
acct_186,2026-03-01,768,0,47,0.391,9,24,enterprise,0
acct_186,2026-04-01,792,4,53,0.319,9,24,enterprise,0
acct_186,2026-05-01,778,1,61,0.362,13,24,enterprise,1
acct_186,2026-06-01,807,4,58,0.277,2,24,enterprise,0
acct_186,2026-07-01,774,7,56,0.394,5,24,enterprise,1
acct_186,2026-08-01,805,2,58,0.382,3,24,enterprise,0
acct_186,2026-09-01,824,2,58,0.472,1,24,enterprise,0
acct_186,2026-10-01,861,0,64,0.58,0,24,enterprise,0
acct_186,2026-11-01,818,1,57,0.313,18,24,enterprise,0
acct_186,2026-12-01,857,2,64,0.362,12,24,enterprise,0
acct_187,2026-01-01,729,4,61,0.597,6,5,pro,0
acct_187,2026-02-01,727,6,33,0.779,4,5,pro,0
acct_187,2026-03-01,710,3,48,0.785,11,5,pro,0
acct_187,2026-04-01,719,0,44,0.561,7,5,pro,0
acct_187,2026-05-01,640,1,41,0.714,5,5,pro,0
acct_187,2026-06-01,667,0,54,0.65,0,5,pro,0
acct_187,2026-07-01,663,3,41,0.732,15,5,pro,1
acct_187,2026-08-01,652,5,44,0.589,7,5,pro,0
acct_187,2026-09-01,646,6,46,0.596,13,5,pro,0
acct_187,2026-10-01,656,2,43,0.832,11,5,pro,0
acct_187,2026-11-01,640,3,43,0.636,5,5,pro,0
acct_187,2026-12-01,636,7,34,0.716,15,5,pro,1
acct_188,2026-01-01,1034,7,56,0.506,1,29,basic,0
acct_188,2026-02-01,1038,1,57,0.52,4,29,basic,0
acct_188,2026-03-01,1046,1,51,0.569,10,29,basic,0
acct_188,2026-04-01,1068,3,60,0.499,11,29,basic,0
acct_188,2026-05-01,1036,4,53,0.451,6,29,basic,0
acct_188,2026-06-01,1040,5,56,0.487,15,29,basic,0
acct_188,2026-07-01,1052,2,60,0.418,13,29,basic,0
acct_188,2026-08-01,1039,2,57,0.572,8,29,basic,0
acct_188,2026-09-01,1070,1,56,0.687,6,29,basic,0
acct_188,2026-10-01,1154,4,50,0.473,10,29,basic,0
acct_188,2026-11-01,1134,2,52,0.575,14,29,basic,0
acct_188,2026-12-01,1092,4,66,0.468,14,29,basic,0
acct_189,2026-01-01,807,7,54,0.476,5,20,pro,1
acct_189,2026-02-01,791,2,50,0.569,5,20,pro,0
acct_189,2026-03-01,780,1,61,0.598,11,20,pro,0
acct_189,2026-04-01,813,1,61,0.459,12,20,pro,0
acct_189,2026-05-01,808,3,52,0.568,7,20,pro,1
acct_189,2026-06-01,798,2,56,0.639,3,20,pro,0
acct_189,2026-07-01,778,3,47,0.513,7,20,pro,0
acct_189,2026-08-01,798,0,47,0.512,7,20,pro,0
acct_189,2026-09-01,785,3,58,0.564,11,20,pro,0
acct_189,2026-10-01,759,6,63,0.354,5,20,pro,0
acct_189,2026-11-01,759,2,51,0.545,9,20,pro,0
acct_189,2026-12-01,746,5,74,0.502,15,20,pro,1
acct_190,2026-01-01,951,6,34,0.518,1,19,enterprise,0
acct_190,2026-02-01,922,6,31,0.514,2,19,enterprise,0
acct_190,2026-03-01,895,6,21,0.512,8,19,enterprise,0
acct_190,2026-04-01,916,6,27,0.428,3,19,enterprise,0
acct_190,2026-05-01,900,3,36,0.541,10,19,enterprise,0
acct_190,2026-06-01,939,0,25,0.596,5,19,enterprise,1
acct_190,2026-07-01,902,0,21,0.577,1,19,enterprise,0
acct_190,2026-08-01,957,5,38,0.53,10,19,enterprise,0
acct_190,2026-09-01,883,7,30,0.494,11,19,enterprise,1
acct_190,2026-10-01,921,7,34,0.438,12,19,enterprise,0
acct_190,2026-11-01,970,2,35,0.641,3,19,enterprise,0
acct_190,2026-12-01,917,6,30,0.585,16,19,enterprise,0
acct_191,2026-01-01,640,2,33,0.527,6,4,enterprise,0
acct_191,2026-02-01,637,6,34,0.553,7,4,enterprise,0
acct_191,2026-03-01,677,0,27,0.465,8,4,enterprise,1
acct_191,2026-04-01,613,5,28,0.639,16,4,enterprise,1
acct_191,2026-05-01,693,4,23,0.502,5,4,enterprise,0
acct_191,2026-06-01,683,6,23,0.508,16,4,enterprise,0
acct_191,2026-07-01,659,4,33,0.504,3,4,enterprise,1
acct_191,2026-08-01,663,5,23,0.643,11,4,enterprise,0
acct_191,2026-09-01,651,1,22,0.414,11,4,enterprise,0
acct_191,2026-10-01,652,6,36,0.538,2,4,enterprise,0
acct_191,2026-11-01,652,6,20,0.471,3,4,enterprise,0
acct_191,2026-12-01,654,4,23,0.569,6,4,enterprise,1
acct_192,2026-01-01,580,0,17,0.467,12,40,enterprise,0
acct_192,2026-02-01,628,5,28,0.19,6,40,enterprise,0
acct_192,2026-03-01,586,7,9,0.268,7,40,enterprise,0
acct_192,2026-04-01,630,6,28,0.345,1,40,enterprise,0
acct_192,2026-05-01,586,1,12,0.128,7,40,enterprise,0
acct_192,2026-06-01,609,5,20,0.401,13,40,enterprise,1
acct_192,2026-07-01,618,6,26,0.227,12,40,enterprise,0
acct_192,2026-08-01,613,5,21,0.28,11,40,enterprise,0
acct_192,2026-09-01,603,1,15,0.292,14,40,enterprise,0
acct_192,2026-10-01,598,7,18,0.241,12,40,enterprise,0
acct_192,2026-11-01,613,7,25,0.191,7,40,enterprise,0
acct_192,2026-12-01,578,7,24,0.314,2,40,enterprise,0
acct_193,2026-01-01,886,8,20,0.382,11,18,basic,0
acct_193,2026-02-01,705,9,24,0.342,14,18,basic,0
acct_193,2026-03-01,662,2,12,0.188,13,18,basic,0
acct_193,2026-04-01,610,9,19,0.018,7,18,basic,0
acct_193,2026-05-01,484,3,6,0.03,5,18,basic,0
acct_193,2026-06-01,361,2,16,0.0,10,18,basic,0
acct_193,2026-07-01,309,4,10,0.047,10,18,basic,0
acct_193,2026-08-01,188,4,9,0.0,16,18,basic,0
acct_193,2026-09-01,107,7,9,0.0,10,18,basic,0
acct_193,2026-10-01,0,5,8,0.0,18,18,basic,0
acct_193,2026-11-01,0,3,0,0.0,19,18,basic,0
acct_193,2026-12-01,0,3,0,0.0,19,18,basic,0
acct_194,2026-01-01,1164,6,41,0.518,10,25,enterprise,0
acct_194,2026-02-01,1111,1,32,0.52,9,25,enterprise,1
acct_194,2026-03-01,1145,4,25,0.593,14,25,enterprise,0
acct_194,2026-04-01,1130,0,29,0.486,12,25,enterprise,0
acct_194,2026-05-01,1149,1,31,0.506,11,25,enterprise,1
acct_194,2026-06-01,1162,2,37,0.289,1,25,enterprise,0
acct_194,2026-07-01,1157,0,21,0.419,11,25,enterprise,0
acct_194,2026-08-01,1149,0,30,0.654,11,25,enterprise,0
acct_194,2026-09-01,1167,3,39,0.446,16,25,enterprise,0
acct_194,2026-10-01,1139,7,24,0.65,5,25,enterprise,0
acct_194,2026-11-01,1175,7,29,0.416,9,25,enterprise,0
acct_194,2026-12-01,1187,7,37,0.515,0,25,enterprise,1
acct_195,2026-01-01,805,4,58,0.194,2,7,pro,0
acct_195,2026-02-01,805,0,44,0.369,9,7,pro,0
acct_195,2026-03-01,800,5,65,0.4,3,7,pro,0
acct_195,2026-04-01,843,7,58,0.187,14,7,pro,0
acct_195,2026-05-01,804,5,55,0.374,12,7,pro,0
acct_195,2026-06-01,822,7,52,0.366,8,7,pro,1
acct_195,2026-07-01,815,3,63,0.383,11,7,pro,0
acct_195,2026-08-01,854,0,60,0.285,1,7,pro,0
acct_195,2026-09-01,865,4,57,0.193,10,7,pro,1
acct_195,2026-10-01,871,4,53,0.216,5,7,pro,0
acct_195,2026-11-01,917,7,39,0.329,4,7,pro,0
acct_195,2026-12-01,864,0,57,0.398,11,7,pro,0
acct_196,2026-01-01,852,4,36,0.794,14,11,basic,0
acct_196,2026-02-01,898,0,41,0.702,8,11,basic,0
acct_196,2026-03-01,916,3,32,0.75,7,11,basic,0
acct_196,2026-04-01,871,1,50,0.689,9,11,basic,0
acct_196,2026-05-01,923,6,35,0.638,14,11,basic,0
acct_196,2026-06-01,927,2,44,0.825,3,11,basic,0
acct_196,2026-07-01,925,5,35,0.669,1,11,basic,1
acct_196,2026-08-01,1000,3,48,0.769,1,11,basic,0
acct_196,2026-09-01,1000,4,41,0.837,6,11,basic,0
acct_196,2026-10-01,986,7,47,0.816,6,11,basic,0
acct_196,2026-11-01,923,2,37,0.729,12,11,basic,0
acct_196,2026-12-01,965,7,36,0.761,6,11,basic,0
acct_197,2026-01-01,458,8,58,0.361,15,20,basic,0
acct_197,2026-02-01,430,3,60,0.593,4,20,basic,0
acct_197,2026-03-01,393,7,51,0.403,6,20,basic,0
acct_197,2026-04-01,349,2,47,0.392,7,20,basic,1
acct_197,2026-05-01,331,8,41,0.37,12,20,basic,0
acct_197,2026-06-01,273,2,44,0.455,19,20,basic,1
acct_197,2026-07-01,227,9,23,0.136,13,20,basic,0
acct_197,2026-08-01,180,7,25,0.348,17,20,basic,0
acct_197,2026-09-01,170,10,21,0.073,9,20,basic,0
acct_197,2026-10-01,86,7,23,0.004,20,20,basic,0
acct_197,2026-11-01,80,8,25,0.183,19,20,basic,0
acct_197,2026-12-01,30,9,3,0.0,15,20,basic,0
acct_198,2026-01-01,647,5,17,0.381,6,11,pro,0
acct_198,2026-02-01,561,2,24,0.274,7,11,pro,0
acct_198,2026-03-01,563,3,23,0.282,9,11,pro,0
acct_198,2026-04-01,509,2,14,0.109,11,11,pro,0
acct_198,2026-05-01,483,5,7,0.245,4,11,pro,0
acct_198,2026-06-01,442,3,21,0.0,13,11,pro,0
acct_198,2026-07-01,407,6,9,0.086,15,11,pro,0
acct_198,2026-08-01,360,9,20,0.155,21,11,pro,0
acct_198,2026-09-01,335,10,8,0.0,15,11,pro,0
acct_198,2026-10-01,293,4,14,0.121,12,11,pro,0
acct_198,2026-11-01,261,5,0,0.031,15,11,pro,0
acct_198,2026-12-01,258,9,3,0.0,23,11,pro,0
acct_199,2026-01-01,1005,4,53,0.601,2,11,pro,0
acct_199,2026-02-01,928,2,56,0.564,6,11,pro,1
acct_199,2026-03-01,936,1,51,0.749,1,11,pro,0
acct_199,2026-04-01,981,2,45,0.658,8,11,pro,0
acct_199,2026-05-01,982,4,45,0.514,12,11,pro,0
acct_199,2026-06-01,974,0,45,0.557,13,11,pro,0
acct_199,2026-07-01,956,0,49,0.653,5,11,pro,0
acct_199,2026-08-01,1024,5,43,0.575,10,11,pro,1
acct_199,2026-09-01,1008,2,38,0.612,7,11,pro,0
acct_199,2026-10-01,964,6,54,0.821,15,11,pro,0
acct_199,2026-11-01,1049,7,61,0.543,4,11,pro,0
acct_199,2026-12-01,1014,0,54,0.47,8,11,pro,0
acct_200,2026-01-01,1010,3,46,0.476,16,15,basic,0
acct_200,2026-02-01,878,8,38,0.416,7,15,basic,0
acct_200,2026-03-01,816,7,40,0.3,15,15,basic,0
acct_200,2026-04-01,707,4,38,0.32,9,15,basic,0
acct_200,2026-05-01,660,9,31,0.338,6,15,basic,0
acct_200,2026-06-01,605,7,40,0.203,21,15,basic,0
acct_200,2026-07-01,515,7,19,0.223,17,15,basic,0
acct_200,2026-08-01,438,10,29,0.161,9,15,basic,0
acct_200,2026-09-01,324,6,17,0.103,13,15,basic,0
acct_200,2026-10-01,289,8,12,0.0,8,15,basic,1
acct_200,2026-11-01,192,4,14,0.305,12,15,basic,0
acct_200,2026-12-01,113,8,11,0.0,15,15,basic,0
acct_201,2026-01-01,662,0,30,0.343,0,26,pro,0
acct_201,2026-02-01,675,5,24,0.358,8,26,pro,0
acct_201,2026-03-01,673,7,30,0.331,11,26,pro,0
acct_201,2026-04-01,678,5,10,0.282,16,26,pro,0
acct_201,2026-05-01,660,1,27,0.291,10,26,pro,0
acct_201,2026-06-01,650,0,24,0.415,5,26,pro,0
acct_201,2026-07-01,688,0,21,0.377,12,26,pro,0
acct_201,2026-08-01,670,5,33,0.41,3,26,pro,0
acct_201,2026-09-01,676,2,29,0.443,11,26,pro,0
acct_201,2026-10-01,656,0,16,0.452,4,26,pro,0
acct_201,2026-11-01,675,5,34,0.469,4,26,pro,0
acct_201,2026-12-01,661,3,27,0.38,18,26,pro,0
acct_202,2026-01-01,874,2,41,0.46,12,22,basic,0
acct_202,2026-02-01,929,3,49,0.575,9,22,basic,0
acct_202,2026-03-01,897,0,44,0.559,15,22,basic,0
acct_202,2026-04-01,912,1,31,0.598,14,22,basic,0
acct_202,2026-05-01,939,5,41,0.533,9,22,basic,0
acct_202,2026-06-01,934,5,60,0.486,9,22,basic,0
acct_202,2026-07-01,921,0,41,0.442,5,22,basic,0
acct_202,2026-08-01,934,6,51,0.465,13,22,basic,0
acct_202,2026-09-01,923,6,53,0.679,13,22,basic,0
acct_202,2026-10-01,989,1,58,0.707,3,22,basic,0
acct_202,2026-11-01,958,6,39,0.761,5,22,basic,0
acct_202,2026-12-01,985,0,50,0.516,4,22,basic,0
acct_203,2026-01-01,1284,5,29,0.56,9,12,basic,0
acct_203,2026-02-01,1056,9,31,0.525,9,12,basic,0
acct_203,2026-03-01,991,9,28,0.378,12,12,basic,0
acct_203,2026-04-01,889,4,33,0.302,6,12,basic,0
acct_203,2026-05-01,824,7,18,0.304,6,12,basic,0
acct_203,2026-06-01,743,8,13,0.276,8,12,basic,1
acct_203,2026-07-01,634,5,19,0.296,13,12,basic,0
acct_203,2026-08-01,570,9,19,0.212,11,12,basic,0
acct_203,2026-09-01,348,10,20,0.26,20,12,basic,0
acct_203,2026-10-01,351,7,13,0.119,15,12,basic,0
acct_203,2026-11-01,179,9,15,0.256,18,12,basic,0
acct_203,2026-12-01,140,7,2,0.04,23,12,basic,0
acct_204,2026-01-01,883,2,13,0.392,8,8,enterprise,0
acct_204,2026-02-01,974,5,4,0.309,9,8,enterprise,0
acct_204,2026-03-01,923,7,16,0.345,15,8,enterprise,0
acct_204,2026-04-01,937,0,3,0.323,9,8,enterprise,0
acct_204,2026-05-01,964,0,9,0.313,15,8,enterprise,0
acct_204,2026-06-01,923,7,21,0.483,5,8,enterprise,0
acct_204,2026-07-01,899,0,14,0.391,16,8,enterprise,0
acct_204,2026-08-01,940,2,9,0.574,5,8,enterprise,0
acct_204,2026-09-01,920,3,14,0.262,11,8,enterprise,0
acct_204,2026-10-01,929,4,15,0.36,4,8,enterprise,0
acct_204,2026-11-01,910,3,17,0.424,1,8,enterprise,1
acct_204,2026-12-01,907,1,3,0.348,14,8,enterprise,0
acct_205,2026-01-01,569,2,49,0.478,2,20,pro,0
acct_205,2026-02-01,550,3,40,0.349,6,20,pro,0
acct_205,2026-03-01,526,1,54,0.45,11,20,pro,0
acct_205,2026-04-01,537,2,38,0.392,11,20,pro,0
acct_205,2026-05-01,569,3,47,0.375,1,20,pro,1
acct_205,2026-06-01,535,6,43,0.383,7,20,pro,0
acct_205,2026-07-01,546,1,52,0.339,5,20,pro,1
acct_205,2026-08-01,569,5,55,0.5,7,20,pro,0
acct_205,2026-09-01,543,5,51,0.371,5,20,pro,0
acct_205,2026-10-01,534,7,43,0.598,16,20,pro,0
acct_205,2026-11-01,548,2,54,0.425,5,20,pro,0
acct_205,2026-12-01,548,5,40,0.327,8,20,pro,0
acct_206,2026-01-01,1065,4,24,0.53,12,9,basic,0
acct_206,2026-02-01,1085,4,25,0.521,5,9,basic,0
acct_206,2026-03-01,1013,2,8,0.706,3,9,basic,1
acct_206,2026-04-01,1064,7,27,0.738,6,9,basic,0
acct_206,2026-05-01,1069,1,19,0.5,7,9,basic,0
acct_206,2026-06-01,1046,2,31,0.421,13,9,basic,0
acct_206,2026-07-01,1040,3,17,0.742,5,9,basic,0
acct_206,2026-08-01,1024,0,26,0.732,10,9,basic,0
acct_206,2026-09-01,1024,7,20,0.765,5,9,basic,0
acct_206,2026-10-01,1026,5,36,0.663,7,9,basic,0
acct_206,2026-11-01,1068,7,14,0.606,3,9,basic,0
acct_206,2026-12-01,993,1,31,0.656,7,9,basic,0
acct_207,2026-01-01,416,2,20,0.354,2,32,enterprise,1
acct_207,2026-02-01,393,7,9,0.391,13,32,enterprise,0
acct_207,2026-03-01,418,4,5,0.568,1,32,enterprise,0
acct_207,2026-04-01,389,2,14,0.435,13,32,enterprise,0
acct_207,2026-05-01,399,4,19,0.226,14,32,enterprise,0
acct_207,2026-06-01,377,5,24,0.365,7,32,enterprise,1
acct_207,2026-07-01,367,2,21,0.471,2,32,enterprise,0
acct_207,2026-08-01,403,1,15,0.38,16,32,enterprise,0
acct_207,2026-09-01,385,4,17,0.386,12,32,enterprise,0
acct_207,2026-10-01,371,2,6,0.413,1,32,enterprise,0
acct_207,2026-11-01,378,0,22,0.266,14,32,enterprise,0
acct_207,2026-12-01,363,7,5,0.259,7,32,enterprise,0
acct_208,2026-01-01,583,4,12,0.626,2,3,basic,0
acct_208,2026-02-01,574,6,22,0.409,12,3,basic,0
acct_208,2026-03-01,512,6,15,0.479,17,3,basic,0
acct_208,2026-04-01,472,4,11,0.369,12,3,basic,0
acct_208,2026-05-01,441,9,5,0.625,11,3,basic,0
acct_208,2026-06-01,373,4,12,0.36,14,3,basic,0
acct_208,2026-07-01,335,8,14,0.304,19,3,basic,0
acct_208,2026-08-01,325,7,0,0.344,11,3,basic,0
acct_208,2026-09-01,299,6,9,0.359,18,3,basic,0
acct_208,2026-10-01,219,4,5,0.313,13,3,basic,0
acct_208,2026-11-01,174,6,15,0.168,17,3,basic,0
acct_208,2026-12-01,146,9,9,0.313,13,3,basic,0
acct_209,2026-01-01,970,1,20,0.361,10,26,basic,0
acct_209,2026-02-01,934,7,23,0.346,3,26,basic,0
acct_209,2026-03-01,998,3,22,0.405,11,26,basic,0
acct_209,2026-04-01,1027,4,9,0.201,11,26,basic,0
acct_209,2026-05-01,1000,5,7,0.181,3,26,basic,0
acct_209,2026-06-01,959,2,15,0.363,6,26,basic,0
acct_209,2026-07-01,986,2,11,0.408,14,26,basic,0
acct_209,2026-08-01,959,3,12,0.404,7,26,basic,0
acct_209,2026-09-01,995,3,16,0.244,11,26,basic,0
acct_209,2026-10-01,998,3,15,0.341,6,26,basic,0
acct_209,2026-11-01,985,1,17,0.412,2,26,basic,0
acct_209,2026-12-01,1040,3,5,0.433,9,26,basic,0
acct_210,2026-01-01,1101,7,57,0.653,2,19,enterprise,0
acct_210,2026-02-01,1158,2,45,0.519,7,19,enterprise,1
acct_210,2026-03-01,1057,1,37,0.556,6,19,enterprise,0
acct_210,2026-04-01,1082,0,44,0.331,13,19,enterprise,0
acct_210,2026-05-01,1020,2,33,0.807,14,19,enterprise,1
acct_210,2026-06-01,1054,4,44,0.516,14,19,enterprise,1
acct_210,2026-07-01,1056,4,42,0.358,7,19,enterprise,0
acct_210,2026-08-01,1044,4,50,0.44,15,19,enterprise,0
acct_210,2026-09-01,1063,5,40,0.52,0,19,enterprise,0
acct_210,2026-10-01,1030,4,34,0.461,13,19,enterprise,1
acct_210,2026-11-01,1060,3,39,0.551,6,19,enterprise,0
acct_210,2026-12-01,1040,4,30,0.54,4,19,enterprise,0
acct_211,2026-01-01,583,1,51,0.74,10,25,basic,0
acct_211,2026-02-01,587,5,56,0.62,11,25,basic,0
acct_211,2026-03-01,604,4,62,0.721,6,25,basic,0
acct_211,2026-04-01,641,4,58,0.684,14,25,basic,0
acct_211,2026-05-01,623,2,54,0.747,12,25,basic,0
acct_211,2026-06-01,608,4,55,0.909,14,25,basic,0
acct_211,2026-07-01,602,3,61,0.698,12,25,basic,0
acct_211,2026-08-01,618,7,44,0.721,9,25,basic,0
acct_211,2026-09-01,613,7,46,0.826,8,25,basic,0
acct_211,2026-10-01,611,0,56,0.69,4,25,basic,0
acct_211,2026-11-01,573,5,61,0.766,7,25,basic,0
acct_211,2026-12-01,577,2,56,0.719,8,25,basic,1
acct_212,2026-01-01,945,7,9,0.355,14,19,enterprise,0
acct_212,2026-02-01,1040,5,4,0.406,1,19,enterprise,0
acct_212,2026-03-01,989,0,19,0.301,7,19,enterprise,0
acct_212,2026-04-01,998,7,9,0.37,0,19,enterprise,0
acct_212,2026-05-01,956,0,20,0.455,12,19,enterprise,0
acct_212,2026-06-01,991,4,11,0.163,5,19,enterprise,0
acct_212,2026-07-01,930,4,17,0.395,1,19,enterprise,0
acct_212,2026-08-01,958,7,12,0.263,6,19,enterprise,0
acct_212,2026-09-01,973,6,11,0.32,11,19,enterprise,0
acct_212,2026-10-01,1016,7,19,0.358,4,19,enterprise,0
acct_212,2026-11-01,991,2,3,0.474,7,19,enterprise,0
acct_212,2026-12-01,990,5,8,0.241,15,19,enterprise,0
acct_213,2026-01-01,959,0,15,0.656,10,30,pro,0
acct_213,2026-02-01,967,6,7,0.452,1,30,pro,0
acct_213,2026-03-01,873,3,12,0.378,6,30,pro,0
acct_213,2026-04-01,1035,6,16,0.654,6,30,pro,0
acct_213,2026-05-01,968,7,15,0.486,9,30,pro,0
acct_213,2026-06-01,956,3,20,0.481,4,30,pro,0
acct_213,2026-07-01,977,6,4,0.543,0,30,pro,1
acct_213,2026-08-01,986,6,21,0.585,14,30,pro,0
acct_213,2026-09-01,976,2,6,0.624,12,30,pro,0
acct_213,2026-10-01,1002,0,19,0.501,10,30,pro,1
acct_213,2026-11-01,995,1,12,0.54,6,30,pro,0
acct_213,2026-12-01,1054,3,11,0.726,2,30,pro,0
acct_214,2026-01-01,831,0,28,0.633,12,37,enterprise,0
acct_214,2026-02-01,815,0,18,0.648,8,37,enterprise,0
acct_214,2026-03-01,819,0,17,0.621,10,37,enterprise,0
acct_214,2026-04-01,780,2,14,0.535,13,37,enterprise,0
acct_214,2026-05-01,843,5,14,0.498,14,37,enterprise,1
acct_214,2026-06-01,842,0,26,0.559,4,37,enterprise,0
acct_214,2026-07-01,809,0,26,0.487,2,37,enterprise,0
acct_214,2026-08-01,842,2,22,0.369,14,37,enterprise,0
acct_214,2026-09-01,803,2,16,0.637,1,37,enterprise,0
acct_214,2026-10-01,805,4,21,0.526,12,37,enterprise,0
acct_214,2026-11-01,775,7,11,0.387,8,37,enterprise,0
acct_214,2026-12-01,774,0,21,0.564,7,37,enterprise,0
acct_215,2026-01-01,724,5,42,0.745,12,21,pro,0
acct_215,2026-02-01,723,4,43,0.666,13,21,pro,0
acct_215,2026-03-01,704,2,38,1.0,13,21,pro,1
acct_215,2026-04-01,763,0,46,0.776,6,21,pro,0
acct_215,2026-05-01,747,3,48,0.724,13,21,pro,0
acct_215,2026-06-01,730,3,30,0.668,0,21,pro,0
acct_215,2026-07-01,728,7,40,0.712,1,21,pro,0
acct_215,2026-08-01,710,1,38,0.683,8,21,pro,0
acct_215,2026-09-01,768,2,39,0.702,10,21,pro,0
acct_215,2026-10-01,696,1,43,0.875,4,21,pro,0
acct_215,2026-11-01,702,3,46,0.728,6,21,pro,0
acct_215,2026-12-01,716,7,42,0.735,9,21,pro,0
acct_216,2026-01-01,759,2,59,0.541,12,23,enterprise,0
acct_216,2026-02-01,746,3,48,0.518,0,23,enterprise,0
acct_216,2026-03-01,753,1,58,0.653,5,23,enterprise,0
acct_216,2026-04-01,730,1,54,0.642,8,23,enterprise,0
acct_216,2026-05-01,720,2,57,0.498,10,23,enterprise,0
acct_216,2026-06-01,723,5,49,0.519,14,23,enterprise,0
acct_216,2026-07-01,727,4,47,0.606,14,23,enterprise,0
acct_216,2026-08-01,717,2,57,0.716,8,23,enterprise,0
acct_216,2026-09-01,677,6,54,0.531,14,23,enterprise,1
acct_216,2026-10-01,710,3,59,0.446,4,23,enterprise,0
acct_216,2026-11-01,669,1,60,0.612,13,23,enterprise,0
acct_216,2026-12-01,749,6,56,0.434,13,23,enterprise,0
acct_217,2026-01-01,735,0,12,0.906,0,31,pro,0
acct_217,2026-02-01,730,5,32,0.81,4,31,pro,0
acct_217,2026-03-01,697,5,17,0.846,6,31,pro,0
acct_217,2026-04-01,729,1,24,0.796,9,31,pro,1
acct_217,2026-05-01,730,0,27,0.837,4,31,pro,0
acct_217,2026-06-01,718,0,23,0.831,13,31,pro,0
acct_217,2026-07-01,696,2,23,0.715,0,31,pro,0
acct_217,2026-08-01,723,2,19,0.823,3,31,pro,0
acct_217,2026-09-01,741,2,27,0.739,3,31,pro,0
acct_217,2026-10-01,728,5,25,0.862,9,31,pro,0
acct_217,2026-11-01,713,0,20,0.672,5,31,pro,1
acct_217,2026-12-01,692,5,22,0.671,6,31,pro,0
acct_218,2026-01-01,966,7,29,0.518,13,37,basic,0
acct_218,2026-02-01,1014,2,37,0.655,9,37,basic,0
acct_218,2026-03-01,1002,2,34,0.648,1,37,basic,0
acct_218,2026-04-01,976,7,30,0.595,7,37,basic,0
acct_218,2026-05-01,972,3,29,0.583,4,37,basic,0
acct_218,2026-06-01,1017,3,33,0.653,4,37,basic,1
acct_218,2026-07-01,961,7,35,0.362,11,37,basic,0
acct_218,2026-08-01,1030,3,38,0.582,1,37,basic,0
acct_218,2026-09-01,1096,5,29,0.514,7,37,basic,1
acct_218,2026-10-01,1041,6,32,0.754,5,37,basic,0
acct_218,2026-11-01,988,3,39,0.834,11,37,basic,0
acct_218,2026-12-01,994,1,38,0.635,5,37,basic,0
acct_219,2026-01-01,1125,5,27,0.458,9,10,enterprise,0
acct_219,2026-02-01,1163,0,20,0.582,1,10,enterprise,0
acct_219,2026-03-01,1204,6,23,0.52,1,10,enterprise,0
acct_219,2026-04-01,1168,6,30,0.498,14,10,enterprise,0
acct_219,2026-05-01,1190,0,22,0.403,0,10,enterprise,1
acct_219,2026-06-01,1142,4,24,0.42,5,10,enterprise,0
acct_219,2026-07-01,1186,6,23,0.694,10,10,enterprise,0
acct_219,2026-08-01,1175,0,20,0.592,4,10,enterprise,0
acct_219,2026-09-01,1108,3,28,0.511,5,10,enterprise,0
acct_219,2026-10-01,1159,3,36,0.562,11,10,enterprise,0
acct_219,2026-11-01,1172,7,22,0.586,12,10,enterprise,0
acct_219,2026-12-01,1157,1,17,0.504,10,10,enterprise,0
acct_220,2026-01-01,416,4,21,0.235,4,39,enterprise,0
acct_220,2026-02-01,421,3,35,0.449,3,39,enterprise,0
acct_220,2026-03-01,447,0,27,0.31,5,39,enterprise,0
acct_220,2026-04-01,444,2,24,0.447,12,39,enterprise,1
acct_220,2026-05-01,434,6,21,0.285,2,39,enterprise,0
acct_220,2026-06-01,422,5,9,0.417,4,39,enterprise,0
acct_220,2026-07-01,420,2,6,0.249,1,39,enterprise,0
acct_220,2026-08-01,419,7,28,0.347,1,39,enterprise,0
acct_220,2026-09-01,435,4,29,0.265,3,39,enterprise,0
acct_220,2026-10-01,403,1,15,0.414,12,39,enterprise,1
acct_220,2026-11-01,473,7,22,0.301,14,39,enterprise,0
acct_220,2026-12-01,444,2,27,0.376,14,39,enterprise,0
acct_221,2026-01-01,677,4,31,0.473,3,11,basic,0
acct_221,2026-02-01,618,7,36,0.54,8,11,basic,0
acct_221,2026-03-01,569,6,21,0.6,14,11,basic,0
acct_221,2026-04-01,564,3,19,0.572,9,11,basic,0
acct_221,2026-05-01,501,8,13,0.541,12,11,basic,0
acct_221,2026-06-01,473,9,14,0.524,10,11,basic,0
acct_221,2026-07-01,441,6,25,0.574,21,11,basic,0
acct_221,2026-08-01,422,6,17,0.573,15,11,basic,0
acct_221,2026-09-01,362,6,16,0.645,11,11,basic,1
acct_221,2026-10-01,330,6,7,0.517,15,11,basic,0
acct_221,2026-11-01,274,9,18,0.339,16,11,basic,0
acct_221,2026-12-01,245,9,0,0.282,23,11,basic,0
acct_222,2026-01-01,762,5,68,0.576,10,8,pro,0
acct_222,2026-02-01,739,7,56,0.576,8,8,pro,0
acct_222,2026-03-01,804,4,59,0.709,13,8,pro,0
acct_222,2026-04-01,789,1,52,0.633,10,8,pro,0
acct_222,2026-05-01,773,0,50,0.65,5,8,pro,1
acct_222,2026-06-01,847,5,51,0.773,4,8,pro,0
acct_222,2026-07-01,841,3,56,0.719,17,8,pro,0
acct_222,2026-08-01,797,2,61,0.748,10,8,pro,1
acct_222,2026-09-01,834,0,59,0.584,9,8,pro,0
acct_222,2026-10-01,857,4,68,0.586,17,8,pro,0
acct_222,2026-11-01,889,6,65,0.72,9,8,pro,0
acct_222,2026-12-01,840,4,61,0.641,3,8,pro,0
acct_223,2026-01-01,691,6,5,0.688,8,23,basic,0
acct_223,2026-02-01,697,0,8,0.597,3,23,basic,1
acct_223,2026-03-01,661,1,3,0.594,5,23,basic,0
acct_223,2026-04-01,691,1,13,0.642,4,23,basic,1
acct_223,2026-05-01,655,5,23,0.66,10,23,basic,0
acct_223,2026-06-01,735,1,6,0.423,13,23,basic,0
acct_223,2026-07-01,677,4,7,0.44,13,23,basic,0
acct_223,2026-08-01,741,5,14,0.55,10,23,basic,0
acct_223,2026-09-01,685,1,13,0.402,4,23,basic,0
acct_223,2026-10-01,742,2,12,0.667,5,23,basic,1
acct_223,2026-11-01,760,3,23,0.593,10,23,basic,0
acct_223,2026-12-01,730,3,10,0.455,15,23,basic,1
acct_224,2026-01-01,784,2,10,0.773,2,15,pro,0
acct_224,2026-02-01,787,2,7,0.8,7,15,pro,1
acct_224,2026-03-01,823,2,19,0.684,6,15,pro,0
acct_224,2026-04-01,826,2,20,0.613,6,15,pro,0
acct_224,2026-05-01,814,3,11,0.649,16,15,pro,1
acct_224,2026-06-01,812,1,10,0.617,2,15,pro,0
acct_224,2026-07-01,766,0,17,0.721,8,15,pro,0
acct_224,2026-08-01,819,3,16,0.773,6,15,pro,0
acct_224,2026-09-01,792,7,5,0.58,13,15,pro,0
acct_224,2026-10-01,761,1,22,0.469,9,15,pro,0
acct_224,2026-11-01,756,5,0,0.738,3,15,pro,0
acct_224,2026-12-01,793,5,4,0.631,7,15,pro,0
acct_225,2026-01-01,1102,7,41,0.653,12,10,enterprise,0
acct_225,2026-02-01,1166,0,58,0.747,10,10,enterprise,1
acct_225,2026-03-01,1042,4,51,0.666,2,10,enterprise,0
acct_225,2026-04-01,1050,7,60,0.604,2,10,enterprise,1
acct_225,2026-05-01,1088,4,50,0.658,3,10,enterprise,0
acct_225,2026-06-01,1120,6,59,0.793,16,10,enterprise,0
acct_225,2026-07-01,1052,4,59,0.478,9,10,enterprise,1
acct_225,2026-08-01,1070,0,55,0.651,13,10,enterprise,0
acct_225,2026-09-01,1101,1,55,0.672,5,10,enterprise,0
acct_225,2026-10-01,1046,3,49,0.68,12,10,enterprise,1
acct_225,2026-11-01,1077,4,60,0.66,15,10,enterprise,0
acct_225,2026-12-01,1047,0,55,0.616,5,10,enterprise,0
acct_226,2026-01-01,532,7,53,0.294,13,14,basic,0
acct_226,2026-02-01,550,1,34,0.279,6,14,basic,0
acct_226,2026-03-01,552,3,38,0.285,1,14,basic,0
acct_226,2026-04-01,551,6,42,0.283,7,14,basic,0
acct_226,2026-05-01,582,4,39,0.243,12,14,basic,0
acct_226,2026-06-01,563,5,44,0.404,14,14,basic,0
acct_226,2026-07-01,577,4,38,0.353,13,14,basic,0
acct_226,2026-08-01,544,1,40,0.34,1,14,basic,0
acct_226,2026-09-01,536,0,34,0.328,11,14,basic,0
acct_226,2026-10-01,603,6,44,0.257,7,14,basic,0
acct_226,2026-11-01,580,7,36,0.357,8,14,basic,0
acct_226,2026-12-01,589,4,49,0.319,12,14,basic,0
acct_227,2026-01-01,1066,6,49,0.606,12,25,pro,0
acct_227,2026-02-01,1039,0,44,0.744,7,25,pro,0
acct_227,2026-03-01,1025,7,48,0.527,7,25,pro,0
acct_227,2026-04-01,1027,0,37,0.382,13,25,pro,0
acct_227,2026-05-01,1065,3,44,0.73,6,25,pro,1
acct_227,2026-06-01,1077,5,35,0.537,9,25,pro,0
acct_227,2026-07-01,1024,5,46,0.507,8,25,pro,0
acct_227,2026-08-01,958,1,43,0.588,16,25,pro,0
acct_227,2026-09-01,950,3,42,0.447,0,25,pro,0
acct_227,2026-10-01,978,7,51,0.647,9,25,pro,0
acct_227,2026-11-01,904,3,47,0.586,13,25,pro,0
acct_227,2026-12-01,984,5,45,0.604,11,25,pro,0
acct_228,2026-01-01,546,5,29,0.235,8,40,enterprise,0
acct_228,2026-02-01,558,6,15,0.36,5,40,enterprise,0
acct_228,2026-03-01,574,3,26,0.308,17,40,enterprise,0
acct_228,2026-04-01,565,3,25,0.256,11,40,enterprise,0
acct_228,2026-05-01,559,4,25,0.215,9,40,enterprise,0
acct_228,2026-06-01,561,3,19,0.374,10,40,enterprise,0
acct_228,2026-07-01,533,5,24,0.296,7,40,enterprise,0
acct_228,2026-08-01,542,3,20,0.326,7,40,enterprise,0
acct_228,2026-09-01,550,1,12,0.423,2,40,enterprise,0
acct_228,2026-10-01,528,5,23,0.19,1,40,enterprise,0
acct_228,2026-11-01,551,7,15,0.21,16,40,enterprise,0
acct_228,2026-12-01,539,3,29,0.286,7,40,enterprise,0
acct_229,2026-01-01,615,3,54,0.153,6,11,basic,0
acct_229,2026-02-01,565,9,55,0.094,9,11,basic,0
acct_229,2026-03-01,521,8,48,0.0,8,11,basic,0
acct_229,2026-04-01,494,8,45,0.269,6,11,basic,0
acct_229,2026-05-01,487,4,48,0.063,14,11,basic,0
acct_229,2026-06-01,433,2,52,0.0,13,11,basic,0
acct_229,2026-07-01,417,3,36,0.0,12,11,basic,0
acct_229,2026-08-01,383,10,36,0.0,15,11,basic,0
acct_229,2026-09-01,345,5,39,0.0,18,11,basic,0
acct_229,2026-10-01,301,4,39,0.02,22,11,basic,1
acct_229,2026-11-01,258,6,25,0.097,9,11,basic,0
acct_229,2026-12-01,208,4,26,0.0,20,11,basic,0
acct_230,2026-01-01,1117,3,23,0.25,15,34,pro,0
acct_230,2026-02-01,1089,4,20,0.203,8,34,pro,1
acct_230,2026-03-01,1134,1,13,0.051,11,34,pro,0
acct_230,2026-04-01,1092,1,8,0.259,14,34,pro,0
acct_230,2026-05-01,1069,0,20,0.396,1,34,pro,0
acct_230,2026-06-01,1139,1,23,0.41,6,34,pro,1
acct_230,2026-07-01,1078,4,5,0.417,14,34,pro,0
acct_230,2026-08-01,1120,6,17,0.302,10,34,pro,0
acct_230,2026-09-01,1079,5,16,0.347,7,34,pro,0
acct_230,2026-10-01,1079,5,15,0.333,3,34,pro,0
acct_230,2026-11-01,1055,1,1,0.287,15,34,pro,1
acct_230,2026-12-01,1080,4,4,0.33,10,34,pro,0
acct_231,2026-01-01,627,9,7,0.337,6,7,enterprise,0
acct_231,2026-02-01,552,7,25,0.378,15,7,enterprise,0
acct_231,2026-03-01,518,5,13,0.375,13,7,enterprise,0
acct_231,2026-04-01,500,9,15,0.515,5,7,enterprise,0
acct_231,2026-05-01,376,5,13,0.267,11,7,enterprise,0
acct_231,2026-06-01,406,3,12,0.217,7,7,enterprise,0
acct_231,2026-07-01,330,3,13,0.0,20,7,enterprise,1
acct_231,2026-08-01,272,10,4,0.163,13,7,enterprise,1
acct_231,2026-09-01,205,3,2,0.208,17,7,enterprise,0
acct_231,2026-10-01,194,7,1,0.117,11,7,enterprise,0
acct_231,2026-11-01,119,10,6,0.039,19,7,enterprise,1
acct_231,2026-12-01,99,8,13,0.0,22,7,enterprise,0
acct_232,2026-01-01,884,5,43,0.216,9,22,basic,0
acct_232,2026-02-01,768,8,52,0.117,2,22,basic,0
acct_232,2026-03-01,710,4,49,0.335,10,22,basic,0
acct_232,2026-04-01,670,5,41,0.207,10,22,basic,0
acct_232,2026-05-01,560,9,42,0.088,18,22,basic,0
acct_232,2026-06-01,443,6,28,0.213,12,22,basic,1
acct_232,2026-07-01,383,4,36,0.0,19,22,basic,0
acct_232,2026-08-01,267,8,15,0.0,7,22,basic,0
acct_232,2026-09-01,196,8,15,0.0,12,22,basic,0
acct_232,2026-10-01,84,4,12,0.0,12,22,basic,0
acct_232,2026-11-01,48,10,7,0.0,23,22,basic,0
acct_232,2026-12-01,0,3,1,0.0,11,22,basic,1
acct_233,2026-01-01,717,8,24,0.216,6,9,basic,0
acct_233,2026-02-01,622,7,27,0.048,1,9,basic,1
acct_233,2026-03-01,582,7,14,0.168,10,9,basic,0
acct_233,2026-04-01,564,7,22,0.247,19,9,basic,0
acct_233,2026-05-01,496,6,25,0.141,7,9,basic,0
acct_233,2026-06-01,467,8,7,0.268,11,9,basic,0
acct_233,2026-07-01,421,3,14,0.0,17,9,basic,0
acct_233,2026-08-01,412,10,13,0.0,11,9,basic,0
acct_233,2026-09-01,378,10,19,0.209,24,9,basic,0
acct_233,2026-10-01,342,4,4,0.137,12,9,basic,0
acct_233,2026-11-01,293,6,6,0.0,19,9,basic,0
acct_233,2026-12-01,238,5,2,0.145,22,9,basic,1
acct_234,2026-01-01,1128,7,42,0.472,7,5,pro,1
acct_234,2026-02-01,1068,1,39,0.279,4,5,pro,0
acct_234,2026-03-01,1107,3,49,0.532,9,5,pro,0
acct_234,2026-04-01,1129,2,45,0.536,10,5,pro,0
acct_234,2026-05-01,1140,7,40,0.382,10,5,pro,0
acct_234,2026-06-01,1053,0,52,0.385,8,5,pro,0
acct_234,2026-07-01,1154,2,41,0.344,3,5,pro,0
acct_234,2026-08-01,1095,3,44,0.474,14,5,pro,0
acct_234,2026-09-01,1116,1,39,0.163,15,5,pro,0
acct_234,2026-10-01,1087,0,40,0.353,3,5,pro,1
acct_234,2026-11-01,1128,5,48,0.279,14,5,pro,0
acct_234,2026-12-01,1156,0,41,0.484,8,5,pro,0
acct_235,2026-01-01,698,5,41,0.852,6,30,enterprise,1
acct_235,2026-02-01,726,0,48,0.802,3,30,enterprise,0
acct_235,2026-03-01,676,6,47,0.698,12,30,enterprise,0
acct_235,2026-04-01,693,2,41,0.762,11,30,enterprise,0
acct_235,2026-05-01,696,7,44,0.536,14,30,enterprise,1
acct_235,2026-06-01,689,5,53,0.629,8,30,enterprise,0
acct_235,2026-07-01,669,6,43,0.758,0,30,enterprise,0
acct_235,2026-08-01,683,0,43,0.698,12,30,enterprise,0
acct_235,2026-09-01,675,3,37,0.625,13,30,enterprise,0
acct_235,2026-10-01,654,7,57,0.805,9,30,enterprise,0
acct_235,2026-11-01,685,4,55,0.689,15,30,enterprise,0
acct_235,2026-12-01,657,7,42,0.581,8,30,enterprise,0
acct_236,2026-01-01,1047,9,28,0.317,13,3,basic,0
acct_236,2026-02-01,1023,5,21,0.252,11,3,basic,0
acct_236,2026-03-01,936,8,30,0.271,4,3,basic,0
acct_236,2026-04-01,867,3,24,0.08,11,3,basic,1
acct_236,2026-05-01,764,9,15,0.218,8,3,basic,0
acct_236,2026-06-01,738,9,19,0.22,14,3,basic,1
acct_236,2026-07-01,658,5,12,0.212,20,3,basic,0
acct_236,2026-08-01,524,10,16,0.15,9,3,basic,0
acct_236,2026-09-01,468,3,12,0.03,10,3,basic,0
acct_236,2026-10-01,355,6,16,0.014,11,3,basic,0
acct_236,2026-11-01,258,6,12,0.0,22,3,basic,0
acct_236,2026-12-01,243,3,12,0.0,15,3,basic,0
acct_237,2026-01-01,684,8,18,0.62,2,5,enterprise,0
acct_237,2026-02-01,626,3,15,0.674,11,5,enterprise,0
acct_237,2026-03-01,577,2,22,0.516,16,5,enterprise,0
acct_237,2026-04-01,531,4,12,0.725,3,5,enterprise,0
acct_237,2026-05-01,455,7,14,0.436,4,5,enterprise,0
acct_237,2026-06-01,424,8,9,0.565,11,5,enterprise,0
acct_237,2026-07-01,362,8,8,0.305,13,5,enterprise,0
acct_237,2026-08-01,360,6,22,0.401,9,5,enterprise,0
acct_237,2026-09-01,300,10,11,0.423,12,5,enterprise,0
acct_237,2026-10-01,294,10,3,0.358,14,5,enterprise,0
acct_237,2026-11-01,234,4,0,0.429,23,5,enterprise,1
acct_237,2026-12-01,199,9,4,0.346,10,5,enterprise,0
acct_238,2026-01-01,672,6,32,0.466,9,30,pro,0
acct_238,2026-02-01,702,3,29,0.331,8,30,pro,0
acct_238,2026-03-01,699,3,35,0.255,16,30,pro,0
acct_238,2026-04-01,690,7,30,0.303,9,30,pro,0
acct_238,2026-05-01,704,5,34,0.468,15,30,pro,0
acct_238,2026-06-01,697,3,38,0.322,13,30,pro,0
acct_238,2026-07-01,681,1,38,0.209,6,30,pro,0
acct_238,2026-08-01,723,1,25,0.399,7,30,pro,0
acct_238,2026-09-01,667,1,38,0.219,7,30,pro,0
acct_238,2026-10-01,718,4,44,0.365,6,30,pro,0
acct_238,2026-11-01,650,1,30,0.342,7,30,pro,0
acct_238,2026-12-01,675,1,37,0.18,8,30,pro,0
acct_239,2026-01-01,638,1,39,0.76,9,4,enterprise,0
acct_239,2026-02-01,643,3,39,0.849,8,4,enterprise,0
acct_239,2026-03-01,677,0,41,0.811,8,4,enterprise,0
acct_239,2026-04-01,628,7,34,0.719,12,4,enterprise,0
acct_239,2026-05-01,663,0,44,0.82,14,4,enterprise,0
acct_239,2026-06-01,649,4,51,0.705,11,4,enterprise,0
acct_239,2026-07-01,651,3,34,0.898,0,4,enterprise,0
acct_239,2026-08-01,612,5,43,0.721,7,4,enterprise,0
acct_239,2026-09-01,620,5,27,0.647,5,4,enterprise,0
acct_239,2026-10-01,607,0,44,0.644,10,4,enterprise,0
acct_239,2026-11-01,602,2,46,0.636,5,4,enterprise,0
acct_239,2026-12-01,603,0,23,0.6,2,4,enterprise,0
acct_240,2026-01-01,445,3,17,0.488,11,17,basic,0
acct_240,2026-02-01,408,5,21,0.66,12,17,basic,0
acct_240,2026-03-01,375,9,9,0.403,1,17,basic,0
acct_240,2026-04-01,301,8,19,0.428,8,17,basic,0
acct_240,2026-05-01,283,5,15,0.361,17,17,basic,0
acct_240,2026-06-01,217,3,0,0.331,7,17,basic,1
acct_240,2026-07-01,173,7,9,0.171,20,17,basic,0
acct_240,2026-08-01,145,10,9,0.174,10,17,basic,0
acct_240,2026-09-01,79,5,2,0.075,12,17,basic,0
acct_240,2026-10-01,49,7,2,0.0,12,17,basic,0
acct_240,2026-11-01,0,3,0,0.134,15,17,basic,0
acct_240,2026-12-01,0,7,0,0.0,26,17,basic,0
acct_241,2026-01-01,630,2,48,0.752,1,9,enterprise,0
acct_241,2026-02-01,534,2,36,0.667,11,9,enterprise,0
acct_241,2026-03-01,517,5,39,0.529,11,9,enterprise,0
acct_241,2026-04-01,433,7,37,0.488,10,9,enterprise,0
acct_241,2026-05-01,338,7,19,0.523,14,9,enterprise,0
acct_241,2026-06-01,283,4,17,0.643,13,9,enterprise,0
acct_241,2026-07-01,221,4,22,0.461,10,9,enterprise,1
acct_241,2026-08-01,171,4,15,0.241,17,9,enterprise,0
acct_241,2026-09-01,114,7,0,0.441,22,9,enterprise,0
acct_241,2026-10-01,24,3,16,0.105,19,9,enterprise,0
acct_241,2026-11-01,0,10,6,0.152,24,9,enterprise,1
acct_241,2026-12-01,0,8,0,0.029,19,9,enterprise,0
acct_242,2026-01-01,1161,5,48,0.274,12,3,pro,0
acct_242,2026-02-01,1073,3,42,0.375,4,3,pro,0
acct_242,2026-03-01,1028,9,42,0.329,13,3,pro,0
acct_242,2026-04-01,894,7,41,0.308,8,3,pro,0
acct_242,2026-05-01,795,7,40,0.381,10,3,pro,0
acct_242,2026-06-01,744,8,31,0.0,11,3,pro,0
acct_242,2026-07-01,703,3,26,0.0,9,3,pro,0
acct_242,2026-08-01,601,6,30,0.042,10,3,pro,0
acct_242,2026-09-01,465,10,21,0.105,12,3,pro,0
acct_242,2026-10-01,512,4,31,0.065,15,3,pro,0
acct_242,2026-11-01,322,6,13,0.0,9,3,pro,0
acct_242,2026-12-01,246,6,22,0.0,22,3,pro,1
acct_243,2026-01-01,832,7,15,0.412,8,24,basic,0
acct_243,2026-02-01,888,3,14,0.43,13,24,basic,0
acct_243,2026-03-01,880,3,3,0.33,17,24,basic,0
acct_243,2026-04-01,813,5,0,0.315,13,24,basic,0
acct_243,2026-05-01,864,4,20,0.35,11,24,basic,1
acct_243,2026-06-01,804,1,7,0.215,4,24,basic,0
acct_243,2026-07-01,859,3,29,0.51,4,24,basic,0
acct_243,2026-08-01,860,7,8,0.313,7,24,basic,0
acct_243,2026-09-01,813,3,7,0.306,9,24,basic,0
acct_243,2026-10-01,799,2,12,0.179,12,24,basic,0
acct_243,2026-11-01,804,7,24,0.171,3,24,basic,0
acct_243,2026-12-01,772,5,15,0.417,14,24,basic,0
acct_244,2026-01-01,475,4,48,0.132,5,5,enterprise,0
acct_244,2026-02-01,437,3,41,0.286,3,5,enterprise,1
acct_244,2026-03-01,424,9,42,0.16,9,5,enterprise,0
acct_244,2026-04-01,380,9,42,0.124,6,5,enterprise,0
acct_244,2026-05-01,394,2,33,0.304,11,5,enterprise,1
acct_244,2026-06-01,330,3,28,0.227,15,5,enterprise,1
acct_244,2026-07-01,306,4,24,0.114,13,5,enterprise,0
acct_244,2026-08-01,293,8,32,0.164,13,5,enterprise,0
acct_244,2026-09-01,262,10,33,0.0,15,5,enterprise,0
acct_244,2026-10-01,255,5,23,0.0,19,5,enterprise,0
acct_244,2026-11-01,200,8,15,0.044,16,5,enterprise,0
acct_244,2026-12-01,165,6,14,0.063,18,5,enterprise,0
acct_245,2026-01-01,508,3,33,0.61,7,39,pro,0
acct_245,2026-02-01,549,1,44,0.753,3,39,pro,0
acct_245,2026-03-01,505,7,40,0.797,9,39,pro,1
acct_245,2026-04-01,527,2,43,0.676,7,39,pro,0
acct_245,2026-05-01,508,7,34,0.667,6,39,pro,0
acct_245,2026-06-01,511,3,26,0.706,14,39,pro,0
acct_245,2026-07-01,507,1,36,0.527,6,39,pro,0
acct_245,2026-08-01,491,4,51,0.694,12,39,pro,0
acct_245,2026-09-01,499,7,33,0.845,7,39,pro,0
acct_245,2026-10-01,487,7,40,0.774,4,39,pro,0
acct_245,2026-11-01,498,1,36,0.661,11,39,pro,0
acct_245,2026-12-01,521,6,37,0.625,13,39,pro,0
acct_246,2026-01-01,624,1,42,0.333,2,5,pro,0
acct_246,2026-02-01,641,7,35,0.37,2,5,pro,0
acct_246,2026-03-01,664,0,28,0.531,0,5,pro,0
acct_246,2026-04-01,647,2,21,0.56,14,5,pro,0
acct_246,2026-05-01,685,4,25,0.241,5,5,pro,0
acct_246,2026-06-01,643,3,26,0.337,5,5,pro,0
acct_246,2026-07-01,655,7,31,0.301,10,5,pro,0
acct_246,2026-08-01,659,0,16,0.502,0,5,pro,0
acct_246,2026-09-01,642,4,23,0.232,7,5,pro,0
acct_246,2026-10-01,666,4,38,0.416,9,5,pro,0
acct_246,2026-11-01,668,7,23,0.385,8,5,pro,0
acct_246,2026-12-01,652,1,35,0.455,9,5,pro,0
acct_247,2026-01-01,403,6,49,0.374,10,4,pro,0
acct_247,2026-02-01,424,4,58,0.478,11,4,pro,0
acct_247,2026-03-01,463,7,59,0.338,4,4,pro,0
acct_247,2026-04-01,418,3,54,0.36,6,4,pro,0
acct_247,2026-05-01,429,6,51,0.532,11,4,pro,0
acct_247,2026-06-01,436,4,58,0.452,7,4,pro,0
acct_247,2026-07-01,421,1,58,0.436,12,4,pro,0
acct_247,2026-08-01,423,0,62,0.369,15,4,pro,0
acct_247,2026-09-01,449,5,50,0.664,13,4,pro,0
acct_247,2026-10-01,432,3,56,0.426,8,4,pro,0
acct_247,2026-11-01,441,2,52,0.328,2,4,pro,0
acct_247,2026-12-01,438,6,56,0.494,10,4,pro,0
acct_248,2026-01-01,938,1,16,0.227,10,13,pro,0
acct_248,2026-02-01,917,0,17,0.445,12,13,pro,0
acct_248,2026-03-01,920,2,29,0.14,1,13,pro,0
acct_248,2026-04-01,894,6,33,0.34,8,13,pro,0
acct_248,2026-05-01,894,7,30,0.47,4,13,pro,0
acct_248,2026-06-01,846,4,23,0.375,13,13,pro,0
acct_248,2026-07-01,869,1,29,0.241,7,13,pro,0
acct_248,2026-08-01,930,5,20,0.375,15,13,pro,1
acct_248,2026-09-01,879,3,23,0.233,3,13,pro,0
acct_248,2026-10-01,878,5,17,0.255,17,13,pro,0
acct_248,2026-11-01,815,3,26,0.278,17,13,pro,0
acct_248,2026-12-01,826,5,34,0.366,10,13,pro,0
acct_249,2026-01-01,505,7,53,0.485,5,21,pro,0
acct_249,2026-02-01,510,4,48,0.396,12,21,pro,0
acct_249,2026-03-01,491,3,49,0.502,15,21,pro,0
acct_249,2026-04-01,522,3,64,0.562,3,21,pro,0
acct_249,2026-05-01,499,1,55,0.425,3,21,pro,0
acct_249,2026-06-01,528,0,48,0.635,10,21,pro,0
acct_249,2026-07-01,478,4,53,0.45,1,21,pro,0
acct_249,2026-08-01,498,3,58,0.56,14,21,pro,0
acct_249,2026-09-01,512,2,44,0.495,11,21,pro,0
acct_249,2026-10-01,499,7,53,0.654,1,21,pro,0
acct_249,2026-11-01,499,6,48,0.682,17,21,pro,0
acct_249,2026-12-01,482,7,57,0.525,7,21,pro,0
acct_250,2026-01-01,483,5,39,0.456,13,30,basic,1
acct_250,2026-02-01,464,2,40,0.533,6,30,basic,0
acct_250,2026-03-01,475,3,25,0.533,11,30,basic,0
acct_250,2026-04-01,478,4,29,0.496,6,30,basic,1
acct_250,2026-05-01,496,0,36,0.495,2,30,basic,0
acct_250,2026-06-01,471,1,37,0.506,1,30,basic,0
acct_250,2026-07-01,481,1,21,0.611,10,30,basic,1
acct_250,2026-08-01,440,5,36,0.317,10,30,basic,0
acct_250,2026-09-01,429,0,30,0.455,8,30,basic,0
acct_250,2026-10-01,447,1,40,0.337,13,30,basic,0
acct_250,2026-11-01,443,6,42,0.489,5,30,basic,0
acct_250,2026-12-01,452,2,37,0.391,4,30,basic,0
acct_251,2026-01-01,647,7,44,0.09,3,11,pro,0
acct_251,2026-02-01,643,7,35,0.4,8,11,pro,1
acct_251,2026-03-01,632,3,30,0.197,9,11,pro,0
acct_251,2026-04-01,619,4,35,0.158,0,11,pro,0
acct_251,2026-05-01,667,5,48,0.279,1,11,pro,0
acct_251,2026-06-01,609,0,36,0.17,8,11,pro,0
acct_251,2026-07-01,606,6,42,0.331,4,11,pro,0
acct_251,2026-08-01,606,6,50,0.388,8,11,pro,0
acct_251,2026-09-01,622,2,45,0.417,9,11,pro,1
acct_251,2026-10-01,605,6,35,0.22,15,11,pro,0
acct_251,2026-11-01,628,2,49,0.161,12,11,pro,0
acct_251,2026-12-01,619,7,37,0.215,7,11,pro,1
acct_252,2026-01-01,464,5,55,0.254,0,29,enterprise,0
acct_252,2026-02-01,471,3,57,0.313,14,29,enterprise,0
acct_252,2026-03-01,483,1,60,0.197,6,29,enterprise,0
acct_252,2026-04-01,509,6,55,0.122,10,29,enterprise,0
acct_252,2026-05-01,488,3,48,0.19,6,29,enterprise,0
acct_252,2026-06-01,500,7,54,0.414,8,29,enterprise,0
acct_252,2026-07-01,502,7,46,0.088,6,29,enterprise,0
acct_252,2026-08-01,487,4,54,0.143,5,29,enterprise,1
acct_252,2026-09-01,499,5,60,0.321,10,29,enterprise,0
acct_252,2026-10-01,508,1,57,0.252,8,29,enterprise,0
acct_252,2026-11-01,503,3,46,0.207,7,29,enterprise,0
acct_252,2026-12-01,514,2,61,0.35,5,29,enterprise,0
acct_253,2026-01-01,1137,3,52,0.561,3,8,pro,0
acct_253,2026-02-01,1125,0,48,0.89,2,8,pro,0
acct_253,2026-03-01,1092,0,60,0.697,2,8,pro,0
acct_253,2026-04-01,1186,0,63,0.696,3,8,pro,0
acct_253,2026-05-01,1126,6,58,0.817,9,8,pro,0
acct_253,2026-06-01,1085,6,56,0.697,12,8,pro,0
acct_253,2026-07-01,1168,5,61,0.791,9,8,pro,0
acct_253,2026-08-01,1118,7,57,0.767,12,8,pro,1
acct_253,2026-09-01,1232,2,57,0.7,7,8,pro,0
acct_253,2026-10-01,1182,6,43,0.785,4,8,pro,0
acct_253,2026-11-01,1128,7,48,0.954,9,8,pro,0
acct_253,2026-12-01,1222,0,64,0.813,13,8,pro,0
acct_254,2026-01-01,747,7,44,0.774,10,18,basic,0
acct_254,2026-02-01,692,2,37,0.795,12,18,basic,0
acct_254,2026-03-01,729,0,43,0.812,8,18,basic,0
acct_254,2026-04-01,762,1,30,0.8,3,18,basic,0
acct_254,2026-05-01,752,3,43,0.799,10,18,basic,0
acct_254,2026-06-01,737,4,42,0.855,12,18,basic,1
acct_254,2026-07-01,757,3,39,0.88,13,18,basic,0
acct_254,2026-08-01,743,7,29,0.722,3,18,basic,0
acct_254,2026-09-01,771,4,38,0.781,13,18,basic,0
acct_254,2026-10-01,774,2,41,0.695,10,18,basic,0
acct_254,2026-11-01,800,7,29,0.78,4,18,basic,0
acct_254,2026-12-01,804,0,29,0.86,11,18,basic,0
acct_255,2026-01-01,1119,5,37,0.632,2,14,pro,0
acct_255,2026-02-01,1169,3,55,0.651,5,14,pro,0
acct_255,2026-03-01,1210,3,51,0.66,7,14,pro,0
acct_255,2026-04-01,1201,0,46,0.593,4,14,pro,0
acct_255,2026-05-01,1188,6,48,0.705,12,14,pro,0
acct_255,2026-06-01,1267,3,51,0.465,13,14,pro,0
acct_255,2026-07-01,1188,7,55,0.721,13,14,pro,0
acct_255,2026-08-01,1194,6,53,0.715,6,14,pro,0
acct_255,2026-09-01,1237,6,57,0.647,6,14,pro,0
acct_255,2026-10-01,1270,6,51,0.693,5,14,pro,0
acct_255,2026-11-01,1207,7,48,0.532,14,14,pro,0
acct_255,2026-12-01,1177,3,50,0.437,1,14,pro,0
acct_256,2026-01-01,485,2,41,0.206,7,33,pro,1
acct_256,2026-02-01,476,5,41,0.285,1,33,pro,1
acct_256,2026-03-01,459,2,36,0.202,0,33,pro,0
acct_256,2026-04-01,452,7,47,0.197,3,33,pro,0
acct_256,2026-05-01,453,2,40,0.216,10,33,pro,0
acct_256,2026-06-01,441,3,44,0.247,6,33,pro,0
acct_256,2026-07-01,463,1,40,0.211,9,33,pro,0
acct_256,2026-08-01,450,7,44,0.114,3,33,pro,0
acct_256,2026-09-01,429,1,24,0.317,13,33,pro,0
acct_256,2026-10-01,429,5,31,0.206,7,33,pro,0
acct_256,2026-11-01,422,2,32,0.259,18,33,pro,1
acct_256,2026-12-01,423,3,34,0.263,8,33,pro,0
acct_257,2026-01-01,793,6,33,0.706,3,17,enterprise,0
acct_257,2026-02-01,771,4,42,0.596,5,17,enterprise,0
acct_257,2026-03-01,743,4,37,0.77,9,17,enterprise,0
acct_257,2026-04-01,789,5,40,0.623,12,17,enterprise,0
acct_257,2026-05-01,805,0,41,0.419,12,17,enterprise,0
acct_257,2026-06-01,751,4,40,0.6,9,17,enterprise,0
acct_257,2026-07-01,803,3,37,0.527,7,17,enterprise,0
acct_257,2026-08-01,782,7,40,0.767,10,17,enterprise,0
acct_257,2026-09-01,819,2,43,0.634,6,17,enterprise,0
acct_257,2026-10-01,782,1,48,0.53,0,17,enterprise,0
acct_257,2026-11-01,800,4,35,0.543,8,17,enterprise,0
acct_257,2026-12-01,844,6,43,0.725,11,17,enterprise,1
acct_258,2026-01-01,1198,3,25,0.321,13,9,pro,1
acct_258,2026-02-01,1172,3,38,0.5,7,9,pro,0
acct_258,2026-03-01,1208,3,37,0.412,14,9,pro,0
acct_258,2026-04-01,1251,1,34,0.315,4,9,pro,0
acct_258,2026-05-01,1219,7,36,0.416,14,9,pro,0
acct_258,2026-06-01,1308,1,39,0.356,15,9,pro,1
acct_258,2026-07-01,1241,2,27,0.385,11,9,pro,1
acct_258,2026-08-01,1247,7,39,0.334,4,9,pro,0
acct_258,2026-09-01,1275,3,39,0.419,12,9,pro,0
acct_258,2026-10-01,1225,6,34,0.351,10,9,pro,1
acct_258,2026-11-01,1167,2,33,0.358,12,9,pro,0
acct_258,2026-12-01,1275,3,38,0.417,4,9,pro,0
acct_259,2026-01-01,770,8,35,0.533,6,5,pro,0
acct_259,2026-02-01,660,5,48,0.44,2,5,pro,0
acct_259,2026-03-01,650,6,34,0.188,14,5,pro,0
acct_259,2026-04-01,578,2,32,0.317,5,5,pro,0
acct_259,2026-05-01,505,8,25,0.316,16,5,pro,1
acct_259,2026-06-01,497,3,21,0.474,13,5,pro,1
acct_259,2026-07-01,434,8,25,0.216,15,5,pro,0
acct_259,2026-08-01,321,5,22,0.22,12,5,pro,1
acct_259,2026-09-01,301,9,28,0.301,6,5,pro,0
acct_259,2026-10-01,260,3,26,0.158,11,5,pro,0
acct_259,2026-11-01,172,10,16,0.128,14,5,pro,0
acct_259,2026-12-01,110,8,8,0.203,19,5,pro,0
acct_260,2026-01-01,817,2,43,0.636,0,35,pro,0
acct_260,2026-02-01,845,4,49,0.432,4,35,pro,0
acct_260,2026-03-01,852,1,46,0.512,9,35,pro,0
acct_260,2026-04-01,872,5,51,0.658,13,35,pro,0
acct_260,2026-05-01,824,5,56,0.485,3,35,pro,0
acct_260,2026-06-01,810,6,46,0.675,6,35,pro,1
acct_260,2026-07-01,859,0,47,0.62,5,35,pro,0
acct_260,2026-08-01,863,0,40,0.487,13,35,pro,0
acct_260,2026-09-01,831,3,30,0.638,8,35,pro,0
acct_260,2026-10-01,828,3,57,0.475,10,35,pro,0
acct_260,2026-11-01,822,5,49,0.532,3,35,pro,0
acct_260,2026-12-01,829,1,38,0.623,5,35,pro,0
acct_261,2026-01-01,1214,2,41,0.65,12,20,pro,1
acct_261,2026-02-01,1209,7,41,0.529,16,20,pro,1
acct_261,2026-03-01,1292,6,44,0.363,8,20,pro,1
acct_261,2026-04-01,1227,4,42,0.594,1,20,pro,0
acct_261,2026-05-01,1248,4,41,0.645,12,20,pro,0
acct_261,2026-06-01,1284,0,44,0.739,10,20,pro,0
acct_261,2026-07-01,1216,6,38,0.658,8,20,pro,0
acct_261,2026-08-01,1290,3,48,0.692,11,20,pro,0
acct_261,2026-09-01,1368,0,42,0.741,12,20,pro,0
acct_261,2026-10-01,1419,0,45,0.693,7,20,pro,0
acct_261,2026-11-01,1326,3,39,0.696,16,20,pro,0
acct_261,2026-12-01,1355,0,32,0.751,16,20,pro,1
acct_262,2026-01-01,1064,1,42,0.735,12,36,pro,0
acct_262,2026-02-01,1122,6,30,0.624,12,36,pro,0
acct_262,2026-03-01,1091,6,36,0.654,2,36,pro,0
acct_262,2026-04-01,1126,3,38,0.829,11,36,pro,0
acct_262,2026-05-01,1060,3,40,0.699,5,36,pro,0
acct_262,2026-06-01,1030,0,24,0.74,13,36,pro,0
acct_262,2026-07-01,1079,7,43,0.795,4,36,pro,0
acct_262,2026-08-01,1045,3,36,0.592,10,36,pro,1
acct_262,2026-09-01,1082,1,45,0.613,3,36,pro,0
acct_262,2026-10-01,1068,5,44,0.654,0,36,pro,0
acct_262,2026-11-01,1124,2,33,0.604,13,36,pro,1
acct_262,2026-12-01,1065,4,32,0.624,7,36,pro,0
acct_263,2026-01-01,443,2,30,0.619,13,21,enterprise,0
acct_263,2026-02-01,446,4,18,0.757,2,21,enterprise,1
acct_263,2026-03-01,458,6,30,0.636,12,21,enterprise,0
acct_263,2026-04-01,452,6,17,0.649,17,21,enterprise,0
acct_263,2026-05-01,442,2,32,0.847,13,21,enterprise,1
acct_263,2026-06-01,440,0,25,0.548,7,21,enterprise,0
acct_263,2026-07-01,456,0,11,0.981,2,21,enterprise,0
acct_263,2026-08-01,451,3,15,0.839,7,21,enterprise,0
acct_263,2026-09-01,437,7,23,0.881,10,21,enterprise,0
acct_263,2026-10-01,454,1,14,0.897,17,21,enterprise,0
acct_263,2026-11-01,443,4,23,0.856,5,21,enterprise,0
acct_263,2026-12-01,468,0,17,0.899,2,21,enterprise,0
acct_264,2026-01-01,954,1,43,0.691,2,9,basic,0
acct_264,2026-02-01,1028,3,38,0.792,5,9,basic,0
acct_264,2026-03-01,1010,4,40,0.554,14,9,basic,0
acct_264,2026-04-01,1006,0,35,0.659,11,9,basic,0
acct_264,2026-05-01,987,5,37,0.647,10,9,basic,0
acct_264,2026-06-01,1003,2,35,0.642,2,9,basic,0
acct_264,2026-07-01,1007,0,17,0.746,5,9,basic,0
acct_264,2026-08-01,1008,2,28,0.62,11,9,basic,0
acct_264,2026-09-01,1046,6,42,0.643,10,9,basic,1
acct_264,2026-10-01,991,3,38,0.754,5,9,basic,0
acct_264,2026-11-01,1082,5,36,0.534,12,9,basic,0
acct_264,2026-12-01,1030,5,50,0.809,5,9,basic,0
acct_265,2026-01-01,1176,3,18,0.547,13,26,pro,0
acct_265,2026-02-01,1134,3,18,0.576,12,26,pro,0
acct_265,2026-03-01,1201,0,20,0.397,2,26,pro,0
acct_265,2026-04-01,1139,2,17,0.447,7,26,pro,0
acct_265,2026-05-01,1096,3,15,0.562,7,26,pro,0
acct_265,2026-06-01,1156,3,14,0.509,2,26,pro,0
acct_265,2026-07-01,1072,2,20,0.505,8,26,pro,0
acct_265,2026-08-01,1124,7,11,0.507,0,26,pro,0
acct_265,2026-09-01,1113,6,22,0.321,5,26,pro,0
acct_265,2026-10-01,1139,0,22,0.357,4,26,pro,0
acct_265,2026-11-01,1133,5,16,0.368,6,26,pro,0
acct_265,2026-12-01,1166,6,21,0.518,10,26,pro,1
acct_266,2026-01-01,434,2,49,0.784,9,34,enterprise,1
acct_266,2026-02-01,424,0,56,0.648,11,34,enterprise,0
acct_266,2026-03-01,421,0,53,0.741,6,34,enterprise,0
acct_266,2026-04-01,433,1,46,0.739,2,34,enterprise,0
acct_266,2026-05-01,419,3,63,0.663,13,34,enterprise,0
acct_266,2026-06-01,423,4,64,0.773,3,34,enterprise,0
acct_266,2026-07-01,443,6,66,0.95,3,34,enterprise,0
acct_266,2026-08-01,434,7,52,0.774,9,34,enterprise,1
acct_266,2026-09-01,441,3,71,0.675,9,34,enterprise,0
acct_266,2026-10-01,451,6,57,0.892,17,34,enterprise,0
acct_266,2026-11-01,465,0,57,0.977,8,34,enterprise,0
acct_266,2026-12-01,461,7,44,0.694,15,34,enterprise,0
acct_267,2026-01-01,731,9,8,0.392,0,21,enterprise,0
acct_267,2026-02-01,669,3,15,0.434,8,21,enterprise,0
acct_267,2026-03-01,630,9,12,0.402,9,21,enterprise,1
acct_267,2026-04-01,541,5,16,0.549,17,21,enterprise,0
acct_267,2026-05-01,488,7,7,0.459,3,21,enterprise,0
acct_267,2026-06-01,449,8,16,0.489,9,21,enterprise,0
acct_267,2026-07-01,347,9,0,0.408,14,21,enterprise,0
acct_267,2026-08-01,242,6,9,0.209,21,21,enterprise,0
acct_267,2026-09-01,189,6,14,0.383,18,21,enterprise,0
acct_267,2026-10-01,138,6,8,0.2,10,21,enterprise,0
acct_267,2026-11-01,77,4,2,0.135,14,21,enterprise,1
acct_267,2026-12-01,23,8,0,0.177,15,21,enterprise,1
acct_268,2026-01-01,452,7,39,0.388,0,9,pro,0
acct_268,2026-02-01,459,7,50,0.22,13,9,pro,0
acct_268,2026-03-01,452,4,45,0.292,6,9,pro,0
acct_268,2026-04-01,440,0,39,0.3,11,9,pro,0
acct_268,2026-05-01,437,7,44,0.192,4,9,pro,0
acct_268,2026-06-01,460,2,45,0.395,1,9,pro,1
acct_268,2026-07-01,440,5,46,0.205,11,9,pro,0
acct_268,2026-08-01,447,6,42,0.418,6,9,pro,0
acct_268,2026-09-01,459,3,39,0.33,14,9,pro,0
acct_268,2026-10-01,469,0,47,0.305,6,9,pro,1
acct_268,2026-11-01,451,7,52,0.1,9,9,pro,0
acct_268,2026-12-01,432,3,47,0.158,14,9,pro,1
acct_269,2026-01-01,734,2,25,0.612,9,33,pro,0
acct_269,2026-02-01,727,3,40,0.711,12,33,pro,0
acct_269,2026-03-01,731,2,44,0.516,15,33,pro,0
acct_269,2026-04-01,727,7,41,0.555,9,33,pro,0
acct_269,2026-05-01,728,5,38,0.492,5,33,pro,0
acct_269,2026-06-01,740,3,25,0.45,8,33,pro,1
acct_269,2026-07-01,738,6,29,0.569,5,33,pro,0
acct_269,2026-08-01,730,1,33,0.668,1,33,pro,1
acct_269,2026-09-01,743,5,26,0.539,6,33,pro,0
acct_269,2026-10-01,719,0,22,0.388,6,33,pro,0
acct_269,2026-11-01,728,4,29,0.665,18,33,pro,0
acct_269,2026-12-01,751,6,33,0.548,1,33,pro,1
acct_270,2026-01-01,897,4,14,0.634,7,14,basic,0
acct_270,2026-02-01,858,5,15,0.665,5,14,basic,1
acct_270,2026-03-01,769,3,9,0.483,9,14,basic,0
acct_270,2026-04-01,664,2,9,0.429,13,14,basic,0
acct_270,2026-05-01,596,8,10,0.349,9,14,basic,0
acct_270,2026-06-01,454,8,7,0.303,3,14,basic,0
acct_270,2026-07-01,416,6,11,0.559,17,14,basic,0
acct_270,2026-08-01,399,4,12,0.399,22,14,basic,0
acct_270,2026-09-01,195,5,0,0.143,12,14,basic,0
acct_270,2026-10-01,77,5,6,0.217,17,14,basic,0
acct_270,2026-11-01,33,4,0,0.101,22,14,basic,0
acct_270,2026-12-01,0,10,0,0.202,25,14,basic,0
acct_271,2026-01-01,576,5,47,0.304,12,33,basic,0
acct_271,2026-02-01,589,5,51,0.292,11,33,basic,0
acct_271,2026-03-01,586,1,52,0.349,9,33,basic,0
acct_271,2026-04-01,565,1,38,0.34,4,33,basic,0
acct_271,2026-05-01,560,1,57,0.385,8,33,basic,0
acct_271,2026-06-01,582,5,53,0.164,3,33,basic,0
acct_271,2026-07-01,606,6,50,0.375,7,33,basic,0
acct_271,2026-08-01,592,0,47,0.375,13,33,basic,0
acct_271,2026-09-01,608,5,48,0.305,6,33,basic,0
acct_271,2026-10-01,593,5,46,0.43,14,33,basic,0
acct_271,2026-11-01,601,0,51,0.2,8,33,basic,0
acct_271,2026-12-01,621,2,57,0.381,6,33,basic,0
acct_272,2026-01-01,747,7,28,0.399,10,24,pro,0
acct_272,2026-02-01,744,4,27,0.444,11,24,pro,0
acct_272,2026-03-01,710,5,31,0.393,7,24,pro,0
acct_272,2026-04-01,704,6,34,0.476,9,24,pro,0
acct_272,2026-05-01,729,0,41,0.535,7,24,pro,0
acct_272,2026-06-01,727,6,36,0.511,1,24,pro,0
acct_272,2026-07-01,757,2,29,0.263,4,24,pro,0
acct_272,2026-08-01,720,5,30,0.54,0,24,pro,0
acct_272,2026-09-01,769,3,30,0.393,10,24,pro,1
acct_272,2026-10-01,738,0,32,0.502,9,24,pro,0
acct_272,2026-11-01,704,1,28,0.458,12,24,pro,0
acct_272,2026-12-01,730,1,33,0.393,11,24,pro,0
acct_273,2026-01-01,913,4,5,0.523,10,33,basic,0
acct_273,2026-02-01,926,6,15,0.525,3,33,basic,0
acct_273,2026-03-01,898,1,20,0.562,5,33,basic,0
acct_273,2026-04-01,927,3,13,0.434,4,33,basic,0
acct_273,2026-05-01,934,0,26,0.466,6,33,basic,0
acct_273,2026-06-01,887,5,11,0.497,17,33,basic,0
acct_273,2026-07-01,862,6,14,0.522,2,33,basic,0
acct_273,2026-08-01,901,2,15,0.6,2,33,basic,0
acct_273,2026-09-01,917,7,14,0.542,9,33,basic,0
acct_273,2026-10-01,920,0,17,0.471,11,33,basic,0
acct_273,2026-11-01,944,3,13,0.545,10,33,basic,0
acct_273,2026-12-01,959,7,22,0.462,2,33,basic,0
acct_274,2026-01-01,592,3,34,0.18,8,14,basic,0
acct_274,2026-02-01,537,6,20,0.426,6,14,basic,0
acct_274,2026-03-01,478,5,14,0.252,9,14,basic,0
acct_274,2026-04-01,456,2,36,0.177,4,14,basic,0
acct_274,2026-05-01,441,8,16,0.139,11,14,basic,0
acct_274,2026-06-01,409,9,25,0.228,15,14,basic,0
acct_274,2026-07-01,395,7,15,0.091,18,14,basic,0
acct_274,2026-08-01,393,6,6,0.019,12,14,basic,0
acct_274,2026-09-01,301,8,17,0.15,19,14,basic,0
acct_274,2026-10-01,288,4,24,0.0,15,14,basic,0
acct_274,2026-11-01,269,4,20,0.0,25,14,basic,0
acct_274,2026-12-01,222,8,0,0.0,25,14,basic,0
acct_275,2026-01-01,503,1,15,0.66,4,7,enterprise,0
acct_275,2026-02-01,510,5,31,0.653,12,7,enterprise,0
acct_275,2026-03-01,506,4,33,0.635,10,7,enterprise,0
acct_275,2026-04-01,489,2,35,0.566,8,7,enterprise,0
acct_275,2026-05-01,514,1,27,0.664,1,7,enterprise,1
acct_275,2026-06-01,487,5,21,0.454,6,7,enterprise,1
acct_275,2026-07-01,488,4,35,0.652,10,7,enterprise,0
acct_275,2026-08-01,475,3,20,0.653,1,7,enterprise,0
acct_275,2026-09-01,477,3,26,0.727,0,7,enterprise,0
acct_275,2026-10-01,474,5,30,0.61,7,7,enterprise,0
acct_275,2026-11-01,478,7,29,0.59,12,7,enterprise,0
acct_275,2026-12-01,512,6,24,0.696,18,7,enterprise,0
acct_276,2026-01-01,728,5,13,0.535,7,16,enterprise,0
acct_276,2026-02-01,745,7,32,0.48,7,16,enterprise,0
acct_276,2026-03-01,726,5,15,0.401,12,16,enterprise,0
acct_276,2026-04-01,792,4,16,0.542,4,16,enterprise,0
acct_276,2026-05-01,779,5,23,0.423,7,16,enterprise,0
acct_276,2026-06-01,785,5,26,0.403,9,16,enterprise,0
acct_276,2026-07-01,790,0,12,0.421,10,16,enterprise,0
acct_276,2026-08-01,759,6,27,0.42,6,16,enterprise,0
acct_276,2026-09-01,796,7,18,0.567,15,16,enterprise,0
acct_276,2026-10-01,811,4,19,0.637,6,16,enterprise,0
acct_276,2026-11-01,848,4,29,0.38,7,16,enterprise,0
acct_276,2026-12-01,810,4,22,0.406,14,16,enterprise,0
acct_277,2026-01-01,1086,2,52,0.384,12,22,basic,1
acct_277,2026-02-01,918,5,47,0.313,4,22,basic,0
acct_277,2026-03-01,884,4,36,0.284,4,22,basic,0
acct_277,2026-04-01,633,3,34,0.276,13,22,basic,0
acct_277,2026-05-01,580,8,29,0.0,13,22,basic,0
acct_277,2026-06-01,473,2,22,0.0,16,22,basic,1
acct_277,2026-07-01,376,9,14,0.0,15,22,basic,0
acct_277,2026-08-01,320,9,16,0.0,8,22,basic,0
acct_277,2026-09-01,167,3,11,0.0,11,22,basic,0
acct_277,2026-10-01,99,7,0,0.0,14,22,basic,0
acct_277,2026-11-01,0,9,6,0.0,10,22,basic,0
acct_277,2026-12-01,0,3,0,0.0,19,22,basic,0
acct_278,2026-01-01,620,4,19,0.736,14,36,pro,0
acct_278,2026-02-01,657,2,23,0.808,8,36,pro,0
acct_278,2026-03-01,670,1,17,0.759,9,36,pro,0
acct_278,2026-04-01,652,6,18,0.798,14,36,pro,0
acct_278,2026-05-01,707,5,22,0.848,14,36,pro,0
acct_278,2026-06-01,698,0,11,0.764,2,36,pro,0
acct_278,2026-07-01,718,5,9,0.808,7,36,pro,0
acct_278,2026-08-01,699,5,19,0.792,7,36,pro,0
acct_278,2026-09-01,738,1,11,0.857,3,36,pro,0
acct_278,2026-10-01,711,6,19,0.932,12,36,pro,0
acct_278,2026-11-01,772,6,15,0.855,12,36,pro,0
acct_278,2026-12-01,736,7,18,0.9,11,36,pro,0
acct_279,2026-01-01,836,5,39,0.477,17,30,enterprise,0
acct_279,2026-02-01,846,1,44,0.498,6,30,enterprise,1
acct_279,2026-03-01,815,1,25,0.465,9,30,enterprise,0
acct_279,2026-04-01,772,2,40,0.418,11,30,enterprise,0
acct_279,2026-05-01,781,0,20,0.564,6,30,enterprise,0
acct_279,2026-06-01,807,2,31,0.415,1,30,enterprise,0
acct_279,2026-07-01,778,0,29,0.516,10,30,enterprise,0
acct_279,2026-08-01,740,1,12,0.463,5,30,enterprise,0
acct_279,2026-09-01,793,7,19,0.558,2,30,enterprise,0
acct_279,2026-10-01,784,0,29,0.383,9,30,enterprise,0
acct_279,2026-11-01,772,4,15,0.247,13,30,enterprise,0
acct_279,2026-12-01,724,3,24,0.569,9,30,enterprise,0
acct_280,2026-01-01,913,5,35,0.641,4,18,enterprise,0
acct_280,2026-02-01,878,7,21,0.645,12,18,enterprise,0
acct_280,2026-03-01,901,5,26,0.812,10,18,enterprise,0
acct_280,2026-04-01,858,3,34,0.809,2,18,enterprise,0
acct_280,2026-05-01,890,5,29,0.594,14,18,enterprise,0
acct_280,2026-06-01,897,4,43,0.699,9,18,enterprise,0
acct_280,2026-07-01,950,0,33,0.929,5,18,enterprise,0
acct_280,2026-08-01,913,7,38,0.773,4,18,enterprise,0
acct_280,2026-09-01,898,4,26,0.596,10,18,enterprise,0
acct_280,2026-10-01,939,2,36,0.92,2,18,enterprise,1
acct_280,2026-11-01,952,4,34,0.732,6,18,enterprise,0
acct_280,2026-12-01,920,7,39,0.656,12,18,enterprise,0
acct_281,2026-01-01,1212,6,17,0.729,7,30,pro,0
acct_281,2026-02-01,1112,4,15,0.655,3,30,pro,0
acct_281,2026-03-01,1098,1,10,0.509,2,30,pro,0
acct_281,2026-04-01,1157,5,16,0.687,9,30,pro,0
acct_281,2026-05-01,1166,6,12,0.77,15,30,pro,0
acct_281,2026-06-01,1146,0,12,0.721,9,30,pro,0
acct_281,2026-07-01,1253,7,18,0.814,4,30,pro,0
acct_281,2026-08-01,1219,3,20,0.788,9,30,pro,0
acct_281,2026-09-01,1177,7,12,0.85,10,30,pro,0
acct_281,2026-10-01,1120,1,9,0.57,8,30,pro,0
acct_281,2026-11-01,1214,2,24,0.65,3,30,pro,0
acct_281,2026-12-01,1237,4,11,0.928,0,30,pro,0
acct_282,2026-01-01,436,5,48,0.76,5,35,basic,0
acct_282,2026-02-01,429,1,18,0.744,14,35,basic,0
acct_282,2026-03-01,429,7,44,0.651,2,35,basic,0
acct_282,2026-04-01,421,0,24,0.646,11,35,basic,0
acct_282,2026-05-01,407,7,29,0.61,14,35,basic,0
acct_282,2026-06-01,406,4,39,0.754,6,35,basic,0
acct_282,2026-07-01,401,0,50,0.816,7,35,basic,0
acct_282,2026-08-01,411,4,34,0.721,14,35,basic,1
acct_282,2026-09-01,436,0,35,0.697,2,35,basic,0
acct_282,2026-10-01,408,5,36,0.683,11,35,basic,0
acct_282,2026-11-01,398,7,35,0.786,14,35,basic,0
acct_282,2026-12-01,402,2,40,0.645,2,35,basic,0
acct_283,2026-01-01,931,1,53,0.437,4,33,pro,0
acct_283,2026-02-01,924,2,46,0.515,12,33,pro,0
acct_283,2026-03-01,888,1,44,0.39,10,33,pro,0
acct_283,2026-04-01,956,4,50,0.384,16,33,pro,0
acct_283,2026-05-01,910,5,31,0.333,5,33,pro,0
acct_283,2026-06-01,932,6,53,0.65,0,33,pro,0
acct_283,2026-07-01,957,6,44,0.444,10,33,pro,0
acct_283,2026-08-01,989,5,47,0.327,15,33,pro,0
acct_283,2026-09-01,929,7,48,0.503,1,33,pro,0
acct_283,2026-10-01,948,3,48,0.294,10,33,pro,0
acct_283,2026-11-01,1006,3,51,0.567,12,33,pro,0
acct_283,2026-12-01,924,3,54,0.469,5,33,pro,0
acct_284,2026-01-01,834,5,34,0.4,16,4,basic,0
acct_284,2026-02-01,719,5,33,0.387,8,4,basic,0
acct_284,2026-03-01,637,5,36,0.382,7,4,basic,0
acct_284,2026-04-01,583,5,31,0.273,17,4,basic,0
acct_284,2026-05-01,489,7,29,0.25,6,4,basic,0
acct_284,2026-06-01,442,3,21,0.195,19,4,basic,0
acct_284,2026-07-01,368,9,26,0.048,7,4,basic,0
acct_284,2026-08-01,291,3,17,0.073,11,4,basic,0
acct_284,2026-09-01,209,8,11,0.154,19,4,basic,0
acct_284,2026-10-01,63,6,2,0.0,8,4,basic,0
acct_284,2026-11-01,0,3,3,0.0,26,4,basic,0
acct_284,2026-12-01,0,4,0,0.0,15,4,basic,0
acct_285,2026-01-01,994,2,52,0.763,15,19,pro,0
acct_285,2026-02-01,996,0,48,0.873,4,19,pro,0
acct_285,2026-03-01,947,6,64,0.616,8,19,pro,0
acct_285,2026-04-01,958,3,45,0.627,6,19,pro,0
acct_285,2026-05-01,938,2,60,0.792,15,19,pro,0
acct_285,2026-06-01,913,2,47,0.679,7,19,pro,0
acct_285,2026-07-01,892,0,44,0.579,16,19,pro,0
acct_285,2026-08-01,940,6,52,0.732,8,19,pro,0
acct_285,2026-09-01,900,3,39,0.62,4,19,pro,0
acct_285,2026-10-01,869,5,51,0.475,8,19,pro,0
acct_285,2026-11-01,902,3,41,0.777,5,19,pro,0
acct_285,2026-12-01,891,4,42,0.685,8,19,pro,0
acct_286,2026-01-01,542,0,59,0.331,14,40,basic,0
acct_286,2026-02-01,544,7,51,0.339,3,40,basic,0
acct_286,2026-03-01,528,5,45,0.069,0,40,basic,0
acct_286,2026-04-01,562,3,48,0.191,12,40,basic,0
acct_286,2026-05-01,526,7,48,0.243,4,40,basic,1
acct_286,2026-06-01,552,5,51,0.233,3,40,basic,0
acct_286,2026-07-01,564,0,52,0.504,1,40,basic,0
acct_286,2026-08-01,517,4,57,0.152,11,40,basic,0
acct_286,2026-09-01,588,6,48,0.356,8,40,basic,0
acct_286,2026-10-01,581,3,57,0.422,7,40,basic,0
acct_286,2026-11-01,563,7,61,0.279,10,40,basic,0
acct_286,2026-12-01,558,1,68,0.216,10,40,basic,0
acct_287,2026-01-01,1062,3,55,0.754,1,26,pro,0
acct_287,2026-02-01,1047,1,46,0.762,13,26,pro,0
acct_287,2026-03-01,1146,5,49,0.753,5,26,pro,0
acct_287,2026-04-01,1081,6,51,0.899,5,26,pro,1
acct_287,2026-05-01,1106,3,46,0.83,4,26,pro,0
acct_287,2026-06-01,1060,1,50,0.808,4,26,pro,0
acct_287,2026-07-01,1057,2,47,0.725,3,26,pro,0
acct_287,2026-08-01,1017,0,50,0.616,11,26,pro,0
acct_287,2026-09-01,1059,7,42,0.548,3,26,pro,0
acct_287,2026-10-01,1067,7,41,0.789,11,26,pro,0
acct_287,2026-11-01,1027,1,45,0.753,15,26,pro,0
acct_287,2026-12-01,1027,2,39,0.716,13,26,pro,0
acct_288,2026-01-01,417,7,15,0.271,2,2,pro,0
acct_288,2026-02-01,422,5,21,0.077,2,2,pro,0
acct_288,2026-03-01,370,5,13,0.228,0,2,pro,0
acct_288,2026-04-01,356,5,16,0.017,14,2,pro,0
acct_288,2026-05-01,321,5,28,0.068,17,2,pro,0
acct_288,2026-06-01,307,2,16,0.025,16,2,pro,0
acct_288,2026-07-01,269,9,11,0.0,10,2,pro,1
acct_288,2026-08-01,255,9,16,0.0,20,2,pro,0
acct_288,2026-09-01,238,3,14,0.047,14,2,pro,0
acct_288,2026-10-01,227,8,2,0.0,18,2,pro,0
acct_288,2026-11-01,177,5,12,0.0,20,2,pro,0
acct_288,2026-12-01,145,10,9,0.0,8,2,pro,0
acct_289,2026-01-01,1049,7,22,0.469,7,8,basic,0
acct_289,2026-02-01,1009,2,11,0.271,3,8,basic,0
acct_289,2026-03-01,1113,4,22,0.481,17,8,basic,0
acct_289,2026-04-01,1067,4,11,0.476,16,8,basic,0
acct_289,2026-05-01,1115,5,9,0.373,8,8,basic,0
acct_289,2026-06-01,1081,0,20,0.322,9,8,basic,0
acct_289,2026-07-01,1099,0,15,0.257,4,8,basic,0
acct_289,2026-08-01,1115,4,16,0.399,13,8,basic,0
acct_289,2026-09-01,1093,4,17,0.443,8,8,basic,0
acct_289,2026-10-01,1087,4,15,0.484,0,8,basic,0
acct_289,2026-11-01,1108,2,11,0.307,11,8,basic,0
acct_289,2026-12-01,1152,4,20,0.351,6,8,basic,0
acct_290,2026-01-01,1152,5,22,0.802,8,28,enterprise,0
acct_290,2026-02-01,1180,4,18,0.572,5,28,enterprise,0
acct_290,2026-03-01,1170,5,24,0.824,12,28,enterprise,0
acct_290,2026-04-01,1104,6,31,0.753,7,28,enterprise,0
acct_290,2026-05-01,1107,5,17,0.848,5,28,enterprise,0
acct_290,2026-06-01,1135,4,22,0.687,2,28,enterprise,0
acct_290,2026-07-01,1150,5,24,0.685,1,28,enterprise,0
acct_290,2026-08-01,1069,7,34,0.787,4,28,enterprise,0
acct_290,2026-09-01,1106,0,23,0.809,13,28,enterprise,0
acct_290,2026-10-01,1127,0,23,0.785,8,28,enterprise,0
acct_290,2026-11-01,1116,3,25,0.7,5,28,enterprise,0
acct_290,2026-12-01,1094,0,23,0.765,3,28,enterprise,0
acct_291,2026-01-01,713,8,15,0.403,10,13,basic,0
acct_291,2026-02-01,661,2,23,0.397,15,13,basic,0
acct_291,2026-03-01,650,5,14,0.251,8,13,basic,0
acct_291,2026-04-01,560,6,15,0.119,5,13,basic,0
acct_291,2026-05-01,554,4,13,0.188,14,13,basic,0
acct_291,2026-06-01,483,6,14,0.265,18,13,basic,0
acct_291,2026-07-01,451,2,6,0.081,21,13,basic,0
acct_291,2026-08-01,481,10,26,0.179,7,13,basic,1
acct_291,2026-09-01,395,6,6,0.054,7,13,basic,0
acct_291,2026-10-01,337,6,5,0.022,16,13,basic,1
acct_291,2026-11-01,323,10,16,0.0,11,13,basic,0
acct_291,2026-12-01,268,7,0,0.0,23,13,basic,0
acct_292,2026-01-01,456,2,14,0.545,14,14,basic,1
acct_292,2026-02-01,493,2,34,0.766,8,14,basic,0
acct_292,2026-03-01,499,0,20,0.679,13,14,basic,0
acct_292,2026-04-01,480,7,22,0.704,6,14,basic,0
acct_292,2026-05-01,458,7,32,0.738,2,14,basic,0
acct_292,2026-06-01,481,7,31,0.614,9,14,basic,0
acct_292,2026-07-01,473,4,26,0.63,5,14,basic,0
acct_292,2026-08-01,472,3,31,0.662,1,14,basic,0
acct_292,2026-09-01,504,1,33,0.833,12,14,basic,0
acct_292,2026-10-01,485,4,30,0.633,1,14,basic,0
acct_292,2026-11-01,504,6,28,0.665,16,14,basic,0
acct_292,2026-12-01,497,5,19,0.78,15,14,basic,0
acct_293,2026-01-01,1189,5,67,0.524,9,23,basic,0
acct_293,2026-02-01,1137,0,59,0.491,1,23,basic,0
acct_293,2026-03-01,1192,4,64,0.676,8,23,basic,0
acct_293,2026-04-01,1160,5,50,0.541,10,23,basic,0
acct_293,2026-05-01,1102,7,64,0.39,3,23,basic,0
acct_293,2026-06-01,1130,7,63,0.501,1,23,basic,1
acct_293,2026-07-01,1136,4,45,0.596,9,23,basic,0
acct_293,2026-08-01,1131,7,53,0.409,1,23,basic,1
acct_293,2026-09-01,1106,2,61,0.544,12,23,basic,0
acct_293,2026-10-01,1091,3,54,0.663,1,23,basic,0
acct_293,2026-11-01,1122,4,55,0.338,4,23,basic,0
acct_293,2026-12-01,1072,4,56,0.51,13,23,basic,0
acct_294,2026-01-01,391,3,17,0.27,4,21,enterprise,0
acct_294,2026-02-01,390,5,20,0.25,8,21,enterprise,0
acct_294,2026-03-01,396,0,27,0.35,2,21,enterprise,0
acct_294,2026-04-01,408,3,27,0.251,8,21,enterprise,0
acct_294,2026-05-01,427,2,17,0.259,8,21,enterprise,0
acct_294,2026-06-01,419,4,19,0.295,9,21,enterprise,0
acct_294,2026-07-01,417,1,28,0.154,6,21,enterprise,0
acct_294,2026-08-01,441,4,22,0.285,12,21,enterprise,0
acct_294,2026-09-01,458,1,16,0.277,6,21,enterprise,0
acct_294,2026-10-01,432,4,12,0.378,12,21,enterprise,0
acct_294,2026-11-01,431,2,19,0.289,5,21,enterprise,0
acct_294,2026-12-01,456,2,37,0.392,17,21,enterprise,0
acct_295,2026-01-01,898,7,28,0.681,1,8,basic,0
acct_295,2026-02-01,761,6,23,0.697,4,8,basic,0
acct_295,2026-03-01,718,6,31,0.647,12,8,basic,0
acct_295,2026-04-01,629,3,20,0.486,10,8,basic,0
acct_295,2026-05-01,544,8,19,0.48,20,8,basic,1
acct_295,2026-06-01,421,6,15,0.295,20,8,basic,0
acct_295,2026-07-01,418,9,18,0.424,13,8,basic,1
acct_295,2026-08-01,272,5,12,0.383,13,8,basic,1
acct_295,2026-09-01,183,4,0,0.312,7,8,basic,0
acct_295,2026-10-01,171,5,10,0.383,20,8,basic,0
acct_295,2026-11-01,112,6,0,0.293,12,8,basic,0
acct_295,2026-12-01,0,9,0,0.189,21,8,basic,0
acct_296,2026-01-01,946,1,23,0.835,16,18,enterprise,0
acct_296,2026-02-01,988,4,36,0.748,8,18,enterprise,0
acct_296,2026-03-01,923,4,29,0.821,11,18,enterprise,0
acct_296,2026-04-01,908,1,23,0.783,7,18,enterprise,0
acct_296,2026-05-01,926,1,23,0.635,6,18,enterprise,0
acct_296,2026-06-01,933,0,20,0.716,5,18,enterprise,0
acct_296,2026-07-01,942,2,31,0.781,5,18,enterprise,0
acct_296,2026-08-01,962,0,9,0.733,13,18,enterprise,0
acct_296,2026-09-01,952,3,29,0.745,5,18,enterprise,0
acct_296,2026-10-01,975,5,26,0.568,4,18,enterprise,0
acct_296,2026-11-01,959,6,24,0.635,17,18,enterprise,0
acct_296,2026-12-01,901,4,14,0.704,3,18,enterprise,0
acct_297,2026-01-01,681,5,28,0.522,14,18,basic,0
acct_297,2026-02-01,643,3,39,0.506,5,18,basic,1
acct_297,2026-03-01,580,2,32,0.595,9,18,basic,0
acct_297,2026-04-01,511,3,17,0.346,16,18,basic,0
acct_297,2026-05-01,478,3,18,0.459,9,18,basic,0
acct_297,2026-06-01,445,5,16,0.338,15,18,basic,0
acct_297,2026-07-01,388,2,24,0.241,22,18,basic,0
acct_297,2026-08-01,341,10,19,0.285,16,18,basic,0
acct_297,2026-09-01,345,4,26,0.207,17,18,basic,0
acct_297,2026-10-01,255,5,14,0.254,13,18,basic,0
acct_297,2026-11-01,237,5,11,0.079,15,18,basic,0
acct_297,2026-12-01,157,4,20,0.178,19,18,basic,0
acct_298,2026-01-01,614,9,10,0.378,13,19,enterprise,0
acct_298,2026-02-01,539,3,14,0.347,12,19,enterprise,0
acct_298,2026-03-01,565,2,10,0.358,17,19,enterprise,0
acct_298,2026-04-01,506,4,18,0.323,6,19,enterprise,0
acct_298,2026-05-01,452,2,7,0.449,10,19,enterprise,0
acct_298,2026-06-01,438,3,15,0.197,8,19,enterprise,0
acct_298,2026-07-01,409,6,16,0.282,13,19,enterprise,0
acct_298,2026-08-01,357,7,9,0.381,7,19,enterprise,0
acct_298,2026-09-01,349,10,13,0.214,18,19,enterprise,0
acct_298,2026-10-01,328,9,8,0.177,13,19,enterprise,0
acct_298,2026-11-01,290,7,2,0.29,16,19,enterprise,0
acct_298,2026-12-01,239,5,0,0.092,14,19,enterprise,0
acct_299,2026-01-01,1030,3,27,0.873,13,34,pro,0
acct_299,2026-02-01,953,5,23,0.692,4,34,pro,0
acct_299,2026-03-01,1006,5,29,0.63,10,34,pro,0
acct_299,2026-04-01,1014,3,19,0.84,14,34,pro,0
acct_299,2026-05-01,957,7,28,0.814,13,34,pro,0
acct_299,2026-06-01,967,1,26,0.722,3,34,pro,0
acct_299,2026-07-01,921,3,20,0.778,8,34,pro,0
acct_299,2026-08-01,967,7,25,0.634,10,34,pro,0
acct_299,2026-09-01,947,5,23,0.781,15,34,pro,0
acct_299,2026-10-01,1018,4,21,0.749,10,34,pro,0
acct_299,2026-11-01,920,1,35,0.719,15,34,pro,1
acct_299,2026-12-01,964,2,31,0.759,5,34,pro,0
acct_300,2026-01-01,926,3,48,0.41,4,35,basic,0
acct_300,2026-02-01,933,6,54,0.523,15,35,basic,0
acct_300,2026-03-01,975,6,52,0.689,5,35,basic,0
acct_300,2026-04-01,1037,6,48,0.522,5,35,basic,0
acct_300,2026-05-01,1005,4,55,0.466,12,35,basic,0
acct_300,2026-06-01,1001,7,53,0.458,11,35,basic,0
acct_300,2026-07-01,1026,4,54,0.601,2,35,basic,0
acct_300,2026-08-01,1011,0,56,0.495,3,35,basic,0
acct_300,2026-09-01,1051,3,57,0.55,5,35,basic,0
acct_300,2026-10-01,1046,4,50,0.495,11,35,basic,0
acct_300,2026-11-01,1055,0,64,0.709,16,35,basic,0
acct_300,2026-12-01,1123,5,57,0.584,11,35,basic,0
acct_301,2026-01-01,728,2,50,0.715,8,27,enterprise,0
acct_301,2026-02-01,782,2,53,0.71,14,27,enterprise,0
acct_301,2026-03-01,814,3,55,0.58,8,27,enterprise,0
acct_301,2026-04-01,716,1,48,0.664,7,27,enterprise,0
acct_301,2026-05-01,753,5,52,0.814,4,27,enterprise,1
acct_301,2026-06-01,768,7,51,0.882,4,27,enterprise,0
acct_301,2026-07-01,751,2,53,0.688,3,27,enterprise,0
acct_301,2026-08-01,766,7,46,0.73,14,27,enterprise,0
acct_301,2026-09-01,733,7,50,0.729,1,27,enterprise,0
acct_301,2026-10-01,747,4,45,0.694,7,27,enterprise,0
acct_301,2026-11-01,792,1,56,0.547,13,27,enterprise,0
acct_301,2026-12-01,742,7,56,0.497,2,27,enterprise,0
acct_302,2026-01-01,536,2,32,0.403,11,33,basic,0
acct_302,2026-02-01,527,1,38,0.494,16,33,basic,0
acct_302,2026-03-01,540,5,40,0.217,5,33,basic,0
acct_302,2026-04-01,540,5,41,0.382,14,33,basic,0
acct_302,2026-05-01,539,1,40,0.196,5,33,basic,0
acct_302,2026-06-01,530,1,36,0.381,14,33,basic,0
acct_302,2026-07-01,528,7,38,0.409,8,33,basic,0
acct_302,2026-08-01,563,0,33,0.345,10,33,basic,0
acct_302,2026-09-01,548,1,30,0.513,0,33,basic,0
acct_302,2026-10-01,549,0,36,0.367,9,33,basic,0
acct_302,2026-11-01,561,0,36,0.356,8,33,basic,0
acct_302,2026-12-01,579,1,44,0.376,7,33,basic,0
acct_303,2026-01-01,626,3,26,0.633,10,12,enterprise,0
acct_303,2026-02-01,605,0,25,0.478,3,12,enterprise,0
acct_303,2026-03-01,642,6,38,0.586,12,12,enterprise,0
acct_303,2026-04-01,621,4,24,0.53,9,12,enterprise,0
acct_303,2026-05-01,595,7,24,0.547,8,12,enterprise,0
acct_303,2026-06-01,615,5,19,0.733,7,12,enterprise,0
acct_303,2026-07-01,626,5,27,0.698,9,12,enterprise,0
acct_303,2026-08-01,617,0,21,0.583,4,12,enterprise,0
acct_303,2026-09-01,597,1,33,0.486,6,12,enterprise,0
acct_303,2026-10-01,623,7,32,0.688,7,12,enterprise,0
acct_303,2026-11-01,606,5,25,0.586,15,12,enterprise,0
acct_303,2026-12-01,601,3,39,0.64,0,12,enterprise,0
acct_304,2026-01-01,943,2,49,0.724,10,15,pro,0
acct_304,2026-02-01,972,2,39,0.659,7,15,pro,0
acct_304,2026-03-01,961,0,39,0.879,16,15,pro,0
acct_304,2026-04-01,925,3,28,0.647,14,15,pro,0
acct_304,2026-05-01,961,4,47,0.671,12,15,pro,0
acct_304,2026-06-01,965,4,42,0.676,5,15,pro,0
acct_304,2026-07-01,946,7,46,0.833,6,15,pro,0
acct_304,2026-08-01,961,2,37,0.853,3,15,pro,0
acct_304,2026-09-01,980,3,46,0.829,5,15,pro,0
acct_304,2026-10-01,1015,4,36,0.781,6,15,pro,0
acct_304,2026-11-01,958,0,42,0.796,17,15,pro,0
acct_304,2026-12-01,955,7,39,0.751,15,15,pro,0
acct_305,2026-01-01,1004,2,47,0.087,10,8,basic,0
acct_305,2026-02-01,927,3,44,0.175,8,8,basic,0
acct_305,2026-03-01,830,4,40,0.147,3,8,basic,0
acct_305,2026-04-01,748,4,42,0.157,17,8,basic,0
acct_305,2026-05-01,628,5,35,0.107,6,8,basic,0
acct_305,2026-06-01,523,3,27,0.0,11,8,basic,0
acct_305,2026-07-01,359,7,20,0.0,17,8,basic,0
acct_305,2026-08-01,292,6,12,0.0,19,8,basic,0
acct_305,2026-09-01,214,10,18,0.0,9,8,basic,0
acct_305,2026-10-01,73,9,13,0.0,22,8,basic,0
acct_305,2026-11-01,0,5,7,0.0,17,8,basic,0
acct_305,2026-12-01,0,10,0,0.0,22,8,basic,0
acct_306,2026-01-01,1076,0,22,0.559,11,31,basic,0
acct_306,2026-02-01,1050,6,32,0.414,13,31,basic,0
acct_306,2026-03-01,1120,1,21,0.261,8,31,basic,0
acct_306,2026-04-01,1084,7,19,0.571,5,31,basic,0
acct_306,2026-05-01,1026,1,21,0.472,12,31,basic,0
acct_306,2026-06-01,982,4,18,0.353,12,31,basic,0
acct_306,2026-07-01,1058,1,24,0.515,3,31,basic,0
acct_306,2026-08-01,1020,5,14,0.345,12,31,basic,0
acct_306,2026-09-01,1029,3,19,0.407,11,31,basic,0
acct_306,2026-10-01,1062,6,19,0.391,7,31,basic,0
acct_306,2026-11-01,1055,3,29,0.503,10,31,basic,0
acct_306,2026-12-01,1007,6,24,0.379,9,31,basic,0
acct_307,2026-01-01,453,5,49,0.803,4,16,basic,0
acct_307,2026-02-01,466,7,52,0.685,7,16,basic,0
acct_307,2026-03-01,474,0,53,0.746,14,16,basic,0
acct_307,2026-04-01,454,1,47,0.6,11,16,basic,0
acct_307,2026-05-01,455,4,43,0.66,7,16,basic,0
acct_307,2026-06-01,472,1,49,0.729,8,16,basic,0
acct_307,2026-07-01,474,7,45,0.742,5,16,basic,0
acct_307,2026-08-01,473,7,44,0.642,7,16,basic,0
acct_307,2026-09-01,461,1,44,0.697,3,16,basic,0
acct_307,2026-10-01,482,7,51,0.763,3,16,basic,0
acct_307,2026-11-01,471,1,54,0.816,6,16,basic,0
acct_307,2026-12-01,503,5,56,0.798,1,16,basic,0
acct_308,2026-01-01,861,1,50,0.863,3,35,pro,0
acct_308,2026-02-01,828,2,45,0.772,8,35,pro,1
acct_308,2026-03-01,784,4,45,0.796,9,35,pro,0
acct_308,2026-04-01,803,5,42,0.666,5,35,pro,0
acct_308,2026-05-01,836,0,48,0.667,16,35,pro,0
acct_308,2026-06-01,805,7,37,0.646,14,35,pro,1
acct_308,2026-07-01,831,0,50,0.637,7,35,pro,0
acct_308,2026-08-01,750,3,34,0.846,9,35,pro,1
acct_308,2026-09-01,756,0,40,0.862,10,35,pro,0
acct_308,2026-10-01,782,0,32,0.711,2,35,pro,0
acct_308,2026-11-01,738,5,44,0.782,13,35,pro,0
acct_308,2026-12-01,776,5,47,0.65,17,35,pro,0
acct_309,2026-01-01,908,0,59,0.419,4,23,enterprise,0
acct_309,2026-02-01,895,0,55,0.426,9,23,enterprise,1
acct_309,2026-03-01,895,5,49,0.337,12,23,enterprise,0
acct_309,2026-04-01,915,2,60,0.281,15,23,enterprise,0
acct_309,2026-05-01,899,2,50,0.47,15,23,enterprise,0
acct_309,2026-06-01,932,7,63,0.312,12,23,enterprise,0
acct_309,2026-07-01,927,1,58,0.476,2,23,enterprise,0
acct_309,2026-08-01,943,7,42,0.313,14,23,enterprise,0
acct_309,2026-09-01,1017,3,52,0.596,8,23,enterprise,0
acct_309,2026-10-01,969,0,51,0.379,10,23,enterprise,0
acct_309,2026-11-01,970,0,64,0.384,2,23,enterprise,0
acct_309,2026-12-01,974,2,55,0.422,8,23,enterprise,1
acct_310,2026-01-01,1107,5,32,0.449,3,9,pro,0
acct_310,2026-02-01,1021,4,20,0.484,13,9,pro,0
acct_310,2026-03-01,863,6,23,0.336,7,9,pro,0
acct_310,2026-04-01,730,3,15,0.331,6,9,pro,0
acct_310,2026-05-01,706,7,13,0.472,8,9,pro,0
acct_310,2026-06-01,542,8,15,0.201,12,9,pro,0
acct_310,2026-07-01,437,9,21,0.026,21,9,pro,1
acct_310,2026-08-01,357,10,8,0.0,17,9,pro,0
acct_310,2026-09-01,193,3,9,0.11,17,9,pro,0
acct_310,2026-10-01,16,5,5,0.128,8,9,pro,0
acct_310,2026-11-01,0,6,0,0.11,15,9,pro,0
acct_310,2026-12-01,0,9,0,0.0,21,9,pro,0
acct_311,2026-01-01,442,3,28,0.69,16,39,pro,0
acct_311,2026-02-01,452,5,25,0.742,7,39,pro,0
acct_311,2026-03-01,449,3,4,0.64,10,39,pro,0
acct_311,2026-04-01,405,5,15,0.854,14,39,pro,0
acct_311,2026-05-01,432,4,14,0.85,7,39,pro,0
acct_311,2026-06-01,415,6,13,0.764,2,39,pro,0
acct_311,2026-07-01,451,0,16,0.767,10,39,pro,0
acct_311,2026-08-01,418,0,11,0.601,11,39,pro,0
acct_311,2026-09-01,431,5,22,0.767,15,39,pro,0
acct_311,2026-10-01,429,3,16,0.717,8,39,pro,1
acct_311,2026-11-01,403,6,18,0.806,15,39,pro,0
acct_311,2026-12-01,410,0,10,0.579,6,39,pro,0
acct_312,2026-01-01,1110,1,9,0.445,0,15,enterprise,0
acct_312,2026-02-01,1141,3,17,0.635,1,15,enterprise,0
acct_312,2026-03-01,1060,2,33,0.558,12,15,enterprise,1
acct_312,2026-04-01,1069,7,15,0.329,10,15,enterprise,0
acct_312,2026-05-01,1057,1,13,0.647,3,15,enterprise,0
acct_312,2026-06-01,1049,6,24,0.662,10,15,enterprise,0
acct_312,2026-07-01,1036,2,16,0.439,8,15,enterprise,0
acct_312,2026-08-01,1036,7,29,0.446,4,15,enterprise,0
acct_312,2026-09-01,1081,0,17,0.453,0,15,enterprise,0
acct_312,2026-10-01,1010,6,33,0.584,10,15,enterprise,0
acct_312,2026-11-01,1018,1,27,0.515,4,15,enterprise,1
acct_312,2026-12-01,952,7,23,0.529,0,15,enterprise,0
acct_313,2026-01-01,1029,2,28,0.579,1,12,enterprise,0
acct_313,2026-02-01,978,4,32,0.469,15,12,enterprise,0
acct_313,2026-03-01,1052,0,26,0.566,13,12,enterprise,0
acct_313,2026-04-01,1069,1,39,0.438,9,12,enterprise,0
acct_313,2026-05-01,1031,7,35,0.619,11,12,enterprise,0
acct_313,2026-06-01,1039,0,35,0.46,0,12,enterprise,0
acct_313,2026-07-01,1034,6,27,0.643,12,12,enterprise,1
acct_313,2026-08-01,1099,7,39,0.675,16,12,enterprise,0
acct_313,2026-09-01,1073,6,36,0.651,13,12,enterprise,0
acct_313,2026-10-01,1101,6,26,0.612,2,12,enterprise,0
acct_313,2026-11-01,1084,3,39,0.698,12,12,enterprise,0
acct_313,2026-12-01,1096,2,35,0.471,12,12,enterprise,0
acct_314,2026-01-01,415,4,47,0.141,13,9,enterprise,0
acct_314,2026-02-01,384,5,30,0.237,7,9,enterprise,0
acct_314,2026-03-01,325,5,25,0.15,4,9,enterprise,0
acct_314,2026-04-01,287,8,25,0.079,9,9,enterprise,0
acct_314,2026-05-01,262,6,19,0.118,13,9,enterprise,0
acct_314,2026-06-01,185,5,13,0.006,4,9,enterprise,0
acct_314,2026-07-01,143,7,17,0.0,20,9,enterprise,0
acct_314,2026-08-01,118,4,9,0.0,10,9,enterprise,0
acct_314,2026-09-01,67,10,11,0.0,21,9,enterprise,0
acct_314,2026-10-01,8,4,12,0.0,20,9,enterprise,0
acct_314,2026-11-01,0,4,0,0.0,13,9,enterprise,0
acct_314,2026-12-01,0,9,0,0.0,24,9,enterprise,0
acct_315,2026-01-01,983,4,30,0.708,5,11,basic,0
acct_315,2026-02-01,910,8,30,0.587,5,11,basic,0
acct_315,2026-03-01,909,4,27,0.567,12,11,basic,1
acct_315,2026-04-01,788,4,25,0.617,3,11,basic,0
acct_315,2026-05-01,729,8,28,0.608,11,11,basic,0
acct_315,2026-06-01,691,3,25,0.573,7,11,basic,0
acct_315,2026-07-01,627,5,18,0.505,17,11,basic,0
acct_315,2026-08-01,577,8,19,0.394,13,11,basic,0
acct_315,2026-09-01,535,4,25,0.401,12,11,basic,0
acct_315,2026-10-01,408,3,6,0.269,15,11,basic,0
acct_315,2026-11-01,385,9,7,0.328,21,11,basic,0
acct_315,2026-12-01,310,5,18,0.324,11,11,basic,0
acct_316,2026-01-01,477,2,31,0.151,12,14,pro,0
acct_316,2026-02-01,476,4,29,0.052,8,14,pro,0
acct_316,2026-03-01,424,3,24,0.206,5,14,pro,1
acct_316,2026-04-01,397,7,35,0.009,12,14,pro,0
acct_316,2026-05-01,341,2,27,0.131,14,14,pro,0
acct_316,2026-06-01,335,4,23,0.017,7,14,pro,0
acct_316,2026-07-01,300,8,31,0.04,13,14,pro,0
acct_316,2026-08-01,275,4,22,0.0,20,14,pro,0
acct_316,2026-09-01,236,8,13,0.003,9,14,pro,0
acct_316,2026-10-01,259,8,18,0.0,21,14,pro,0
acct_316,2026-11-01,198,7,12,0.0,22,14,pro,0
acct_316,2026-12-01,145,5,8,0.0,21,14,pro,0
acct_317,2026-01-01,1212,4,51,0.282,2,19,pro,0
acct_317,2026-02-01,1201,7,56,0.35,3,19,pro,1
acct_317,2026-03-01,1227,2,48,0.417,0,19,pro,0
acct_317,2026-04-01,1189,6,62,0.359,1,19,pro,0
acct_317,2026-05-01,1187,3,46,0.466,6,19,pro,0
acct_317,2026-06-01,1186,0,55,0.206,8,19,pro,0
acct_317,2026-07-01,1176,1,54,0.217,10,19,pro,0
acct_317,2026-08-01,1118,4,61,0.081,10,19,pro,0
acct_317,2026-09-01,1199,6,50,0.366,10,19,pro,0
acct_317,2026-10-01,1273,2,52,0.371,11,19,pro,0
acct_317,2026-11-01,1121,3,43,0.259,14,19,pro,0
acct_317,2026-12-01,1137,4,44,0.199,11,19,pro,1
acct_318,2026-01-01,501,1,18,0.601,14,20,enterprise,1
acct_318,2026-02-01,513,5,27,0.667,6,20,enterprise,0
acct_318,2026-03-01,528,3,17,0.788,9,20,enterprise,0
acct_318,2026-04-01,525,4,23,0.744,11,20,enterprise,0
acct_318,2026-05-01,517,6,20,0.811,12,20,enterprise,0
acct_318,2026-06-01,512,6,15,0.774,5,20,enterprise,0
acct_318,2026-07-01,515,2,14,0.744,5,20,enterprise,0
acct_318,2026-08-01,530,5,28,0.646,6,20,enterprise,0
acct_318,2026-09-01,527,7,22,0.642,15,20,enterprise,0
acct_318,2026-10-01,521,2,31,0.777,13,20,enterprise,1
acct_318,2026-11-01,542,0,14,0.704,4,20,enterprise,0
acct_318,2026-12-01,482,5,28,0.594,10,20,enterprise,0
acct_319,2026-01-01,701,0,11,0.334,3,20,enterprise,0
acct_319,2026-02-01,766,1,15,0.157,8,20,enterprise,0
acct_319,2026-03-01,760,2,25,0.303,4,20,enterprise,0
acct_319,2026-04-01,731,5,16,0.231,13,20,enterprise,0
acct_319,2026-05-01,728,0,23,0.267,5,20,enterprise,0
acct_319,2026-06-01,739,7,21,0.175,7,20,enterprise,0
acct_319,2026-07-01,756,7,24,0.381,12,20,enterprise,0
acct_319,2026-08-01,756,6,30,0.217,4,20,enterprise,0
acct_319,2026-09-01,802,5,24,0.423,11,20,enterprise,0
acct_319,2026-10-01,765,0,18,0.549,11,20,enterprise,0
acct_319,2026-11-01,760,5,21,0.29,11,20,enterprise,0
acct_319,2026-12-01,727,6,14,0.453,9,20,enterprise,0
acct_320,2026-01-01,1090,9,14,0.252,8,15,basic,0
acct_320,2026-02-01,1041,8,17,0.221,10,15,basic,0
acct_320,2026-03-01,910,6,9,0.18,14,15,basic,0
acct_320,2026-04-01,814,4,22,0.247,7,15,basic,0
acct_320,2026-05-01,794,3,6,0.005,12,15,basic,0
acct_320,2026-06-01,685,7,9,0.021,6,15,basic,0
acct_320,2026-07-01,612,9,0,0.0,16,15,basic,1
acct_320,2026-08-01,519,5,11,0.0,11,15,basic,0
acct_320,2026-09-01,395,5,11,0.001,9,15,basic,0
acct_320,2026-10-01,309,7,2,0.0,11,15,basic,0
acct_320,2026-11-01,223,10,0,0.025,18,15,basic,1
acct_320,2026-12-01,119,8,4,0.0,15,15,basic,0
acct_321,2026-01-01,1010,2,22,0.791,10,11,pro,0
acct_321,2026-02-01,996,1,28,0.807,10,11,pro,0
acct_321,2026-03-01,1045,7,32,0.819,11,11,pro,0
acct_321,2026-04-01,963,5,31,0.755,12,11,pro,0
acct_321,2026-05-01,1025,0,36,0.637,12,11,pro,1
acct_321,2026-06-01,949,7,25,0.675,5,11,pro,0
acct_321,2026-07-01,939,3,37,0.631,10,11,pro,0
acct_321,2026-08-01,916,2,27,0.766,0,11,pro,0
acct_321,2026-09-01,922,6,27,0.757,17,11,pro,0
acct_321,2026-10-01,890,3,22,0.819,15,11,pro,0
acct_321,2026-11-01,945,6,16,0.682,13,11,pro,0
acct_321,2026-12-01,935,5,27,0.695,6,11,pro,1
acct_322,2026-01-01,439,4,50,0.607,10,22,pro,0
acct_322,2026-02-01,392,7,49,0.595,10,22,pro,0
acct_322,2026-03-01,417,1,26,0.451,13,22,pro,0
acct_322,2026-04-01,395,6,34,0.612,8,22,pro,0
acct_322,2026-05-01,393,7,38,0.598,2,22,pro,0
acct_322,2026-06-01,403,6,22,0.43,11,22,pro,0
acct_322,2026-07-01,378,7,45,0.557,2,22,pro,0
acct_322,2026-08-01,393,1,32,0.569,5,22,pro,0
acct_322,2026-09-01,380,2,39,0.505,8,22,pro,0
acct_322,2026-10-01,378,0,32,0.567,5,22,pro,0
acct_322,2026-11-01,383,1,31,0.497,5,22,pro,0
acct_322,2026-12-01,388,3,49,0.566,0,22,pro,0
acct_323,2026-01-01,806,6,20,0.694,7,20,pro,0
acct_323,2026-02-01,797,5,24,0.657,7,20,pro,0
acct_323,2026-03-01,818,6,28,0.82,11,20,pro,0
acct_323,2026-04-01,764,0,23,0.784,17,20,pro,0
acct_323,2026-05-01,747,6,12,0.562,12,20,pro,0
acct_323,2026-06-01,756,5,21,0.69,3,20,pro,0
acct_323,2026-07-01,793,6,7,0.719,7,20,pro,1
acct_323,2026-08-01,775,2,23,0.639,9,20,pro,0
acct_323,2026-09-01,771,0,28,0.688,10,20,pro,0
acct_323,2026-10-01,774,5,23,0.687,6,20,pro,0
acct_323,2026-11-01,714,0,24,0.721,1,20,pro,0
acct_323,2026-12-01,727,6,11,0.776,8,20,pro,0
acct_324,2026-01-01,846,3,24,0.745,4,35,enterprise,0
acct_324,2026-02-01,871,6,20,0.579,5,35,enterprise,0
acct_324,2026-03-01,891,1,15,0.65,4,35,enterprise,0
acct_324,2026-04-01,866,6,7,0.762,10,35,enterprise,0
acct_324,2026-05-01,881,3,5,0.669,5,35,enterprise,0
acct_324,2026-06-01,829,1,13,0.617,9,35,enterprise,0
acct_324,2026-07-01,901,5,15,0.555,4,35,enterprise,1
acct_324,2026-08-01,853,6,4,0.629,11,35,enterprise,0
acct_324,2026-09-01,885,2,22,0.703,4,35,enterprise,0
acct_324,2026-10-01,810,2,20,0.831,15,35,enterprise,0
acct_324,2026-11-01,811,1,15,0.762,2,35,enterprise,0
acct_324,2026-12-01,855,0,10,0.558,14,35,enterprise,0
acct_325,2026-01-01,1117,7,25,0.495,2,14,enterprise,0
acct_325,2026-02-01,966,8,14,0.345,12,14,enterprise,0
acct_325,2026-03-01,924,4,14,0.195,6,14,enterprise,0
acct_325,2026-04-01,832,2,4,0.342,7,14,enterprise,0
acct_325,2026-05-01,731,2,6,0.212,19,14,enterprise,0
acct_325,2026-06-01,611,6,6,0.175,9,14,enterprise,0
acct_325,2026-07-01,609,4,3,0.036,7,14,enterprise,0
acct_325,2026-08-01,516,6,6,0.159,6,14,enterprise,0
acct_325,2026-09-01,405,3,21,0.152,9,14,enterprise,0
acct_325,2026-10-01,308,6,9,0.157,15,14,enterprise,0
acct_325,2026-11-01,244,7,4,0.214,22,14,enterprise,0
acct_325,2026-12-01,181,3,0,0.0,11,14,enterprise,0
acct_326,2026-01-01,716,7,56,0.53,10,10,basic,1
acct_326,2026-02-01,725,2,62,0.363,12,10,basic,0
acct_326,2026-03-01,747,2,48,0.61,10,10,basic,0
acct_326,2026-04-01,710,4,61,0.322,1,10,basic,0
acct_326,2026-05-01,714,6,54,0.353,12,10,basic,0
acct_326,2026-06-01,766,3,60,0.612,4,10,basic,0
acct_326,2026-07-01,710,1,53,0.384,3,10,basic,0
acct_326,2026-08-01,683,1,51,0.361,0,10,basic,0
acct_326,2026-09-01,659,1,70,0.332,9,10,basic,0
acct_326,2026-10-01,675,7,60,0.199,9,10,basic,0
acct_326,2026-11-01,698,1,53,0.557,7,10,basic,0
acct_326,2026-12-01,722,1,47,0.369,12,10,basic,0
acct_327,2026-01-01,455,3,22,0.459,8,34,basic,0
acct_327,2026-02-01,440,4,21,0.47,10,34,basic,1
acct_327,2026-03-01,424,3,13,0.394,12,34,basic,0
acct_327,2026-04-01,433,3,18,0.463,13,34,basic,0
acct_327,2026-05-01,397,2,24,0.528,13,34,basic,1
acct_327,2026-06-01,421,1,23,0.491,5,34,basic,0
acct_327,2026-07-01,420,1,15,0.56,10,34,basic,0
acct_327,2026-08-01,406,5,15,0.411,6,34,basic,0
acct_327,2026-09-01,401,5,28,0.654,13,34,basic,0
acct_327,2026-10-01,387,7,23,0.396,11,34,basic,0
acct_327,2026-11-01,382,0,13,0.445,7,34,basic,0
acct_327,2026-12-01,408,3,30,0.389,13,34,basic,1
acct_328,2026-01-01,886,5,26,0.412,5,38,enterprise,0
acct_328,2026-02-01,837,4,29,0.364,6,38,enterprise,0
acct_328,2026-03-01,841,4,27,0.417,12,38,enterprise,0
acct_328,2026-04-01,868,1,26,0.407,14,38,enterprise,0
acct_328,2026-05-01,809,0,19,0.362,7,38,enterprise,0
acct_328,2026-06-01,833,2,15,0.333,6,38,enterprise,0
acct_328,2026-07-01,843,5,20,0.506,9,38,enterprise,0
acct_328,2026-08-01,793,3,10,0.419,8,38,enterprise,0
acct_328,2026-09-01,850,2,27,0.547,10,38,enterprise,0
acct_328,2026-10-01,836,0,12,0.555,5,38,enterprise,0
acct_328,2026-11-01,784,2,23,0.375,4,38,enterprise,1
acct_328,2026-12-01,792,1,23,0.289,5,38,enterprise,0
acct_329,2026-01-01,818,1,43,0.884,17,14,pro,0
acct_329,2026-02-01,816,3,40,0.768,0,14,pro,0
acct_329,2026-03-01,839,2,48,0.784,0,14,pro,0
acct_329,2026-04-01,826,1,42,0.8,6,14,pro,0
acct_329,2026-05-01,816,7,38,0.803,7,14,pro,0
acct_329,2026-06-01,861,1,47,0.766,15,14,pro,0
acct_329,2026-07-01,911,4,44,0.909,12,14,pro,1
acct_329,2026-08-01,906,6,51,0.609,9,14,pro,0
acct_329,2026-09-01,886,2,45,0.872,2,14,pro,0
acct_329,2026-10-01,899,5,46,0.858,5,14,pro,0
acct_329,2026-11-01,926,1,43,0.852,16,14,pro,1
acct_329,2026-12-01,895,4,40,0.809,13,14,pro,1
acct_330,2026-01-01,555,7,41,0.544,2,12,basic,0
acct_330,2026-02-01,504,7,47,0.529,7,12,basic,0
acct_330,2026-03-01,456,5,44,0.513,15,12,basic,0
acct_330,2026-04-01,415,3,46,0.392,13,12,basic,0
acct_330,2026-05-01,373,5,26,0.297,6,12,basic,0
acct_330,2026-06-01,397,6,25,0.482,12,12,basic,0
acct_330,2026-07-01,314,3,37,0.365,17,12,basic,0
acct_330,2026-08-01,293,9,17,0.349,10,12,basic,0
acct_330,2026-09-01,225,5,23,0.429,20,12,basic,0
acct_330,2026-10-01,225,5,12,0.262,12,12,basic,0
acct_330,2026-11-01,201,7,24,0.223,11,12,basic,0
acct_330,2026-12-01,171,10,15,0.179,17,12,basic,0
acct_331,2026-01-01,887,1,32,0.726,5,38,pro,0
acct_331,2026-02-01,870,7,25,0.647,4,38,pro,0
acct_331,2026-03-01,872,7,24,0.805,4,38,pro,0
acct_331,2026-04-01,860,1,28,0.797,5,38,pro,0
acct_331,2026-05-01,869,5,25,0.59,5,38,pro,1
acct_331,2026-06-01,858,2,41,0.714,10,38,pro,1
acct_331,2026-07-01,894,1,26,0.642,10,38,pro,0
acct_331,2026-08-01,836,0,23,0.634,5,38,pro,0
acct_331,2026-09-01,853,5,27,0.456,12,38,pro,0
acct_331,2026-10-01,879,0,21,0.62,8,38,pro,0
acct_331,2026-11-01,876,1,24,0.708,2,38,pro,0
acct_331,2026-12-01,837,7,37,0.727,4,38,pro,0
acct_332,2026-01-01,646,5,48,0.44,13,27,pro,0
acct_332,2026-02-01,637,6,35,0.423,6,27,pro,1
acct_332,2026-03-01,682,0,42,0.494,11,27,pro,1
acct_332,2026-04-01,678,5,33,0.543,11,27,pro,0
acct_332,2026-05-01,686,4,42,0.514,8,27,pro,0
acct_332,2026-06-01,664,0,47,0.446,2,27,pro,0
acct_332,2026-07-01,714,4,54,0.334,10,27,pro,0
acct_332,2026-08-01,692,2,44,0.626,7,27,pro,1
acct_332,2026-09-01,702,5,52,0.481,3,27,pro,0
acct_332,2026-10-01,720,5,58,0.407,8,27,pro,0
acct_332,2026-11-01,718,7,43,0.41,16,27,pro,0
acct_332,2026-12-01,747,1,59,0.529,11,27,pro,1
acct_333,2026-01-01,582,3,21,0.392,9,13,basic,1
acct_333,2026-02-01,596,6,31,0.259,12,13,basic,0
acct_333,2026-03-01,585,2,36,0.37,11,13,basic,0
acct_333,2026-04-01,578,5,23,0.256,8,13,basic,0
acct_333,2026-05-01,617,3,29,0.368,3,13,basic,0
acct_333,2026-06-01,577,4,27,0.335,9,13,basic,0
acct_333,2026-07-01,573,5,32,0.207,9,13,basic,0
acct_333,2026-08-01,611,7,25,0.216,11,13,basic,1
acct_333,2026-09-01,573,2,17,0.365,6,13,basic,1
acct_333,2026-10-01,586,3,31,0.12,5,13,basic,0
acct_333,2026-11-01,592,5,33,0.417,9,13,basic,0
acct_333,2026-12-01,576,1,46,0.432,2,13,basic,0
acct_334,2026-01-01,656,3,41,0.566,6,28,pro,0
acct_334,2026-02-01,598,7,46,0.913,6,28,pro,0
acct_334,2026-03-01,625,6,54,0.684,6,28,pro,0
acct_334,2026-04-01,600,2,49,0.842,14,28,pro,0
acct_334,2026-05-01,633,1,36,0.722,7,28,pro,0
acct_334,2026-06-01,641,6,42,0.715,7,28,pro,0
acct_334,2026-07-01,604,7,40,0.585,11,28,pro,0
acct_334,2026-08-01,624,0,46,0.681,9,28,pro,0
acct_334,2026-09-01,598,5,40,0.798,2,28,pro,0
acct_334,2026-10-01,591,4,41,0.771,6,28,pro,0
acct_334,2026-11-01,627,7,41,0.688,8,28,pro,0
acct_334,2026-12-01,596,4,45,0.77,9,28,pro,0
acct_335,2026-01-01,942,5,18,0.562,9,24,enterprise,0
acct_335,2026-02-01,925,7,17,0.34,2,24,enterprise,0
acct_335,2026-03-01,905,3,25,0.61,7,24,enterprise,0
acct_335,2026-04-01,964,1,21,0.509,8,24,enterprise,0
acct_335,2026-05-01,863,6,20,0.629,12,24,enterprise,0
acct_335,2026-06-01,881,7,16,0.612,1,24,enterprise,0
acct_335,2026-07-01,871,3,26,0.537,12,24,enterprise,0
acct_335,2026-08-01,931,1,21,0.528,12,24,enterprise,0
acct_335,2026-09-01,933,7,19,0.572,2,24,enterprise,0
acct_335,2026-10-01,892,6,22,0.634,17,24,enterprise,1
acct_335,2026-11-01,893,4,27,0.518,13,24,enterprise,1
acct_335,2026-12-01,884,5,27,0.577,14,24,enterprise,0
acct_336,2026-01-01,883,7,27,0.188,6,10,pro,0
acct_336,2026-02-01,893,3,7,0.352,0,10,pro,0
acct_336,2026-03-01,939,5,15,0.245,6,10,pro,0
acct_336,2026-04-01,942,2,20,0.284,5,10,pro,0
acct_336,2026-05-01,908,4,20,0.4,4,10,pro,0
acct_336,2026-06-01,917,7,22,0.312,10,10,pro,1
acct_336,2026-07-01,973,4,8,0.265,13,10,pro,0
acct_336,2026-08-01,951,1,30,0.218,8,10,pro,0
acct_336,2026-09-01,977,4,27,0.409,15,10,pro,0
acct_336,2026-10-01,979,6,17,0.336,10,10,pro,0
acct_336,2026-11-01,1022,3,24,0.306,5,10,pro,0
acct_336,2026-12-01,1023,5,26,0.392,1,10,pro,1
acct_337,2026-01-01,1034,7,21,0.469,5,2,pro,0
acct_337,2026-02-01,1068,3,22,0.511,8,2,pro,0
acct_337,2026-03-01,975,7,15,0.309,9,2,pro,0
acct_337,2026-04-01,837,4,18,0.13,7,2,pro,0
acct_337,2026-05-01,737,6,8,0.409,14,2,pro,0
acct_337,2026-06-01,735,2,11,0.294,6,2,pro,0
acct_337,2026-07-01,597,4,17,0.345,8,2,pro,0
acct_337,2026-08-01,537,6,1,0.18,7,2,pro,1
acct_337,2026-09-01,407,8,5,0.211,9,2,pro,0
acct_337,2026-10-01,369,8,1,0.177,20,2,pro,0
acct_337,2026-11-01,374,10,4,0.162,18,2,pro,0
acct_337,2026-12-01,196,4,0,0.003,14,2,pro,1
acct_338,2026-01-01,827,0,49,0.555,13,30,enterprise,0
acct_338,2026-02-01,883,0,41,0.456,12,30,enterprise,0
acct_338,2026-03-01,885,5,40,0.302,8,30,enterprise,0
acct_338,2026-04-01,960,7,56,0.436,4,30,enterprise,0
acct_338,2026-05-01,931,6,54,0.304,1,30,enterprise,1
acct_338,2026-06-01,911,3,57,0.4,9,30,enterprise,0
acct_338,2026-07-01,885,3,56,0.54,16,30,enterprise,0
acct_338,2026-08-01,932,4,35,0.508,8,30,enterprise,0
acct_338,2026-09-01,964,4,45,0.381,5,30,enterprise,0
acct_338,2026-10-01,939,4,58,0.555,8,30,enterprise,0
acct_338,2026-11-01,989,1,51,0.642,11,30,enterprise,0
acct_338,2026-12-01,942,0,56,0.663,12,30,enterprise,0
acct_339,2026-01-01,1193,2,39,0.871,3,39,pro,0
acct_339,2026-02-01,1173,6,58,0.793,13,39,pro,1
acct_339,2026-03-01,1106,3,59,0.733,3,39,pro,0
acct_339,2026-04-01,1208,7,51,0.705,2,39,pro,0
acct_339,2026-05-01,1231,0,50,0.888,3,39,pro,1
acct_339,2026-06-01,1191,3,59,0.85,7,39,pro,0
acct_339,2026-07-01,1276,2,51,0.68,11,39,pro,0
acct_339,2026-08-01,1231,5,52,0.966,8,39,pro,1
acct_339,2026-09-01,1271,4,58,0.677,8,39,pro,0
acct_339,2026-10-01,1304,0,57,0.806,4,39,pro,0
acct_339,2026-11-01,1258,3,55,0.833,11,39,pro,0
acct_339,2026-12-01,1308,2,56,0.716,6,39,pro,0
acct_340,2026-01-01,1021,6,50,0.289,2,21,pro,0
acct_340,2026-02-01,1064,2,53,0.254,8,21,pro,0
acct_340,2026-03-01,1024,1,50,0.303,1,21,pro,1
acct_340,2026-04-01,1002,6,63,0.284,10,21,pro,0
acct_340,2026-05-01,993,1,47,0.216,14,21,pro,0
acct_340,2026-06-01,972,5,61,0.336,11,21,pro,0
acct_340,2026-07-01,980,5,61,0.21,6,21,pro,0
acct_340,2026-08-01,963,2,44,0.359,13,21,pro,0
acct_340,2026-09-01,1023,2,48,0.375,13,21,pro,0
acct_340,2026-10-01,963,5,51,0.367,10,21,pro,1
acct_340,2026-11-01,992,1,45,0.24,2,21,pro,0
acct_340,2026-12-01,984,4,61,0.439,10,21,pro,1
acct_341,2026-01-01,888,3,59,0.325,10,26,enterprise,0
acct_341,2026-02-01,906,6,62,0.48,10,26,enterprise,1
acct_341,2026-03-01,890,7,58,0.46,10,26,enterprise,0
acct_341,2026-04-01,898,5,57,0.586,4,26,enterprise,1
acct_341,2026-05-01,912,6,55,0.291,11,26,enterprise,0
acct_341,2026-06-01,841,6,61,0.359,10,26,enterprise,0
acct_341,2026-07-01,885,4,72,0.571,16,26,enterprise,0
acct_341,2026-08-01,856,4,53,0.314,5,26,enterprise,0
acct_341,2026-09-01,892,0,53,0.527,13,26,enterprise,0
acct_341,2026-10-01,814,3,47,0.65,4,26,enterprise,0
acct_341,2026-11-01,862,3,50,0.379,4,26,enterprise,1
acct_341,2026-12-01,842,5,61,0.312,8,26,enterprise,0
acct_342,2026-01-01,822,0,21,0.647,15,24,basic,0
acct_342,2026-02-01,791,4,16,0.732,5,24,basic,0
acct_342,2026-03-01,777,2,18,0.663,5,24,basic,0
acct_342,2026-04-01,743,2,21,0.641,2,24,basic,1
acct_342,2026-05-01,778,3,28,0.671,0,24,basic,0
acct_342,2026-06-01,794,3,21,0.656,15,24,basic,0
acct_342,2026-07-01,774,3,23,0.571,3,24,basic,0
acct_342,2026-08-01,747,6,8,0.619,5,24,basic,0
acct_342,2026-09-01,722,5,20,0.806,2,24,basic,0
acct_342,2026-10-01,759,6,16,0.533,8,24,basic,0
acct_342,2026-11-01,753,6,22,0.57,8,24,basic,0
acct_342,2026-12-01,762,6,11,0.498,2,24,basic,1
acct_343,2026-01-01,1032,2,45,0.518,11,6,pro,0
acct_343,2026-02-01,924,9,42,0.557,9,6,pro,0
acct_343,2026-03-01,888,2,37,0.316,5,6,pro,0
acct_343,2026-04-01,725,7,28,0.402,13,6,pro,0
acct_343,2026-05-01,618,2,14,0.281,13,6,pro,0
acct_343,2026-06-01,529,8,21,0.322,7,6,pro,1
acct_343,2026-07-01,358,3,20,0.335,7,6,pro,0
acct_343,2026-08-01,232,10,4,0.046,15,6,pro,0
acct_343,2026-09-01,174,7,11,0.229,16,6,pro,0
acct_343,2026-10-01,34,6,10,0.062,23,6,pro,0
acct_343,2026-11-01,0,4,0,0.038,20,6,pro,1
acct_343,2026-12-01,0,8,0,0.0,15,6,pro,0
acct_344,2026-01-01,922,1,35,0.765,12,37,pro,0
acct_344,2026-02-01,913,1,37,0.834,14,37,pro,0
acct_344,2026-03-01,916,3,48,0.706,8,37,pro,0
acct_344,2026-04-01,914,7,34,0.855,3,37,pro,0
acct_344,2026-05-01,875,2,41,0.757,2,37,pro,1
acct_344,2026-06-01,891,4,42,0.801,12,37,pro,0
acct_344,2026-07-01,921,4,29,0.846,6,37,pro,0
acct_344,2026-08-01,853,5,36,0.619,11,37,pro,1
acct_344,2026-09-01,829,4,43,0.67,2,37,pro,0
acct_344,2026-10-01,865,3,30,0.885,7,37,pro,0
acct_344,2026-11-01,839,4,30,0.826,14,37,pro,0
acct_344,2026-12-01,891,0,33,0.682,3,37,pro,0
acct_345,2026-01-01,1071,1,14,0.469,13,16,pro,0
acct_345,2026-02-01,1032,7,27,0.612,9,16,pro,1
acct_345,2026-03-01,1027,7,28,0.435,13,16,pro,1
acct_345,2026-04-01,989,2,24,0.499,14,16,pro,0
acct_345,2026-05-01,1029,6,23,0.383,16,16,pro,0
acct_345,2026-06-01,1090,1,15,0.425,2,16,pro,0
acct_345,2026-07-01,1002,6,26,0.368,5,16,pro,0
acct_345,2026-08-01,1031,1,20,0.382,16,16,pro,1
acct_345,2026-09-01,987,0,24,0.358,9,16,pro,1
acct_345,2026-10-01,1029,4,15,0.343,7,16,pro,0
acct_345,2026-11-01,1067,1,20,0.361,9,16,pro,0
acct_345,2026-12-01,1026,0,24,0.557,13,16,pro,0
acct_346,2026-01-01,648,6,31,0.571,4,7,pro,0
acct_346,2026-02-01,664,2,38,0.631,8,7,pro,0
acct_346,2026-03-01,680,6,29,0.446,16,7,pro,0
acct_346,2026-04-01,686,5,33,0.633,12,7,pro,0
acct_346,2026-05-01,713,1,35,0.489,7,7,pro,0
acct_346,2026-06-01,683,6,28,0.442,7,7,pro,0
acct_346,2026-07-01,722,2,29,0.692,8,7,pro,0
acct_346,2026-08-01,729,7,34,0.735,8,7,pro,0
acct_346,2026-09-01,729,0,29,0.513,12,7,pro,0
acct_346,2026-10-01,735,3,30,0.708,12,7,pro,0
acct_346,2026-11-01,723,7,42,0.667,16,7,pro,0
acct_346,2026-12-01,748,7,33,0.675,14,7,pro,0
acct_347,2026-01-01,967,7,21,0.441,10,35,enterprise,0
acct_347,2026-02-01,1009,0,32,0.461,13,35,enterprise,0
acct_347,2026-03-01,1055,4,29,0.319,12,35,enterprise,0
acct_347,2026-04-01,965,4,32,0.39,12,35,enterprise,0
acct_347,2026-05-01,1056,4,25,0.518,0,35,enterprise,0
acct_347,2026-06-01,1022,4,36,0.537,7,35,enterprise,0
acct_347,2026-07-01,1063,3,32,0.464,0,35,enterprise,0
acct_347,2026-08-01,1001,3,23,0.491,8,35,enterprise,0
acct_347,2026-09-01,1053,0,25,0.413,9,35,enterprise,0
acct_347,2026-10-01,1058,0,22,0.425,8,35,enterprise,1
acct_347,2026-11-01,1067,3,38,0.483,5,35,enterprise,0
acct_347,2026-12-01,1084,2,20,0.557,16,35,enterprise,0
acct_348,2026-01-01,492,2,15,0.448,12,21,basic,0
acct_348,2026-02-01,477,1,9,0.346,3,21,basic,0
acct_348,2026-03-01,473,1,7,0.298,17,21,basic,0
acct_348,2026-04-01,470,5,12,0.339,7,21,basic,0
acct_348,2026-05-01,505,1,23,0.339,3,21,basic,1
acct_348,2026-06-01,496,2,18,0.385,3,21,basic,0
acct_348,2026-07-01,486,7,15,0.614,1,21,basic,0
acct_348,2026-08-01,510,2,19,0.387,0,21,basic,0
acct_348,2026-09-01,520,2,16,0.417,8,21,basic,0
acct_348,2026-10-01,528,4,17,0.38,0,21,basic,0
acct_348,2026-11-01,532,6,16,0.355,10,21,basic,0
acct_348,2026-12-01,528,7,18,0.351,9,21,basic,0
acct_349,2026-01-01,519,2,54,0.336,8,12,enterprise,0
acct_349,2026-02-01,493,5,38,0.361,14,12,enterprise,0
acct_349,2026-03-01,427,4,34,0.306,13,12,enterprise,0
acct_349,2026-04-01,383,6,34,0.204,11,12,enterprise,0
acct_349,2026-05-01,314,5,17,0.102,11,12,enterprise,0
acct_349,2026-06-01,232,7,24,0.372,12,12,enterprise,1
acct_349,2026-07-01,179,8,27,0.11,21,12,enterprise,1
acct_349,2026-08-01,157,10,18,0.062,9,12,enterprise,0
acct_349,2026-09-01,91,10,11,0.014,10,12,enterprise,0
acct_349,2026-10-01,50,4,9,0.001,14,12,enterprise,0
acct_349,2026-11-01,13,10,9,0.0,16,12,enterprise,0
acct_349,2026-12-01,0,8,18,0.0,20,12,enterprise,0
acct_350,2026-01-01,437,4,33,0.373,0,25,basic,0
acct_350,2026-02-01,406,1,28,0.335,2,25,basic,0
acct_350,2026-03-01,418,5,25,0.433,2,25,basic,0
acct_350,2026-04-01,435,5,25,0.435,8,25,basic,1
acct_350,2026-05-01,413,7,27,0.333,2,25,basic,0
acct_350,2026-06-01,397,6,28,0.505,14,25,basic,0
acct_350,2026-07-01,412,4,22,0.228,12,25,basic,0
acct_350,2026-08-01,403,3,26,0.441,7,25,basic,0
acct_350,2026-09-01,406,7,26,0.331,6,25,basic,1
acct_350,2026-10-01,420,6,27,0.406,9,25,basic,0
acct_350,2026-11-01,396,0,27,0.431,2,25,basic,0
acct_350,2026-12-01,385,4,20,0.316,9,25,basic,0
acct_351,2026-01-01,576,7,28,0.363,1,13,pro,0
acct_351,2026-02-01,592,7,28,0.458,11,13,pro,0
acct_351,2026-03-01,564,2,25,0.402,2,13,pro,0
acct_351,2026-04-01,534,6,31,0.431,4,13,pro,0
acct_351,2026-05-01,563,6,35,0.28,4,13,pro,0
acct_351,2026-06-01,579,4,35,0.365,5,13,pro,0
acct_351,2026-07-01,547,7,34,0.375,11,13,pro,0
acct_351,2026-08-01,562,3,30,0.407,15,13,pro,0
acct_351,2026-09-01,578,7,28,0.303,5,13,pro,0
acct_351,2026-10-01,596,4,39,0.583,14,13,pro,0
acct_351,2026-11-01,552,7,24,0.387,5,13,pro,0
acct_351,2026-12-01,573,1,36,0.282,12,13,pro,0
acct_352,2026-01-01,558,3,35,0.383,2,12,pro,0
acct_352,2026-02-01,520,6,47,0.25,11,12,pro,0
acct_352,2026-03-01,521,8,44,0.233,7,12,pro,0
acct_352,2026-04-01,437,9,31,0.231,7,12,pro,0
acct_352,2026-05-01,446,7,40,0.286,13,12,pro,0
acct_352,2026-06-01,378,2,31,0.094,11,12,pro,0
acct_352,2026-07-01,363,4,31,0.16,17,12,pro,0
acct_352,2026-08-01,338,7,38,0.048,15,12,pro,1
acct_352,2026-09-01,281,5,32,0.014,18,12,pro,1
acct_352,2026-10-01,263,3,26,0.014,17,12,pro,0
acct_352,2026-11-01,232,10,22,0.014,13,12,pro,1
acct_352,2026-12-01,160,6,16,0.017,22,12,pro,0
acct_353,2026-01-01,975,2,24,0.329,4,40,basic,0
acct_353,2026-02-01,1012,5,7,0.529,4,40,basic,1
acct_353,2026-03-01,971,6,17,0.424,6,40,basic,0
acct_353,2026-04-01,981,0,13,0.688,7,40,basic,0
acct_353,2026-05-01,966,4,10,0.306,12,40,basic,0
acct_353,2026-06-01,962,4,17,0.452,5,40,basic,0
acct_353,2026-07-01,968,0,11,0.526,7,40,basic,1
acct_353,2026-08-01,950,1,6,0.543,15,40,basic,0
acct_353,2026-09-01,936,3,11,0.366,7,40,basic,0
acct_353,2026-10-01,950,7,7,0.447,11,40,basic,0
acct_353,2026-11-01,966,0,6,0.366,16,40,basic,0
acct_353,2026-12-01,962,5,12,0.383,12,40,basic,0
acct_354,2026-01-01,582,4,17,0.63,0,5,pro,0
acct_354,2026-02-01,570,7,27,0.993,8,5,pro,0
acct_354,2026-03-01,563,0,13,0.84,8,5,pro,0
acct_354,2026-04-01,552,1,13,0.819,15,5,pro,0
acct_354,2026-05-01,575,5,26,0.637,9,5,pro,0
acct_354,2026-06-01,534,2,8,0.76,10,5,pro,0
acct_354,2026-07-01,564,5,13,0.699,15,5,pro,0
acct_354,2026-08-01,549,2,17,0.675,13,5,pro,0
acct_354,2026-09-01,575,3,25,0.617,12,5,pro,0
acct_354,2026-10-01,558,1,8,0.848,9,5,pro,0
acct_354,2026-11-01,549,5,26,0.496,11,5,pro,0
acct_354,2026-12-01,541,2,16,0.832,5,5,pro,1
acct_355,2026-01-01,765,1,57,0.516,10,40,enterprise,0
acct_355,2026-02-01,807,4,57,0.417,9,40,enterprise,1
acct_355,2026-03-01,756,3,58,0.374,10,40,enterprise,0
acct_355,2026-04-01,770,5,51,0.657,0,40,enterprise,0
acct_355,2026-05-01,769,1,55,0.57,8,40,enterprise,0
acct_355,2026-06-01,787,3,51,0.419,12,40,enterprise,0
acct_355,2026-07-01,802,1,52,0.49,4,40,enterprise,0
acct_355,2026-08-01,771,1,51,0.395,14,40,enterprise,0
acct_355,2026-09-01,817,6,55,0.402,9,40,enterprise,1
acct_355,2026-10-01,765,1,53,0.458,16,40,enterprise,0
acct_355,2026-11-01,753,3,48,0.487,13,40,enterprise,0
acct_355,2026-12-01,838,6,55,0.459,3,40,enterprise,0
acct_356,2026-01-01,490,4,40,0.661,0,20,basic,0
acct_356,2026-02-01,521,6,43,0.571,0,20,basic,0
acct_356,2026-03-01,530,6,36,0.867,4,20,basic,0
acct_356,2026-04-01,506,3,33,0.738,7,20,basic,0
acct_356,2026-05-01,508,2,42,0.609,8,20,basic,0
acct_356,2026-06-01,515,4,40,0.933,12,20,basic,0
acct_356,2026-07-01,525,7,49,0.708,4,20,basic,0
acct_356,2026-08-01,508,6,44,0.625,7,20,basic,0
acct_356,2026-09-01,548,0,57,0.704,2,20,basic,0
acct_356,2026-10-01,545,7,51,0.69,11,20,basic,1
acct_356,2026-11-01,573,2,57,0.701,16,20,basic,0
acct_356,2026-12-01,547,1,38,0.838,8,20,basic,0
acct_357,2026-01-01,626,7,31,0.362,14,16,pro,0
acct_357,2026-02-01,600,0,31,0.464,14,16,pro,1
acct_357,2026-03-01,613,6,31,0.333,11,16,pro,0
acct_357,2026-04-01,631,1,29,0.291,15,16,pro,1
acct_357,2026-05-01,595,1,25,0.33,9,16,pro,0
acct_357,2026-06-01,575,1,35,0.238,6,16,pro,0
acct_357,2026-07-01,600,5,26,0.274,10,16,pro,0
acct_357,2026-08-01,594,7,29,0.382,5,16,pro,0
acct_357,2026-09-01,582,2,27,0.235,9,16,pro,0
acct_357,2026-10-01,561,5,27,0.328,10,16,pro,0
acct_357,2026-11-01,569,5,33,0.353,11,16,pro,0
acct_357,2026-12-01,564,6,20,0.331,3,16,pro,0
acct_358,2026-01-01,838,8,31,0.579,4,15,basic,0
acct_358,2026-02-01,792,9,33,0.653,12,15,basic,0
acct_358,2026-03-01,724,8,20,0.572,11,15,basic,0
acct_358,2026-04-01,588,8,13,0.359,4,15,basic,0
acct_358,2026-05-01,512,2,17,0.302,18,15,basic,1
acct_358,2026-06-01,470,5,26,0.317,20,15,basic,0
acct_358,2026-07-01,367,4,14,0.076,15,15,basic,0
acct_358,2026-08-01,317,6,31,0.143,21,15,basic,0
acct_358,2026-09-01,205,6,3,0.268,19,15,basic,0
acct_358,2026-10-01,162,4,12,0.027,24,15,basic,1
acct_358,2026-11-01,40,4,0,0.04,16,15,basic,0
acct_358,2026-12-01,5,4,3,0.0,13,15,basic,0
acct_359,2026-01-01,503,7,61,0.709,10,7,pro,0
acct_359,2026-02-01,515,6,65,0.526,12,7,pro,1
acct_359,2026-03-01,504,3,53,0.476,12,7,pro,0
acct_359,2026-04-01,493,5,56,0.615,6,7,pro,0
acct_359,2026-05-01,483,0,56,0.505,3,7,pro,0
acct_359,2026-06-01,486,7,64,0.557,1,7,pro,1
acct_359,2026-07-01,474,6,57,0.549,0,7,pro,0
acct_359,2026-08-01,514,0,65,0.603,3,7,pro,0
acct_359,2026-09-01,444,2,47,0.354,16,7,pro,0
acct_359,2026-10-01,473,7,53,0.391,2,7,pro,0
acct_359,2026-11-01,465,4,52,0.294,7,7,pro,1
acct_359,2026-12-01,423,4,57,0.548,10,7,pro,0
acct_360,2026-01-01,625,2,43,0.564,12,12,pro,0
acct_360,2026-02-01,638,3,41,0.726,10,12,pro,1
acct_360,2026-03-01,640,0,50,0.496,9,12,pro,0
acct_360,2026-04-01,659,5,46,0.747,13,12,pro,1
acct_360,2026-05-01,624,6,30,0.719,11,12,pro,0
acct_360,2026-06-01,679,2,44,0.627,7,12,pro,0
acct_360,2026-07-01,634,4,45,0.716,7,12,pro,0
acct_360,2026-08-01,676,3,33,0.663,6,12,pro,1
acct_360,2026-09-01,625,3,45,0.641,17,12,pro,1
acct_360,2026-10-01,666,1,28,0.825,14,12,pro,0
acct_360,2026-11-01,661,2,36,0.662,10,12,pro,1
acct_360,2026-12-01,701,0,38,0.621,1,12,pro,1
acct_361,2026-01-01,1021,3,19,0.833,10,25,enterprise,0
acct_361,2026-02-01,993,7,26,0.797,11,25,enterprise,0
acct_361,2026-03-01,980,4,21,0.644,4,25,enterprise,0
acct_361,2026-04-01,1000,3,26,0.759,9,25,enterprise,0
acct_361,2026-05-01,993,5,19,0.678,12,25,enterprise,0
acct_361,2026-06-01,994,5,22,0.699,3,25,enterprise,0
acct_361,2026-07-01,960,6,15,0.726,2,25,enterprise,0
acct_361,2026-08-01,977,2,15,0.772,4,25,enterprise,0
acct_361,2026-09-01,1004,4,30,0.745,12,25,enterprise,0
acct_361,2026-10-01,1038,4,25,0.757,2,25,enterprise,0
acct_361,2026-11-01,1038,2,33,0.753,13,25,enterprise,0
acct_361,2026-12-01,1028,0,20,0.828,8,25,enterprise,0
acct_362,2026-01-01,980,5,29,0.685,8,37,basic,0
acct_362,2026-02-01,1009,5,5,0.71,3,37,basic,0
acct_362,2026-03-01,1019,5,20,0.882,9,37,basic,0
acct_362,2026-04-01,1024,5,12,0.731,9,37,basic,0
acct_362,2026-05-01,1035,1,14,0.658,13,37,basic,0
acct_362,2026-06-01,995,5,15,0.749,3,37,basic,0
acct_362,2026-07-01,1019,0,18,0.707,2,37,basic,0
acct_362,2026-08-01,961,0,17,0.868,10,37,basic,0
acct_362,2026-09-01,997,4,16,0.774,12,37,basic,1
acct_362,2026-10-01,946,4,18,0.819,3,37,basic,0
acct_362,2026-11-01,902,1,11,0.663,3,37,basic,0
acct_362,2026-12-01,945,4,19,0.743,7,37,basic,0
acct_363,2026-01-01,744,7,35,0.35,4,9,pro,0
acct_363,2026-02-01,725,1,42,0.335,10,9,pro,0
acct_363,2026-03-01,716,2,48,0.26,9,9,pro,0
acct_363,2026-04-01,730,6,37,0.384,1,9,pro,0
acct_363,2026-05-01,701,1,41,0.215,8,9,pro,0
acct_363,2026-06-01,727,4,47,0.174,4,9,pro,0
acct_363,2026-07-01,708,6,44,0.396,5,9,pro,0
acct_363,2026-08-01,702,1,29,0.205,7,9,pro,0
acct_363,2026-09-01,725,1,30,0.383,2,9,pro,0
acct_363,2026-10-01,695,2,47,0.486,6,9,pro,0
acct_363,2026-11-01,688,0,49,0.322,13,9,pro,0
acct_363,2026-12-01,699,6,40,0.365,7,9,pro,0
acct_364,2026-01-01,587,5,28,0.433,8,32,pro,1
acct_364,2026-02-01,577,6,27,0.458,12,32,pro,0
acct_364,2026-03-01,550,0,29,0.509,5,32,pro,0
acct_364,2026-04-01,585,4,29,0.434,13,32,pro,0
acct_364,2026-05-01,554,0,30,0.518,6,32,pro,0
acct_364,2026-06-01,559,6,20,0.466,6,32,pro,0
acct_364,2026-07-01,557,7,25,0.418,7,32,pro,0
acct_364,2026-08-01,570,0,21,0.519,9,32,pro,0
acct_364,2026-09-01,546,2,15,0.573,7,32,pro,1
acct_364,2026-10-01,577,6,26,0.446,11,32,pro,0
acct_364,2026-11-01,575,4,22,0.485,6,32,pro,0
acct_364,2026-12-01,571,1,26,0.479,6,32,pro,0
acct_365,2026-01-01,895,7,56,0.838,7,29,basic,0
acct_365,2026-02-01,914,6,64,0.95,7,29,basic,0
acct_365,2026-03-01,889,1,52,0.8,4,29,basic,0
acct_365,2026-04-01,884,6,47,0.68,4,29,basic,1
acct_365,2026-05-01,852,2,49,0.723,6,29,basic,1
acct_365,2026-06-01,841,7,53,0.593,7,29,basic,0
acct_365,2026-07-01,798,2,61,0.678,5,29,basic,0
acct_365,2026-08-01,819,2,56,0.682,2,29,basic,0
acct_365,2026-09-01,841,7,46,0.803,9,29,basic,0
acct_365,2026-10-01,807,7,51,0.777,13,29,basic,0
acct_365,2026-11-01,810,4,55,0.782,5,29,basic,0
acct_365,2026-12-01,771,7,48,0.75,1,29,basic,0
acct_366,2026-01-01,1100,4,38,0.62,13,16,enterprise,0
acct_366,2026-02-01,1017,3,47,0.542,13,16,enterprise,0
acct_366,2026-03-01,869,9,29,0.381,6,16,enterprise,0
acct_366,2026-04-01,782,6,10,0.458,10,16,enterprise,0
acct_366,2026-05-01,684,6,26,0.284,10,16,enterprise,0
acct_366,2026-06-01,535,8,23,0.422,4,16,enterprise,1
acct_366,2026-07-01,440,8,26,0.152,13,16,enterprise,0
acct_366,2026-08-01,277,10,23,0.258,13,16,enterprise,0
acct_366,2026-09-01,142,7,14,0.077,8,16,enterprise,0
acct_366,2026-10-01,38,6,3,0.11,17,16,enterprise,0
acct_366,2026-11-01,0,5,5,0.08,14,16,enterprise,0
acct_366,2026-12-01,0,3,5,0.124,13,16,enterprise,0
acct_367,2026-01-01,1111,2,25,0.275,6,27,enterprise,0
acct_367,2026-02-01,1151,4,29,0.419,13,27,enterprise,0
acct_367,2026-03-01,1067,0,30,0.517,6,27,enterprise,0
acct_367,2026-04-01,1100,3,38,0.407,8,27,enterprise,0
acct_367,2026-05-01,1080,3,29,0.388,5,27,enterprise,0
acct_367,2026-06-01,1070,1,29,0.427,2,27,enterprise,0
acct_367,2026-07-01,1088,1,30,0.31,10,27,enterprise,0
acct_367,2026-08-01,1028,4,39,0.478,10,27,enterprise,1
acct_367,2026-09-01,1096,4,33,0.366,6,27,enterprise,0
acct_367,2026-10-01,1069,7,34,0.251,14,27,enterprise,0
acct_367,2026-11-01,1086,7,36,0.264,13,27,enterprise,0
acct_367,2026-12-01,1062,6,17,0.321,10,27,enterprise,0
acct_368,2026-01-01,691,3,16,0.449,8,37,basic,0
acct_368,2026-02-01,685,1,4,0.318,9,37,basic,0
acct_368,2026-03-01,739,5,21,0.311,4,37,basic,0
acct_368,2026-04-01,703,6,15,0.444,12,37,basic,0
acct_368,2026-05-01,646,4,11,0.374,4,37,basic,0
acct_368,2026-06-01,651,1,20,0.222,1,37,basic,0
acct_368,2026-07-01,706,6,20,0.384,2,37,basic,0
acct_368,2026-08-01,668,5,19,0.232,17,37,basic,0
acct_368,2026-09-01,685,7,17,0.227,0,37,basic,0
acct_368,2026-10-01,681,0,30,0.301,6,37,basic,0
acct_368,2026-11-01,649,6,20,0.28,5,37,basic,0
acct_368,2026-12-01,677,7,14,0.371,7,37,basic,0
acct_369,2026-01-01,604,3,23,0.286,4,16,basic,0
acct_369,2026-02-01,537,9,15,0.026,16,16,basic,1
acct_369,2026-03-01,475,6,20,0.249,10,16,basic,0
acct_369,2026-04-01,399,3,9,0.075,17,16,basic,0
acct_369,2026-05-01,357,5,12,0.033,9,16,basic,0
acct_369,2026-06-01,284,6,8,0.0,16,16,basic,0
acct_369,2026-07-01,236,8,14,0.033,19,16,basic,0
acct_369,2026-08-01,147,10,0,0.0,12,16,basic,0
acct_369,2026-09-01,113,3,6,0.0,18,16,basic,1
acct_369,2026-10-01,32,4,0,0.0,23,16,basic,0
acct_369,2026-11-01,0,7,0,0.0,12,16,basic,1
acct_369,2026-12-01,0,4,0,0.0,19,16,basic,0
acct_370,2026-01-01,1110,5,32,0.381,10,21,enterprise,0
acct_370,2026-02-01,1130,5,39,0.408,9,21,enterprise,0
acct_370,2026-03-01,1089,5,33,0.398,11,21,enterprise,0
acct_370,2026-04-01,1142,0,38,0.308,8,21,enterprise,0
acct_370,2026-05-01,1104,0,32,0.588,7,21,enterprise,0
acct_370,2026-06-01,1087,1,40,0.356,7,21,enterprise,0
acct_370,2026-07-01,1109,4,30,0.412,0,21,enterprise,0
acct_370,2026-08-01,1134,3,31,0.311,7,21,enterprise,0
acct_370,2026-09-01,1103,1,35,0.45,11,21,enterprise,0
acct_370,2026-10-01,1092,4,37,0.4,6,21,enterprise,1
acct_370,2026-11-01,1040,5,37,0.312,4,21,enterprise,0
acct_370,2026-12-01,1076,4,27,0.516,11,21,enterprise,0
acct_371,2026-01-01,1162,4,23,0.233,9,19,basic,0
acct_371,2026-02-01,1217,0,26,0.189,11,19,basic,1
acct_371,2026-03-01,1293,4,21,0.328,1,19,basic,1
acct_371,2026-04-01,1194,6,33,0.156,3,19,basic,0
acct_371,2026-05-01,1210,1,28,0.215,6,19,basic,0
acct_371,2026-06-01,1259,2,20,0.434,6,19,basic,0
acct_371,2026-07-01,1206,7,23,0.271,4,19,basic,0
acct_371,2026-08-01,1158,1,29,0.351,10,19,basic,0
acct_371,2026-09-01,1144,0,25,0.374,13,19,basic,0
acct_371,2026-10-01,1224,6,21,0.367,7,19,basic,1
acct_371,2026-11-01,1209,3,34,0.185,9,19,basic,0
acct_371,2026-12-01,1253,7,26,0.333,11,19,basic,0
acct_372,2026-01-01,608,4,8,0.731,5,12,basic,0
acct_372,2026-02-01,538,4,7,0.56,6,12,basic,0
acct_372,2026-03-01,551,9,2,0.592,18,12,basic,0
acct_372,2026-04-01,448,8,5,0.274,11,12,basic,0
acct_372,2026-05-01,440,6,17,0.631,3,12,basic,0
acct_372,2026-06-01,415,4,5,0.537,14,12,basic,0
acct_372,2026-07-01,385,9,21,0.312,9,12,basic,0
acct_372,2026-08-01,334,3,8,0.263,8,12,basic,1
acct_372,2026-09-01,283,6,1,0.395,7,12,basic,1
acct_372,2026-10-01,257,10,0,0.234,19,12,basic,0
acct_372,2026-11-01,237,4,0,0.322,11,12,basic,0
acct_372,2026-12-01,155,9,9,0.333,11,12,basic,0
acct_373,2026-01-01,927,5,18,0.754,15,23,pro,0
acct_373,2026-02-01,901,4,20,0.672,11,23,pro,0
acct_373,2026-03-01,923,2,17,0.769,2,23,pro,0
acct_373,2026-04-01,899,5,16,0.841,13,23,pro,0
acct_373,2026-05-01,950,2,20,0.792,5,23,pro,0
acct_373,2026-06-01,977,1,22,0.74,9,23,pro,0
acct_373,2026-07-01,889,2,30,0.792,12,23,pro,0
acct_373,2026-08-01,973,6,13,0.829,8,23,pro,0
acct_373,2026-09-01,974,4,22,0.731,7,23,pro,0
acct_373,2026-10-01,973,1,25,0.695,12,23,pro,0
acct_373,2026-11-01,943,3,26,0.935,10,23,pro,0
acct_373,2026-12-01,915,3,23,0.82,8,23,pro,0
acct_374,2026-01-01,998,7,35,0.724,7,34,pro,0
acct_374,2026-02-01,1011,5,39,0.394,5,34,pro,1
acct_374,2026-03-01,958,6,26,0.716,5,34,pro,0
acct_374,2026-04-01,895,1,34,0.584,3,34,pro,0
acct_374,2026-05-01,916,2,29,0.795,11,34,pro,0
acct_374,2026-06-01,897,3,25,0.659,4,34,pro,0
acct_374,2026-07-01,883,1,33,0.751,9,34,pro,0
acct_374,2026-08-01,913,4,29,0.544,2,34,pro,0
acct_374,2026-09-01,891,3,22,0.436,8,34,pro,0
acct_374,2026-10-01,859,5,36,0.738,11,34,pro,0
acct_374,2026-11-01,871,6,16,0.71,4,34,pro,0
acct_374,2026-12-01,920,7,22,0.619,2,34,pro,0
acct_375,2026-01-01,612,7,52,0.415,15,25,pro,0
acct_375,2026-02-01,593,4,67,0.504,8,25,pro,1
acct_375,2026-03-01,630,6,52,0.581,9,25,pro,0
acct_375,2026-04-01,580,1,58,0.538,6,25,pro,1
acct_375,2026-05-01,566,3,61,0.345,2,25,pro,0
acct_375,2026-06-01,542,7,55,0.489,3,25,pro,0
acct_375,2026-07-01,574,1,42,0.437,15,25,pro,0
acct_375,2026-08-01,542,5,51,0.467,14,25,pro,1
acct_375,2026-09-01,551,0,58,0.486,3,25,pro,1
acct_375,2026-10-01,550,1,47,0.586,13,25,pro,0
acct_375,2026-11-01,543,7,45,0.535,14,25,pro,0
acct_375,2026-12-01,522,7,51,0.691,14,25,pro,0
acct_376,2026-01-01,902,0,30,0.482,8,23,pro,0
acct_376,2026-02-01,914,5,27,0.444,2,23,pro,0
acct_376,2026-03-01,900,0,22,0.724,7,23,pro,0
acct_376,2026-04-01,948,0,14,0.689,12,23,pro,0
acct_376,2026-05-01,905,5,10,0.567,3,23,pro,1
acct_376,2026-06-01,919,3,16,0.61,3,23,pro,0
acct_376,2026-07-01,910,7,20,0.645,2,23,pro,1
acct_376,2026-08-01,918,2,14,0.51,11,23,pro,0
acct_376,2026-09-01,838,2,14,0.546,2,23,pro,0
acct_376,2026-10-01,861,7,19,0.602,14,23,pro,0
acct_376,2026-11-01,902,3,30,0.661,10,23,pro,0
acct_376,2026-12-01,888,1,20,0.673,12,23,pro,0
acct_377,2026-01-01,663,5,5,0.55,6,11,enterprise,0
acct_377,2026-02-01,630,8,10,0.275,5,11,enterprise,0
acct_377,2026-03-01,619,7,0,0.195,15,11,enterprise,0
acct_377,2026-04-01,556,9,9,0.318,9,11,enterprise,0
acct_377,2026-05-01,524,9,21,0.077,16,11,enterprise,0
acct_377,2026-06-01,532,5,6,0.231,6,11,enterprise,0
acct_377,2026-07-01,472,5,19,0.094,16,11,enterprise,0
acct_377,2026-08-01,413,7,8,0.024,14,11,enterprise,0
acct_377,2026-09-01,351,3,13,0.03,10,11,enterprise,0
acct_377,2026-10-01,342,7,10,0.0,25,11,enterprise,0
acct_377,2026-11-01,299,9,2,0.059,20,11,enterprise,1
acct_377,2026-12-01,266,4,2,0.0,17,11,enterprise,0
acct_378,2026-01-01,1122,4,59,0.327,10,21,basic,0
acct_378,2026-02-01,1059,9,59,0.462,8,21,basic,0
acct_378,2026-03-01,983,2,54,0.38,13,21,basic,0
acct_378,2026-04-01,959,7,45,0.373,17,21,basic,1
acct_378,2026-05-01,952,7,37,0.404,17,21,basic,0
acct_378,2026-06-01,827,8,42,0.244,16,21,basic,0
acct_378,2026-07-01,744,2,46,0.357,12,21,basic,0
acct_378,2026-08-01,708,4,33,0.277,20,21,basic,0
acct_378,2026-09-01,664,7,28,0.408,19,21,basic,0
acct_378,2026-10-01,666,10,28,0.172,10,21,basic,0
acct_378,2026-11-01,522,7,36,0.0,18,21,basic,0
acct_378,2026-12-01,445,8,25,0.245,10,21,basic,0
acct_379,2026-01-01,992,1,49,0.834,13,25,basic,0
acct_379,2026-02-01,968,1,47,0.549,8,25,basic,0
acct_379,2026-03-01,958,0,51,0.596,5,25,basic,0
acct_379,2026-04-01,914,6,48,0.781,7,25,basic,0
acct_379,2026-05-01,930,7,49,0.553,1,25,basic,0
acct_379,2026-06-01,952,3,48,0.58,5,25,basic,0
acct_379,2026-07-01,929,4,37,0.638,7,25,basic,0
acct_379,2026-08-01,889,4,53,0.617,0,25,basic,1
acct_379,2026-09-01,923,6,48,0.569,12,25,basic,0
acct_379,2026-10-01,909,5,44,0.613,13,25,basic,0
acct_379,2026-11-01,899,6,47,0.55,7,25,basic,1
acct_379,2026-12-01,929,6,46,0.6,17,25,basic,0
acct_380,2026-01-01,650,4,22,0.412,12,6,pro,0
acct_380,2026-02-01,653,2,19,0.346,9,6,pro,0
acct_380,2026-03-01,685,4,17,0.312,15,6,pro,0
acct_380,2026-04-01,704,6,25,0.3,14,6,pro,0
acct_380,2026-05-01,669,1,25,0.361,4,6,pro,0
acct_380,2026-06-01,679,0,28,0.361,10,6,pro,0
acct_380,2026-07-01,670,2,35,0.359,9,6,pro,0
acct_380,2026-08-01,670,3,33,0.58,9,6,pro,0
acct_380,2026-09-01,689,6,24,0.288,3,6,pro,0
acct_380,2026-10-01,718,4,27,0.299,13,6,pro,0
acct_380,2026-11-01,677,4,32,0.406,5,6,pro,0
acct_380,2026-12-01,700,6,35,0.202,3,6,pro,0
acct_381,2026-01-01,1162,5,36,0.768,11,9,pro,1
acct_381,2026-02-01,1167,0,44,0.827,2,9,pro,0
acct_381,2026-03-01,1131,7,37,0.683,1,9,pro,0
acct_381,2026-04-01,1127,7,35,0.777,1,9,pro,0
acct_381,2026-05-01,1085,3,45,0.721,0,9,pro,0
acct_381,2026-06-01,1098,3,33,0.78,4,9,pro,0
acct_381,2026-07-01,1108,3,43,0.59,5,9,pro,0
acct_381,2026-08-01,1117,6,39,0.79,6,9,pro,0
acct_381,2026-09-01,1096,5,44,0.742,16,9,pro,0
acct_381,2026-10-01,1153,2,39,0.751,3,9,pro,0
acct_381,2026-11-01,1070,7,33,0.724,2,9,pro,0
acct_381,2026-12-01,1101,0,43,0.789,13,9,pro,0
acct_382,2026-01-01,815,6,55,0.564,12,33,pro,0
acct_382,2026-02-01,809,2,55,0.822,10,33,pro,0
acct_382,2026-03-01,776,0,46,0.632,9,33,pro,0
acct_382,2026-04-01,799,3,47,0.62,0,33,pro,0
acct_382,2026-05-01,780,5,49,0.519,8,33,pro,0
acct_382,2026-06-01,776,7,44,0.667,4,33,pro,0
acct_382,2026-07-01,804,0,54,0.64,6,33,pro,0
acct_382,2026-08-01,777,5,41,0.683,10,33,pro,0
acct_382,2026-09-01,784,4,45,0.51,7,33,pro,0
acct_382,2026-10-01,772,7,50,0.693,3,33,pro,0
acct_382,2026-11-01,780,0,48,0.575,7,33,pro,0
acct_382,2026-12-01,699,3,47,0.615,8,33,pro,0
acct_383,2026-01-01,1093,4,22,0.379,14,9,pro,1
acct_383,2026-02-01,1140,6,24,0.452,9,9,pro,0
acct_383,2026-03-01,1053,4,29,0.25,3,9,pro,0
acct_383,2026-04-01,1117,1,25,0.484,13,9,pro,0
acct_383,2026-05-01,1140,4,21,0.312,13,9,pro,0
acct_383,2026-06-01,1097,3,20,0.255,4,9,pro,0
acct_383,2026-07-01,1064,3,12,0.371,8,9,pro,0
acct_383,2026-08-01,1103,1,16,0.387,5,9,pro,0
acct_383,2026-09-01,1095,5,27,0.233,10,9,pro,0
acct_383,2026-10-01,1075,3,36,0.428,0,9,pro,0
acct_383,2026-11-01,1027,1,26,0.295,6,9,pro,0
acct_383,2026-12-01,1040,3,18,0.175,7,9,pro,0
acct_384,2026-01-01,644,4,21,0.17,6,11,basic,0
acct_384,2026-02-01,661,7,27,0.247,12,11,basic,0
acct_384,2026-03-01,602,5,27,0.185,12,11,basic,0
acct_384,2026-04-01,528,9,27,0.027,2,11,basic,0
acct_384,2026-05-01,512,3,32,0.0,11,11,basic,0
acct_384,2026-06-01,442,5,15,0.109,14,11,basic,0
acct_384,2026-07-01,481,8,34,0.233,14,11,basic,0
acct_384,2026-08-01,385,8,13,0.0,18,11,basic,1
acct_384,2026-09-01,391,8,20,0.002,22,11,basic,0
acct_384,2026-10-01,344,6,19,0.001,19,11,basic,0
acct_384,2026-11-01,285,7,11,0.0,14,11,basic,0
acct_384,2026-12-01,232,8,24,0.0,24,11,basic,1
acct_385,2026-01-01,1201,6,40,0.514,3,16,basic,0
acct_385,2026-02-01,1143,4,30,0.967,7,16,basic,0
acct_385,2026-03-01,1216,6,51,0.699,11,16,basic,0
acct_385,2026-04-01,1259,6,49,0.729,7,16,basic,0
acct_385,2026-05-01,1174,0,38,0.531,4,16,basic,0
acct_385,2026-06-01,1235,1,47,0.649,4,16,basic,0
acct_385,2026-07-01,1186,5,30,0.707,1,16,basic,0
acct_385,2026-08-01,1147,2,49,0.748,7,16,basic,0
acct_385,2026-09-01,1183,6,42,0.721,0,16,basic,0
acct_385,2026-10-01,1161,1,47,0.702,3,16,basic,0
acct_385,2026-11-01,1145,0,49,0.625,11,16,basic,0
acct_385,2026-12-01,1141,7,48,0.745,6,16,basic,0
acct_386,2026-01-01,483,5,39,0.875,15,34,basic,0
acct_386,2026-02-01,482,2,34,0.681,14,34,basic,1
acct_386,2026-03-01,494,7,29,0.642,13,34,basic,0
acct_386,2026-04-01,466,7,45,0.566,10,34,basic,1
acct_386,2026-05-01,504,0,38,0.718,9,34,basic,0
acct_386,2026-06-01,498,0,40,0.591,8,34,basic,0
acct_386,2026-07-01,506,3,27,0.65,5,34,basic,0
acct_386,2026-08-01,526,7,33,0.505,11,34,basic,0
acct_386,2026-09-01,510,2,47,0.681,11,34,basic,0
acct_386,2026-10-01,476,4,41,0.816,11,34,basic,0
acct_386,2026-11-01,538,2,31,0.605,13,34,basic,1
acct_386,2026-12-01,546,2,50,0.62,2,34,basic,0
acct_387,2026-01-01,449,0,47,0.685,8,4,basic,0
acct_387,2026-02-01,422,2,55,0.882,13,4,basic,0
acct_387,2026-03-01,431,4,52,0.721,7,4,basic,0
acct_387,2026-04-01,452,7,49,0.857,6,4,basic,0
acct_387,2026-05-01,451,6,46,0.799,6,4,basic,0
acct_387,2026-06-01,456,3,44,0.649,8,4,basic,0
acct_387,2026-07-01,455,4,42,0.877,5,4,basic,0
acct_387,2026-08-01,435,0,47,0.659,0,4,basic,0
acct_387,2026-09-01,457,4,51,0.946,7,4,basic,0
acct_387,2026-10-01,449,3,56,0.702,1,4,basic,0
acct_387,2026-11-01,448,5,47,0.735,6,4,basic,0
acct_387,2026-12-01,457,5,48,0.781,7,4,basic,0
acct_388,2026-01-01,883,1,46,0.751,12,17,pro,0
acct_388,2026-02-01,932,7,30,0.812,13,17,pro,0
acct_388,2026-03-01,898,5,39,0.744,10,17,pro,0
acct_388,2026-04-01,921,5,47,0.671,10,17,pro,0
acct_388,2026-05-01,900,0,53,0.767,8,17,pro,0
acct_388,2026-06-01,881,5,44,0.826,6,17,pro,0
acct_388,2026-07-01,943,4,48,0.822,8,17,pro,0
acct_388,2026-08-01,911,7,56,0.787,3,17,pro,0
acct_388,2026-09-01,964,6,52,0.759,3,17,pro,0
acct_388,2026-10-01,937,5,54,0.678,5,17,pro,0
acct_388,2026-11-01,981,5,56,0.751,7,17,pro,0
acct_388,2026-12-01,1008,3,50,0.923,11,17,pro,1
acct_389,2026-01-01,786,5,58,0.283,7,31,enterprise,0
acct_389,2026-02-01,755,7,48,0.534,10,31,enterprise,0
acct_389,2026-03-01,803,6,47,0.373,9,31,enterprise,0
acct_389,2026-04-01,802,6,60,0.4,7,31,enterprise,0
acct_389,2026-05-01,866,0,46,0.524,12,31,enterprise,0
acct_389,2026-06-01,823,3,51,0.361,6,31,enterprise,0
acct_389,2026-07-01,841,0,55,0.405,5,31,enterprise,0
acct_389,2026-08-01,815,7,37,0.299,9,31,enterprise,1
acct_389,2026-09-01,866,0,39,0.402,13,31,enterprise,1
acct_389,2026-10-01,820,3,55,0.414,6,31,enterprise,0
acct_389,2026-11-01,791,1,50,0.235,11,31,enterprise,0
acct_389,2026-12-01,844,3,49,0.491,9,31,enterprise,0
acct_390,2026-01-01,520,8,38,0.154,8,16,enterprise,0
acct_390,2026-02-01,446,6,45,0.132,12,16,enterprise,0
acct_390,2026-03-01,401,7,42,0.1,8,16,enterprise,0
acct_390,2026-04-01,333,3,49,0.241,15,16,enterprise,0
acct_390,2026-05-01,282,8,28,0.0,14,16,enterprise,0
acct_390,2026-06-01,276,2,19,0.0,15,16,enterprise,0
acct_390,2026-07-01,184,7,33,0.0,14,16,enterprise,0
acct_390,2026-08-01,189,3,29,0.0,11,16,enterprise,0
acct_390,2026-09-01,108,7,21,0.0,21,16,enterprise,0
acct_390,2026-10-01,31,10,10,0.0,19,16,enterprise,0
acct_390,2026-11-01,0,3,0,0.0,9,16,enterprise,0
acct_390,2026-12-01,0,10,0,0.0,11,16,enterprise,0
acct_391,2026-01-01,613,4,20,0.488,5,11,pro,0
acct_391,2026-02-01,600,4,10,0.538,13,11,pro,0
acct_391,2026-03-01,607,2,19,0.608,1,11,pro,1
acct_391,2026-04-01,625,4,9,0.488,7,11,pro,0
acct_391,2026-05-01,621,2,12,0.739,12,11,pro,0
acct_391,2026-06-01,640,3,11,0.576,9,11,pro,0
acct_391,2026-07-01,605,4,5,0.607,12,11,pro,0
acct_391,2026-08-01,606,2,11,0.648,3,11,pro,0
acct_391,2026-09-01,619,6,9,0.423,6,11,pro,0
acct_391,2026-10-01,617,4,12,0.433,6,11,pro,0
acct_391,2026-11-01,599,5,7,0.515,6,11,pro,0
acct_391,2026-12-01,632,1,17,0.551,16,11,pro,0
acct_392,2026-01-01,1075,4,33,0.6,6,8,pro,0
acct_392,2026-02-01,1046,3,30,0.431,11,8,pro,0
acct_392,2026-03-01,1047,2,35,0.522,3,8,pro,0
acct_392,2026-04-01,1049,5,27,0.448,8,8,pro,0
acct_392,2026-05-01,1009,1,38,0.513,16,8,pro,0
acct_392,2026-06-01,1057,2,36,0.415,9,8,pro,0
acct_392,2026-07-01,994,3,34,0.449,7,8,pro,0
acct_392,2026-08-01,989,0,42,0.504,14,8,pro,0
acct_392,2026-09-01,962,2,28,0.545,7,8,pro,0
acct_392,2026-10-01,994,6,38,0.489,5,8,pro,0
acct_392,2026-11-01,998,6,32,0.321,1,8,pro,0
acct_392,2026-12-01,942,2,19,0.361,11,8,pro,0
acct_393,2026-01-01,839,7,32,0.705,13,4,basic,0
acct_393,2026-02-01,728,4,27,0.666,11,4,basic,1
acct_393,2026-03-01,637,6,33,0.412,15,4,basic,0
acct_393,2026-04-01,572,6,26,0.411,14,4,basic,0
acct_393,2026-05-01,484,6,6,0.636,5,4,basic,0
acct_393,2026-06-01,424,9,6,0.566,11,4,basic,0
acct_393,2026-07-01,326,3,15,0.494,7,4,basic,0
acct_393,2026-08-01,250,7,16,0.346,13,4,basic,0
acct_393,2026-09-01,155,3,12,0.169,23,4,basic,0
acct_393,2026-10-01,14,3,4,0.205,19,4,basic,0
acct_393,2026-11-01,0,6,0,0.137,19,4,basic,0
acct_393,2026-12-01,0,5,0,0.015,23,4,basic,0
acct_394,2026-01-01,1087,7,24,0.711,0,40,enterprise,0
acct_394,2026-02-01,1074,5,26,0.595,7,40,enterprise,0
acct_394,2026-03-01,1184,6,17,0.584,13,40,enterprise,0
acct_394,2026-04-01,1087,1,23,0.513,10,40,enterprise,0
acct_394,2026-05-01,1099,7,9,0.664,5,40,enterprise,0
acct_394,2026-06-01,1099,1,21,0.61,12,40,enterprise,1
acct_394,2026-07-01,1086,1,15,0.741,6,40,enterprise,0
acct_394,2026-08-01,1041,5,18,0.472,8,40,enterprise,0
acct_394,2026-09-01,1019,4,18,0.518,6,40,enterprise,0
acct_394,2026-10-01,1010,3,7,0.526,8,40,enterprise,0
acct_394,2026-11-01,1106,7,28,0.604,15,40,enterprise,0
acct_394,2026-12-01,1029,5,11,0.494,11,40,enterprise,0
acct_395,2026-01-01,959,2,45,0.818,7,15,basic,0
acct_395,2026-02-01,969,6,47,0.857,14,15,basic,0
acct_395,2026-03-01,953,5,40,0.583,13,15,basic,0
acct_395,2026-04-01,985,3,40,0.876,0,15,basic,0
acct_395,2026-05-01,954,0,37,0.634,8,15,basic,1
acct_395,2026-06-01,1001,0,43,0.771,3,15,basic,0
acct_395,2026-07-01,997,7,47,0.667,9,15,basic,0
acct_395,2026-08-01,1007,3,43,0.787,1,15,basic,0
acct_395,2026-09-01,1048,7,48,0.619,11,15,basic,0
acct_395,2026-10-01,960,4,42,0.721,8,15,basic,1
acct_395,2026-11-01,1045,0,44,0.832,3,15,basic,0
acct_395,2026-12-01,1056,5,38,0.859,14,15,basic,0
acct_396,2026-01-01,827,3,13,0.238,6,9,basic,0
acct_396,2026-02-01,730,3,14,0.209,3,9,basic,0
acct_396,2026-03-01,707,4,11,0.206,4,9,basic,0
acct_396,2026-04-01,623,4,17,0.131,8,9,basic,0
acct_396,2026-05-01,571,2,14,0.351,3,9,basic,0
acct_396,2026-06-01,548,5,9,0.115,17,9,basic,1
acct_396,2026-07-01,432,4,2,0.096,15,9,basic,0
acct_396,2026-08-01,379,5,14,0.063,16,9,basic,0
acct_396,2026-09-01,290,6,0,0.012,9,9,basic,0
acct_396,2026-10-01,240,3,2,0.0,24,9,basic,0
acct_396,2026-11-01,165,7,10,0.0,9,9,basic,0
acct_396,2026-12-01,115,8,5,0.0,17,9,basic,0
acct_397,2026-01-01,1185,8,25,0.742,5,20,enterprise,0
acct_397,2026-02-01,1118,8,25,0.63,6,20,enterprise,0
acct_397,2026-03-01,1042,6,29,0.584,2,20,enterprise,0
acct_397,2026-04-01,1005,4,32,0.487,14,20,enterprise,0
acct_397,2026-05-01,891,6,25,0.282,15,20,enterprise,0
acct_397,2026-06-01,844,8,24,0.355,15,20,enterprise,0
acct_397,2026-07-01,836,7,13,0.375,18,20,enterprise,0
acct_397,2026-08-01,741,8,28,0.445,10,20,enterprise,0
acct_397,2026-09-01,606,8,21,0.183,23,20,enterprise,0
acct_397,2026-10-01,615,7,18,0.3,17,20,enterprise,0
acct_397,2026-11-01,542,5,15,0.424,18,20,enterprise,0
acct_397,2026-12-01,507,5,8,0.163,22,20,enterprise,0
acct_398,2026-01-01,780,5,23,0.123,6,2,pro,0
acct_398,2026-02-01,807,2,6,0.52,3,2,pro,0
acct_398,2026-03-01,680,6,22,0.244,7,2,pro,0
acct_398,2026-04-01,630,9,13,0.341,14,2,pro,1
acct_398,2026-05-01,616,7,22,0.149,3,2,pro,0
acct_398,2026-06-01,584,2,21,0.31,10,2,pro,0
acct_398,2026-07-01,573,2,18,0.339,14,2,pro,0
acct_398,2026-08-01,474,3,16,0.162,20,2,pro,0
acct_398,2026-09-01,496,5,14,0.158,7,2,pro,0
acct_398,2026-10-01,383,7,6,0.099,16,2,pro,0
acct_398,2026-11-01,371,10,12,0.062,16,2,pro,0
acct_398,2026-12-01,375,5,15,0.109,16,2,pro,0
acct_399,2026-01-01,816,4,32,0.247,3,34,basic,0
acct_399,2026-02-01,823,3,34,0.471,12,34,basic,0
acct_399,2026-03-01,815,4,19,0.547,9,34,basic,0
acct_399,2026-04-01,796,6,33,0.37,7,34,basic,0
acct_399,2026-05-01,802,1,29,0.411,9,34,basic,0
acct_399,2026-06-01,815,2,19,0.22,1,34,basic,0
acct_399,2026-07-01,785,7,26,0.388,1,34,basic,0
acct_399,2026-08-01,764,4,30,0.516,5,34,basic,0
acct_399,2026-09-01,825,5,33,0.523,1,34,basic,0
acct_399,2026-10-01,772,6,39,0.579,4,34,basic,0
acct_399,2026-11-01,811,1,20,0.465,13,34,basic,0
acct_399,2026-12-01,763,6,30,0.422,7,34,basic,0
acct_400,2026-01-01,910,4,25,0.269,16,5,enterprise,0
acct_400,2026-02-01,848,1,20,0.383,6,5,enterprise,0
acct_400,2026-03-01,888,3,33,0.297,4,5,enterprise,1
acct_400,2026-04-01,875,2,20,0.332,4,5,enterprise,0
acct_400,2026-05-01,871,1,16,0.317,4,5,enterprise,1
acct_400,2026-06-01,890,6,29,0.309,6,5,enterprise,0
acct_400,2026-07-01,900,5,8,0.31,13,5,enterprise,0
acct_400,2026-08-01,913,4,2,0.362,7,5,enterprise,0
acct_400,2026-09-01,870,7,13,0.377,10,5,enterprise,0
acct_400,2026-10-01,921,3,14,0.363,5,5,enterprise,0
acct_400,2026-11-01,908,5,21,0.371,7,5,enterprise,0
acct_400,2026-12-01,867,2,25,0.219,1,5,enterprise,0
acct_401,2026-01-01,571,7,24,0.545,4,15,enterprise,0
acct_401,2026-02-01,556,9,26,0.488,9,15,enterprise,0
acct_401,2026-03-01,497,2,25,0.522,9,15,enterprise,0
acct_401,2026-04-01,419,7,13,0.488,16,15,enterprise,0
acct_401,2026-05-01,405,6,25,0.426,9,15,enterprise,0
acct_401,2026-06-01,404,5,17,0.359,14,15,enterprise,0
acct_401,2026-07-01,323,8,13,0.327,14,15,enterprise,0
acct_401,2026-08-01,266,10,21,0.167,20,15,enterprise,0
acct_401,2026-09-01,200,10,23,0.224,21,15,enterprise,1
acct_401,2026-10-01,199,4,14,0.288,19,15,enterprise,0
acct_401,2026-11-01,135,6,5,0.123,9,15,enterprise,0
acct_401,2026-12-01,52,8,2,0.142,18,15,enterprise,0
acct_402,2026-01-01,1083,3,16,0.702,2,9,enterprise,1
acct_402,2026-02-01,1115,3,20,0.605,13,9,enterprise,0
acct_402,2026-03-01,1100,4,10,0.561,3,9,enterprise,0
acct_402,2026-04-01,1094,0,6,0.808,1,9,enterprise,0
acct_402,2026-05-01,1126,7,25,0.739,4,9,enterprise,0
acct_402,2026-06-01,1119,6,13,0.796,3,9,enterprise,0
acct_402,2026-07-01,1110,5,19,0.724,9,9,enterprise,0
acct_402,2026-08-01,1182,7,25,0.674,10,9,enterprise,0
acct_402,2026-09-01,1145,4,27,0.645,11,9,enterprise,0
acct_402,2026-10-01,1161,3,14,0.649,13,9,enterprise,0
acct_402,2026-11-01,1159,4,17,0.525,14,9,enterprise,0
acct_402,2026-12-01,1183,2,8,0.726,16,9,enterprise,0
acct_403,2026-01-01,908,5,58,0.59,9,14,basic,0
acct_403,2026-02-01,891,7,46,0.514,13,14,basic,0
acct_403,2026-03-01,897,2,50,0.44,14,14,basic,1
acct_403,2026-04-01,906,6,58,0.608,5,14,basic,0
acct_403,2026-05-01,877,5,59,0.656,12,14,basic,0
acct_403,2026-06-01,921,1,60,0.631,1,14,basic,0
acct_403,2026-07-01,893,7,59,0.616,11,14,basic,0
acct_403,2026-08-01,867,6,44,0.6,14,14,basic,0
acct_403,2026-09-01,911,1,55,0.534,14,14,basic,0
acct_403,2026-10-01,946,2,57,0.495,8,14,basic,0
acct_403,2026-11-01,887,6,55,0.675,5,14,basic,0
acct_403,2026-12-01,946,7,66,0.652,11,14,basic,0
acct_404,2026-01-01,841,7,9,0.209,12,16,basic,1
acct_404,2026-02-01,785,5,8,0.302,15,16,basic,0
acct_404,2026-03-01,706,2,8,0.298,6,16,basic,0
acct_404,2026-04-01,595,6,16,0.028,15,16,basic,0
acct_404,2026-05-01,532,7,11,0.174,14,16,basic,0
acct_404,2026-06-01,341,5,9,0.091,11,16,basic,0
acct_404,2026-07-01,313,4,0,0.028,14,16,basic,0
acct_404,2026-08-01,213,9,3,0.0,7,16,basic,0
acct_404,2026-09-01,110,6,4,0.0,9,16,basic,0
acct_404,2026-10-01,24,9,0,0.0,20,16,basic,0
acct_404,2026-11-01,0,7,1,0.0,19,16,basic,1
acct_404,2026-12-01,0,6,0,0.0,19,16,basic,1
acct_405,2026-01-01,608,3,26,0.751,9,39,enterprise,0
acct_405,2026-02-01,586,4,28,0.641,7,39,enterprise,0
acct_405,2026-03-01,542,6,31,0.841,10,39,enterprise,0
acct_405,2026-04-01,596,0,35,0.741,16,39,enterprise,0
acct_405,2026-05-01,595,2,30,0.713,11,39,enterprise,0
acct_405,2026-06-01,609,4,36,0.894,14,39,enterprise,0
acct_405,2026-07-01,631,6,30,0.744,0,39,enterprise,0
acct_405,2026-08-01,606,1,37,0.912,8,39,enterprise,0
acct_405,2026-09-01,606,6,33,0.975,12,39,enterprise,1
acct_405,2026-10-01,636,1,40,0.833,10,39,enterprise,0
acct_405,2026-11-01,645,1,29,0.851,3,39,enterprise,0
acct_405,2026-12-01,666,4,34,0.834,9,39,enterprise,0
acct_406,2026-01-01,919,2,30,0.231,15,29,enterprise,0
acct_406,2026-02-01,947,3,43,0.351,2,29,enterprise,0
acct_406,2026-03-01,886,6,44,0.48,12,29,enterprise,0
acct_406,2026-04-01,911,5,44,0.331,7,29,enterprise,1
acct_406,2026-05-01,978,5,49,0.394,2,29,enterprise,0
acct_406,2026-06-01,922,1,33,0.537,6,29,enterprise,0
acct_406,2026-07-01,917,4,40,0.444,16,29,enterprise,0
acct_406,2026-08-01,909,6,43,0.272,4,29,enterprise,1
acct_406,2026-09-01,958,2,57,0.323,1,29,enterprise,0
acct_406,2026-10-01,934,5,45,0.292,2,29,enterprise,0
acct_406,2026-11-01,945,0,50,0.664,7,29,enterprise,0
acct_406,2026-12-01,983,1,51,0.162,15,29,enterprise,0
acct_407,2026-01-01,1007,7,28,0.442,9,11,basic,0
acct_407,2026-02-01,881,9,31,0.456,2,11,basic,0
acct_407,2026-03-01,903,8,17,0.676,4,11,basic,0
acct_407,2026-04-01,832,4,17,0.365,6,11,basic,0
acct_407,2026-05-01,699,9,21,0.257,13,11,basic,0
acct_407,2026-06-01,634,7,20,0.327,19,11,basic,0
acct_407,2026-07-01,580,9,20,0.31,18,11,basic,1
acct_407,2026-08-01,539,9,13,0.299,18,11,basic,0
acct_407,2026-09-01,458,9,7,0.244,10,11,basic,0
acct_407,2026-10-01,369,10,7,0.204,10,11,basic,0
acct_407,2026-11-01,333,7,17,0.28,17,11,basic,0
acct_407,2026-12-01,270,5,7,0.205,11,11,basic,0
acct_408,2026-01-01,592,2,36,0.714,2,26,pro,0
acct_408,2026-02-01,600,1,37,0.699,15,26,pro,0
acct_408,2026-03-01,614,1,36,0.709,3,26,pro,0
acct_408,2026-04-01,654,1,29,0.714,3,26,pro,0
acct_408,2026-05-01,629,1,38,0.642,1,26,pro,0
acct_408,2026-06-01,597,4,26,0.72,9,26,pro,0
acct_408,2026-07-01,588,0,33,0.725,14,26,pro,0
acct_408,2026-08-01,609,5,37,0.652,14,26,pro,0
acct_408,2026-09-01,596,4,31,0.53,7,26,pro,0
acct_408,2026-10-01,600,4,37,0.619,12,26,pro,0
acct_408,2026-11-01,576,2,25,0.543,4,26,pro,1
acct_408,2026-12-01,593,6,42,0.388,16,26,pro,0
acct_409,2026-01-01,1105,2,28,0.54,7,11,pro,0
acct_409,2026-02-01,1017,6,32,0.461,17,11,pro,1
acct_409,2026-03-01,1071,2,21,0.563,12,11,pro,0
acct_409,2026-04-01,1083,3,31,0.648,7,11,pro,0
acct_409,2026-05-01,1000,7,37,0.738,13,11,pro,0
acct_409,2026-06-01,1083,2,11,0.456,5,11,pro,0
acct_409,2026-07-01,1041,1,29,0.573,5,11,pro,0
acct_409,2026-08-01,1038,6,26,0.565,11,11,pro,0
acct_409,2026-09-01,1052,2,31,0.525,7,11,pro,0
acct_409,2026-10-01,1056,2,29,0.513,6,11,pro,0
acct_409,2026-11-01,979,1,35,0.514,8,11,pro,0
acct_409,2026-12-01,1010,4,20,0.524,12,11,pro,0
acct_410,2026-01-01,655,0,54,0.32,16,15,pro,0
acct_410,2026-02-01,633,0,53,0.585,10,15,pro,1
acct_410,2026-03-01,639,5,59,0.576,2,15,pro,0
acct_410,2026-04-01,660,7,56,0.344,15,15,pro,0
acct_410,2026-05-01,639,3,59,0.332,6,15,pro,0
acct_410,2026-06-01,616,7,48,0.446,5,15,pro,0
acct_410,2026-07-01,623,5,62,0.344,4,15,pro,0
acct_410,2026-08-01,629,5,52,0.254,10,15,pro,0
acct_410,2026-09-01,654,6,56,0.332,9,15,pro,0
acct_410,2026-10-01,606,5,46,0.149,14,15,pro,0
acct_410,2026-11-01,609,0,61,0.492,3,15,pro,0
acct_410,2026-12-01,610,3,53,0.401,4,15,pro,0
acct_411,2026-01-01,1157,5,32,0.689,15,10,basic,1
acct_411,2026-02-01,1087,4,29,0.803,12,10,basic,0
acct_411,2026-03-01,1061,3,23,0.725,12,10,basic,1
acct_411,2026-04-01,942,5,17,0.502,10,10,basic,0
acct_411,2026-05-01,939,2,22,0.469,18,10,basic,0
acct_411,2026-06-01,838,7,22,0.529,7,10,basic,0
acct_411,2026-07-01,775,8,10,0.555,15,10,basic,1
acct_411,2026-08-01,606,9,7,0.572,18,10,basic,1
acct_411,2026-09-01,670,5,11,0.465,14,10,basic,1
acct_411,2026-10-01,514,7,15,0.485,12,10,basic,0
acct_411,2026-11-01,437,9,13,0.346,18,10,basic,1
acct_411,2026-12-01,406,8,3,0.277,20,10,basic,0
acct_412,2026-01-01,817,6,41,0.493,10,7,pro,1
acct_412,2026-02-01,889,0,39,0.651,9,7,pro,0
acct_412,2026-03-01,860,7,37,0.508,13,7,pro,0
acct_412,2026-04-01,850,4,35,0.434,2,7,pro,0
acct_412,2026-05-01,810,6,30,0.737,13,7,pro,0
acct_412,2026-06-01,853,6,36,0.595,8,7,pro,0
acct_412,2026-07-01,872,3,29,0.653,14,7,pro,0
acct_412,2026-08-01,850,2,24,0.586,16,7,pro,0
acct_412,2026-09-01,844,7,26,0.383,2,7,pro,0
acct_412,2026-10-01,877,7,29,0.618,2,7,pro,0
acct_412,2026-11-01,857,2,32,0.484,4,7,pro,0
acct_412,2026-12-01,814,1,34,0.481,4,7,pro,0
acct_413,2026-01-01,706,6,30,0.58,6,26,basic,0
acct_413,2026-02-01,686,5,32,0.529,6,26,basic,0
acct_413,2026-03-01,682,5,40,0.456,14,26,basic,0
acct_413,2026-04-01,643,2,39,0.379,0,26,basic,0
acct_413,2026-05-01,649,4,44,0.415,8,26,basic,0
acct_413,2026-06-01,672,5,36,0.283,3,26,basic,0
acct_413,2026-07-01,667,2,37,0.445,14,26,basic,0
acct_413,2026-08-01,704,7,37,0.466,8,26,basic,0
acct_413,2026-09-01,651,1,41,0.477,10,26,basic,0
acct_413,2026-10-01,665,5,36,0.496,4,26,basic,0
acct_413,2026-11-01,704,4,15,0.544,1,26,basic,0
acct_413,2026-12-01,639,5,46,0.524,10,26,basic,0
acct_414,2026-01-01,999,0,40,0.63,3,5,pro,0
acct_414,2026-02-01,997,2,32,0.595,6,5,pro,0
acct_414,2026-03-01,1084,5,35,0.843,3,5,pro,0
acct_414,2026-04-01,1084,0,42,0.556,10,5,pro,0
acct_414,2026-05-01,1082,2,38,0.683,16,5,pro,0
acct_414,2026-06-01,1128,0,42,0.715,8,5,pro,0
acct_414,2026-07-01,1145,4,39,0.572,13,5,pro,0
acct_414,2026-08-01,1091,0,33,0.61,8,5,pro,0
acct_414,2026-09-01,1076,4,43,0.473,6,5,pro,0
acct_414,2026-10-01,1088,3,49,0.443,12,5,pro,0
acct_414,2026-11-01,1065,7,39,0.54,15,5,pro,1
acct_414,2026-12-01,1124,0,35,0.824,7,5,pro,0
acct_415,2026-01-01,1017,3,12,0.035,14,2,enterprise,0
acct_415,2026-02-01,939,8,16,0.115,14,2,enterprise,0
acct_415,2026-03-01,860,3,17,0.165,8,2,enterprise,0
acct_415,2026-04-01,814,3,9,0.098,11,2,enterprise,0
acct_415,2026-05-01,711,6,3,0.0,6,2,enterprise,0
acct_415,2026-06-01,630,4,12,0.012,6,2,enterprise,0
acct_415,2026-07-01,519,7,13,0.0,5,2,enterprise,0
acct_415,2026-08-01,446,9,12,0.0,18,2,enterprise,0
acct_415,2026-09-01,398,7,3,0.0,14,2,enterprise,0
acct_415,2026-10-01,332,10,10,0.0,23,2,enterprise,0
acct_415,2026-11-01,211,9,13,0.0,16,2,enterprise,1
acct_415,2026-12-01,177,9,7,0.0,20,2,enterprise,0
acct_416,2026-01-01,1130,6,25,0.661,1,11,pro,1
acct_416,2026-02-01,1040,4,24,0.503,13,11,pro,0
acct_416,2026-03-01,909,5,21,0.4,5,11,pro,0
acct_416,2026-04-01,784,5,25,0.349,6,11,pro,0
acct_416,2026-05-01,645,6,17,0.285,7,11,pro,1
acct_416,2026-06-01,553,8,9,0.278,17,11,pro,0
acct_416,2026-07-01,448,3,4,0.205,11,11,pro,0
acct_416,2026-08-01,317,7,1,0.109,8,11,pro,0
acct_416,2026-09-01,204,10,11,0.174,9,11,pro,0
acct_416,2026-10-01,113,4,0,0.0,21,11,pro,0
acct_416,2026-11-01,0,3,0,0.0,24,11,pro,0
acct_416,2026-12-01,0,4,0,0.019,16,11,pro,0
acct_417,2026-01-01,755,0,36,0.483,14,12,pro,0
acct_417,2026-02-01,738,2,34,0.424,10,12,pro,1
acct_417,2026-03-01,739,5,30,0.376,4,12,pro,0
acct_417,2026-04-01,748,3,46,0.559,8,12,pro,0
acct_417,2026-05-01,728,1,46,0.328,7,12,pro,0
acct_417,2026-06-01,728,1,47,0.544,13,12,pro,0
acct_417,2026-07-01,732,7,39,0.49,6,12,pro,0
acct_417,2026-08-01,742,0,35,0.443,2,12,pro,0
acct_417,2026-09-01,738,6,40,0.487,9,12,pro,0
acct_417,2026-10-01,753,2,36,0.464,15,12,pro,0
acct_417,2026-11-01,704,5,41,0.472,13,12,pro,0
acct_417,2026-12-01,663,4,38,0.444,9,12,pro,0
acct_418,2026-01-01,653,0,24,0.227,10,27,basic,0
acct_418,2026-02-01,688,0,24,0.441,10,27,basic,0
acct_418,2026-03-01,666,1,33,0.318,15,27,basic,0
acct_418,2026-04-01,675,0,28,0.439,12,27,basic,0
acct_418,2026-05-01,638,2,25,0.331,5,27,basic,0
acct_418,2026-06-01,649,2,19,0.142,15,27,basic,0
acct_418,2026-07-01,648,6,33,0.277,9,27,basic,0
acct_418,2026-08-01,662,7,29,0.2,9,27,basic,1
acct_418,2026-09-01,657,4,31,0.144,8,27,basic,0
acct_418,2026-10-01,645,3,24,0.192,6,27,basic,0
acct_418,2026-11-01,661,3,36,0.243,9,27,basic,0
acct_418,2026-12-01,647,3,23,0.341,6,27,basic,1
acct_419,2026-01-01,463,2,33,0.578,11,20,enterprise,0
acct_419,2026-02-01,476,6,35,0.729,1,20,enterprise,0
acct_419,2026-03-01,420,6,38,0.653,2,20,enterprise,0
acct_419,2026-04-01,359,8,37,0.52,7,20,enterprise,0
acct_419,2026-05-01,336,6,20,0.638,5,20,enterprise,0
acct_419,2026-06-01,263,4,33,0.571,5,20,enterprise,0
acct_419,2026-07-01,265,5,14,0.372,18,20,enterprise,0
acct_419,2026-08-01,243,5,26,0.502,22,20,enterprise,0
acct_419,2026-09-01,215,7,14,0.402,22,20,enterprise,1
acct_419,2026-10-01,152,8,19,0.325,21,20,enterprise,0
acct_419,2026-11-01,147,3,4,0.179,17,20,enterprise,1
acct_419,2026-12-01,128,7,12,0.226,9,20,enterprise,0
acct_420,2026-01-01,653,5,29,0.446,6,5,enterprise,0
acct_420,2026-02-01,634,9,26,0.476,7,5,enterprise,0
acct_420,2026-03-01,587,3,36,0.379,13,5,enterprise,0
acct_420,2026-04-01,506,4,36,0.42,4,5,enterprise,0
acct_420,2026-05-01,473,9,21,0.199,7,5,enterprise,0
acct_420,2026-06-01,401,5,16,0.439,17,5,enterprise,1
acct_420,2026-07-01,350,4,16,0.203,13,5,enterprise,0
acct_420,2026-08-01,299,10,25,0.34,18,5,enterprise,0
acct_420,2026-09-01,243,8,17,0.09,11,5,enterprise,0
acct_420,2026-10-01,156,8,7,0.066,13,5,enterprise,0
acct_420,2026-11-01,140,4,0,0.035,18,5,enterprise,1
acct_420,2026-12-01,59,3,15,0.0,12,5,enterprise,0
acct_421,2026-01-01,1064,7,30,0.589,11,17,pro,1
acct_421,2026-02-01,1060,7,24,0.571,5,17,pro,0
acct_421,2026-03-01,1044,0,34,0.554,5,17,pro,0
acct_421,2026-04-01,1063,3,33,0.649,2,17,pro,0
acct_421,2026-05-01,1015,6,27,0.499,13,17,pro,0
acct_421,2026-06-01,1053,7,30,0.71,1,17,pro,0
acct_421,2026-07-01,1002,0,33,0.599,14,17,pro,0
acct_421,2026-08-01,972,4,38,0.523,11,17,pro,0
acct_421,2026-09-01,979,3,45,0.729,13,17,pro,0
acct_421,2026-10-01,1017,2,24,0.58,13,17,pro,0
acct_421,2026-11-01,1001,4,26,0.611,4,17,pro,0
acct_421,2026-12-01,959,7,33,0.769,9,17,pro,1
acct_422,2026-01-01,1222,2,35,0.688,0,4,enterprise,0
acct_422,2026-02-01,1028,9,30,0.454,14,4,enterprise,0
acct_422,2026-03-01,1060,4,24,0.42,16,4,enterprise,0
acct_422,2026-04-01,878,7,19,0.626,14,4,enterprise,0
acct_422,2026-05-01,693,3,25,0.447,11,4,enterprise,0
acct_422,2026-06-01,598,7,16,0.439,16,4,enterprise,1
acct_422,2026-07-01,457,2,5,0.294,7,4,enterprise,0
acct_422,2026-08-01,433,5,0,0.127,11,4,enterprise,0
acct_422,2026-09-01,259,9,1,0.243,13,4,enterprise,0
acct_422,2026-10-01,162,9,0,0.119,18,4,enterprise,0
acct_422,2026-11-01,39,4,10,0.052,19,4,enterprise,0
acct_422,2026-12-01,0,7,0,0.068,11,4,enterprise,0
acct_423,2026-01-01,623,5,26,0.307,1,27,pro,0
acct_423,2026-02-01,607,5,25,0.457,11,27,pro,0
acct_423,2026-03-01,637,5,23,0.266,2,27,pro,0
acct_423,2026-04-01,625,4,22,0.409,10,27,pro,0
acct_423,2026-05-01,655,1,28,0.352,9,27,pro,0
acct_423,2026-06-01,659,4,20,0.288,14,27,pro,0
acct_423,2026-07-01,671,2,17,0.261,11,27,pro,0
acct_423,2026-08-01,673,2,9,0.337,7,27,pro,0
acct_423,2026-09-01,686,2,36,0.307,0,27,pro,0
acct_423,2026-10-01,689,0,23,0.389,3,27,pro,0
acct_423,2026-11-01,728,1,32,0.564,14,27,pro,1
acct_423,2026-12-01,732,2,27,0.39,10,27,pro,0
acct_424,2026-01-01,1095,3,38,0.57,11,25,pro,0
acct_424,2026-02-01,1167,7,43,0.405,7,25,pro,0
acct_424,2026-03-01,1201,6,45,0.412,10,25,pro,0
acct_424,2026-04-01,1162,5,31,0.617,11,25,pro,0
acct_424,2026-05-01,1124,4,29,0.333,7,25,pro,0
acct_424,2026-06-01,1138,2,39,0.332,4,25,pro,0
acct_424,2026-07-01,1197,4,27,0.301,2,25,pro,0
acct_424,2026-08-01,1203,6,45,0.297,11,25,pro,0
acct_424,2026-09-01,1196,5,38,0.41,9,25,pro,0
acct_424,2026-10-01,1274,5,48,0.48,3,25,pro,0
acct_424,2026-11-01,1300,0,40,0.351,1,25,pro,0
acct_424,2026-12-01,1252,6,33,0.405,9,25,pro,0
acct_425,2026-01-01,1052,7,29,0.409,12,34,basic,0
acct_425,2026-02-01,1019,7,19,0.35,12,34,basic,0
acct_425,2026-03-01,1059,5,29,0.361,0,34,basic,0
acct_425,2026-04-01,1009,4,31,0.225,14,34,basic,1
acct_425,2026-05-01,1058,3,28,0.247,5,34,basic,0
acct_425,2026-06-01,1070,1,35,0.459,7,34,basic,0
acct_425,2026-07-01,1078,7,24,0.499,13,34,basic,0
acct_425,2026-08-01,1062,1,30,0.525,0,34,basic,0
acct_425,2026-09-01,1048,7,21,0.522,3,34,basic,0
acct_425,2026-10-01,1006,3,27,0.388,13,34,basic,0
acct_425,2026-11-01,1115,7,37,0.384,8,34,basic,0
acct_425,2026-12-01,1057,1,33,0.314,15,34,basic,0
acct_426,2026-01-01,1152,7,46,0.724,9,21,basic,0
acct_426,2026-02-01,1088,9,48,0.604,7,21,basic,1
acct_426,2026-03-01,939,5,48,0.567,9,21,basic,0
acct_426,2026-04-01,807,5,40,0.504,18,21,basic,0
acct_426,2026-05-01,689,2,27,0.459,15,21,basic,1
acct_426,2026-06-01,566,2,16,0.458,9,21,basic,0
acct_426,2026-07-01,464,2,26,0.373,16,21,basic,1
acct_426,2026-08-01,384,7,21,0.539,19,21,basic,0
acct_426,2026-09-01,214,7,11,0.226,19,21,basic,1
acct_426,2026-10-01,50,8,6,0.028,12,21,basic,0
acct_426,2026-11-01,0,9,14,0.186,22,21,basic,0
acct_426,2026-12-01,0,3,3,0.062,19,21,basic,0
acct_427,2026-01-01,1099,2,5,0.357,5,22,pro,1
acct_427,2026-02-01,1130,1,2,0.317,5,22,pro,0
acct_427,2026-03-01,1103,5,17,0.384,6,22,pro,1
acct_427,2026-04-01,1064,6,1,0.298,5,22,pro,0
acct_427,2026-05-01,1147,1,6,0.277,3,22,pro,0
acct_427,2026-06-01,1076,5,16,0.184,8,22,pro,0
acct_427,2026-07-01,1045,5,16,0.221,8,22,pro,1
acct_427,2026-08-01,1021,2,18,0.146,11,22,pro,0
acct_427,2026-09-01,1029,3,8,0.352,11,22,pro,0
acct_427,2026-10-01,1052,2,16,0.381,8,22,pro,0
acct_427,2026-11-01,964,5,11,0.313,10,22,pro,0
acct_427,2026-12-01,1033,7,20,0.349,4,22,pro,1
acct_428,2026-01-01,462,4,17,0.422,9,11,pro,0
acct_428,2026-02-01,506,6,8,0.25,3,11,pro,1
acct_428,2026-03-01,489,1,12,0.503,7,11,pro,0
acct_428,2026-04-01,471,6,10,0.507,15,11,pro,0
acct_428,2026-05-01,497,3,13,0.442,10,11,pro,0
acct_428,2026-06-01,519,7,12,0.306,6,11,pro,1
acct_428,2026-07-01,494,7,10,0.436,13,11,pro,0
acct_428,2026-08-01,519,3,6,0.47,8,11,pro,0
acct_428,2026-09-01,514,4,15,0.413,3,11,pro,0
acct_428,2026-10-01,498,2,19,0.34,10,11,pro,0
acct_428,2026-11-01,520,0,15,0.472,17,11,pro,0
acct_428,2026-12-01,504,6,11,0.569,12,11,pro,1
acct_429,2026-01-01,568,6,51,0.507,17,18,enterprise,0
acct_429,2026-02-01,485,7,49,0.557,7,18,enterprise,0
acct_429,2026-03-01,492,9,49,0.548,11,18,enterprise,0
acct_429,2026-04-01,423,9,33,0.363,15,18,enterprise,0
acct_429,2026-05-01,355,9,34,0.325,14,18,enterprise,0
acct_429,2026-06-01,359,5,29,0.259,11,18,enterprise,1
acct_429,2026-07-01,295,7,31,0.521,18,18,enterprise,0
acct_429,2026-08-01,263,7,20,0.335,17,18,enterprise,0
acct_429,2026-09-01,219,8,32,0.103,15,18,enterprise,0
acct_429,2026-10-01,166,3,17,0.21,17,18,enterprise,0
acct_429,2026-11-01,111,9,12,0.09,26,18,enterprise,1
acct_429,2026-12-01,88,4,14,0.064,22,18,enterprise,0
acct_430,2026-01-01,1183,3,33,0.678,11,26,enterprise,0
acct_430,2026-02-01,1162,2,33,0.467,8,26,enterprise,0
acct_430,2026-03-01,1085,1,41,0.567,12,26,enterprise,1
acct_430,2026-04-01,1188,5,30,0.765,1,26,enterprise,0
acct_430,2026-05-01,1161,6,42,0.572,8,26,enterprise,0
acct_430,2026-06-01,1129,6,37,0.714,8,26,enterprise,0
acct_430,2026-07-01,1130,5,54,0.607,8,26,enterprise,0
acct_430,2026-08-01,1197,2,48,0.748,14,26,enterprise,0
acct_430,2026-09-01,1236,6,54,0.69,6,26,enterprise,0
acct_430,2026-10-01,1157,6,36,0.712,10,26,enterprise,1
acct_430,2026-11-01,1150,5,32,0.635,11,26,enterprise,0
acct_430,2026-12-01,1199,1,36,0.617,9,26,enterprise,1
acct_431,2026-01-01,814,3,60,0.433,13,18,basic,0
acct_431,2026-02-01,777,3,46,0.322,4,18,basic,0
acct_431,2026-03-01,750,6,40,0.442,9,18,basic,0
acct_431,2026-04-01,689,9,49,0.411,12,18,basic,0
acct_431,2026-05-01,634,6,39,0.405,5,18,basic,0
acct_431,2026-06-01,628,7,32,0.3,15,18,basic,1
acct_431,2026-07-01,550,9,40,0.327,21,18,basic,0
acct_431,2026-08-01,481,4,25,0.223,9,18,basic,1
acct_431,2026-09-01,464,10,34,0.33,13,18,basic,0
acct_431,2026-10-01,409,5,22,0.158,8,18,basic,0
acct_431,2026-11-01,330,5,43,0.143,10,18,basic,0
acct_431,2026-12-01,296,4,28,0.068,12,18,basic,1
acct_432,2026-01-01,1100,3,22,0.599,3,37,enterprise,0
acct_432,2026-02-01,1061,0,31,0.565,10,37,enterprise,0
acct_432,2026-03-01,1025,2,25,0.627,8,37,enterprise,0
acct_432,2026-04-01,974,4,34,0.4,12,37,enterprise,0
acct_432,2026-05-01,1045,5,37,0.681,15,37,enterprise,0
acct_432,2026-06-01,1025,3,35,0.297,5,37,enterprise,0
acct_432,2026-07-01,1011,6,38,0.375,3,37,enterprise,1
acct_432,2026-08-01,952,0,25,0.434,8,37,enterprise,1
acct_432,2026-09-01,1017,7,24,0.517,9,37,enterprise,0
acct_432,2026-10-01,993,3,43,0.507,9,37,enterprise,0
acct_432,2026-11-01,976,6,38,0.719,10,37,enterprise,1
acct_432,2026-12-01,902,5,37,0.488,13,37,enterprise,0
acct_433,2026-01-01,563,1,48,0.355,5,11,enterprise,0
acct_433,2026-02-01,575,5,42,0.431,6,11,enterprise,1
acct_433,2026-03-01,548,2,37,0.275,8,11,enterprise,1
acct_433,2026-04-01,533,6,47,0.304,15,11,enterprise,0
acct_433,2026-05-01,551,5,48,0.237,7,11,enterprise,0
acct_433,2026-06-01,558,5,26,0.372,16,11,enterprise,0
acct_433,2026-07-01,553,4,39,0.248,9,11,enterprise,0
acct_433,2026-08-01,551,7,45,0.347,14,11,enterprise,0
acct_433,2026-09-01,556,5,47,0.341,11,11,enterprise,1
acct_433,2026-10-01,556,6,52,0.23,7,11,enterprise,0
acct_433,2026-11-01,545,7,52,0.274,6,11,enterprise,0
acct_433,2026-12-01,533,4,50,0.231,15,11,enterprise,1
acct_434,2026-01-01,840,6,21,0.466,3,35,pro,0
acct_434,2026-02-01,838,0,18,0.318,15,35,pro,0
acct_434,2026-03-01,760,6,22,0.371,13,35,pro,0
acct_434,2026-04-01,764,1,15,0.3,12,35,pro,1
acct_434,2026-05-01,731,7,15,0.312,12,35,pro,0
acct_434,2026-06-01,769,1,14,0.375,8,35,pro,1
acct_434,2026-07-01,782,3,19,0.373,2,35,pro,0
acct_434,2026-08-01,770,4,23,0.386,4,35,pro,0
acct_434,2026-09-01,804,6,7,0.372,9,35,pro,0
acct_434,2026-10-01,776,4,21,0.211,2,35,pro,1
acct_434,2026-11-01,752,5,8,0.382,8,35,pro,0
acct_434,2026-12-01,776,4,9,0.389,5,35,pro,0
acct_435,2026-01-01,429,3,55,0.137,12,23,enterprise,0
acct_435,2026-02-01,425,6,46,0.376,13,23,enterprise,0
acct_435,2026-03-01,440,0,53,0.206,11,23,enterprise,0
acct_435,2026-04-01,418,5,61,0.21,11,23,enterprise,0
acct_435,2026-05-01,410,7,66,0.235,7,23,enterprise,0
acct_435,2026-06-01,387,0,47,0.295,8,23,enterprise,0
acct_435,2026-07-01,401,0,50,0.208,9,23,enterprise,0
acct_435,2026-08-01,387,2,53,0.315,0,23,enterprise,0
acct_435,2026-09-01,380,6,57,0.362,8,23,enterprise,0
acct_435,2026-10-01,382,3,60,0.228,7,23,enterprise,0
acct_435,2026-11-01,399,0,51,0.248,18,23,enterprise,0
acct_435,2026-12-01,387,6,47,0.322,5,23,enterprise,0
acct_436,2026-01-01,1172,1,22,0.753,9,5,basic,0
acct_436,2026-02-01,1175,1,17,0.854,8,5,basic,0
acct_436,2026-03-01,1249,1,11,0.837,12,5,basic,0
acct_436,2026-04-01,1229,2,19,0.788,4,5,basic,0
acct_436,2026-05-01,1224,5,15,0.632,4,5,basic,0
acct_436,2026-06-01,1223,6,15,0.724,6,5,basic,0
acct_436,2026-07-01,1262,5,23,0.655,1,5,basic,0
acct_436,2026-08-01,1196,2,20,0.674,5,5,basic,0
acct_436,2026-09-01,1209,0,22,0.775,6,5,basic,0
acct_436,2026-10-01,1254,3,18,0.77,4,5,basic,0
acct_436,2026-11-01,1296,0,20,0.83,7,5,basic,0
acct_436,2026-12-01,1280,3,17,0.774,9,5,basic,1
acct_437,2026-01-01,1156,5,6,0.749,4,7,enterprise,0
acct_437,2026-02-01,1145,3,2,0.789,13,7,enterprise,0
acct_437,2026-03-01,1119,0,7,0.731,4,7,enterprise,0
acct_437,2026-04-01,1148,2,11,0.682,13,7,enterprise,0
acct_437,2026-05-01,1076,2,11,0.671,11,7,enterprise,1
acct_437,2026-06-01,1152,2,10,0.793,16,7,enterprise,0
acct_437,2026-07-01,1108,3,8,0.596,11,7,enterprise,0
acct_437,2026-08-01,1145,3,5,0.98,15,7,enterprise,0
acct_437,2026-09-01,1115,4,11,0.775,5,7,enterprise,0
acct_437,2026-10-01,1076,3,12,0.703,15,7,enterprise,1
acct_437,2026-11-01,1099,3,18,0.741,10,7,enterprise,1
acct_437,2026-12-01,1139,5,12,0.695,2,7,enterprise,0
acct_438,2026-01-01,1159,1,26,0.666,10,34,basic,0
acct_438,2026-02-01,1091,1,34,0.685,15,34,basic,1
acct_438,2026-03-01,1140,1,32,0.657,6,34,basic,1
acct_438,2026-04-01,1113,1,31,0.625,17,34,basic,0
acct_438,2026-05-01,1091,7,34,0.658,14,34,basic,0
acct_438,2026-06-01,1113,3,34,0.796,5,34,basic,1
acct_438,2026-07-01,1019,1,41,0.682,3,34,basic,1
acct_438,2026-08-01,1070,2,35,0.729,13,34,basic,0
acct_438,2026-09-01,1039,7,30,0.689,8,34,basic,0
acct_438,2026-10-01,1005,2,20,0.883,13,34,basic,0
acct_438,2026-11-01,1021,7,20,0.723,9,34,basic,0
acct_438,2026-12-01,973,7,34,0.66,13,34,basic,0
acct_439,2026-01-01,929,0,37,0.632,0,22,enterprise,0
acct_439,2026-02-01,905,4,22,0.749,16,22,enterprise,0
acct_439,2026-03-01,912,7,24,0.717,6,22,enterprise,0
acct_439,2026-04-01,890,5,34,0.665,12,22,enterprise,1
acct_439,2026-05-01,887,1,35,0.603,7,22,enterprise,0
acct_439,2026-06-01,888,4,23,0.727,12,22,enterprise,0
acct_439,2026-07-01,848,5,32,0.686,12,22,enterprise,0
acct_439,2026-08-01,871,6,38,0.707,9,22,enterprise,0
acct_439,2026-09-01,905,7,31,0.576,12,22,enterprise,0
acct_439,2026-10-01,902,0,28,0.801,11,22,enterprise,0
acct_439,2026-11-01,883,3,22,0.684,12,22,enterprise,0
acct_439,2026-12-01,906,0,29,0.778,12,22,enterprise,0
acct_440,2026-01-01,629,2,30,0.382,4,26,pro,0
acct_440,2026-02-01,657,4,23,0.447,5,26,pro,0
acct_440,2026-03-01,649,4,38,0.435,2,26,pro,0
acct_440,2026-04-01,634,3,41,0.454,14,26,pro,0
acct_440,2026-05-01,644,0,37,0.391,13,26,pro,0
acct_440,2026-06-01,652,0,41,0.476,3,26,pro,0
acct_440,2026-07-01,685,2,33,0.413,7,26,pro,0
acct_440,2026-08-01,684,2,24,0.355,15,26,pro,0
acct_440,2026-09-01,680,1,34,0.48,6,26,pro,0
acct_440,2026-10-01,706,5,37,0.448,14,26,pro,0
acct_440,2026-11-01,695,3,29,0.552,15,26,pro,0
acct_440,2026-12-01,650,2,33,0.514,17,26,pro,0
acct_441,2026-01-01,1113,1,7,0.731,9,20,pro,0
acct_441,2026-02-01,1079,1,24,0.544,2,20,pro,0
acct_441,2026-03-01,1091,6,12,0.548,8,20,pro,0
acct_441,2026-04-01,1073,3,13,0.425,11,20,pro,1
acct_441,2026-05-01,1025,7,8,0.461,14,20,pro,0
acct_441,2026-06-01,1068,4,16,0.526,7,20,pro,1
acct_441,2026-07-01,1063,0,10,0.452,11,20,pro,1
acct_441,2026-08-01,971,4,6,0.573,13,20,pro,0
acct_441,2026-09-01,1050,3,6,0.571,4,20,pro,0
acct_441,2026-10-01,1033,7,4,0.429,1,20,pro,0
acct_441,2026-11-01,973,6,21,0.476,4,20,pro,1
acct_441,2026-12-01,1033,6,14,0.491,7,20,pro,0
acct_442,2026-01-01,937,0,51,0.609,12,12,basic,0
acct_442,2026-02-01,896,3,60,0.409,4,12,basic,0
acct_442,2026-03-01,951,3,63,0.556,8,12,basic,0
acct_442,2026-04-01,916,1,58,0.364,13,12,basic,1
acct_442,2026-05-01,950,6,59,0.367,7,12,basic,0
acct_442,2026-06-01,922,7,56,0.573,3,12,basic,0
acct_442,2026-07-01,919,3,60,0.373,10,12,basic,0
acct_442,2026-08-01,957,7,55,0.582,5,12,basic,0
acct_442,2026-09-01,933,3,63,0.46,3,12,basic,0
acct_442,2026-10-01,921,6,50,0.396,11,12,basic,0
acct_442,2026-11-01,938,4,63,0.392,7,12,basic,0
acct_442,2026-12-01,971,0,60,0.392,16,12,basic,0
acct_443,2026-01-01,772,0,49,0.895,4,21,enterprise,0
acct_443,2026-02-01,770,5,60,0.746,12,21,enterprise,0
acct_443,2026-03-01,730,0,60,0.727,8,21,enterprise,0
acct_443,2026-04-01,755,1,58,0.422,1,21,enterprise,1
acct_443,2026-05-01,732,7,31,0.829,13,21,enterprise,1
acct_443,2026-06-01,745,4,45,0.754,14,21,enterprise,0
acct_443,2026-07-01,740,7,53,0.675,8,21,enterprise,0
acct_443,2026-08-01,728,0,53,0.744,8,21,enterprise,0
acct_443,2026-09-01,666,1,58,0.608,4,21,enterprise,0
acct_443,2026-10-01,682,7,52,0.521,9,21,enterprise,1
acct_443,2026-11-01,689,1,55,0.599,7,21,enterprise,0
acct_443,2026-12-01,740,2,47,0.691,3,21,enterprise,0
acct_444,2026-01-01,724,9,52,0.521,4,3,basic,0
acct_444,2026-02-01,618,8,52,0.513,3,3,basic,0
acct_444,2026-03-01,568,8,40,0.33,2,3,basic,0
acct_444,2026-04-01,472,7,22,0.509,18,3,basic,0
acct_444,2026-05-01,425,6,28,0.318,12,3,basic,0
acct_444,2026-06-01,291,3,31,0.379,9,3,basic,0
acct_444,2026-07-01,255,7,13,0.017,9,3,basic,0
acct_444,2026-08-01,195,4,3,0.07,12,3,basic,0
acct_444,2026-09-01,131,9,6,0.175,13,3,basic,0
acct_444,2026-10-01,26,3,11,0.192,23,3,basic,0
acct_444,2026-11-01,0,9,7,0.029,19,3,basic,0
acct_444,2026-12-01,0,7,0,0.0,17,3,basic,0
acct_445,2026-01-01,457,2,28,0.456,4,13,enterprise,0
acct_445,2026-02-01,443,7,23,0.33,4,13,enterprise,0
acct_445,2026-03-01,458,4,21,0.405,8,13,enterprise,0
acct_445,2026-04-01,448,5,18,0.29,2,13,enterprise,0
acct_445,2026-05-01,462,3,25,0.389,4,13,enterprise,0
acct_445,2026-06-01,452,3,26,0.356,2,13,enterprise,0
acct_445,2026-07-01,423,7,23,0.356,7,13,enterprise,0
acct_445,2026-08-01,414,1,38,0.453,4,13,enterprise,0
acct_445,2026-09-01,438,5,14,0.542,6,13,enterprise,0
acct_445,2026-10-01,456,3,23,0.345,17,13,enterprise,0
acct_445,2026-11-01,434,1,18,0.334,13,13,enterprise,0
acct_445,2026-12-01,420,7,28,0.465,8,13,enterprise,0
acct_446,2026-01-01,588,9,34,0.227,3,17,basic,1
acct_446,2026-02-01,525,4,33,0.174,11,17,basic,0
acct_446,2026-03-01,450,5,30,0.0,6,17,basic,0
acct_446,2026-04-01,411,9,27,0.141,6,17,basic,0
acct_446,2026-05-01,330,2,14,0.0,3,17,basic,0
acct_446,2026-06-01,316,5,29,0.119,14,17,basic,0
acct_446,2026-07-01,210,5,15,0.0,8,17,basic,0
acct_446,2026-08-01,177,9,19,0.0,15,17,basic,1
acct_446,2026-09-01,117,6,19,0.0,17,17,basic,0
acct_446,2026-10-01,51,10,4,0.0,18,17,basic,0
acct_446,2026-11-01,0,4,11,0.0,16,17,basic,0
acct_446,2026-12-01,0,4,0,0.0,17,17,basic,0
acct_447,2026-01-01,614,4,6,0.625,16,31,pro,1
acct_447,2026-02-01,605,1,12,0.65,2,31,pro,0
acct_447,2026-03-01,609,1,10,0.632,7,31,pro,0
acct_447,2026-04-01,605,6,0,0.648,11,31,pro,0
acct_447,2026-05-01,598,4,9,0.36,3,31,pro,1
acct_447,2026-06-01,595,1,1,0.468,12,31,pro,0
acct_447,2026-07-01,562,3,32,0.616,15,31,pro,0
acct_447,2026-08-01,634,4,21,0.516,11,31,pro,0
acct_447,2026-09-01,596,4,11,0.701,9,31,pro,0
acct_447,2026-10-01,598,0,7,0.72,15,31,pro,0
acct_447,2026-11-01,605,3,16,0.708,10,31,pro,0
acct_447,2026-12-01,608,6,12,0.537,11,31,pro,0
acct_448,2026-01-01,452,7,60,0.439,10,14,enterprise,0
acct_448,2026-02-01,449,2,55,0.635,7,14,enterprise,0
acct_448,2026-03-01,461,7,61,0.46,6,14,enterprise,0
acct_448,2026-04-01,435,7,68,0.392,10,14,enterprise,0
acct_448,2026-05-01,450,1,60,0.326,12,14,enterprise,0
acct_448,2026-06-01,443,4,55,0.408,8,14,enterprise,0
acct_448,2026-07-01,450,6,63,0.378,13,14,enterprise,0
acct_448,2026-08-01,464,4,59,0.678,14,14,enterprise,0
acct_448,2026-09-01,477,1,60,0.409,8,14,enterprise,0
acct_448,2026-10-01,461,5,63,0.412,2,14,enterprise,1
acct_448,2026-11-01,450,1,65,0.436,5,14,enterprise,0
acct_448,2026-12-01,462,1,51,0.393,1,14,enterprise,0
acct_449,2026-01-01,478,8,31,0.329,12,4,basic,0
acct_449,2026-02-01,415,9,28,0.285,4,4,basic,0
acct_449,2026-03-01,423,7,22,0.361,4,4,basic,0
acct_449,2026-04-01,397,8,27,0.33,7,4,basic,0
acct_449,2026-05-01,386,8,30,0.306,16,4,basic,0
acct_449,2026-06-01,341,9,26,0.242,18,4,basic,1
acct_449,2026-07-01,350,8,23,0.245,6,4,basic,0
acct_449,2026-08-01,286,9,20,0.108,11,4,basic,0
acct_449,2026-09-01,284,9,15,0.0,9,4,basic,0
acct_449,2026-10-01,234,4,26,0.096,19,4,basic,0
acct_449,2026-11-01,229,6,14,0.158,21,4,basic,0
acct_449,2026-12-01,214,9,11,0.0,22,4,basic,0
acct_450,2026-01-01,1192,2,16,0.522,15,24,pro,0
acct_450,2026-02-01,1216,5,22,0.561,8,24,pro,0
acct_450,2026-03-01,1114,4,16,0.701,12,24,pro,0
acct_450,2026-04-01,1168,0,27,0.651,6,24,pro,0
acct_450,2026-05-01,1117,0,9,0.448,12,24,pro,1
acct_450,2026-06-01,1083,5,12,0.399,2,24,pro,0
acct_450,2026-07-01,1140,1,7,0.553,2,24,pro,0
acct_450,2026-08-01,1092,5,16,0.577,3,24,pro,0
acct_450,2026-09-01,1154,0,11,0.478,2,24,pro,0
acct_450,2026-10-01,1107,4,2,0.471,14,24,pro,0
acct_450,2026-11-01,1129,7,12,0.481,8,24,pro,0
acct_450,2026-12-01,1093,7,16,0.614,3,24,pro,0
acct_451,2026-01-01,791,5,14,0.519,13,38,enterprise,0
acct_451,2026-02-01,773,2,23,0.711,6,38,enterprise,0
acct_451,2026-03-01,804,2,20,0.659,3,38,enterprise,0
acct_451,2026-04-01,818,4,13,0.428,9,38,enterprise,0
acct_451,2026-05-01,809,1,12,0.454,9,38,enterprise,0
acct_451,2026-06-01,836,5,19,0.517,2,38,enterprise,0
acct_451,2026-07-01,801,5,26,0.575,1,38,enterprise,0
acct_451,2026-08-01,815,6,9,0.706,9,38,enterprise,0
acct_451,2026-09-01,871,2,25,0.477,5,38,enterprise,0
acct_451,2026-10-01,840,3,14,0.534,11,38,enterprise,0
acct_451,2026-11-01,823,1,21,0.661,7,38,enterprise,0
acct_451,2026-12-01,824,5,14,0.558,12,38,enterprise,0
acct_452,2026-01-01,869,2,52,0.306,7,18,pro,0
acct_452,2026-02-01,789,6,48,0.283,3,18,pro,0
acct_452,2026-03-01,720,2,29,0.114,6,18,pro,0
acct_452,2026-04-01,613,7,31,0.184,15,18,pro,0
acct_452,2026-05-01,515,2,38,0.071,16,18,pro,0
acct_452,2026-06-01,410,4,24,0.092,4,18,pro,1
acct_452,2026-07-01,300,3,33,0.071,11,18,pro,0
acct_452,2026-08-01,230,6,26,0.107,18,18,pro,0
acct_452,2026-09-01,115,10,1,0.0,16,18,pro,0
acct_452,2026-10-01,22,6,0,0.0,17,18,pro,0
acct_452,2026-11-01,0,3,0,0.0,18,18,pro,0
acct_452,2026-12-01,0,3,0,0.0,17,18,pro,0
acct_453,2026-01-01,694,4,62,0.286,13,33,basic,0
acct_453,2026-02-01,682,6,51,0.349,9,33,basic,0
acct_453,2026-03-01,697,5,49,0.299,17,33,basic,0
acct_453,2026-04-01,686,3,44,0.336,16,33,basic,1
acct_453,2026-05-01,745,7,56,0.205,14,33,basic,0
acct_453,2026-06-01,649,5,56,0.482,5,33,basic,0
acct_453,2026-07-01,744,6,59,0.322,10,33,basic,0
acct_453,2026-08-01,738,1,47,0.364,9,33,basic,1
acct_453,2026-09-01,707,2,50,0.479,3,33,basic,1
acct_453,2026-10-01,775,1,48,0.325,16,33,basic,0
acct_453,2026-11-01,731,2,46,0.376,7,33,basic,0
acct_453,2026-12-01,761,7,68,0.38,9,33,basic,0
acct_454,2026-01-01,486,7,43,0.474,9,39,pro,0
acct_454,2026-02-01,474,4,50,0.536,6,39,pro,0
acct_454,2026-03-01,477,7,48,0.696,10,39,pro,0
acct_454,2026-04-01,480,4,49,0.541,4,39,pro,0
acct_454,2026-05-01,488,1,52,0.6,14,39,pro,1
acct_454,2026-06-01,496,3,51,0.537,10,39,pro,0
acct_454,2026-07-01,463,2,50,0.512,5,39,pro,0
acct_454,2026-08-01,512,4,30,0.453,7,39,pro,0
acct_454,2026-09-01,508,4,55,0.66,15,39,pro,0
acct_454,2026-10-01,495,4,46,0.619,0,39,pro,0
acct_454,2026-11-01,516,5,47,0.416,11,39,pro,0
acct_454,2026-12-01,501,7,51,0.787,10,39,pro,0
acct_455,2026-01-01,836,5,21,0.242,3,36,pro,0
acct_455,2026-02-01,869,5,5,0.48,5,36,pro,0
acct_455,2026-03-01,861,7,12,0.504,2,36,pro,0
acct_455,2026-04-01,923,6,0,0.63,15,36,pro,0
acct_455,2026-05-01,913,5,16,0.368,8,36,pro,0
acct_455,2026-06-01,954,2,16,0.351,4,36,pro,1
acct_455,2026-07-01,929,0,17,0.288,8,36,pro,0
acct_455,2026-08-01,950,4,10,0.507,9,36,pro,0
acct_455,2026-09-01,943,1,7,0.38,4,36,pro,0
acct_455,2026-10-01,965,2,12,0.559,3,36,pro,0
acct_455,2026-11-01,962,6,11,0.428,18,36,pro,1
acct_455,2026-12-01,1000,7,21,0.313,14,36,pro,0
acct_456,2026-01-01,891,6,16,0.436,5,8,pro,0
acct_456,2026-02-01,841,4,23,0.313,4,8,pro,0
acct_456,2026-03-01,845,0,3,0.412,13,8,pro,0
acct_456,2026-04-01,861,0,23,0.327,11,8,pro,0
acct_456,2026-05-01,872,1,15,0.401,11,8,pro,0
acct_456,2026-06-01,825,4,21,0.301,9,8,pro,1
acct_456,2026-07-01,873,2,23,0.329,11,8,pro,0
acct_456,2026-08-01,821,6,24,0.427,13,8,pro,0
acct_456,2026-09-01,870,3,5,0.182,6,8,pro,0
acct_456,2026-10-01,874,4,7,0.354,8,8,pro,0
acct_456,2026-11-01,857,3,15,0.209,11,8,pro,1
acct_456,2026-12-01,829,3,22,0.19,4,8,pro,0
acct_457,2026-01-01,939,1,18,0.538,3,10,basic,0
acct_457,2026-02-01,871,5,37,0.458,4,10,basic,0
acct_457,2026-03-01,965,3,28,0.485,8,10,basic,0
acct_457,2026-04-01,900,7,32,0.42,3,10,basic,0
acct_457,2026-05-01,975,5,36,0.623,14,10,basic,1
acct_457,2026-06-01,969,4,33,0.605,3,10,basic,0
acct_457,2026-07-01,1016,4,37,0.542,9,10,basic,0
acct_457,2026-08-01,1024,2,26,0.525,4,10,basic,0
acct_457,2026-09-01,977,6,33,0.551,12,10,basic,0
acct_457,2026-10-01,1030,4,36,0.511,6,10,basic,0
acct_457,2026-11-01,961,4,36,0.466,17,10,basic,0
acct_457,2026-12-01,1006,3,25,0.641,1,10,basic,1
acct_458,2026-01-01,569,9,38,0.23,10,11,basic,0
acct_458,2026-02-01,549,2,29,0.474,5,11,basic,0
acct_458,2026-03-01,518,4,27,0.443,11,11,basic,0
acct_458,2026-04-01,460,8,21,0.2,8,11,basic,0
acct_458,2026-05-01,421,5,29,0.289,11,11,basic,0
acct_458,2026-06-01,400,3,20,0.141,10,11,basic,0
acct_458,2026-07-01,375,3,24,0.167,13,11,basic,0
acct_458,2026-08-01,356,7,13,0.208,18,11,basic,0
acct_458,2026-09-01,306,7,17,0.185,21,11,basic,0
acct_458,2026-10-01,301,7,28,0.033,13,11,basic,0
acct_458,2026-11-01,235,5,11,0.085,14,11,basic,0
acct_458,2026-12-01,232,10,15,0.128,15,11,basic,0
acct_459,2026-01-01,1088,7,1,0.885,0,35,basic,1
acct_459,2026-02-01,1174,4,11,0.623,5,35,basic,0
acct_459,2026-03-01,1112,2,15,0.826,11,35,basic,0
acct_459,2026-04-01,1135,6,11,0.698,11,35,basic,0
acct_459,2026-05-01,1095,2,15,0.892,17,35,basic,0
acct_459,2026-06-01,1104,5,23,0.667,10,35,basic,0
acct_459,2026-07-01,1097,5,9,0.804,13,35,basic,0
acct_459,2026-08-01,1192,1,14,0.934,15,35,basic,0
acct_459,2026-09-01,1109,4,6,0.834,10,35,basic,0
acct_459,2026-10-01,1079,5,1,1.0,6,35,basic,0
acct_459,2026-11-01,1085,1,13,0.826,10,35,basic,1
acct_459,2026-12-01,1188,0,15,0.926,9,35,basic,0
acct_460,2026-01-01,637,4,43,0.403,3,5,pro,0
acct_460,2026-02-01,609,1,23,0.426,9,5,pro,0
acct_460,2026-03-01,641,3,49,0.45,8,5,pro,0
acct_460,2026-04-01,636,2,39,0.555,13,5,pro,0
acct_460,2026-05-01,629,0,34,0.439,3,5,pro,0
acct_460,2026-06-01,626,1,28,0.289,14,5,pro,0
acct_460,2026-07-01,623,4,27,0.54,4,5,pro,0
acct_460,2026-08-01,615,6,42,0.332,4,5,pro,0
acct_460,2026-09-01,636,1,27,0.248,8,5,pro,0
acct_460,2026-10-01,589,4,38,0.414,4,5,pro,1
acct_460,2026-11-01,618,1,26,0.317,12,5,pro,0
acct_460,2026-12-01,620,3,30,0.342,3,5,pro,0
acct_461,2026-01-01,680,1,43,0.712,12,6,basic,0
acct_461,2026-02-01,655,6,44,0.677,6,6,basic,1
acct_461,2026-03-01,657,7,49,0.749,5,6,basic,1
acct_461,2026-04-01,678,4,45,0.834,5,6,basic,0
acct_461,2026-05-01,658,0,32,0.586,11,6,basic,0
acct_461,2026-06-01,661,7,43,0.702,1,6,basic,0
acct_461,2026-07-01,685,1,28,0.726,10,6,basic,0
acct_461,2026-08-01,648,2,30,0.813,11,6,basic,0
acct_461,2026-09-01,625,0,37,0.653,8,6,basic,0
acct_461,2026-10-01,602,5,32,0.751,4,6,basic,0
acct_461,2026-11-01,587,4,46,0.715,5,6,basic,0
acct_461,2026-12-01,624,5,36,0.682,13,6,basic,0
acct_462,2026-01-01,787,4,13,0.319,10,14,pro,0
acct_462,2026-02-01,811,7,8,0.31,14,14,pro,0
acct_462,2026-03-01,817,3,6,0.277,8,14,pro,0
acct_462,2026-04-01,837,6,12,0.331,6,14,pro,0
acct_462,2026-05-01,839,0,23,0.501,11,14,pro,0
acct_462,2026-06-01,837,0,18,0.298,9,14,pro,0
acct_462,2026-07-01,798,7,7,0.359,3,14,pro,0
acct_462,2026-08-01,806,4,12,0.242,9,14,pro,0
acct_462,2026-09-01,757,7,15,0.478,13,14,pro,0
acct_462,2026-10-01,834,4,15,0.317,11,14,pro,1
acct_462,2026-11-01,752,3,17,0.406,10,14,pro,0
acct_462,2026-12-01,815,0,6,0.29,12,14,pro,0
acct_463,2026-01-01,1080,6,61,0.495,3,34,enterprise,0
acct_463,2026-02-01,1009,1,46,0.404,8,34,enterprise,0
acct_463,2026-03-01,1070,7,53,0.37,11,34,enterprise,1
acct_463,2026-04-01,1052,1,57,0.33,7,34,enterprise,0
acct_463,2026-05-01,1064,4,56,0.449,8,34,enterprise,0
acct_463,2026-06-01,1105,2,53,0.268,8,34,enterprise,0
acct_463,2026-07-01,1071,1,46,0.386,8,34,enterprise,0
acct_463,2026-08-01,1042,2,62,0.453,8,34,enterprise,1
acct_463,2026-09-01,1109,2,50,0.294,9,34,enterprise,0
acct_463,2026-10-01,1147,4,53,0.551,7,34,enterprise,0
acct_463,2026-11-01,1121,2,59,0.325,13,34,enterprise,0
acct_463,2026-12-01,1138,6,53,0.442,7,34,enterprise,0
acct_464,2026-01-01,1029,6,23,0.541,8,36,pro,0
acct_464,2026-02-01,1045,7,19,0.453,12,36,pro,0
acct_464,2026-03-01,1061,2,15,0.322,11,36,pro,0
acct_464,2026-04-01,1079,2,6,0.446,2,36,pro,0
acct_464,2026-05-01,1012,6,15,0.492,11,36,pro,0
acct_464,2026-06-01,1049,6,26,0.422,4,36,pro,0
acct_464,2026-07-01,1081,3,19,0.299,10,36,pro,0
acct_464,2026-08-01,1078,7,16,0.276,13,36,pro,0
acct_464,2026-09-01,1156,1,12,0.419,12,36,pro,1
acct_464,2026-10-01,1110,2,28,0.377,6,36,pro,0
acct_464,2026-11-01,1087,7,18,0.345,5,36,pro,0
acct_464,2026-12-01,1161,4,25,0.491,16,36,pro,0
acct_465,2026-01-01,1107,0,49,0.618,8,33,pro,0
acct_465,2026-02-01,1067,5,54,0.516,5,33,pro,0
acct_465,2026-03-01,1030,1,54,0.575,14,33,pro,0
acct_465,2026-04-01,1153,7,52,0.601,10,33,pro,0
acct_465,2026-05-01,1112,4,61,0.36,15,33,pro,0
acct_465,2026-06-01,1012,1,47,0.307,8,33,pro,0
acct_465,2026-07-01,1086,0,47,0.552,2,33,pro,0
acct_465,2026-08-01,1099,2,56,0.541,15,33,pro,0
acct_465,2026-09-01,1167,3,50,0.612,5,33,pro,0
acct_465,2026-10-01,1058,7,50,0.511,2,33,pro,1
acct_465,2026-11-01,1070,2,52,0.408,11,33,pro,0
acct_465,2026-12-01,1090,5,48,0.515,15,33,pro,0
acct_466,2026-01-01,633,2,49,0.264,2,12,enterprise,0
acct_466,2026-02-01,626,1,38,0.344,8,12,enterprise,1
acct_466,2026-03-01,644,6,53,0.294,4,12,enterprise,0
acct_466,2026-04-01,623,5,44,0.415,3,12,enterprise,0
acct_466,2026-05-01,632,0,28,0.374,17,12,enterprise,0
acct_466,2026-06-01,628,5,41,0.388,8,12,enterprise,0
acct_466,2026-07-01,658,6,50,0.335,2,12,enterprise,0
acct_466,2026-08-01,682,7,50,0.403,10,12,enterprise,0
acct_466,2026-09-01,684,5,49,0.444,10,12,enterprise,0
acct_466,2026-10-01,661,7,44,0.285,7,12,enterprise,0
acct_466,2026-11-01,702,5,44,0.265,3,12,enterprise,0
acct_466,2026-12-01,668,7,42,0.332,9,12,enterprise,0
acct_467,2026-01-01,742,3,38,0.56,15,7,basic,0
acct_467,2026-02-01,673,7,41,0.468,14,7,basic,0
acct_467,2026-03-01,597,3,35,0.572,11,7,basic,0
acct_467,2026-04-01,559,9,40,0.365,15,7,basic,0
acct_467,2026-05-01,500,8,26,0.542,5,7,basic,0
acct_467,2026-06-01,462,3,28,0.418,7,7,basic,0
acct_467,2026-07-01,388,5,27,0.268,21,7,basic,0
acct_467,2026-08-01,345,4,25,0.428,22,7,basic,1
acct_467,2026-09-01,279,5,16,0.221,9,7,basic,0
acct_467,2026-10-01,225,5,14,0.366,18,7,basic,0
acct_467,2026-11-01,170,4,9,0.213,13,7,basic,1
acct_467,2026-12-01,98,10,9,0.356,18,7,basic,0
acct_468,2026-01-01,847,2,22,0.292,6,40,enterprise,0
acct_468,2026-02-01,858,6,10,0.209,9,40,enterprise,0
acct_468,2026-03-01,854,7,12,0.315,16,40,enterprise,1
acct_468,2026-04-01,833,7,20,0.144,8,40,enterprise,1
acct_468,2026-05-01,802,0,14,0.207,6,40,enterprise,0
acct_468,2026-06-01,806,5,9,0.245,13,40,enterprise,0
acct_468,2026-07-01,835,2,19,0.125,11,40,enterprise,0
acct_468,2026-08-01,792,6,14,0.113,8,40,enterprise,0
acct_468,2026-09-01,787,0,13,0.317,0,40,enterprise,0
acct_468,2026-10-01,797,6,12,0.254,2,40,enterprise,0
acct_468,2026-11-01,851,3,13,0.322,10,40,enterprise,0
acct_468,2026-12-01,795,3,5,0.203,8,40,enterprise,0
acct_469,2026-01-01,868,7,22,0.701,6,20,pro,0
acct_469,2026-02-01,866,7,29,0.67,0,20,pro,0
acct_469,2026-03-01,874,1,33,0.672,14,20,pro,0
acct_469,2026-04-01,852,0,26,0.782,7,20,pro,0
acct_469,2026-05-01,834,0,35,0.792,9,20,pro,0
acct_469,2026-06-01,844,4,23,0.637,13,20,pro,0
acct_469,2026-07-01,866,1,22,0.456,3,20,pro,0
acct_469,2026-08-01,860,2,20,0.568,11,20,pro,0
acct_469,2026-09-01,817,6,39,0.553,2,20,pro,1
acct_469,2026-10-01,840,0,33,0.659,0,20,pro,0
acct_469,2026-11-01,779,4,24,0.658,17,20,pro,0
acct_469,2026-12-01,838,6,26,0.65,8,20,pro,0
acct_470,2026-01-01,697,2,18,0.389,9,9,pro,0
acct_470,2026-02-01,711,1,0,0.451,4,9,pro,1
acct_470,2026-03-01,707,3,13,0.391,5,9,pro,0
acct_470,2026-04-01,752,3,21,0.482,5,9,pro,0
acct_470,2026-05-01,720,4,23,0.304,11,9,pro,0
acct_470,2026-06-01,747,1,9,0.463,11,9,pro,0
acct_470,2026-07-01,724,3,26,0.547,6,9,pro,0
acct_470,2026-08-01,773,6,14,0.29,7,9,pro,1
acct_470,2026-09-01,737,1,15,0.443,10,9,pro,0
acct_470,2026-10-01,751,5,27,0.494,2,9,pro,0
acct_470,2026-11-01,765,1,23,0.442,17,9,pro,0
acct_470,2026-12-01,774,3,35,0.44,7,9,pro,1
acct_471,2026-01-01,1076,6,19,0.543,5,31,pro,1
acct_471,2026-02-01,1043,7,30,0.685,8,31,pro,0
acct_471,2026-03-01,1059,5,31,0.513,6,31,pro,0
acct_471,2026-04-01,1114,2,18,0.578,14,31,pro,0
acct_471,2026-05-01,1062,2,29,0.548,4,31,pro,0
acct_471,2026-06-01,1119,0,39,0.501,1,31,pro,0
acct_471,2026-07-01,1029,6,38,0.577,15,31,pro,0
acct_471,2026-08-01,1047,4,32,0.469,4,31,pro,0
acct_471,2026-09-01,1048,7,33,0.553,8,31,pro,0
acct_471,2026-10-01,1092,5,22,0.407,8,31,pro,0
acct_471,2026-11-01,964,6,21,0.47,2,31,pro,0
acct_471,2026-12-01,979,2,22,0.392,10,31,pro,0
acct_472,2026-01-01,501,7,17,0.377,9,24,basic,0
acct_472,2026-02-01,562,2,4,0.451,8,24,basic,0
acct_472,2026-03-01,541,3,17,0.481,2,24,basic,1
acct_472,2026-04-01,545,7,6,0.51,4,24,basic,0
acct_472,2026-05-01,532,7,15,0.539,10,24,basic,0
acct_472,2026-06-01,551,3,5,0.681,9,24,basic,0
acct_472,2026-07-01,527,3,14,0.484,13,24,basic,0
acct_472,2026-08-01,539,5,28,0.507,9,24,basic,0
acct_472,2026-09-01,578,4,11,0.559,1,24,basic,0
acct_472,2026-10-01,552,6,13,0.443,0,24,basic,0
acct_472,2026-11-01,543,4,17,0.508,6,24,basic,0
acct_472,2026-12-01,545,7,19,0.577,4,24,basic,0
acct_473,2026-01-01,661,8,37,0.648,12,12,enterprise,0
acct_473,2026-02-01,649,6,14,0.492,1,12,enterprise,0
acct_473,2026-03-01,574,3,24,0.341,14,12,enterprise,0
acct_473,2026-04-01,519,5,17,0.13,7,12,enterprise,0
acct_473,2026-05-01,431,7,17,0.4,15,12,enterprise,0
acct_473,2026-06-01,402,4,4,0.436,15,12,enterprise,0
acct_473,2026-07-01,320,4,15,0.156,13,12,enterprise,1
acct_473,2026-08-01,227,5,6,0.04,22,12,enterprise,0
acct_473,2026-09-01,193,6,0,0.107,14,12,enterprise,0
acct_473,2026-10-01,108,10,7,0.158,17,12,enterprise,0
acct_473,2026-11-01,98,5,9,0.011,17,12,enterprise,0
acct_473,2026-12-01,0,7,0,0.0,11,12,enterprise,1
acct_474,2026-01-01,717,2,44,0.811,11,9,enterprise,0
acct_474,2026-02-01,714,6,44,0.772,13,9,enterprise,0
acct_474,2026-03-01,714,0,56,0.749,5,9,enterprise,0
acct_474,2026-04-01,734,1,51,0.488,2,9,enterprise,1
acct_474,2026-05-01,703,4,49,0.589,12,9,enterprise,0
acct_474,2026-06-01,734,3,50,0.754,4,9,enterprise,0
acct_474,2026-07-01,771,7,37,0.75,11,9,enterprise,1
acct_474,2026-08-01,732,5,48,0.758,13,9,enterprise,0
acct_474,2026-09-01,739,0,57,0.755,9,9,enterprise,0
acct_474,2026-10-01,785,6,49,0.692,13,9,enterprise,0
acct_474,2026-11-01,756,7,51,0.768,4,9,enterprise,1
acct_474,2026-12-01,766,5,59,0.812,12,9,enterprise,0
acct_475,2026-01-01,474,3,9,0.735,13,31,basic,0
acct_475,2026-02-01,463,4,15,0.722,8,31,basic,0
acct_475,2026-03-01,477,1,24,0.799,9,31,basic,0
acct_475,2026-04-01,480,1,26,0.599,11,31,basic,0
acct_475,2026-05-01,466,2,36,0.609,5,31,basic,0
acct_475,2026-06-01,479,7,21,0.811,13,31,basic,0
acct_475,2026-07-01,458,1,26,0.61,15,31,basic,0
acct_475,2026-08-01,453,2,26,0.595,13,31,basic,0
acct_475,2026-09-01,477,3,18,0.573,13,31,basic,1
acct_475,2026-10-01,477,6,27,0.765,7,31,basic,0
acct_475,2026-11-01,486,6,18,0.679,14,31,basic,0
acct_475,2026-12-01,453,6,20,0.698,7,31,basic,0
acct_476,2026-01-01,866,6,32,0.548,10,20,basic,0
acct_476,2026-02-01,746,4,34,0.386,7,20,basic,0
acct_476,2026-03-01,722,5,22,0.23,3,20,basic,0
acct_476,2026-04-01,722,6,19,0.174,5,20,basic,0
acct_476,2026-05-01,648,2,27,0.092,11,20,basic,0
acct_476,2026-06-01,581,8,21,0.017,16,20,basic,0
acct_476,2026-07-01,554,7,27,0.059,10,20,basic,0
acct_476,2026-08-01,498,8,23,0.203,11,20,basic,1
acct_476,2026-09-01,399,4,17,0.129,13,20,basic,1
acct_476,2026-10-01,381,9,21,0.0,18,20,basic,0
acct_476,2026-11-01,330,7,21,0.0,13,20,basic,0
acct_476,2026-12-01,299,3,17,0.0,16,20,basic,0
acct_477,2026-01-01,916,6,21,0.514,9,10,enterprise,0
acct_477,2026-02-01,951,4,8,0.52,3,10,enterprise,0
acct_477,2026-03-01,901,4,14,0.493,12,10,enterprise,0
acct_477,2026-04-01,947,4,19,0.693,4,10,enterprise,0
acct_477,2026-05-01,888,3,3,0.451,5,10,enterprise,0
acct_477,2026-06-01,922,3,5,0.595,10,10,enterprise,0
acct_477,2026-07-01,958,3,12,0.587,7,10,enterprise,1
acct_477,2026-08-01,943,3,7,0.595,7,10,enterprise,0
acct_477,2026-09-01,926,6,5,0.489,9,10,enterprise,0
acct_477,2026-10-01,975,5,12,0.495,14,10,enterprise,0
acct_477,2026-11-01,958,6,1,0.652,6,10,enterprise,0
acct_477,2026-12-01,986,7,6,0.432,16,10,enterprise,0
acct_478,2026-01-01,892,4,17,0.39,14,14,enterprise,1
acct_478,2026-02-01,818,2,7,0.353,7,14,enterprise,0
acct_478,2026-03-01,740,2,18,0.396,15,14,enterprise,0
acct_478,2026-04-01,737,8,9,0.366,3,14,enterprise,0
acct_478,2026-05-01,698,3,8,0.517,13,14,enterprise,0
acct_478,2026-06-01,587,8,17,0.236,13,14,enterprise,0
acct_478,2026-07-01,555,5,5,0.469,12,14,enterprise,0
acct_478,2026-08-01,551,8,14,0.361,15,14,enterprise,1
acct_478,2026-09-01,485,3,9,0.087,12,14,enterprise,0
acct_478,2026-10-01,436,9,0,0.218,15,14,enterprise,0
acct_478,2026-11-01,389,4,15,0.187,11,14,enterprise,0
acct_478,2026-12-01,306,9,10,0.128,11,14,enterprise,0
acct_479,2026-01-01,706,6,56,0.673,2,12,basic,0
acct_479,2026-02-01,739,4,50,0.853,9,12,basic,0
acct_479,2026-03-01,739,3,59,0.773,11,12,basic,0
acct_479,2026-04-01,794,4,53,0.81,14,12,basic,0
acct_479,2026-05-01,783,2,51,0.796,15,12,basic,0
acct_479,2026-06-01,761,0,61,0.747,9,12,basic,0
acct_479,2026-07-01,793,0,53,0.916,5,12,basic,1
acct_479,2026-08-01,797,7,42,0.901,17,12,basic,0
acct_479,2026-09-01,807,1,54,0.703,4,12,basic,0
acct_479,2026-10-01,825,2,58,0.839,12,12,basic,0
acct_479,2026-11-01,800,5,57,0.898,6,12,basic,0
acct_479,2026-12-01,853,4,62,0.757,18,12,basic,0
acct_480,2026-01-01,442,6,17,0.804,10,10,basic,0
acct_480,2026-02-01,421,7,25,0.654,13,10,basic,1
acct_480,2026-03-01,450,3,17,0.809,6,10,basic,0
acct_480,2026-04-01,476,6,18,0.835,6,10,basic,0
acct_480,2026-05-01,462,7,11,0.686,8,10,basic,0
acct_480,2026-06-01,468,1,18,0.857,7,10,basic,0
acct_480,2026-07-01,461,0,19,0.754,10,10,basic,0
acct_480,2026-08-01,442,6,17,0.877,1,10,basic,0
acct_480,2026-09-01,448,1,12,0.86,13,10,basic,0
acct_480,2026-10-01,450,0,12,0.705,8,10,basic,0
acct_480,2026-11-01,446,1,19,0.803,10,10,basic,0
acct_480,2026-12-01,456,3,18,0.898,14,10,basic,1
acct_481,2026-01-01,1212,5,30,0.624,17,20,pro,0
acct_481,2026-02-01,1225,0,27,0.645,10,20,pro,0
acct_481,2026-03-01,1200,0,26,0.553,10,20,pro,0
acct_481,2026-04-01,1223,7,26,0.655,1,20,pro,0
acct_481,2026-05-01,1287,2,38,0.676,12,20,pro,0
acct_481,2026-06-01,1215,1,23,0.615,14,20,pro,0
acct_481,2026-07-01,1253,1,47,0.448,11,20,pro,0
acct_481,2026-08-01,1337,3,35,0.649,12,20,pro,0
acct_481,2026-09-01,1278,1,25,0.61,10,20,pro,0
acct_481,2026-10-01,1313,2,47,0.696,3,20,pro,0
acct_481,2026-11-01,1247,0,28,0.575,16,20,pro,0
acct_481,2026-12-01,1318,3,48,0.608,13,20,pro,0
acct_482,2026-01-01,554,5,54,0.761,10,14,basic,0
acct_482,2026-02-01,460,8,41,0.75,14,14,basic,1
acct_482,2026-03-01,451,4,38,0.495,11,14,basic,0
acct_482,2026-04-01,402,5,37,0.575,14,14,basic,0
acct_482,2026-05-01,362,7,30,0.469,15,14,basic,0
acct_482,2026-06-01,298,4,33,0.476,11,14,basic,0
acct_482,2026-07-01,234,7,20,0.412,7,14,basic,0
acct_482,2026-08-01,192,10,21,0.412,9,14,basic,0
acct_482,2026-09-01,147,4,19,0.316,15,14,basic,0
acct_482,2026-10-01,75,9,0,0.265,19,14,basic,0
acct_482,2026-11-01,52,3,0,0.254,23,14,basic,0
acct_482,2026-12-01,0,9,13,0.105,16,14,basic,0
acct_483,2026-01-01,808,0,27,0.523,5,5,basic,0
acct_483,2026-02-01,814,0,45,0.687,2,5,basic,0
acct_483,2026-03-01,832,0,33,0.586,16,5,basic,0
acct_483,2026-04-01,833,6,34,0.873,11,5,basic,0
acct_483,2026-05-01,850,2,28,0.662,11,5,basic,0
acct_483,2026-06-01,797,1,31,0.712,13,5,basic,0
acct_483,2026-07-01,872,6,37,0.584,7,5,basic,0
acct_483,2026-08-01,879,7,37,0.513,7,5,basic,0
acct_483,2026-09-01,876,2,42,0.58,12,5,basic,0
acct_483,2026-10-01,875,3,24,0.753,7,5,basic,0
acct_483,2026-11-01,919,6,30,0.543,8,5,basic,0
acct_483,2026-12-01,917,4,37,0.632,11,5,basic,0
acct_484,2026-01-01,902,7,36,0.314,9,40,basic,0
acct_484,2026-02-01,940,1,37,0.33,10,40,basic,0
acct_484,2026-03-01,895,6,24,0.42,7,40,basic,0
acct_484,2026-04-01,888,4,30,0.289,6,40,basic,0
acct_484,2026-05-01,912,1,38,0.356,6,40,basic,0
acct_484,2026-06-01,926,4,24,0.484,7,40,basic,0
acct_484,2026-07-01,891,7,29,0.39,11,40,basic,1
acct_484,2026-08-01,918,0,27,0.294,4,40,basic,0
acct_484,2026-09-01,872,5,21,0.336,3,40,basic,0
acct_484,2026-10-01,842,5,28,0.389,15,40,basic,0
acct_484,2026-11-01,818,2,30,0.399,6,40,basic,1
acct_484,2026-12-01,852,5,26,0.345,13,40,basic,0
acct_485,2026-01-01,1005,7,69,0.632,8,5,enterprise,0
acct_485,2026-02-01,938,8,54,0.517,8,5,enterprise,0
acct_485,2026-03-01,810,3,50,0.531,14,5,enterprise,0
acct_485,2026-04-01,772,4,52,0.544,10,5,enterprise,1
acct_485,2026-05-01,665,9,41,0.246,6,5,enterprise,0
acct_485,2026-06-01,562,6,36,0.442,9,5,enterprise,0
acct_485,2026-07-01,460,7,38,0.399,16,5,enterprise,0
acct_485,2026-08-01,295,3,18,0.388,18,5,enterprise,0
acct_485,2026-09-01,250,8,19,0.416,19,5,enterprise,0
acct_485,2026-10-01,152,4,21,0.239,13,5,enterprise,0
acct_485,2026-11-01,86,10,11,0.02,17,5,enterprise,0
acct_485,2026-12-01,0,9,3,0.142,9,5,enterprise,0
acct_486,2026-01-01,474,0,27,0.613,14,4,pro,0
acct_486,2026-02-01,486,4,25,0.605,7,4,pro,0
acct_486,2026-03-01,489,6,19,0.691,1,4,pro,0
acct_486,2026-04-01,465,3,18,0.601,2,4,pro,0
acct_486,2026-05-01,480,6,21,0.631,7,4,pro,0
acct_486,2026-06-01,500,3,22,0.511,5,4,pro,0
acct_486,2026-07-01,528,3,24,0.643,5,4,pro,0
acct_486,2026-08-01,488,5,22,0.588,14,4,pro,0
acct_486,2026-09-01,501,5,25,0.713,4,4,pro,0
acct_486,2026-10-01,538,5,26,0.716,7,4,pro,0
acct_486,2026-11-01,519,6,24,0.748,17,4,pro,0
acct_486,2026-12-01,524,1,26,0.719,5,4,pro,1
acct_487,2026-01-01,1117,0,41,0.562,12,40,pro,0
acct_487,2026-02-01,1155,3,23,0.48,3,40,pro,0
acct_487,2026-03-01,1148,1,25,0.526,10,40,pro,0
acct_487,2026-04-01,1112,3,22,0.606,8,40,pro,0
acct_487,2026-05-01,1039,0,31,0.541,6,40,pro,0
acct_487,2026-06-01,1137,7,35,0.521,12,40,pro,0
acct_487,2026-07-01,1139,1,34,0.577,8,40,pro,0
acct_487,2026-08-01,1122,0,21,0.528,1,40,pro,0
acct_487,2026-09-01,1099,5,31,0.772,11,40,pro,0
acct_487,2026-10-01,1048,1,21,0.603,15,40,pro,0
acct_487,2026-11-01,1097,4,31,0.463,12,40,pro,0
acct_487,2026-12-01,1049,5,20,0.541,4,40,pro,0
acct_488,2026-01-01,933,2,29,0.69,1,10,pro,0
acct_488,2026-02-01,958,1,19,0.605,6,10,pro,0
acct_488,2026-03-01,961,3,21,0.716,2,10,pro,0
acct_488,2026-04-01,946,7,27,0.577,12,10,pro,0
acct_488,2026-05-01,898,5,29,0.777,14,10,pro,0
acct_488,2026-06-01,979,7,34,0.782,11,10,pro,0
acct_488,2026-07-01,1051,6,33,0.66,10,10,pro,0
acct_488,2026-08-01,1027,3,25,0.65,7,10,pro,0
acct_488,2026-09-01,1013,1,25,0.652,10,10,pro,0
acct_488,2026-10-01,1000,2,31,0.84,3,10,pro,0
acct_488,2026-11-01,1053,2,28,0.74,13,10,pro,0
acct_488,2026-12-01,1039,4,31,0.663,14,10,pro,0
acct_489,2026-01-01,1000,9,31,0.276,5,14,enterprise,0
acct_489,2026-02-01,924,7,30,0.251,1,14,enterprise,0
acct_489,2026-03-01,873,2,33,0.217,12,14,enterprise,0
acct_489,2026-04-01,776,8,36,0.293,7,14,enterprise,0
acct_489,2026-05-01,713,3,35,0.0,16,14,enterprise,1
acct_489,2026-06-01,642,3,16,0.136,16,14,enterprise,0
acct_489,2026-07-01,551,7,22,0.022,12,14,enterprise,0
acct_489,2026-08-01,480,5,33,0.221,10,14,enterprise,0
acct_489,2026-09-01,406,3,16,0.082,15,14,enterprise,0
acct_489,2026-10-01,245,10,12,0.168,17,14,enterprise,0
acct_489,2026-11-01,185,7,27,0.0,18,14,enterprise,0
acct_489,2026-12-01,102,8,7,0.0,16,14,enterprise,0
acct_490,2026-01-01,801,6,14,0.933,7,38,pro,0
acct_490,2026-02-01,812,5,25,0.87,13,38,pro,0
acct_490,2026-03-01,793,6,36,0.572,5,38,pro,0
acct_490,2026-04-01,801,1,39,0.564,13,38,pro,0
acct_490,2026-05-01,795,2,26,0.696,13,38,pro,0
acct_490,2026-06-01,804,2,20,0.737,7,38,pro,0
acct_490,2026-07-01,807,1,30,0.792,13,38,pro,0
acct_490,2026-08-01,829,6,32,0.692,13,38,pro,0
acct_490,2026-09-01,856,2,36,0.77,2,38,pro,0
acct_490,2026-10-01,836,0,38,0.915,15,38,pro,0
acct_490,2026-11-01,880,0,35,0.835,16,38,pro,0
acct_490,2026-12-01,831,3,40,0.888,11,38,pro,1
acct_491,2026-01-01,778,6,8,0.838,6,10,enterprise,0
acct_491,2026-02-01,809,4,13,0.923,7,10,enterprise,0
acct_491,2026-03-01,728,7,11,0.839,11,10,enterprise,0
acct_491,2026-04-01,800,5,11,0.89,5,10,enterprise,0
acct_491,2026-05-01,801,7,15,0.863,5,10,enterprise,0
acct_491,2026-06-01,761,1,15,0.805,7,10,enterprise,0
acct_491,2026-07-01,783,2,10,0.859,9,10,enterprise,0
acct_491,2026-08-01,800,2,16,0.741,5,10,enterprise,0
acct_491,2026-09-01,854,7,6,0.802,9,10,enterprise,0
acct_491,2026-10-01,752,5,10,0.722,9,10,enterprise,0
acct_491,2026-11-01,754,5,4,0.934,2,10,enterprise,0
acct_491,2026-12-01,804,7,12,0.905,10,10,enterprise,0
acct_492,2026-01-01,1052,8,27,0.459,8,12,basic,0
acct_492,2026-02-01,943,8,21,0.319,11,12,basic,0
acct_492,2026-03-01,810,8,16,0.153,12,12,basic,1
acct_492,2026-04-01,668,6,22,0.275,11,12,basic,0
acct_492,2026-05-01,506,4,17,0.233,9,12,basic,1
acct_492,2026-06-01,470,8,7,0.07,16,12,basic,1
acct_492,2026-07-01,416,7,7,0.111,17,12,basic,0
acct_492,2026-08-01,212,6,0,0.023,22,12,basic,0
acct_492,2026-09-01,113,7,7,0.0,10,12,basic,0
acct_492,2026-10-01,22,8,3,0.0,15,12,basic,0
acct_492,2026-11-01,0,4,3,0.0,15,12,basic,0
acct_492,2026-12-01,0,5,4,0.0,16,12,basic,0
acct_493,2026-01-01,1001,1,50,0.45,0,25,basic,0
acct_493,2026-02-01,1065,7,53,0.45,9,25,basic,0
acct_493,2026-03-01,1009,6,53,0.346,1,25,basic,0
acct_493,2026-04-01,1112,7,58,0.451,7,25,basic,0
acct_493,2026-05-01,1027,4,53,0.604,7,25,basic,0
acct_493,2026-06-01,1084,5,51,0.514,13,25,basic,0
acct_493,2026-07-01,1127,3,65,0.555,9,25,basic,0
acct_493,2026-08-01,1097,5,49,0.552,8,25,basic,0
acct_493,2026-09-01,1111,7,59,0.405,8,25,basic,0
acct_493,2026-10-01,1151,5,52,0.604,5,25,basic,0
acct_493,2026-11-01,1154,4,53,0.751,12,25,basic,0
acct_493,2026-12-01,1187,3,65,0.565,15,25,basic,0
acct_494,2026-01-01,508,9,25,0.234,3,7,basic,0
acct_494,2026-02-01,509,6,29,0.371,12,7,basic,0
acct_494,2026-03-01,424,6,21,0.198,2,7,basic,0
acct_494,2026-04-01,380,3,34,0.153,14,7,basic,0
acct_494,2026-05-01,379,5,27,0.068,11,7,basic,0
acct_494,2026-06-01,352,5,27,0.0,11,7,basic,0
acct_494,2026-07-01,323,3,27,0.07,20,7,basic,0
acct_494,2026-08-01,298,10,15,0.077,8,7,basic,0
acct_494,2026-09-01,283,7,27,0.0,21,7,basic,0
acct_494,2026-10-01,218,6,13,0.0,22,7,basic,0
acct_494,2026-11-01,166,5,21,0.0,19,7,basic,0
acct_494,2026-12-01,149,3,10,0.0,17,7,basic,1
acct_495,2026-01-01,555,4,28,0.524,11,20,enterprise,0
acct_495,2026-02-01,531,6,28,0.438,5,20,enterprise,1
acct_495,2026-03-01,559,0,34,0.391,15,20,enterprise,1
acct_495,2026-04-01,542,0,36,0.2,14,20,enterprise,0
acct_495,2026-05-01,555,1,22,0.457,8,20,enterprise,0
acct_495,2026-06-01,572,3,31,0.489,7,20,enterprise,0
acct_495,2026-07-01,593,3,46,0.585,11,20,enterprise,1
acct_495,2026-08-01,602,2,20,0.408,3,20,enterprise,0
acct_495,2026-09-01,589,4,47,0.232,3,20,enterprise,1
acct_495,2026-10-01,600,4,18,0.406,6,20,enterprise,0
acct_495,2026-11-01,571,5,41,0.59,5,20,enterprise,1
acct_495,2026-12-01,599,7,37,0.269,7,20,enterprise,0
acct_496,2026-01-01,494,3,58,0.643,7,35,pro,0
acct_496,2026-02-01,440,2,58,0.757,5,35,pro,0
acct_496,2026-03-01,415,2,65,0.701,11,35,pro,0
acct_496,2026-04-01,416,3,45,0.764,10,35,pro,1
acct_496,2026-05-01,415,6,62,0.714,9,35,pro,0
acct_496,2026-06-01,436,7,56,0.612,3,35,pro,0
acct_496,2026-07-01,434,0,60,0.648,6,35,pro,0
acct_496,2026-08-01,441,4,55,0.572,2,35,pro,0
acct_496,2026-09-01,397,0,59,0.866,9,35,pro,0
acct_496,2026-10-01,403,5,62,0.619,5,35,pro,1
acct_496,2026-11-01,405,6,52,0.854,14,35,pro,0
acct_496,2026-12-01,416,2,50,0.553,13,35,pro,0
acct_497,2026-01-01,871,2,18,0.396,5,15,enterprise,0
acct_497,2026-02-01,820,5,11,0.36,15,15,enterprise,0
acct_497,2026-03-01,751,4,20,0.226,7,15,enterprise,0
acct_497,2026-04-01,722,2,2,0.325,6,15,enterprise,1
acct_497,2026-05-01,652,2,13,0.256,16,15,enterprise,0
acct_497,2026-06-01,566,8,20,0.192,12,15,enterprise,1
acct_497,2026-07-01,606,3,23,0.137,18,15,enterprise,0
acct_497,2026-08-01,536,8,16,0.152,10,15,enterprise,0
acct_497,2026-09-01,377,4,0,0.208,12,15,enterprise,1
acct_497,2026-10-01,407,10,18,0.0,22,15,enterprise,0
acct_497,2026-11-01,367,4,20,0.056,18,15,enterprise,0
acct_497,2026-12-01,367,7,9,0.223,14,15,enterprise,0
acct_498,2026-01-01,733,1,21,0.484,8,11,pro,0
acct_498,2026-02-01,764,5,10,0.447,1,11,pro,1
acct_498,2026-03-01,730,5,10,0.485,9,11,pro,0
acct_498,2026-04-01,735,1,15,0.522,8,11,pro,0
acct_498,2026-05-01,772,5,20,0.574,3,11,pro,0
acct_498,2026-06-01,784,6,26,0.584,5,11,pro,0
acct_498,2026-07-01,760,3,13,0.561,16,11,pro,0
acct_498,2026-08-01,797,6,23,0.649,5,11,pro,0
acct_498,2026-09-01,806,7,23,0.637,7,11,pro,0
acct_498,2026-10-01,810,3,20,0.48,14,11,pro,0
acct_498,2026-11-01,800,7,23,0.483,11,11,pro,0
acct_498,2026-12-01,777,4,13,0.581,9,11,pro,0
acct_499,2026-01-01,802,4,14,0.58,13,15,basic,0
acct_499,2026-02-01,741,2,17,0.753,10,15,basic,1
acct_499,2026-03-01,631,6,6,0.605,13,15,basic,1
acct_499,2026-04-01,570,8,26,0.421,12,15,basic,0
acct_499,2026-05-01,462,9,7,0.481,7,15,basic,0
acct_499,2026-06-01,381,7,6,0.463,12,15,basic,0
acct_499,2026-07-01,306,6,0,0.309,11,15,basic,0
acct_499,2026-08-01,233,8,3,0.223,13,15,basic,0
acct_499,2026-09-01,157,10,0,0.241,19,15,basic,1
acct_499,2026-10-01,117,3,8,0.205,14,15,basic,0
acct_499,2026-11-01,0,6,3,0.145,17,15,basic,0
acct_499,2026-12-01,0,9,15,0.147,23,15,basic,0
acct_500,2026-01-01,743,2,58,0.772,11,29,pro,0
acct_500,2026-02-01,713,7,60,0.796,9,29,pro,1
acct_500,2026-03-01,765,5,67,0.734,6,29,pro,0
acct_500,2026-04-01,748,7,59,0.691,9,29,pro,0
acct_500,2026-05-01,789,3,61,0.918,6,29,pro,0
acct_500,2026-06-01,761,7,65,0.957,11,29,pro,0
acct_500,2026-07-01,763,5,59,0.733,12,29,pro,0
acct_500,2026-08-01,799,5,55,0.903,15,29,pro,0
acct_500,2026-09-01,763,3,70,0.893,6,29,pro,0
acct_500,2026-10-01,776,2,54,0.577,7,29,pro,0
acct_500,2026-11-01,790,4,45,0.782,18,29,pro,1
acct_500,2026-12-01,776,0,64,0.778,6,29,pro,0
acct_501,2026-01-01,824,6,28,0.321,8,29,pro,0
acct_501,2026-02-01,874,6,33,0.225,11,29,pro,0
acct_501,2026-03-01,820,0,33,0.171,5,29,pro,0
acct_501,2026-04-01,881,0,33,0.372,4,29,pro,0
acct_501,2026-05-01,807,0,36,0.207,5,29,pro,0
acct_501,2026-06-01,847,6,40,0.407,11,29,pro,0
acct_501,2026-07-01,844,0,38,0.196,11,29,pro,0
acct_501,2026-08-01,832,2,42,0.351,3,29,pro,0
acct_501,2026-09-01,881,3,26,0.298,5,29,pro,0
acct_501,2026-10-01,852,1,31,0.403,12,29,pro,0
acct_501,2026-11-01,852,0,35,0.338,4,29,pro,0
acct_501,2026-12-01,858,4,25,0.184,3,29,pro,0
acct_502,2026-01-01,601,7,63,0.21,5,20,basic,1
acct_502,2026-02-01,519,9,44,0.243,3,20,basic,0
acct_502,2026-03-01,537,4,57,0.212,7,20,basic,0
acct_502,2026-04-01,507,9,41,0.071,12,20,basic,0
acct_502,2026-05-01,459,7,44,0.0,18,20,basic,0
acct_502,2026-06-01,423,2,37,0.143,15,20,basic,0
acct_502,2026-07-01,358,8,41,0.127,13,20,basic,0
acct_502,2026-08-01,355,4,35,0.0,13,20,basic,0
acct_502,2026-09-01,318,6,24,0.056,17,20,basic,0
acct_502,2026-10-01,294,5,30,0.0,20,20,basic,0
acct_502,2026-11-01,241,10,25,0.0,8,20,basic,0
acct_502,2026-12-01,211,10,8,0.0,12,20,basic,1
acct_503,2026-01-01,964,2,43,0.075,5,18,pro,0
acct_503,2026-02-01,1014,3,46,0.087,13,18,pro,0
acct_503,2026-03-01,977,6,41,0.23,12,18,pro,0
acct_503,2026-04-01,933,0,47,0.314,12,18,pro,0
acct_503,2026-05-01,990,7,56,0.162,7,18,pro,1
acct_503,2026-06-01,956,1,61,0.157,15,18,pro,0
acct_503,2026-07-01,976,6,58,0.384,14,18,pro,0
acct_503,2026-08-01,984,4,53,0.41,11,18,pro,0
acct_503,2026-09-01,1006,6,51,0.277,12,18,pro,0
acct_503,2026-10-01,1011,0,56,0.248,12,18,pro,0
acct_503,2026-11-01,1019,6,46,0.21,12,18,pro,0
acct_503,2026-12-01,965,0,54,0.392,18,18,pro,0
acct_504,2026-01-01,1011,3,17,0.706,13,31,basic,0
acct_504,2026-02-01,1061,6,30,0.704,8,31,basic,0
acct_504,2026-03-01,1075,1,35,0.587,3,31,basic,0
acct_504,2026-04-01,1045,5,24,0.68,13,31,basic,0
acct_504,2026-05-01,1046,0,26,0.907,16,31,basic,1
acct_504,2026-06-01,1010,5,33,0.76,5,31,basic,1
acct_504,2026-07-01,1056,4,25,0.707,0,31,basic,0
acct_504,2026-08-01,1016,5,34,0.562,15,31,basic,0
acct_504,2026-09-01,1083,0,16,0.682,10,31,basic,0
acct_504,2026-10-01,1104,1,41,0.669,4,31,basic,0
acct_504,2026-11-01,1170,1,39,0.803,7,31,basic,0
acct_504,2026-12-01,1108,0,32,0.735,10,31,basic,0
acct_505,2026-01-01,539,0,23,0.367,6,36,basic,0
acct_505,2026-02-01,500,3,16,0.208,3,36,basic,0
acct_505,2026-03-01,562,5,16,0.292,13,36,basic,0
acct_505,2026-04-01,542,7,21,0.479,3,36,basic,0
acct_505,2026-05-01,544,1,21,0.548,2,36,basic,0
acct_505,2026-06-01,541,7,22,0.399,11,36,basic,0
acct_505,2026-07-01,550,6,11,0.374,1,36,basic,0
acct_505,2026-08-01,601,0,20,0.449,4,36,basic,0
acct_505,2026-09-01,548,4,17,0.483,7,36,basic,0
acct_505,2026-10-01,554,5,26,0.365,10,36,basic,0
acct_505,2026-11-01,566,6,28,0.559,6,36,basic,0
acct_505,2026-12-01,622,0,13,0.36,14,36,basic,0
acct_506,2026-01-01,565,3,57,0.4,3,20,enterprise,0
acct_506,2026-02-01,527,7,50,0.296,10,20,enterprise,0
acct_506,2026-03-01,477,9,33,0.228,8,20,enterprise,0
acct_506,2026-04-01,453,9,38,0.358,15,20,enterprise,1
acct_506,2026-05-01,389,6,41,0.133,10,20,enterprise,0
acct_506,2026-06-01,362,4,32,0.098,11,20,enterprise,0
acct_506,2026-07-01,316,6,30,0.337,7,20,enterprise,0
acct_506,2026-08-01,288,10,21,0.071,7,20,enterprise,0
acct_506,2026-09-01,270,3,27,0.093,17,20,enterprise,0
acct_506,2026-10-01,212,10,22,0.047,22,20,enterprise,0
acct_506,2026-11-01,189,10,11,0.066,10,20,enterprise,0
acct_506,2026-12-01,132,4,18,0.125,12,20,enterprise,0
acct_507,2026-01-01,1120,1,49,0.648,12,24,basic,0
acct_507,2026-02-01,1103,1,50,0.774,2,24,basic,0
acct_507,2026-03-01,1140,1,57,0.597,4,24,basic,0
acct_507,2026-04-01,1148,0,47,0.614,11,24,basic,0
acct_507,2026-05-01,1196,7,59,0.701,8,24,basic,0
acct_507,2026-06-01,1161,6,53,0.676,1,24,basic,0
acct_507,2026-07-01,1234,7,62,0.515,12,24,basic,0
acct_507,2026-08-01,1247,4,60,0.784,3,24,basic,1
acct_507,2026-09-01,1177,1,48,0.745,8,24,basic,0
acct_507,2026-10-01,1252,3,64,0.745,10,24,basic,1
acct_507,2026-11-01,1213,5,50,0.693,7,24,basic,0
acct_507,2026-12-01,1274,2,54,0.684,11,24,basic,0
acct_508,2026-01-01,489,6,35,0.704,5,29,pro,0
acct_508,2026-02-01,537,5,30,0.859,11,29,pro,0
acct_508,2026-03-01,496,2,34,0.514,10,29,pro,1
acct_508,2026-04-01,502,3,29,0.642,10,29,pro,0
acct_508,2026-05-01,510,2,36,0.637,6,29,pro,0
acct_508,2026-06-01,530,2,25,0.607,5,29,pro,0
acct_508,2026-07-01,516,3,34,0.7,2,29,pro,0
acct_508,2026-08-01,537,4,35,0.637,10,29,pro,0
acct_508,2026-09-01,489,4,32,0.723,13,29,pro,0
acct_508,2026-10-01,520,4,28,0.711,0,29,pro,0
acct_508,2026-11-01,525,0,37,0.569,14,29,pro,0
acct_508,2026-12-01,506,1,45,0.487,15,29,pro,1
acct_509,2026-01-01,625,0,59,0.761,13,9,basic,1
acct_509,2026-02-01,588,7,59,0.648,10,9,basic,0
acct_509,2026-03-01,617,0,63,0.555,1,9,basic,0
acct_509,2026-04-01,610,4,61,0.709,6,9,basic,0
acct_509,2026-05-01,638,2,58,0.623,3,9,basic,0
acct_509,2026-06-01,576,2,67,0.721,3,9,basic,0
acct_509,2026-07-01,633,1,53,0.789,10,9,basic,1
acct_509,2026-08-01,625,1,54,0.745,2,9,basic,0
acct_509,2026-09-01,657,3,61,0.667,7,9,basic,0
acct_509,2026-10-01,655,0,65,0.663,13,9,basic,0
acct_509,2026-11-01,623,1,72,0.587,12,9,basic,0
acct_509,2026-12-01,685,3,64,0.744,14,9,basic,0
acct_510,2026-01-01,429,6,37,0.351,8,30,enterprise,0
acct_510,2026-02-01,413,7,38,0.414,4,30,enterprise,0
acct_510,2026-03-01,426,7,40,0.436,8,30,enterprise,0
acct_510,2026-04-01,407,1,40,0.494,4,30,enterprise,0
acct_510,2026-05-01,393,0,36,0.375,9,30,enterprise,0
acct_510,2026-06-01,419,4,40,0.428,10,30,enterprise,0
acct_510,2026-07-01,423,2,45,0.51,8,30,enterprise,0
acct_510,2026-08-01,437,6,41,0.341,3,30,enterprise,1
acct_510,2026-09-01,422,2,36,0.44,6,30,enterprise,0
acct_510,2026-10-01,417,1,33,0.65,4,30,enterprise,0
acct_510,2026-11-01,435,2,35,0.587,13,30,enterprise,0
acct_510,2026-12-01,435,6,28,0.458,11,30,enterprise,0
acct_511,2026-01-01,850,4,42,0.273,6,40,basic,0
acct_511,2026-02-01,839,4,24,0.376,10,40,basic,0
acct_511,2026-03-01,859,5,46,0.421,11,40,basic,0
acct_511,2026-04-01,821,5,26,0.381,4,40,basic,1
acct_511,2026-05-01,871,2,42,0.418,10,40,basic,1
acct_511,2026-06-01,839,1,28,0.457,8,40,basic,0
acct_511,2026-07-01,918,7,29,0.454,3,40,basic,1
acct_511,2026-08-01,841,6,35,0.474,6,40,basic,0
acct_511,2026-09-01,898,7,41,0.394,2,40,basic,0
acct_511,2026-10-01,907,0,37,0.51,12,40,basic,0
acct_511,2026-11-01,852,2,40,0.43,12,40,basic,0
acct_511,2026-12-01,948,3,32,0.477,11,40,basic,0
acct_512,2026-01-01,426,5,39,0.415,11,20,basic,0
acct_512,2026-02-01,410,2,41,0.332,3,20,basic,0
acct_512,2026-03-01,422,7,36,0.268,0,20,basic,0
acct_512,2026-04-01,433,1,37,0.425,2,20,basic,0
acct_512,2026-05-01,414,6,37,0.303,15,20,basic,1
acct_512,2026-06-01,407,7,41,0.411,12,20,basic,0
acct_512,2026-07-01,433,3,45,0.423,4,20,basic,0
acct_512,2026-08-01,437,6,31,0.595,2,20,basic,0
acct_512,2026-09-01,440,2,31,0.474,8,20,basic,0
acct_512,2026-10-01,428,7,52,0.522,3,20,basic,0
acct_512,2026-11-01,455,6,38,0.42,1,20,basic,0
acct_512,2026-12-01,469,5,30,0.558,15,20,basic,0
acct_513,2026-01-01,796,7,46,0.499,11,40,pro,0
acct_513,2026-02-01,798,0,53,0.375,0,40,pro,0
acct_513,2026-03-01,753,0,51,0.675,17,40,pro,1
acct_513,2026-04-01,846,0,51,0.56,12,40,pro,0
acct_513,2026-05-01,810,1,48,0.418,7,40,pro,0
acct_513,2026-06-01,782,3,52,0.602,5,40,pro,0
acct_513,2026-07-01,782,5,59,0.419,5,40,pro,0
acct_513,2026-08-01,789,2,58,0.409,11,40,pro,0
acct_513,2026-09-01,782,0,46,0.424,6,40,pro,0
acct_513,2026-10-01,804,4,61,0.633,9,40,pro,0
acct_513,2026-11-01,759,3,53,0.432,2,40,pro,1
acct_513,2026-12-01,774,5,52,0.534,13,40,pro,0
acct_514,2026-01-01,994,6,40,0.671,9,28,pro,0
acct_514,2026-02-01,1032,4,31,0.673,8,28,pro,0
acct_514,2026-03-01,1021,7,39,0.659,15,28,pro,1
acct_514,2026-04-01,1047,1,36,0.707,8,28,pro,0
acct_514,2026-05-01,1068,6,34,0.919,9,28,pro,0
acct_514,2026-06-01,1057,7,38,0.682,6,28,pro,0
acct_514,2026-07-01,1037,2,38,0.677,7,28,pro,0
acct_514,2026-08-01,1021,5,34,0.646,4,28,pro,0
acct_514,2026-09-01,945,2,48,0.547,7,28,pro,0
acct_514,2026-10-01,992,0,45,0.853,0,28,pro,0
acct_514,2026-11-01,1051,7,37,0.617,9,28,pro,0
acct_514,2026-12-01,1042,1,37,0.836,13,28,pro,1
acct_515,2026-01-01,603,3,51,0.614,9,13,basic,0
acct_515,2026-02-01,528,7,41,0.698,6,13,basic,0
acct_515,2026-03-01,502,5,31,0.493,7,13,basic,0
acct_515,2026-04-01,425,3,45,0.28,12,13,basic,0
acct_515,2026-05-01,359,2,32,0.407,10,13,basic,0
acct_515,2026-06-01,302,7,16,0.204,17,13,basic,0
acct_515,2026-07-01,251,8,27,0.279,12,13,basic,0
acct_515,2026-08-01,192,9,13,0.021,18,13,basic,0
acct_515,2026-09-01,116,9,10,0.111,7,13,basic,0
acct_515,2026-10-01,57,5,6,0.0,14,13,basic,0
acct_515,2026-11-01,15,9,3,0.059,13,13,basic,0
acct_515,2026-12-01,0,9,0,0.0,12,13,basic,1
acct_516,2026-01-01,655,3,20,0.308,4,8,basic,0
acct_516,2026-02-01,570,2,26,0.368,9,8,basic,0
acct_516,2026-03-01,543,2,19,0.137,16,8,basic,0
acct_516,2026-04-01,510,9,13,0.088,10,8,basic,0
acct_516,2026-05-01,460,9,19,0.081,20,8,basic,0
acct_516,2026-06-01,373,5,22,0.059,10,8,basic,0
acct_516,2026-07-01,355,4,10,0.104,15,8,basic,0
acct_516,2026-08-01,307,9,12,0.0,16,8,basic,0
acct_516,2026-09-01,191,6,12,0.129,7,8,basic,0
acct_516,2026-10-01,172,9,11,0.0,14,8,basic,1
acct_516,2026-11-01,120,8,6,0.0,21,8,basic,0
acct_516,2026-12-01,50,9,8,0.0,10,8,basic,0
acct_517,2026-01-01,1158,2,32,0.379,6,6,pro,0
acct_517,2026-02-01,1224,0,40,0.429,11,6,pro,1
acct_517,2026-03-01,1154,3,40,0.442,3,6,pro,0
acct_517,2026-04-01,1247,7,39,0.529,6,6,pro,0
acct_517,2026-05-01,1148,5,33,0.491,7,6,pro,0
acct_517,2026-06-01,1241,0,39,0.392,4,6,pro,0
acct_517,2026-07-01,1221,6,47,0.534,8,6,pro,0
acct_517,2026-08-01,1290,1,53,0.556,5,6,pro,0
acct_517,2026-09-01,1256,1,47,0.594,8,6,pro,0
acct_517,2026-10-01,1290,4,43,0.509,11,6,pro,0
acct_517,2026-11-01,1275,6,40,0.541,15,6,pro,0
acct_517,2026-12-01,1275,3,52,0.499,15,6,pro,1
acct_518,2026-01-01,746,7,41,0.494,2,15,pro,0
acct_518,2026-02-01,678,0,44,0.594,12,15,pro,0
acct_518,2026-03-01,747,2,45,0.721,8,15,pro,0
acct_518,2026-04-01,720,5,42,0.548,2,15,pro,0
acct_518,2026-05-01,761,7,53,0.63,6,15,pro,0
acct_518,2026-06-01,759,2,48,0.614,13,15,pro,0
acct_518,2026-07-01,744,5,47,0.638,12,15,pro,0
acct_518,2026-08-01,728,0,53,0.504,15,15,pro,0
acct_518,2026-09-01,743,7,42,0.641,10,15,pro,0
acct_518,2026-10-01,766,1,49,0.747,13,15,pro,0
acct_518,2026-11-01,745,5,54,0.43,2,15,pro,0
acct_518,2026-12-01,760,7,49,0.593,13,15,pro,0
acct_519,2026-01-01,975,3,19,0.511,14,7,basic,0
acct_519,2026-02-01,988,5,11,0.637,10,7,basic,0
acct_519,2026-03-01,914,3,14,0.727,8,7,basic,1
acct_519,2026-04-01,945,1,14,0.75,10,7,basic,0
acct_519,2026-05-01,941,4,7,0.596,10,7,basic,0
acct_519,2026-06-01,913,7,7,0.63,1,7,basic,0
acct_519,2026-07-01,969,2,18,0.592,11,7,basic,0
acct_519,2026-08-01,965,7,17,0.763,14,7,basic,0
acct_519,2026-09-01,954,2,4,0.532,2,7,basic,0
acct_519,2026-10-01,982,3,8,0.66,4,7,basic,0
acct_519,2026-11-01,934,7,16,0.741,15,7,basic,0
acct_519,2026-12-01,963,5,14,0.621,11,7,basic,0
acct_520,2026-01-01,421,2,5,0.214,5,13,pro,1
acct_520,2026-02-01,394,2,13,0.053,4,13,pro,0
acct_520,2026-03-01,336,5,0,0.005,3,13,pro,0
acct_520,2026-04-01,290,9,7,0.038,11,13,pro,0
acct_520,2026-05-01,233,4,14,0.03,14,13,pro,0
acct_520,2026-06-01,190,7,1,0.0,7,13,pro,1
acct_520,2026-07-01,188,7,7,0.0,17,13,pro,0
acct_520,2026-08-01,118,6,0,0.0,12,13,pro,0
acct_520,2026-09-01,57,3,7,0.0,19,13,pro,1
acct_520,2026-10-01,22,8,0,0.0,14,13,pro,1
acct_520,2026-11-01,0,3,4,0.0,15,13,pro,1
acct_520,2026-12-01,0,5,0,0.0,8,13,pro,0
acct_521,2026-01-01,691,4,26,0.628,5,37,pro,0
acct_521,2026-02-01,715,4,26,0.682,14,37,pro,1
acct_521,2026-03-01,666,5,16,0.666,10,37,pro,0
acct_521,2026-04-01,664,2,24,0.688,8,37,pro,0
acct_521,2026-05-01,684,1,10,0.754,5,37,pro,0
acct_521,2026-06-01,688,4,10,0.606,15,37,pro,0
acct_521,2026-07-01,706,5,14,0.355,1,37,pro,0
acct_521,2026-08-01,706,3,13,0.684,6,37,pro,0
acct_521,2026-09-01,650,4,15,0.817,10,37,pro,0
acct_521,2026-10-01,652,4,16,0.615,12,37,pro,0
acct_521,2026-11-01,632,4,8,0.814,6,37,pro,0
acct_521,2026-12-01,677,3,12,0.795,10,37,pro,0
acct_522,2026-01-01,585,2,28,0.592,2,24,pro,1
acct_522,2026-02-01,560,1,36,0.647,17,24,pro,0
acct_522,2026-03-01,581,4,27,0.555,1,24,pro,0
acct_522,2026-04-01,605,2,38,0.639,3,24,pro,1
acct_522,2026-05-01,575,7,29,0.383,6,24,pro,0
acct_522,2026-06-01,584,0,42,0.583,16,24,pro,0
acct_522,2026-07-01,576,5,33,0.601,12,24,pro,1
acct_522,2026-08-01,585,1,34,0.705,15,24,pro,0
acct_522,2026-09-01,581,2,32,0.639,2,24,pro,0
acct_522,2026-10-01,587,2,25,0.607,8,24,pro,0
acct_522,2026-11-01,595,3,21,0.475,8,24,pro,0
acct_522,2026-12-01,600,1,37,0.684,13,24,pro,1
acct_523,2026-01-01,540,0,23,0.563,5,11,enterprise,0
acct_523,2026-02-01,550,0,30,0.693,9,11,enterprise,0
acct_523,2026-03-01,597,3,37,0.585,13,11,enterprise,0
acct_523,2026-04-01,586,3,25,0.75,3,11,enterprise,0
acct_523,2026-05-01,556,7,28,0.669,14,11,enterprise,0
acct_523,2026-06-01,599,2,35,0.62,15,11,enterprise,0
acct_523,2026-07-01,587,3,23,0.669,17,11,enterprise,0
acct_523,2026-08-01,583,6,27,0.5,1,11,enterprise,1
acct_523,2026-09-01,571,4,21,0.719,10,11,enterprise,0
acct_523,2026-10-01,582,0,34,0.777,3,11,enterprise,0
acct_523,2026-11-01,599,6,17,0.678,3,11,enterprise,0
acct_523,2026-12-01,588,2,30,0.653,7,11,enterprise,0
acct_524,2026-01-01,681,3,35,0.298,7,16,enterprise,0
acct_524,2026-02-01,663,4,50,0.391,3,16,enterprise,1
acct_524,2026-03-01,663,1,39,0.33,4,16,enterprise,0
acct_524,2026-04-01,686,5,29,0.309,15,16,enterprise,0
acct_524,2026-05-01,660,0,35,0.317,11,16,enterprise,1
acct_524,2026-06-01,676,5,40,0.253,15,16,enterprise,0
acct_524,2026-07-01,681,7,45,0.282,6,16,enterprise,0
acct_524,2026-08-01,679,3,23,0.142,9,16,enterprise,1
acct_524,2026-09-01,655,4,38,0.529,12,16,enterprise,1
acct_524,2026-10-01,649,2,35,0.325,15,16,enterprise,0
acct_524,2026-11-01,660,0,32,0.34,5,16,enterprise,0
acct_524,2026-12-01,618,3,28,0.222,4,16,enterprise,0
acct_525,2026-01-01,381,8,58,0.425,5,17,pro,0
acct_525,2026-02-01,375,3,47,0.558,7,17,pro,0
acct_525,2026-03-01,339,2,44,0.507,12,17,pro,0
acct_525,2026-04-01,304,9,33,0.476,14,17,pro,0
acct_525,2026-05-01,279,4,41,0.256,7,17,pro,0
acct_525,2026-06-01,266,8,24,0.275,9,17,pro,0
acct_525,2026-07-01,242,2,41,0.534,6,17,pro,1
acct_525,2026-08-01,208,3,25,0.582,9,17,pro,0
acct_525,2026-09-01,155,6,25,0.309,22,17,pro,0
acct_525,2026-10-01,144,3,26,0.263,17,17,pro,0
acct_525,2026-11-01,124,10,18,0.169,17,17,pro,0
acct_525,2026-12-01,71,3,19,0.267,15,17,pro,0
acct_526,2026-01-01,512,6,46,0.593,0,34,pro,0
acct_526,2026-02-01,513,4,31,0.58,5,34,pro,0
acct_526,2026-03-01,492,5,39,0.42,2,34,pro,0
acct_526,2026-04-01,489,0,25,0.397,12,34,pro,0
acct_526,2026-05-01,478,7,37,0.565,11,34,pro,0
acct_526,2026-06-01,482,3,41,0.431,6,34,pro,0
acct_526,2026-07-01,518,5,37,0.667,10,34,pro,0
acct_526,2026-08-01,489,0,45,0.441,13,34,pro,0
acct_526,2026-09-01,492,1,39,0.39,9,34,pro,0
acct_526,2026-10-01,468,3,37,0.557,3,34,pro,0
acct_526,2026-11-01,502,7,34,0.443,13,34,pro,0
acct_526,2026-12-01,459,5,37,0.55,6,34,pro,0
acct_527,2026-01-01,1162,3,27,0.475,14,39,enterprise,0
acct_527,2026-02-01,1119,3,28,0.331,3,39,enterprise,0
acct_527,2026-03-01,1098,1,36,0.192,14,39,enterprise,0
acct_527,2026-04-01,1048,7,26,0.524,9,39,enterprise,0
acct_527,2026-05-01,1119,7,17,0.514,14,39,enterprise,0
acct_527,2026-06-01,1069,5,35,0.458,2,39,enterprise,0
acct_527,2026-07-01,1200,2,39,0.346,10,39,enterprise,0
acct_527,2026-08-01,1150,0,47,0.405,10,39,enterprise,1
acct_527,2026-09-01,1108,1,39,0.553,7,39,enterprise,0
acct_527,2026-10-01,1112,2,20,0.377,12,39,enterprise,0
acct_527,2026-11-01,1097,4,27,0.353,11,39,enterprise,0
acct_527,2026-12-01,1125,2,26,0.248,4,39,enterprise,0
acct_528,2026-01-01,609,9,29,0.561,9,11,basic,0
acct_528,2026-02-01,541,5,26,0.598,11,11,basic,0
acct_528,2026-03-01,482,2,28,0.15,8,11,basic,0
acct_528,2026-04-01,449,3,18,0.312,6,11,basic,0
acct_528,2026-05-01,413,5,28,0.221,11,11,basic,0
acct_528,2026-06-01,338,5,29,0.34,10,11,basic,0
acct_528,2026-07-01,278,6,3,0.17,17,11,basic,0
acct_528,2026-08-01,164,5,16,0.215,13,11,basic,1
acct_528,2026-09-01,136,4,29,0.052,11,11,basic,0
acct_528,2026-10-01,86,8,7,0.116,18,11,basic,0
acct_528,2026-11-01,35,9,8,0.0,15,11,basic,1
acct_528,2026-12-01,0,9,0,0.0,14,11,basic,0
acct_529,2026-01-01,1078,2,25,0.516,15,4,enterprise,1
acct_529,2026-02-01,1094,3,33,0.57,17,4,enterprise,0
acct_529,2026-03-01,1059,4,29,0.664,10,4,enterprise,0
acct_529,2026-04-01,1087,3,32,0.485,11,4,enterprise,0
acct_529,2026-05-01,1046,4,32,0.611,5,4,enterprise,0
acct_529,2026-06-01,1123,2,33,0.635,15,4,enterprise,0
acct_529,2026-07-01,1097,3,28,0.572,11,4,enterprise,0
acct_529,2026-08-01,1132,3,40,0.515,6,4,enterprise,0
acct_529,2026-09-01,1114,1,40,0.724,6,4,enterprise,0
acct_529,2026-10-01,1128,2,30,0.566,15,4,enterprise,0
acct_529,2026-11-01,1143,7,22,0.883,15,4,enterprise,1
acct_529,2026-12-01,1212,2,22,0.712,12,4,enterprise,0
acct_530,2026-01-01,1096,0,18,0.348,12,38,pro,0
acct_530,2026-02-01,1048,4,17,0.369,0,38,pro,0
acct_530,2026-03-01,1070,1,9,0.257,5,38,pro,0
acct_530,2026-04-01,1114,3,14,0.314,4,38,pro,0
acct_530,2026-05-01,1135,7,23,0.19,9,38,pro,0
acct_530,2026-06-01,1102,1,12,0.369,4,38,pro,0
acct_530,2026-07-01,1070,1,18,0.395,7,38,pro,0
acct_530,2026-08-01,1175,5,25,0.317,11,38,pro,0
acct_530,2026-09-01,1109,7,16,0.283,16,38,pro,0
acct_530,2026-10-01,1063,7,12,0.176,5,38,pro,0
acct_530,2026-11-01,1127,2,20,0.464,13,38,pro,0
acct_530,2026-12-01,1024,5,27,0.233,11,38,pro,0
acct_531,2026-01-01,508,3,11,0.802,6,25,enterprise,0
acct_531,2026-02-01,495,0,29,0.873,11,25,enterprise,0
acct_531,2026-03-01,493,7,16,0.85,7,25,enterprise,0
acct_531,2026-04-01,506,5,12,0.573,9,25,enterprise,1
acct_531,2026-05-01,500,1,24,0.733,4,25,enterprise,0
acct_531,2026-06-01,515,6,17,0.794,9,25,enterprise,0
acct_531,2026-07-01,501,5,8,0.913,9,25,enterprise,0
acct_531,2026-08-01,509,2,2,0.8,10,25,enterprise,0
acct_531,2026-09-01,496,0,17,0.69,3,25,enterprise,1
acct_531,2026-10-01,484,3,15,0.874,3,25,enterprise,0
acct_531,2026-11-01,522,2,25,0.926,7,25,enterprise,0
acct_531,2026-12-01,528,1,13,0.783,10,25,enterprise,0
acct_532,2026-01-01,961,7,15,0.717,11,19,enterprise,0
acct_532,2026-02-01,945,1,21,0.761,11,19,enterprise,0
acct_532,2026-03-01,978,0,15,0.748,12,19,enterprise,0
acct_532,2026-04-01,978,4,22,0.766,2,19,enterprise,0
acct_532,2026-05-01,961,6,22,0.588,12,19,enterprise,0
acct_532,2026-06-01,953,2,6,0.673,8,19,enterprise,0
acct_532,2026-07-01,978,0,18,0.509,11,19,enterprise,0
acct_532,2026-08-01,910,6,24,0.747,15,19,enterprise,0
acct_532,2026-09-01,903,3,22,0.812,6,19,enterprise,1
acct_532,2026-10-01,838,0,22,0.807,1,19,enterprise,1
acct_532,2026-11-01,902,3,30,0.759,5,19,enterprise,0
acct_532,2026-12-01,845,7,19,0.669,9,19,enterprise,1
acct_533,2026-01-01,469,8,21,0.317,6,12,pro,1
acct_533,2026-02-01,429,6,33,0.311,12,12,pro,1
acct_533,2026-03-01,398,5,28,0.23,9,12,pro,0
acct_533,2026-04-01,335,7,19,0.241,6,12,pro,0
acct_533,2026-05-01,281,2,13,0.29,6,12,pro,0
acct_533,2026-06-01,229,5,5,0.276,18,12,pro,0
acct_533,2026-07-01,178,2,11,0.115,11,12,pro,0
acct_533,2026-08-01,145,8,1,0.029,16,12,pro,0
acct_533,2026-09-01,114,7,2,0.0,11,12,pro,0
acct_533,2026-10-01,45,5,0,0.0,12,12,pro,0
acct_533,2026-11-01,22,6,0,0.0,24,12,pro,0
acct_533,2026-12-01,0,3,5,0.0,12,12,pro,0
acct_534,2026-01-01,894,6,57,0.645,5,32,pro,0
acct_534,2026-02-01,822,4,54,0.545,8,32,pro,0
acct_534,2026-03-01,809,0,51,0.627,3,32,pro,1
acct_534,2026-04-01,886,7,50,0.745,12,32,pro,0
acct_534,2026-05-01,867,5,57,0.632,5,32,pro,0
acct_534,2026-06-01,903,4,61,0.762,5,32,pro,0
acct_534,2026-07-01,851,7,54,0.58,13,32,pro,1
acct_534,2026-08-01,868,5,56,0.632,5,32,pro,0
acct_534,2026-09-01,894,4,57,0.445,6,32,pro,0
acct_534,2026-10-01,878,7,57,0.696,4,32,pro,0
acct_534,2026-11-01,828,6,63,0.668,11,32,pro,0
acct_534,2026-12-01,847,4,54,0.477,12,32,pro,0
acct_535,2026-01-01,659,2,21,0.209,13,13,pro,0
acct_535,2026-02-01,636,3,8,0.048,3,13,pro,0
acct_535,2026-03-01,511,8,17,0.102,6,13,pro,0
acct_535,2026-04-01,468,2,13,0.095,8,13,pro,0
acct_535,2026-05-01,387,5,1,0.0,6,13,pro,0
acct_535,2026-06-01,318,4,0,0.082,7,13,pro,1
acct_535,2026-07-01,274,9,5,0.0,10,13,pro,0
acct_535,2026-08-01,200,8,11,0.0,9,13,pro,0
acct_535,2026-09-01,134,4,5,0.0,12,13,pro,0
acct_535,2026-10-01,27,4,0,0.0,18,13,pro,0
acct_535,2026-11-01,0,5,6,0.0,14,13,pro,0
acct_535,2026-12-01,0,6,0,0.0,11,13,pro,0
acct_536,2026-01-01,637,6,39,0.622,15,12,basic,0
acct_536,2026-02-01,534,7,31,0.667,9,12,basic,0
acct_536,2026-03-01,462,6,24,0.671,7,12,basic,1
acct_536,2026-04-01,463,8,25,0.508,16,12,basic,0
acct_536,2026-05-01,365,4,19,0.37,15,12,basic,0
acct_536,2026-06-01,325,8,16,0.278,7,12,basic,0
acct_536,2026-07-01,235,7,19,0.268,17,12,basic,0
acct_536,2026-08-01,149,4,13,0.065,17,12,basic,0
acct_536,2026-09-01,95,5,17,0.186,22,12,basic,0
acct_536,2026-10-01,0,5,7,0.209,21,12,basic,0
acct_536,2026-11-01,0,7,19,0.164,18,12,basic,0
acct_536,2026-12-01,0,8,4,0.223,22,12,basic,1
acct_537,2026-01-01,1171,2,48,0.288,4,23,pro,0
acct_537,2026-02-01,1154,2,43,0.297,8,23,pro,0
acct_537,2026-03-01,1067,1,37,0.23,3,23,pro,0
acct_537,2026-04-01,1127,2,29,0.272,7,23,pro,1
acct_537,2026-05-01,1072,6,39,0.23,5,23,pro,0
acct_537,2026-06-01,1109,1,38,0.344,1,23,pro,0
acct_537,2026-07-01,1082,5,40,0.164,12,23,pro,0
acct_537,2026-08-01,1115,3,42,0.279,11,23,pro,0
acct_537,2026-09-01,1140,3,44,0.214,16,23,pro,0
acct_537,2026-10-01,1059,2,39,0.143,8,23,pro,0
acct_537,2026-11-01,1038,3,45,0.34,11,23,pro,0
acct_537,2026-12-01,1069,2,33,0.354,8,23,pro,0
acct_538,2026-01-01,764,3,60,0.59,13,5,basic,1
acct_538,2026-02-01,704,4,36,0.697,4,5,basic,0
acct_538,2026-03-01,624,5,50,0.534,13,5,basic,0
acct_538,2026-04-01,593,5,39,0.516,6,5,basic,0
acct_538,2026-05-01,504,5,29,0.552,14,5,basic,0
acct_538,2026-06-01,498,3,25,0.495,16,5,basic,0
acct_538,2026-07-01,405,5,29,0.497,7,5,basic,0
acct_538,2026-08-01,344,4,29,0.41,9,5,basic,0
acct_538,2026-09-01,317,8,20,0.492,10,5,basic,0
acct_538,2026-10-01,228,4,21,0.34,22,5,basic,0
acct_538,2026-11-01,164,8,7,0.507,25,5,basic,0
acct_538,2026-12-01,140,5,14,0.217,15,5,basic,0
acct_539,2026-01-01,393,4,28,0.523,9,40,enterprise,0
acct_539,2026-02-01,414,6,32,0.478,3,40,enterprise,0
acct_539,2026-03-01,428,4,38,0.516,11,40,enterprise,0
acct_539,2026-04-01,409,6,27,0.448,13,40,enterprise,0
acct_539,2026-05-01,422,7,35,0.435,6,40,enterprise,1
acct_539,2026-06-01,419,4,25,0.465,4,40,enterprise,0
acct_539,2026-07-01,433,7,26,0.421,1,40,enterprise,0
acct_539,2026-08-01,409,0,27,0.377,7,40,enterprise,0
acct_539,2026-09-01,409,0,27,0.573,8,40,enterprise,0
acct_539,2026-10-01,418,5,20,0.327,12,40,enterprise,0
acct_539,2026-11-01,406,0,28,0.459,17,40,enterprise,0
acct_539,2026-12-01,397,2,19,0.42,17,40,enterprise,0
acct_540,2026-01-01,1248,3,22,0.53,16,24,pro,0
acct_540,2026-02-01,1157,0,22,0.647,7,24,pro,0
acct_540,2026-03-01,1235,7,22,0.716,9,24,pro,0
acct_540,2026-04-01,1257,0,21,0.691,14,24,pro,0
acct_540,2026-05-01,1242,5,10,0.74,11,24,pro,0
acct_540,2026-06-01,1226,0,29,0.63,4,24,pro,1
acct_540,2026-07-01,1187,0,22,0.658,10,24,pro,0
acct_540,2026-08-01,1267,6,24,0.71,16,24,pro,0
acct_540,2026-09-01,1310,3,6,0.63,3,24,pro,0
acct_540,2026-10-01,1270,7,19,0.702,2,24,pro,0
acct_540,2026-11-01,1268,6,12,0.573,5,24,pro,0
acct_540,2026-12-01,1268,0,13,0.614,2,24,pro,0
acct_541,2026-01-01,1223,0,19,0.549,6,26,pro,0
acct_541,2026-02-01,1219,6,10,0.646,10,26,pro,0
acct_541,2026-03-01,1218,4,13,0.581,7,26,pro,1
acct_541,2026-04-01,1191,6,21,0.714,11,26,pro,0
acct_541,2026-05-01,1253,2,17,0.673,12,26,pro,0
acct_541,2026-06-01,1208,1,5,0.64,7,26,pro,0
acct_541,2026-07-01,1208,6,24,0.573,5,26,pro,0
acct_541,2026-08-01,1271,3,16,0.68,12,26,pro,0
acct_541,2026-09-01,1267,5,24,0.543,10,26,pro,0
acct_541,2026-10-01,1246,7,13,0.693,2,26,pro,0
acct_541,2026-11-01,1245,4,18,0.754,0,26,pro,0
acct_541,2026-12-01,1278,4,14,0.495,4,26,pro,0
acct_542,2026-01-01,717,3,40,0.46,5,19,basic,1
acct_542,2026-02-01,640,4,32,0.521,10,19,basic,0
acct_542,2026-03-01,607,8,48,0.472,6,19,basic,0
acct_542,2026-04-01,528,7,30,0.322,15,19,basic,0
acct_542,2026-05-01,427,9,15,0.356,12,19,basic,0
acct_542,2026-06-01,408,6,20,0.296,7,19,basic,0
acct_542,2026-07-01,353,3,15,0.249,19,19,basic,1
acct_542,2026-08-01,272,3,20,0.239,8,19,basic,0
acct_542,2026-09-01,200,5,19,0.085,14,19,basic,0
acct_542,2026-10-01,119,4,12,0.221,13,19,basic,0
acct_542,2026-11-01,77,5,13,0.0,20,19,basic,0
acct_542,2026-12-01,34,8,2,0.078,11,19,basic,0
acct_543,2026-01-01,650,6,12,0.432,12,16,pro,0
acct_543,2026-02-01,623,9,12,0.502,14,16,pro,0
acct_543,2026-03-01,554,2,8,0.311,14,16,pro,0
acct_543,2026-04-01,556,3,6,0.375,3,16,pro,0
acct_543,2026-05-01,496,3,6,0.207,17,16,pro,0
acct_543,2026-06-01,504,5,13,0.351,20,16,pro,1
acct_543,2026-07-01,459,8,0,0.28,20,16,pro,0
acct_543,2026-08-01,393,5,7,0.297,21,16,pro,1
acct_543,2026-09-01,377,9,0,0.14,17,16,pro,0
acct_543,2026-10-01,317,3,9,0.342,7,16,pro,0
acct_543,2026-11-01,264,7,2,0.09,19,16,pro,0
acct_543,2026-12-01,256,8,0,0.043,21,16,pro,0
acct_544,2026-01-01,731,3,38,0.607,3,20,basic,0
acct_544,2026-02-01,684,8,13,0.442,6,20,basic,0
acct_544,2026-03-01,637,8,15,0.501,16,20,basic,0
acct_544,2026-04-01,573,8,20,0.451,5,20,basic,0
acct_544,2026-05-01,513,8,13,0.404,19,20,basic,0
acct_544,2026-06-01,476,2,18,0.55,9,20,basic,0
acct_544,2026-07-01,409,9,13,0.192,17,20,basic,0
acct_544,2026-08-01,355,8,18,0.396,13,20,basic,0
acct_544,2026-09-01,291,7,25,0.364,14,20,basic,1
acct_544,2026-10-01,235,10,3,0.277,11,20,basic,0
acct_544,2026-11-01,171,6,3,0.155,24,20,basic,0
acct_544,2026-12-01,161,10,10,0.209,21,20,basic,0
acct_545,2026-01-01,999,7,53,0.763,2,33,pro,0
acct_545,2026-02-01,939,1,43,0.878,5,33,pro,0
acct_545,2026-03-01,959,6,51,0.803,13,33,pro,0
acct_545,2026-04-01,892,6,43,0.701,10,33,pro,0
acct_545,2026-05-01,961,0,52,0.749,8,33,pro,0
acct_545,2026-06-01,924,6,54,0.738,10,33,pro,0
acct_545,2026-07-01,904,5,55,0.948,12,33,pro,1
acct_545,2026-08-01,917,1,57,1.0,14,33,pro,0
acct_545,2026-09-01,859,6,51,0.864,5,33,pro,0
acct_545,2026-10-01,873,2,44,0.776,1,33,pro,1
acct_545,2026-11-01,900,0,44,0.788,13,33,pro,0
acct_545,2026-12-01,848,2,40,0.704,13,33,pro,0
acct_546,2026-01-01,1080,2,5,0.216,10,11,basic,0
acct_546,2026-02-01,1006,8,10,0.321,8,11,basic,0
acct_546,2026-03-01,930,2,13,0.263,10,11,basic,0
acct_546,2026-04-01,767,5,16,0.123,9,11,basic,1
acct_546,2026-05-01,764,8,12,0.0,10,11,basic,0
acct_546,2026-06-01,595,5,4,0.0,19,11,basic,0
acct_546,2026-07-01,505,3,12,0.0,18,11,basic,0
acct_546,2026-08-01,405,8,11,0.0,18,11,basic,0
acct_546,2026-09-01,391,4,7,0.0,21,11,basic,0
acct_546,2026-10-01,206,9,0,0.0,13,11,basic,1
acct_546,2026-11-01,103,9,15,0.0,15,11,basic,1
acct_546,2026-12-01,22,6,0,0.0,22,11,basic,0
acct_547,2026-01-01,1173,0,44,0.4,7,39,pro,1
acct_547,2026-02-01,1172,2,37,0.417,9,39,pro,0
acct_547,2026-03-01,1145,4,40,0.349,8,39,pro,0
acct_547,2026-04-01,1193,4,46,0.322,1,39,pro,0
acct_547,2026-05-01,1216,5,46,0.443,3,39,pro,1
acct_547,2026-06-01,1131,1,42,0.344,12,39,pro,0
acct_547,2026-07-01,1127,0,42,0.514,6,39,pro,0
acct_547,2026-08-01,1204,2,50,0.334,5,39,pro,0
acct_547,2026-09-01,1140,3,46,0.236,0,39,pro,0
acct_547,2026-10-01,1150,4,45,0.322,13,39,pro,0
acct_547,2026-11-01,1140,1,53,0.328,0,39,pro,0
acct_547,2026-12-01,1181,7,42,0.325,3,39,pro,0
acct_548,2026-01-01,403,3,38,0.46,10,19,pro,0
acct_548,2026-02-01,353,7,39,0.611,11,19,pro,0
acct_548,2026-03-01,342,4,39,0.553,9,19,pro,1
acct_548,2026-04-01,279,8,39,0.396,16,19,pro,1
acct_548,2026-05-01,244,6,34,0.323,19,19,pro,1
acct_548,2026-06-01,223,8,19,0.149,10,19,pro,1
acct_548,2026-07-01,155,7,22,0.237,12,19,pro,0
acct_548,2026-08-01,134,9,18,0.291,12,19,pro,1
acct_548,2026-09-01,99,7,23,0.101,13,19,pro,1
acct_548,2026-10-01,71,3,14,0.063,10,19,pro,0
acct_548,2026-11-01,37,5,0,0.123,23,19,pro,0
acct_548,2026-12-01,0,10,0,0.01,21,19,pro,0
acct_549,2026-01-01,1012,5,57,0.532,10,22,basic,0
acct_549,2026-02-01,851,5,49,0.357,5,22,basic,0
acct_549,2026-03-01,847,5,50,0.319,11,22,basic,0
acct_549,2026-04-01,672,9,40,0.204,11,22,basic,0
acct_549,2026-05-01,635,6,30,0.053,18,22,basic,0
acct_549,2026-06-01,508,3,25,0.241,13,22,basic,1
acct_549,2026-07-01,384,7,17,0.008,17,22,basic,1
acct_549,2026-08-01,194,7,28,0.13,6,22,basic,0
acct_549,2026-09-01,146,10,0,0.0,13,22,basic,0
acct_549,2026-10-01,33,5,20,0.0,21,22,basic,0
acct_549,2026-11-01,0,9,0,0.019,19,22,basic,0
acct_549,2026-12-01,0,3,0,0.0,18,22,basic,0
acct_550,2026-01-01,478,5,24,0.33,10,8,enterprise,0
acct_550,2026-02-01,467,9,14,0.343,11,8,enterprise,0
acct_550,2026-03-01,410,7,21,0.329,7,8,enterprise,0
acct_550,2026-04-01,380,5,12,0.297,12,8,enterprise,0
acct_550,2026-05-01,350,8,22,0.198,8,8,enterprise,0
acct_550,2026-06-01,310,6,15,0.359,13,8,enterprise,0
acct_550,2026-07-01,272,9,18,0.283,11,8,enterprise,1
acct_550,2026-08-01,222,5,8,0.271,15,8,enterprise,1
acct_550,2026-09-01,198,6,22,0.282,17,8,enterprise,0
acct_550,2026-10-01,156,8,4,0.133,17,8,enterprise,0
acct_550,2026-11-01,100,6,6,0.0,18,8,enterprise,0
acct_550,2026-12-01,83,9,5,0.106,21,8,enterprise,1
acct_551,2026-01-01,894,0,63,0.894,0,11,pro,1
acct_551,2026-02-01,869,2,53,0.829,4,11,pro,0
acct_551,2026-03-01,878,6,58,0.74,7,11,pro,0
acct_551,2026-04-01,896,0,55,0.707,12,11,pro,0
acct_551,2026-05-01,859,5,66,0.695,2,11,pro,0
acct_551,2026-06-01,845,0,58,0.666,17,11,pro,0
acct_551,2026-07-01,868,3,66,0.64,6,11,pro,0
acct_551,2026-08-01,831,6,59,0.744,15,11,pro,0
acct_551,2026-09-01,824,7,57,0.691,0,11,pro,0
acct_551,2026-10-01,730,5,68,0.744,0,11,pro,0
acct_551,2026-11-01,833,3,55,0.746,7,11,pro,0
acct_551,2026-12-01,755,7,50,0.617,3,11,pro,0
acct_552,2026-01-01,957,7,17,0.644,15,38,pro,0
acct_552,2026-02-01,1001,0,30,0.675,16,38,pro,0
acct_552,2026-03-01,915,4,26,0.751,13,38,pro,0
acct_552,2026-04-01,930,2,28,0.756,8,38,pro,1
acct_552,2026-05-01,981,1,20,0.698,10,38,pro,0
acct_552,2026-06-01,903,2,21,0.616,5,38,pro,0
acct_552,2026-07-01,980,7,32,0.655,9,38,pro,0
acct_552,2026-08-01,890,2,20,0.673,3,38,pro,0
acct_552,2026-09-01,928,6,15,0.641,13,38,pro,0
acct_552,2026-10-01,917,6,18,0.765,0,38,pro,0
acct_552,2026-11-01,948,4,28,0.617,1,38,pro,0
acct_552,2026-12-01,926,1,26,0.689,6,38,pro,0
acct_553,2026-01-01,699,7,22,0.553,16,24,pro,0
acct_553,2026-02-01,679,5,22,0.698,6,24,pro,0
acct_553,2026-03-01,692,3,30,0.707,8,24,pro,0
acct_553,2026-04-01,691,4,28,0.508,9,24,pro,0
acct_553,2026-05-01,739,4,30,0.519,10,24,pro,0
acct_553,2026-06-01,679,7,30,0.534,17,24,pro,0
acct_553,2026-07-01,720,7,18,0.531,10,24,pro,0
acct_553,2026-08-01,740,0,22,0.52,0,24,pro,0
acct_553,2026-09-01,659,4,24,0.585,16,24,pro,0
acct_553,2026-10-01,669,0,28,0.53,4,24,pro,0
acct_553,2026-11-01,643,3,20,0.44,9,24,pro,0
acct_553,2026-12-01,646,4,25,0.658,13,24,pro,0
acct_554,2026-01-01,810,1,57,0.524,3,31,pro,0
acct_554,2026-02-01,777,6,53,0.634,11,31,pro,0
acct_554,2026-03-01,784,3,54,0.781,1,31,pro,0
acct_554,2026-04-01,848,2,42,0.519,1,31,pro,0
acct_554,2026-05-01,860,3,65,0.717,12,31,pro,0
acct_554,2026-06-01,828,0,55,0.658,5,31,pro,0
acct_554,2026-07-01,890,6,54,0.88,2,31,pro,0
acct_554,2026-08-01,874,5,56,0.566,7,31,pro,1
acct_554,2026-09-01,803,4,56,0.624,14,31,pro,0
acct_554,2026-10-01,851,5,59,0.626,4,31,pro,0
acct_554,2026-11-01,853,5,64,0.781,12,31,pro,0
acct_554,2026-12-01,894,2,49,0.67,6,31,pro,0
acct_555,2026-01-01,599,6,35,0.547,9,14,enterprise,0
acct_555,2026-02-01,553,7,45,0.292,3,14,enterprise,0
acct_555,2026-03-01,551,3,39,0.375,11,14,enterprise,0
acct_555,2026-04-01,485,6,29,0.281,6,14,enterprise,0
acct_555,2026-05-01,421,7,24,0.172,10,14,enterprise,0
acct_555,2026-06-01,395,4,35,0.178,15,14,enterprise,0
acct_555,2026-07-01,362,8,22,0.219,21,14,enterprise,0
acct_555,2026-08-01,296,6,19,0.0,21,14,enterprise,0
acct_555,2026-09-01,296,9,20,0.085,12,14,enterprise,0
acct_555,2026-10-01,200,5,8,0.169,13,14,enterprise,0
acct_555,2026-11-01,199,8,5,0.133,17,14,enterprise,0
acct_555,2026-12-01,131,10,0,0.139,14,14,enterprise,0
acct_556,2026-01-01,769,1,47,0.441,17,27,basic,0
acct_556,2026-02-01,783,7,47,0.379,6,27,basic,0
acct_556,2026-03-01,759,5,39,0.542,6,27,basic,0
acct_556,2026-04-01,761,4,54,0.5,12,27,basic,0
acct_556,2026-05-01,735,3,60,0.385,5,27,basic,0
acct_556,2026-06-01,761,7,55,0.463,14,27,basic,0
acct_556,2026-07-01,755,1,61,0.558,10,27,basic,0
acct_556,2026-08-01,751,6,47,0.632,4,27,basic,1
acct_556,2026-09-01,738,6,62,0.69,11,27,basic,1
acct_556,2026-10-01,689,2,54,0.675,12,27,basic,0
acct_556,2026-11-01,745,3,52,0.498,13,27,basic,0
acct_556,2026-12-01,729,5,37,0.549,5,27,basic,0
acct_557,2026-01-01,506,5,36,0.205,8,22,basic,0
acct_557,2026-02-01,452,4,33,0.292,8,22,basic,0
acct_557,2026-03-01,426,2,33,0.074,9,22,basic,0
acct_557,2026-04-01,406,3,24,0.215,9,22,basic,0
acct_557,2026-05-01,367,2,27,0.143,9,22,basic,0
acct_557,2026-06-01,376,4,29,0.146,3,22,basic,0
acct_557,2026-07-01,348,6,36,0.237,21,22,basic,0
acct_557,2026-08-01,323,8,27,0.0,9,22,basic,0
acct_557,2026-09-01,274,6,15,0.0,18,22,basic,0
acct_557,2026-10-01,235,4,5,0.0,14,22,basic,0
acct_557,2026-11-01,243,9,16,0.096,19,22,basic,0
acct_557,2026-12-01,203,8,15,0.0,21,22,basic,0
acct_558,2026-01-01,1056,2,36,0.172,11,8,pro,0
acct_558,2026-02-01,996,6,24,0.389,4,8,pro,0
acct_558,2026-03-01,897,9,11,0.325,16,8,pro,0
acct_558,2026-04-01,782,6,26,0.487,7,8,pro,1
acct_558,2026-05-01,743,4,6,0.444,17,8,pro,0
acct_558,2026-06-01,688,9,9,0.099,4,8,pro,0
acct_558,2026-07-01,655,7,11,0.175,15,8,pro,0
acct_558,2026-08-01,528,8,9,0.286,7,8,pro,0
acct_558,2026-09-01,509,7,7,0.191,21,8,pro,0
acct_558,2026-10-01,487,5,16,0.339,7,8,pro,0
acct_558,2026-11-01,377,6,14,0.074,13,8,pro,0
acct_558,2026-12-01,258,4,15,0.123,13,8,pro,0
acct_559,2026-01-01,1039,7,48,0.429,1,40,pro,0
acct_559,2026-02-01,1033,3,43,0.396,12,40,pro,0
acct_559,2026-03-01,977,1,55,0.561,14,40,pro,1
acct_559,2026-04-01,960,6,48,0.629,2,40,pro,0
acct_559,2026-05-01,1015,4,43,0.429,9,40,pro,0
acct_559,2026-06-01,1006,4,46,0.516,4,40,pro,0
acct_559,2026-07-01,1006,7,49,0.552,6,40,pro,0
acct_559,2026-08-01,929,4,48,0.568,15,40,pro,0
acct_559,2026-09-01,946,7,43,0.603,14,40,pro,0
acct_559,2026-10-01,924,2,46,0.619,2,40,pro,0
acct_559,2026-11-01,1004,0,51,0.719,10,40,pro,1
acct_559,2026-12-01,970,2,53,0.701,10,40,pro,0
acct_560,2026-01-01,912,5,30,0.422,5,11,basic,0
acct_560,2026-02-01,873,2,29,0.446,1,11,basic,0
acct_560,2026-03-01,915,2,41,0.485,11,11,basic,0
acct_560,2026-04-01,868,2,25,0.376,13,11,basic,0
acct_560,2026-05-01,956,0,22,0.42,4,11,basic,0
acct_560,2026-06-01,891,7,26,0.389,5,11,basic,0
acct_560,2026-07-01,913,3,23,0.519,5,11,basic,0
acct_560,2026-08-01,897,4,10,0.287,3,11,basic,0
acct_560,2026-09-01,908,7,33,0.501,14,11,basic,0
acct_560,2026-10-01,881,4,44,0.425,11,11,basic,0
acct_560,2026-11-01,882,6,26,0.445,6,11,basic,0
acct_560,2026-12-01,908,3,26,0.527,18,11,basic,0
acct_561,2026-01-01,1098,4,18,0.363,12,15,pro,0
acct_561,2026-02-01,1118,6,40,0.35,3,15,pro,0
acct_561,2026-03-01,1073,1,35,0.253,6,15,pro,0
acct_561,2026-04-01,1098,0,22,0.083,3,15,pro,0
acct_561,2026-05-01,1092,4,44,0.0,8,15,pro,0
acct_561,2026-06-01,1113,6,33,0.198,10,15,pro,0
acct_561,2026-07-01,1021,2,33,0.253,2,15,pro,0
acct_561,2026-08-01,1008,0,47,0.079,5,15,pro,1
acct_561,2026-09-01,990,3,33,0.17,6,15,pro,0
acct_561,2026-10-01,1057,5,33,0.234,3,15,pro,0
acct_561,2026-11-01,936,7,32,0.258,7,15,pro,0
acct_561,2026-12-01,1010,4,29,0.116,1,15,pro,0
acct_562,2026-01-01,1131,2,50,0.551,1,18,enterprise,0
acct_562,2026-02-01,1206,1,49,0.653,2,18,enterprise,0
acct_562,2026-03-01,1215,4,39,0.468,3,18,enterprise,0
acct_562,2026-04-01,1184,6,59,0.498,9,18,enterprise,0
acct_562,2026-05-01,1206,5,51,0.492,5,18,enterprise,0
acct_562,2026-06-01,1209,3,49,0.585,2,18,enterprise,0
acct_562,2026-07-01,1181,3,47,0.618,10,18,enterprise,0
acct_562,2026-08-01,1186,1,47,0.699,13,18,enterprise,1
acct_562,2026-09-01,1187,1,62,0.536,12,18,enterprise,0
acct_562,2026-10-01,1148,7,47,0.516,6,18,enterprise,0
acct_562,2026-11-01,1198,2,42,0.523,9,18,enterprise,0
acct_562,2026-12-01,1240,7,44,0.74,8,18,enterprise,0
acct_563,2026-01-01,682,1,49,0.614,14,6,basic,0
acct_563,2026-02-01,699,3,41,0.655,4,6,basic,0
acct_563,2026-03-01,747,4,38,0.548,14,6,basic,0
acct_563,2026-04-01,738,0,44,0.572,15,6,basic,0
acct_563,2026-05-01,736,3,51,0.735,9,6,basic,0
acct_563,2026-06-01,699,0,41,0.733,1,6,basic,0
acct_563,2026-07-01,758,3,56,0.714,5,6,basic,0
acct_563,2026-08-01,777,6,50,0.722,5,6,basic,0
acct_563,2026-09-01,791,4,53,0.737,9,6,basic,1
acct_563,2026-10-01,781,2,46,0.583,11,6,basic,0
acct_563,2026-11-01,798,7,37,0.851,15,6,basic,0
acct_563,2026-12-01,783,7,50,0.531,17,6,basic,0
acct_564,2026-01-01,997,6,50,0.742,12,5,pro,0
acct_564,2026-02-01,968,2,48,0.702,9,5,pro,0
acct_564,2026-03-01,857,5,38,0.533,12,5,pro,1
acct_564,2026-04-01,783,8,30,0.615,14,5,pro,0
acct_564,2026-05-01,691,3,41,0.375,14,5,pro,0
acct_564,2026-06-01,637,4,41,0.532,16,5,pro,1
acct_564,2026-07-01,474,3,22,0.263,9,5,pro,0
acct_564,2026-08-01,401,10,29,0.322,18,5,pro,0
acct_564,2026-09-01,306,10,19,0.173,17,5,pro,0
acct_564,2026-10-01,228,7,6,0.217,17,5,pro,0
acct_564,2026-11-01,64,5,21,0.236,17,5,pro,0
acct_564,2026-12-01,4,5,15,0.256,18,5,pro,1
acct_565,2026-01-01,994,1,31,0.569,3,8,basic,0
acct_565,2026-02-01,953,7,21,0.386,10,8,basic,0
acct_565,2026-03-01,993,4,16,0.448,10,8,basic,1
acct_565,2026-04-01,950,3,31,0.427,13,8,basic,0
acct_565,2026-05-01,978,0,36,0.516,8,8,basic,1
acct_565,2026-06-01,927,7,12,0.313,7,8,basic,0
acct_565,2026-07-01,938,7,31,0.316,10,8,basic,0
acct_565,2026-08-01,923,2,26,0.517,1,8,basic,0
acct_565,2026-09-01,941,0,16,0.212,14,8,basic,0
acct_565,2026-10-01,929,7,29,0.495,13,8,basic,0
acct_565,2026-11-01,923,7,31,0.528,8,8,basic,0
acct_565,2026-12-01,935,1,15,0.393,16,8,basic,1
acct_566,2026-01-01,697,5,33,0.612,12,11,pro,0
acct_566,2026-02-01,691,3,38,0.71,5,11,pro,0
acct_566,2026-03-01,703,1,48,0.469,16,11,pro,0
acct_566,2026-04-01,684,5,39,0.603,3,11,pro,0
acct_566,2026-05-01,695,3,36,0.473,11,11,pro,1
acct_566,2026-06-01,665,7,40,0.623,10,11,pro,0
acct_566,2026-07-01,718,4,30,0.584,11,11,pro,0
acct_566,2026-08-01,671,0,37,0.445,4,11,pro,0
acct_566,2026-09-01,675,0,33,0.527,7,11,pro,0
acct_566,2026-10-01,680,2,38,0.54,16,11,pro,0
acct_566,2026-11-01,714,5,35,0.671,2,11,pro,0
acct_566,2026-12-01,667,6,30,0.559,4,11,pro,0
acct_567,2026-01-01,567,9,26,0.543,5,13,enterprise,0
acct_567,2026-02-01,541,9,28,0.53,1,13,enterprise,0
acct_567,2026-03-01,473,6,29,0.62,10,13,enterprise,0
acct_567,2026-04-01,427,5,25,0.389,7,13,enterprise,0
acct_567,2026-05-01,416,3,30,0.358,11,13,enterprise,0
acct_567,2026-06-01,375,8,26,0.323,19,13,enterprise,0
acct_567,2026-07-01,300,4,18,0.257,12,13,enterprise,0
acct_567,2026-08-01,291,3,15,0.241,8,13,enterprise,0
acct_567,2026-09-01,267,3,17,0.207,12,13,enterprise,0
acct_567,2026-10-01,211,9,15,0.367,20,13,enterprise,1
acct_567,2026-11-01,163,6,4,0.179,11,13,enterprise,0
acct_567,2026-12-01,93,4,17,0.0,13,13,enterprise,0
acct_568,2026-01-01,908,3,57,0.415,6,34,pro,0
acct_568,2026-02-01,891,4,54,0.475,1,34,pro,0
acct_568,2026-03-01,878,2,53,0.53,8,34,pro,0
acct_568,2026-04-01,906,7,55,0.435,14,34,pro,0
acct_568,2026-05-01,926,7,59,0.387,10,34,pro,0
acct_568,2026-06-01,891,6,58,0.447,12,34,pro,0
acct_568,2026-07-01,866,2,62,0.525,10,34,pro,0
acct_568,2026-08-01,897,3,54,0.291,10,34,pro,1
acct_568,2026-09-01,877,4,60,0.495,9,34,pro,0
acct_568,2026-10-01,880,7,46,0.31,14,34,pro,0
acct_568,2026-11-01,901,3,67,0.464,8,34,pro,0
acct_568,2026-12-01,870,7,44,0.525,9,34,pro,0
acct_569,2026-01-01,447,1,43,0.745,6,10,enterprise,0
acct_569,2026-02-01,488,5,27,0.719,8,10,enterprise,0
acct_569,2026-03-01,494,0,31,0.749,5,10,enterprise,0
acct_569,2026-04-01,467,5,22,0.793,11,10,enterprise,0
acct_569,2026-05-01,492,4,23,0.719,10,10,enterprise,0
acct_569,2026-06-01,515,5,37,0.732,14,10,enterprise,0
acct_569,2026-07-01,491,5,41,0.796,6,10,enterprise,0
acct_569,2026-08-01,516,5,29,0.82,7,10,enterprise,0
acct_569,2026-09-01,492,1,32,0.859,5,10,enterprise,0
acct_569,2026-10-01,503,4,32,0.838,5,10,enterprise,0
acct_569,2026-11-01,507,0,34,0.694,9,10,enterprise,0
acct_569,2026-12-01,487,6,33,0.803,15,10,enterprise,0
acct_570,2026-01-01,496,7,16,0.42,7,6,pro,0
acct_570,2026-02-01,482,0,29,0.558,13,6,pro,0
acct_570,2026-03-01,510,2,32,0.501,11,6,pro,0
acct_570,2026-04-01,488,7,15,0.435,15,6,pro,0
acct_570,2026-05-01,479,2,14,0.491,11,6,pro,0
acct_570,2026-06-01,485,4,13,0.341,0,6,pro,0
acct_570,2026-07-01,471,0,27,0.517,15,6,pro,0
acct_570,2026-08-01,465,0,22,0.469,8,6,pro,0
acct_570,2026-09-01,468,6,18,0.473,14,6,pro,0
acct_570,2026-10-01,468,1,27,0.503,15,6,pro,0
acct_570,2026-11-01,448,7,23,0.257,2,6,pro,0
acct_570,2026-12-01,418,3,22,0.413,13,6,pro,1
acct_571,2026-01-01,1153,3,41,0.423,3,13,basic,0
acct_571,2026-02-01,1173,2,32,0.565,1,13,basic,0
acct_571,2026-03-01,1153,4,38,0.544,8,13,basic,0
acct_571,2026-04-01,1126,0,39,0.666,13,13,basic,0
acct_571,2026-05-01,1175,4,43,0.802,10,13,basic,0
acct_571,2026-06-01,1170,7,43,0.763,7,13,basic,0
acct_571,2026-07-01,1172,0,35,0.611,0,13,basic,0
acct_571,2026-08-01,1214,5,49,0.76,10,13,basic,1
acct_571,2026-09-01,1265,4,32,0.638,4,13,basic,0
acct_571,2026-10-01,1157,1,41,0.832,8,13,basic,0
acct_571,2026-11-01,1237,5,39,0.791,1,13,basic,0
acct_571,2026-12-01,1219,3,29,0.725,8,13,basic,0
acct_572,2026-01-01,1116,7,36,0.466,6,31,pro,0
acct_572,2026-02-01,1129,7,46,0.294,13,31,pro,0
acct_572,2026-03-01,1154,2,38,0.269,4,31,pro,0
acct_572,2026-04-01,1153,0,33,0.28,2,31,pro,0
acct_572,2026-05-01,1171,6,36,0.389,11,31,pro,0
acct_572,2026-06-01,1190,5,35,0.43,4,31,pro,0
acct_572,2026-07-01,1207,7,36,0.43,9,31,pro,0
acct_572,2026-08-01,1218,6,52,0.484,13,31,pro,0
acct_572,2026-09-01,1218,4,44,0.3,12,31,pro,0
acct_572,2026-10-01,1249,7,40,0.372,9,31,pro,0
acct_572,2026-11-01,1254,5,38,0.465,11,31,pro,0
acct_572,2026-12-01,1300,5,36,0.446,8,31,pro,0
acct_573,2026-01-01,795,0,59,0.556,5,5,enterprise,0
acct_573,2026-02-01,834,6,49,0.637,4,5,enterprise,0
acct_573,2026-03-01,802,7,41,0.819,4,5,enterprise,1
acct_573,2026-04-01,822,5,47,0.629,3,5,enterprise,0
acct_573,2026-05-01,810,0,41,0.607,4,5,enterprise,0
acct_573,2026-06-01,847,2,51,0.685,8,5,enterprise,0
acct_573,2026-07-01,857,1,48,0.743,14,5,enterprise,0
acct_573,2026-08-01,861,6,56,0.708,9,5,enterprise,0
acct_573,2026-09-01,868,4,53,0.927,4,5,enterprise,0
acct_573,2026-10-01,858,3,56,0.656,6,5,enterprise,1
acct_573,2026-11-01,900,6,53,0.613,2,5,enterprise,1
acct_573,2026-12-01,913,3,49,0.545,12,5,enterprise,0
acct_574,2026-01-01,583,1,9,0.442,4,10,pro,0
acct_574,2026-02-01,588,2,9,0.453,5,10,pro,1
acct_574,2026-03-01,593,7,25,0.608,4,10,pro,0
acct_574,2026-04-01,580,3,19,0.25,6,10,pro,0
acct_574,2026-05-01,574,6,7,0.498,5,10,pro,0
acct_574,2026-06-01,607,7,14,0.472,6,10,pro,0
acct_574,2026-07-01,637,1,14,0.351,0,10,pro,0
acct_574,2026-08-01,596,1,3,0.517,5,10,pro,0
acct_574,2026-09-01,630,4,19,0.372,13,10,pro,0
acct_574,2026-10-01,637,4,24,0.404,9,10,pro,0
acct_574,2026-11-01,628,1,12,0.504,2,10,pro,0
acct_574,2026-12-01,645,0,14,0.466,4,10,pro,0
acct_575,2026-01-01,461,0,50,0.414,11,27,enterprise,0
acct_575,2026-02-01,462,4,47,0.505,9,27,enterprise,0
acct_575,2026-03-01,485,7,47,0.284,1,27,enterprise,0
acct_575,2026-04-01,460,1,40,0.369,13,27,enterprise,0
acct_575,2026-05-01,451,6,58,0.365,12,27,enterprise,0
acct_575,2026-06-01,453,2,47,0.274,5,27,enterprise,0
acct_575,2026-07-01,437,5,41,0.448,13,27,enterprise,0
acct_575,2026-08-01,437,2,42,0.364,13,27,enterprise,0
acct_575,2026-09-01,440,7,55,0.308,12,27,enterprise,0
acct_575,2026-10-01,449,1,42,0.104,13,27,enterprise,0
acct_575,2026-11-01,398,2,41,0.31,6,27,enterprise,0
acct_575,2026-12-01,403,4,37,0.373,4,27,enterprise,0
acct_576,2026-01-01,562,5,35,0.507,6,30,pro,0
acct_576,2026-02-01,610,5,62,0.598,8,30,pro,1
acct_576,2026-03-01,589,5,42,0.721,0,30,pro,1
acct_576,2026-04-01,568,7,52,0.491,12,30,pro,0
acct_576,2026-05-01,558,5,47,0.508,0,30,pro,0
acct_576,2026-06-01,629,3,43,0.452,7,30,pro,0
acct_576,2026-07-01,615,6,51,0.564,13,30,pro,0
acct_576,2026-08-01,594,0,41,0.468,14,30,pro,0
acct_576,2026-09-01,609,3,28,0.608,6,30,pro,0
acct_576,2026-10-01,613,7,56,0.43,8,30,pro,0
acct_576,2026-11-01,608,3,55,0.387,1,30,pro,0
acct_576,2026-12-01,575,0,37,0.447,4,30,pro,0
acct_577,2026-01-01,731,7,61,0.077,0,16,enterprise,0
acct_577,2026-02-01,655,7,50,0.247,8,16,enterprise,0
acct_577,2026-03-01,619,9,51,0.203,11,16,enterprise,0
acct_577,2026-04-01,602,4,46,0.051,16,16,enterprise,0
acct_577,2026-05-01,508,2,42,0.056,2,16,enterprise,0
acct_577,2026-06-01,480,2,45,0.122,18,16,enterprise,0
acct_577,2026-07-01,455,5,39,0.0,16,16,enterprise,0
acct_577,2026-08-01,421,3,35,0.068,12,16,enterprise,0
acct_577,2026-09-01,351,4,36,0.0,22,16,enterprise,1
acct_577,2026-10-01,331,5,42,0.0,18,16,enterprise,0
acct_577,2026-11-01,301,7,28,0.0,22,16,enterprise,0
acct_577,2026-12-01,247,3,22,0.068,15,16,enterprise,0
acct_578,2026-01-01,633,0,20,0.754,3,29,enterprise,0
acct_578,2026-02-01,629,7,15,0.882,2,29,enterprise,0
acct_578,2026-03-01,630,1,23,0.759,6,29,enterprise,0
acct_578,2026-04-01,655,6,18,0.705,14,29,enterprise,0
acct_578,2026-05-01,626,7,12,0.671,10,29,enterprise,0
acct_578,2026-06-01,630,6,8,0.747,4,29,enterprise,0
acct_578,2026-07-01,584,2,6,0.718,2,29,enterprise,0
acct_578,2026-08-01,605,0,19,0.486,0,29,enterprise,0
acct_578,2026-09-01,620,1,18,0.802,13,29,enterprise,1
acct_578,2026-10-01,611,3,7,0.838,2,29,enterprise,0
acct_578,2026-11-01,653,1,6,0.809,10,29,enterprise,0
acct_578,2026-12-01,601,0,0,0.874,7,29,enterprise,0
acct_579,2026-01-01,713,2,28,0.422,8,15,basic,0
acct_579,2026-02-01,695,2,15,0.36,16,15,basic,0
acct_579,2026-03-01,586,9,21,0.375,4,15,basic,1
acct_579,2026-04-01,484,6,28,0.229,12,15,basic,1
acct_579,2026-05-01,399,3,22,0.111,14,15,basic,0
acct_579,2026-06-01,356,7,10,0.245,7,15,basic,1
acct_579,2026-07-01,231,3,15,0.158,17,15,basic,0
acct_579,2026-08-01,163,7,2,0.221,15,15,basic,0
acct_579,2026-09-01,138,7,6,0.0,12,15,basic,0
acct_579,2026-10-01,34,6,0,0.144,23,15,basic,0
acct_579,2026-11-01,0,3,5,0.0,17,15,basic,0
acct_579,2026-12-01,0,3,4,0.0,18,15,basic,0
acct_580,2026-01-01,570,5,47,0.645,12,29,pro,0
acct_580,2026-02-01,586,3,48,0.718,13,29,pro,0
acct_580,2026-03-01,569,3,48,0.434,12,29,pro,0
acct_580,2026-04-01,594,6,48,0.452,15,29,pro,0
acct_580,2026-05-01,611,7,51,0.633,5,29,pro,0
acct_580,2026-06-01,602,6,53,0.584,2,29,pro,0
acct_580,2026-07-01,595,0,52,0.59,7,29,pro,1
acct_580,2026-08-01,588,3,51,0.714,7,29,pro,0
acct_580,2026-09-01,618,2,50,0.621,15,29,pro,0
acct_580,2026-10-01,612,2,52,0.73,0,29,pro,0
acct_580,2026-11-01,615,6,51,0.682,5,29,pro,0
acct_580,2026-12-01,637,0,40,0.703,6,29,pro,0
acct_581,2026-01-01,921,7,39,0.477,14,38,basic,0
acct_581,2026-02-01,926,2,35,0.542,9,38,basic,0
acct_581,2026-03-01,927,0,30,0.426,2,38,basic,0
acct_581,2026-04-01,909,5,29,0.661,3,38,basic,1
acct_581,2026-05-01,938,5,28,0.621,4,38,basic,0
acct_581,2026-06-01,936,1,29,0.638,7,38,basic,1
acct_581,2026-07-01,959,1,32,0.526,12,38,basic,1
acct_581,2026-08-01,908,3,29,0.766,16,38,basic,1
acct_581,2026-09-01,1000,1,24,0.573,2,38,basic,0
acct_581,2026-10-01,969,4,22,0.46,8,38,basic,1
acct_581,2026-11-01,925,6,24,0.481,16,38,basic,0
acct_581,2026-12-01,928,0,29,0.583,13,38,basic,0
acct_582,2026-01-01,911,1,35,0.694,9,4,basic,1
acct_582,2026-02-01,925,6,36,0.642,6,4,basic,0
acct_582,2026-03-01,847,2,34,0.762,13,4,basic,0
acct_582,2026-04-01,941,1,39,0.829,5,4,basic,0
acct_582,2026-05-01,944,6,30,1.0,6,4,basic,0
acct_582,2026-06-01,911,1,28,0.857,3,4,basic,0
acct_582,2026-07-01,885,7,25,0.861,11,4,basic,0
acct_582,2026-08-01,878,3,41,0.834,8,4,basic,1
acct_582,2026-09-01,999,2,32,0.799,0,4,basic,0
acct_582,2026-10-01,940,3,33,0.833,1,4,basic,0
acct_582,2026-11-01,950,5,38,1.0,1,4,basic,0
acct_582,2026-12-01,944,7,32,0.722,10,4,basic,0
acct_583,2026-01-01,1064,3,43,0.252,9,6,basic,0
acct_583,2026-02-01,976,5,33,0.399,2,6,basic,0
acct_583,2026-03-01,923,5,38,0.356,9,6,basic,0
acct_583,2026-04-01,847,2,32,0.393,5,6,basic,0
acct_583,2026-05-01,814,2,28,0.271,14,6,basic,0
acct_583,2026-06-01,772,5,18,0.285,19,6,basic,0
acct_583,2026-07-01,672,9,27,0.321,9,6,basic,0
acct_583,2026-08-01,582,8,15,0.322,12,6,basic,0
acct_583,2026-09-01,589,5,26,0.04,10,6,basic,0
acct_583,2026-10-01,440,8,15,0.08,12,6,basic,0
acct_583,2026-11-01,402,8,25,0.043,15,6,basic,0
acct_583,2026-12-01,414,6,17,0.067,23,6,basic,0
acct_584,2026-01-01,633,0,32,0.585,1,38,pro,1
acct_584,2026-02-01,623,2,40,0.578,11,38,pro,0
acct_584,2026-03-01,650,3,32,0.479,0,38,pro,0
acct_584,2026-04-01,641,2,36,0.258,11,38,pro,0
acct_584,2026-05-01,646,7,29,0.694,3,38,pro,0
acct_584,2026-06-01,635,0,30,0.652,14,38,pro,0
acct_584,2026-07-01,619,5,31,0.552,11,38,pro,0
acct_584,2026-08-01,626,4,36,0.612,2,38,pro,0
acct_584,2026-09-01,652,3,49,0.67,11,38,pro,0
acct_584,2026-10-01,680,6,42,0.534,8,38,pro,0
acct_584,2026-11-01,622,0,31,0.535,6,38,pro,0
acct_584,2026-12-01,661,3,37,0.447,12,38,pro,0
acct_585,2026-01-01,717,4,41,0.678,5,34,enterprise,0
acct_585,2026-02-01,722,2,39,0.716,11,34,enterprise,0
acct_585,2026-03-01,716,6,41,0.783,7,34,enterprise,0
acct_585,2026-04-01,751,0,44,0.829,4,34,enterprise,1
acct_585,2026-05-01,734,6,39,0.603,4,34,enterprise,0
acct_585,2026-06-01,757,2,41,0.691,4,34,enterprise,0
acct_585,2026-07-01,732,6,41,0.782,10,34,enterprise,0
acct_585,2026-08-01,773,3,33,0.806,6,34,enterprise,0
acct_585,2026-09-01,753,0,56,0.668,8,34,enterprise,0
acct_585,2026-10-01,831,4,46,0.615,6,34,enterprise,1
acct_585,2026-11-01,742,4,49,0.845,6,34,enterprise,0
acct_585,2026-12-01,774,0,49,0.766,2,34,enterprise,1
acct_586,2026-01-01,1016,2,54,0.349,8,22,pro,0
acct_586,2026-02-01,957,7,52,0.341,12,22,pro,0
acct_586,2026-03-01,1034,5,52,0.431,10,22,pro,0
acct_586,2026-04-01,990,0,55,0.49,10,22,pro,0
acct_586,2026-05-01,1080,3,56,0.751,4,22,pro,0
acct_586,2026-06-01,1024,1,68,0.558,16,22,pro,0
acct_586,2026-07-01,1045,1,50,0.42,1,22,pro,0
acct_586,2026-08-01,1023,2,67,0.412,12,22,pro,0
acct_586,2026-09-01,1066,0,49,0.532,5,22,pro,0
acct_586,2026-10-01,1061,7,64,0.512,2,22,pro,0
acct_586,2026-11-01,1061,1,57,0.556,7,22,pro,0
acct_586,2026-12-01,1075,7,60,0.516,5,22,pro,0
acct_587,2026-01-01,481,1,51,0.241,8,32,pro,0
acct_587,2026-02-01,504,5,28,0.12,9,32,pro,0
acct_587,2026-03-01,496,4,42,0.431,0,32,pro,0
acct_587,2026-04-01,480,6,54,0.26,6,32,pro,1
acct_587,2026-05-01,490,6,39,0.251,7,32,pro,0
acct_587,2026-06-01,459,5,27,0.357,9,32,pro,1
acct_587,2026-07-01,501,3,40,0.324,0,32,pro,0
acct_587,2026-08-01,487,7,46,0.268,11,32,pro,0
acct_587,2026-09-01,479,3,49,0.292,8,32,pro,0
acct_587,2026-10-01,486,0,45,0.316,14,32,pro,0
acct_587,2026-11-01,494,5,44,0.391,7,32,pro,0
acct_587,2026-12-01,484,2,41,0.421,3,32,pro,0
acct_588,2026-01-01,562,6,45,0.46,12,19,basic,0
acct_588,2026-02-01,536,3,42,0.282,5,19,basic,0
acct_588,2026-03-01,585,0,38,0.287,14,19,basic,0
acct_588,2026-04-01,605,0,27,0.284,15,19,basic,0
acct_588,2026-05-01,582,4,38,0.184,15,19,basic,0
acct_588,2026-06-01,559,3,36,0.316,13,19,basic,0
acct_588,2026-07-01,581,3,40,0.21,3,19,basic,0
acct_588,2026-08-01,613,6,25,0.547,9,19,basic,0
acct_588,2026-09-01,585,5,37,0.408,3,19,basic,0
acct_588,2026-10-01,564,7,37,0.351,2,19,basic,0
acct_588,2026-11-01,598,2,40,0.311,16,19,basic,0
acct_588,2026-12-01,603,1,47,0.556,15,19,basic,0
acct_589,2026-01-01,698,3,17,0.63,14,17,basic,0
acct_589,2026-02-01,650,3,2,0.495,7,17,basic,0
acct_589,2026-03-01,581,7,11,0.662,10,17,basic,0
acct_589,2026-04-01,559,8,12,0.336,9,17,basic,0
acct_589,2026-05-01,476,8,2,0.58,11,17,basic,0
acct_589,2026-06-01,396,9,8,0.417,10,17,basic,0
acct_589,2026-07-01,363,5,5,0.564,15,17,basic,0
acct_589,2026-08-01,310,9,8,0.503,9,17,basic,0
acct_589,2026-09-01,235,9,4,0.377,12,17,basic,0
acct_589,2026-10-01,152,10,6,0.197,11,17,basic,1
acct_589,2026-11-01,94,10,17,0.252,16,17,basic,0
acct_589,2026-12-01,43,10,0,0.2,12,17,basic,0
acct_590,2026-01-01,823,6,22,0.713,10,30,pro,0
acct_590,2026-02-01,876,1,16,0.745,12,30,pro,0
acct_590,2026-03-01,783,5,12,0.707,14,30,pro,0
acct_590,2026-04-01,813,7,19,0.756,8,30,pro,0
acct_590,2026-05-01,885,4,18,0.607,11,30,pro,0
acct_590,2026-06-01,851,0,16,0.643,7,30,pro,0
acct_590,2026-07-01,803,5,26,0.666,11,30,pro,0
acct_590,2026-08-01,876,6,20,0.691,6,30,pro,0
acct_590,2026-09-01,859,4,14,0.861,9,30,pro,0
acct_590,2026-10-01,860,6,4,0.738,4,30,pro,0
acct_590,2026-11-01,895,5,27,0.702,9,30,pro,0
acct_590,2026-12-01,855,1,12,0.661,11,30,pro,1
acct_591,2026-01-01,636,4,54,0.372,5,2,pro,0
acct_591,2026-02-01,554,8,53,0.317,13,2,pro,0
acct_591,2026-03-01,495,5,50,0.334,7,2,pro,0
acct_591,2026-04-01,406,6,44,0.301,9,2,pro,0
acct_591,2026-05-01,415,4,34,0.344,14,2,pro,0
acct_591,2026-06-01,289,8,30,0.159,9,2,pro,0
acct_591,2026-07-01,229,4,12,0.219,12,2,pro,0
acct_591,2026-08-01,178,4,24,0.129,17,2,pro,0
acct_591,2026-09-01,120,7,18,0.122,16,2,pro,0
acct_591,2026-10-01,53,5,11,0.0,13,2,pro,1
acct_591,2026-11-01,0,9,0,0.0,16,2,pro,0
acct_591,2026-12-01,0,5,0,0.0,13,2,pro,0
acct_592,2026-01-01,679,4,34,0.137,14,20,enterprise,0
acct_592,2026-02-01,624,8,39,0.112,5,20,enterprise,0
acct_592,2026-03-01,557,9,51,0.114,12,20,enterprise,0
acct_592,2026-04-01,564,6,32,0.241,7,20,enterprise,0
acct_592,2026-05-01,482,9,26,0.189,8,20,enterprise,0
acct_592,2026-06-01,427,9,23,0.064,13,20,enterprise,0
acct_592,2026-07-01,395,3,28,0.0,16,20,enterprise,0
acct_592,2026-08-01,328,9,29,0.0,21,20,enterprise,0
acct_592,2026-09-01,253,10,13,0.0,17,20,enterprise,0
acct_592,2026-10-01,193,10,17,0.0,18,20,enterprise,0
acct_592,2026-11-01,132,6,2,0.0,8,20,enterprise,0
acct_592,2026-12-01,62,8,21,0.0,9,20,enterprise,0
acct_593,2026-01-01,633,2,20,0.642,4,13,enterprise,0
acct_593,2026-02-01,577,4,18,0.522,3,13,enterprise,0
acct_593,2026-03-01,516,6,21,0.487,7,13,enterprise,0
acct_593,2026-04-01,435,3,25,0.545,8,13,enterprise,0
acct_593,2026-05-01,369,3,31,0.255,6,13,enterprise,0
acct_593,2026-06-01,320,5,12,0.415,10,13,enterprise,1
acct_593,2026-07-01,299,4,12,0.267,17,13,enterprise,0
acct_593,2026-08-01,196,9,1,0.413,14,13,enterprise,1
acct_593,2026-09-01,158,10,5,0.207,15,13,enterprise,0
acct_593,2026-10-01,91,6,0,0.178,15,13,enterprise,0
acct_593,2026-11-01,60,8,8,0.0,24,13,enterprise,0
acct_593,2026-12-01,0,5,8,0.0,19,13,enterprise,0
acct_594,2026-01-01,593,9,23,0.27,4,13,basic,1
acct_594,2026-02-01,581,6,21,0.056,14,13,basic,0
acct_594,2026-03-01,497,8,34,0.138,7,13,basic,0
acct_594,2026-04-01,458,3,30,0.143,15,13,basic,0
acct_594,2026-05-01,391,5,26,0.045,15,13,basic,0
acct_594,2026-06-01,388,8,18,0.0,13,13,basic,0
acct_594,2026-07-01,313,8,7,0.139,17,13,basic,0
acct_594,2026-08-01,251,6,11,0.037,20,13,basic,0
acct_594,2026-09-01,201,8,14,0.0,10,13,basic,0
acct_594,2026-10-01,156,4,8,0.0,17,13,basic,0
acct_594,2026-11-01,74,7,5,0.0,22,13,basic,0
acct_594,2026-12-01,49,4,9,0.0,12,13,basic,0
acct_595,2026-01-01,1012,6,34,0.227,14,7,basic,0
acct_595,2026-02-01,1008,4,42,0.228,8,7,basic,0
acct_595,2026-03-01,1031,1,39,0.254,6,7,basic,0
acct_595,2026-04-01,1054,3,46,0.091,4,7,basic,0
acct_595,2026-05-01,987,0,45,0.341,6,7,basic,0
acct_595,2026-06-01,993,3,46,0.238,10,7,basic,0
acct_595,2026-07-01,1039,5,43,0.169,6,7,basic,0
acct_595,2026-08-01,1061,5,43,0.426,13,7,basic,0
acct_595,2026-09-01,1071,3,48,0.269,5,7,basic,0
acct_595,2026-10-01,1055,1,46,0.337,12,7,basic,0
acct_595,2026-11-01,1035,0,53,0.272,12,7,basic,0
acct_595,2026-12-01,1020,6,43,0.395,14,7,basic,1
acct_596,2026-01-01,436,4,39,0.524,11,11,pro,0
acct_596,2026-02-01,428,7,31,0.769,17,11,pro,0
acct_596,2026-03-01,439,5,41,0.552,3,11,pro,1
acct_596,2026-04-01,422,4,29,0.455,14,11,pro,0
acct_596,2026-05-01,439,2,38,0.739,7,11,pro,0
acct_596,2026-06-01,428,0,37,0.678,5,11,pro,1
acct_596,2026-07-01,452,4,36,0.564,10,11,pro,0
acct_596,2026-08-01,459,0,36,0.619,13,11,pro,0
acct_596,2026-09-01,478,6,45,0.717,7,11,pro,0
acct_596,2026-10-01,462,5,37,0.589,2,11,pro,0
acct_596,2026-11-01,461,3,35,0.651,5,11,pro,0
acct_596,2026-12-01,465,6,36,0.801,15,11,pro,0
acct_597,2026-01-01,1002,5,36,0.634,11,14,enterprise,0
acct_597,2026-02-01,1094,3,22,0.728,4,14,enterprise,0
acct_597,2026-03-01,1051,6,15,0.494,0,14,enterprise,0
acct_597,2026-04-01,1081,0,27,0.727,11,14,enterprise,1
acct_597,2026-05-01,1104,1,21,0.777,11,14,enterprise,0
acct_597,2026-06-01,1189,1,31,0.829,16,14,enterprise,1
acct_597,2026-07-01,1139,5,23,0.694,0,14,enterprise,0
acct_597,2026-08-01,1077,6,33,0.749,12,14,enterprise,0
acct_597,2026-09-01,1159,0,26,0.592,17,14,enterprise,0
acct_597,2026-10-01,1135,1,36,0.679,10,14,enterprise,0
acct_597,2026-11-01,1121,6,17,0.734,8,14,enterprise,0
acct_597,2026-12-01,1134,4,27,0.709,12,14,enterprise,0
acct_598,2026-01-01,1104,9,55,0.316,12,20,basic,0
acct_598,2026-02-01,1028,4,54,0.222,4,20,basic,0
acct_598,2026-03-01,978,5,49,0.196,4,20,basic,0
acct_598,2026-04-01,903,3,48,0.255,10,20,basic,0
acct_598,2026-05-01,821,2,43,0.091,8,20,basic,0
acct_598,2026-06-01,829,8,37,0.0,12,20,basic,0
acct_598,2026-07-01,634,7,38,0.084,19,20,basic,0
acct_598,2026-08-01,624,3,27,0.042,18,20,basic,1
acct_598,2026-09-01,598,6,22,0.143,14,20,basic,0
acct_598,2026-10-01,489,3,31,0.154,22,20,basic,0
acct_598,2026-11-01,423,3,14,0.0,25,20,basic,0
acct_598,2026-12-01,384,5,31,0.0,18,20,basic,1
acct_599,2026-01-01,541,2,55,0.435,12,24,enterprise,0
acct_599,2026-02-01,540,7,62,0.43,16,24,enterprise,0
acct_599,2026-03-01,548,5,54,0.444,14,24,enterprise,0
acct_599,2026-04-01,566,1,64,0.398,11,24,enterprise,1
acct_599,2026-05-01,537,5,67,0.239,10,24,enterprise,0
acct_599,2026-06-01,561,0,54,0.399,8,24,enterprise,0
acct_599,2026-07-01,599,4,48,0.327,10,24,enterprise,1
acct_599,2026-08-01,603,2,44,0.422,7,24,enterprise,0
acct_599,2026-09-01,579,2,61,0.456,2,24,enterprise,1
acct_599,2026-10-01,564,2,57,0.52,6,24,enterprise,0
acct_599,2026-11-01,598,4,67,0.529,8,24,enterprise,0
acct_599,2026-12-01,588,4,64,0.403,9,24,enterprise,0
acct_600,2026-01-01,750,6,40,0.154,3,19,basic,0
acct_600,2026-02-01,705,6,25,0.236,10,19,basic,0
acct_600,2026-03-01,616,4,41,0.188,4,19,basic,0
acct_600,2026-04-01,567,6,35,0.128,2,19,basic,0
acct_600,2026-05-01,459,6,28,0.043,16,19,basic,0
acct_600,2026-06-01,355,4,19,0.0,7,19,basic,0
acct_600,2026-07-01,331,2,20,0.142,8,19,basic,0
acct_600,2026-08-01,233,4,12,0.0,11,19,basic,0
acct_600,2026-09-01,198,4,1,0.0,17,19,basic,0
acct_600,2026-10-01,112,4,9,0.0,14,19,basic,0
acct_600,2026-11-01,37,3,25,0.0,22,19,basic,0
acct_600,2026-12-01,0,9,7,0.0,11,19,basic,0
acct_601,2026-01-01,818,7,23,0.502,7,13,basic,0
acct_601,2026-02-01,787,2,44,0.426,12,13,basic,0
acct_601,2026-03-01,726,8,19,0.566,4,13,basic,0
acct_601,2026-04-01,607,9,20,0.388,6,13,basic,0
acct_601,2026-05-01,581,2,23,0.446,9,13,basic,0
acct_601,2026-06-01,405,4,23,0.251,6,13,basic,0
acct_601,2026-07-01,376,4,27,0.189,20,13,basic,0
acct_601,2026-08-01,342,10,7,0.202,18,13,basic,1
acct_601,2026-09-01,181,4,17,0.119,10,13,basic,1
acct_601,2026-10-01,118,5,11,0.041,17,13,basic,0
acct_601,2026-11-01,72,7,0,0.03,21,13,basic,0
acct_601,2026-12-01,69,3,0,0.0,17,13,basic,0
acct_602,2026-01-01,1178,6,39,0.34,1,36,pro,0
acct_602,2026-02-01,1155,0,38,0.338,10,36,pro,0
acct_602,2026-03-01,1214,7,37,0.217,13,36,pro,0
acct_602,2026-04-01,1236,6,45,0.359,11,36,pro,0
acct_602,2026-05-01,1181,3,44,0.333,0,36,pro,0
acct_602,2026-06-01,1181,2,39,0.371,15,36,pro,0
acct_602,2026-07-01,1102,7,33,0.355,16,36,pro,0
acct_602,2026-08-01,1106,5,33,0.385,9,36,pro,0
acct_602,2026-09-01,1107,0,32,0.353,1,36,pro,0
acct_602,2026-10-01,1154,4,33,0.323,9,36,pro,0
acct_602,2026-11-01,1166,1,34,0.464,6,36,pro,0
acct_602,2026-12-01,1112,7,38,0.371,9,36,pro,1
acct_603,2026-01-01,420,3,26,0.681,8,7,pro,0
acct_603,2026-02-01,399,6,38,0.658,2,7,pro,0
acct_603,2026-03-01,377,8,30,0.517,5,7,pro,0
acct_603,2026-04-01,351,4,30,0.659,15,7,pro,0
acct_603,2026-05-01,343,2,28,0.588,12,7,pro,0
acct_603,2026-06-01,329,2,19,0.435,9,7,pro,0
acct_603,2026-07-01,296,8,28,0.542,16,7,pro,0
acct_603,2026-08-01,258,6,22,0.544,10,7,pro,0
acct_603,2026-09-01,221,9,25,0.503,15,7,pro,0
acct_603,2026-10-01,244,9,16,0.405,19,7,pro,1
acct_603,2026-11-01,175,3,17,0.431,8,7,pro,0
acct_603,2026-12-01,167,4,17,0.335,24,7,pro,0
acct_604,2026-01-01,765,4,47,0.359,9,13,pro,1
acct_604,2026-02-01,815,5,36,0.596,16,13,pro,1
acct_604,2026-03-01,774,0,43,0.517,11,13,pro,0
acct_604,2026-04-01,747,2,39,0.455,17,13,pro,0
acct_604,2026-05-01,790,2,36,0.511,6,13,pro,1
acct_604,2026-06-01,790,3,40,0.446,8,13,pro,0
acct_604,2026-07-01,833,0,42,0.352,5,13,pro,0
acct_604,2026-08-01,848,3,46,0.498,6,13,pro,1
acct_604,2026-09-01,780,0,46,0.581,11,13,pro,0
acct_604,2026-10-01,834,7,46,0.527,13,13,pro,0
acct_604,2026-11-01,861,4,55,0.519,4,13,pro,0
acct_604,2026-12-01,851,3,29,0.364,16,13,pro,0
acct_605,2026-01-01,714,4,16,0.744,8,27,pro,0
acct_605,2026-02-01,731,2,10,0.604,9,27,pro,1
acct_605,2026-03-01,696,6,9,0.631,11,27,pro,0
acct_605,2026-04-01,722,2,15,0.749,12,27,pro,0
acct_605,2026-05-01,704,0,8,0.788,6,27,pro,0
acct_605,2026-06-01,738,6,3,0.666,11,27,pro,0
acct_605,2026-07-01,784,7,12,0.592,12,27,pro,0
acct_605,2026-08-01,755,5,13,0.724,14,27,pro,0
acct_605,2026-09-01,765,3,19,0.727,17,27,pro,0
acct_605,2026-10-01,749,1,11,0.633,11,27,pro,0
acct_605,2026-11-01,763,1,10,0.568,2,27,pro,0
acct_605,2026-12-01,742,0,8,0.604,10,27,pro,0
acct_606,2026-01-01,1058,1,46,0.669,4,38,pro,0
acct_606,2026-02-01,1018,4,43,0.773,12,38,pro,0
acct_606,2026-03-01,1079,4,50,0.808,2,38,pro,0
acct_606,2026-04-01,1024,4,38,0.85,1,38,pro,0
acct_606,2026-05-01,1020,7,40,0.638,11,38,pro,0
acct_606,2026-06-01,1065,5,36,0.765,6,38,pro,0
acct_606,2026-07-01,1061,2,58,0.656,8,38,pro,0
acct_606,2026-08-01,1045,4,44,0.775,2,38,pro,0
acct_606,2026-09-01,1016,0,54,0.695,14,38,pro,0
acct_606,2026-10-01,1015,2,37,0.667,13,38,pro,1
acct_606,2026-11-01,1003,7,44,0.713,6,38,pro,1
acct_606,2026-12-01,1029,6,45,0.735,8,38,pro,1
acct_607,2026-01-01,1009,2,30,0.856,4,24,pro,0
acct_607,2026-02-01,1063,7,32,0.713,12,24,pro,0
acct_607,2026-03-01,999,6,45,0.685,13,24,pro,0
acct_607,2026-04-01,1029,4,31,0.762,2,24,pro,0
acct_607,2026-05-01,1028,7,18,0.761,3,24,pro,1
acct_607,2026-06-01,969,0,37,0.721,12,24,pro,0
acct_607,2026-07-01,979,2,39,0.742,14,24,pro,0
acct_607,2026-08-01,970,3,42,0.75,11,24,pro,0
acct_607,2026-09-01,991,3,37,0.948,4,24,pro,0
acct_607,2026-10-01,981,2,36,0.681,17,24,pro,1
acct_607,2026-11-01,984,4,29,0.664,9,24,pro,0
acct_607,2026-12-01,952,7,41,0.713,12,24,pro,0
acct_608,2026-01-01,1183,5,52,0.507,9,10,enterprise,0
acct_608,2026-02-01,1169,3,65,0.607,1,10,enterprise,1
acct_608,2026-03-01,1195,2,49,0.562,4,10,enterprise,0
acct_608,2026-04-01,1237,7,67,0.752,10,10,enterprise,0
acct_608,2026-05-01,1173,2,45,0.61,9,10,enterprise,1
acct_608,2026-06-01,1241,2,64,0.493,15,10,enterprise,0
acct_608,2026-07-01,1232,3,67,0.512,13,10,enterprise,0
acct_608,2026-08-01,1248,4,55,0.48,5,10,enterprise,0
acct_608,2026-09-01,1257,6,56,0.517,13,10,enterprise,1
acct_608,2026-10-01,1209,3,68,0.523,13,10,enterprise,0
acct_608,2026-11-01,1199,7,58,0.588,15,10,enterprise,0
acct_608,2026-12-01,1197,3,64,0.607,3,10,enterprise,1
acct_609,2026-01-01,719,5,52,0.385,6,15,enterprise,0
acct_609,2026-02-01,737,7,61,0.442,11,15,enterprise,1
acct_609,2026-03-01,705,5,59,0.576,7,15,enterprise,0
acct_609,2026-04-01,699,5,42,0.474,2,15,enterprise,0
acct_609,2026-05-01,710,4,50,0.807,9,15,enterprise,0
acct_609,2026-06-01,686,0,57,0.429,11,15,enterprise,0
acct_609,2026-07-01,701,1,43,0.5,1,15,enterprise,0
acct_609,2026-08-01,718,2,52,0.474,6,15,enterprise,1
acct_609,2026-09-01,721,3,56,0.475,7,15,enterprise,0
acct_609,2026-10-01,672,7,55,0.391,1,15,enterprise,1
acct_609,2026-11-01,665,5,52,0.409,12,15,enterprise,0
acct_609,2026-12-01,686,5,45,0.578,18,15,enterprise,0
acct_610,2026-01-01,884,8,53,0.625,1,20,enterprise,0
acct_610,2026-02-01,854,4,41,0.419,12,20,enterprise,0
acct_610,2026-03-01,783,3,44,0.354,3,20,enterprise,0
acct_610,2026-04-01,745,5,50,0.416,9,20,enterprise,0
acct_610,2026-05-01,624,3,40,0.482,12,20,enterprise,0
acct_610,2026-06-01,559,7,35,0.356,9,20,enterprise,0
acct_610,2026-07-01,510,3,41,0.172,9,20,enterprise,0
acct_610,2026-08-01,465,10,27,0.135,13,20,enterprise,0
acct_610,2026-09-01,424,10,30,0.283,14,20,enterprise,0
acct_610,2026-10-01,345,5,16,0.204,13,20,enterprise,0
acct_610,2026-11-01,311,9,26,0.0,16,20,enterprise,0
acct_610,2026-12-01,228,8,21,0.305,22,20,enterprise,0
acct_611,2026-01-01,553,3,62,0.399,5,26,pro,0
acct_611,2026-02-01,550,0,64,0.288,0,26,pro,0
acct_611,2026-03-01,577,6,68,0.428,6,26,pro,1
acct_611,2026-04-01,605,0,54,0.267,11,26,pro,0
acct_611,2026-05-01,570,5,65,0.33,13,26,pro,0
acct_611,2026-06-01,587,4,52,0.378,10,26,pro,0
acct_611,2026-07-01,546,5,62,0.346,10,26,pro,0
acct_611,2026-08-01,576,7,55,0.448,11,26,pro,0
acct_611,2026-09-01,578,7,71,0.256,5,26,pro,0
acct_611,2026-10-01,547,0,63,0.322,16,26,pro,0
acct_611,2026-11-01,595,5,63,0.216,6,26,pro,0
acct_611,2026-12-01,557,1,59,0.364,14,26,pro,0
acct_612,2026-01-01,566,6,18,0.318,7,7,pro,0
acct_612,2026-02-01,553,5,11,0.137,4,7,pro,0
acct_612,2026-03-01,490,8,20,0.266,10,7,pro,0
acct_612,2026-04-01,464,2,12,0.167,14,7,pro,0
acct_612,2026-05-01,441,5,14,0.275,6,7,pro,0
acct_612,2026-06-01,392,9,10,0.036,12,7,pro,0
acct_612,2026-07-01,351,3,20,0.0,8,7,pro,0
acct_612,2026-08-01,356,6,8,0.109,5,7,pro,0
acct_612,2026-09-01,318,3,9,0.054,10,7,pro,1
acct_612,2026-10-01,250,7,13,0.0,24,7,pro,0
acct_612,2026-11-01,196,7,4,0.0,10,7,pro,0
acct_612,2026-12-01,207,8,9,0.0,20,7,pro,0
acct_613,2026-01-01,699,3,51,0.621,0,10,pro,0
acct_613,2026-02-01,741,5,45,0.716,11,10,pro,0
acct_613,2026-03-01,696,6,55,0.729,2,10,pro,0
acct_613,2026-04-01,685,4,46,0.629,10,10,pro,0
acct_613,2026-05-01,701,6,46,0.84,9,10,pro,1
acct_613,2026-06-01,688,5,53,0.64,8,10,pro,0
acct_613,2026-07-01,708,6,57,0.536,7,10,pro,0
acct_613,2026-08-01,696,4,51,0.718,17,10,pro,0
acct_613,2026-09-01,662,0,47,0.74,11,10,pro,0
acct_613,2026-10-01,692,2,58,0.818,8,10,pro,0
acct_613,2026-11-01,685,1,48,0.561,12,10,pro,1
acct_613,2026-12-01,669,1,54,0.714,14,10,pro,0
acct_614,2026-01-01,419,4,10,0.156,2,7,enterprise,0
acct_614,2026-02-01,376,6,9,0.088,9,7,enterprise,0
acct_614,2026-03-01,318,4,12,0.252,11,7,enterprise,0
acct_614,2026-04-01,283,5,15,0.082,15,7,enterprise,0
acct_614,2026-05-01,253,3,7,0.133,4,7,enterprise,0
acct_614,2026-06-01,215,9,7,0.009,9,7,enterprise,1
acct_614,2026-07-01,139,5,9,0.0,9,7,enterprise,0
acct_614,2026-08-01,100,4,15,0.024,6,7,enterprise,0
acct_614,2026-09-01,83,4,17,0.0,19,7,enterprise,1
acct_614,2026-10-01,27,5,1,0.0,21,7,enterprise,0
acct_614,2026-11-01,0,9,8,0.0,16,7,enterprise,0
acct_614,2026-12-01,0,4,0,0.0,15,7,enterprise,0
acct_615,2026-01-01,575,5,36,0.503,7,21,basic,0
acct_615,2026-02-01,485,9,35,0.517,4,21,basic,0
acct_615,2026-03-01,440,6,31,0.187,12,21,basic,1
acct_615,2026-04-01,367,5,28,0.417,18,21,basic,1
acct_615,2026-05-01,317,2,20,0.238,10,21,basic,0
acct_615,2026-06-01,290,2,12,0.204,8,21,basic,1
acct_615,2026-07-01,235,5,11,0.17,15,21,basic,1
acct_615,2026-08-01,173,9,11,0.176,19,21,basic,0
acct_615,2026-09-01,121,9,19,0.019,11,21,basic,0
acct_615,2026-10-01,14,6,3,0.0,9,21,basic,0
acct_615,2026-11-01,11,5,0,0.055,17,21,basic,0
acct_615,2026-12-01,0,5,16,0.128,21,21,basic,0
acct_616,2026-01-01,916,2,56,0.16,12,28,enterprise,0
acct_616,2026-02-01,784,1,72,0.341,14,28,enterprise,0
acct_616,2026-03-01,827,5,52,0.308,4,28,enterprise,0
acct_616,2026-04-01,772,3,56,0.244,11,28,enterprise,0
acct_616,2026-05-01,831,7,63,0.264,9,28,enterprise,0
acct_616,2026-06-01,816,4,50,0.324,7,28,enterprise,0
acct_616,2026-07-01,844,0,53,0.31,14,28,enterprise,0
acct_616,2026-08-01,853,1,46,0.285,10,28,enterprise,0
acct_616,2026-09-01,846,0,55,0.239,4,28,enterprise,0
acct_616,2026-10-01,762,4,56,0.241,15,28,enterprise,0
acct_616,2026-11-01,762,1,56,0.236,1,28,enterprise,0
acct_616,2026-12-01,780,1,55,0.169,16,28,enterprise,0
acct_617,2026-01-01,1167,5,9,0.613,0,11,enterprise,0
acct_617,2026-02-01,1012,7,1,0.592,10,11,enterprise,0
acct_617,2026-03-01,986,4,16,0.61,6,11,enterprise,0
acct_617,2026-04-01,851,7,14,0.454,6,11,enterprise,0
acct_617,2026-05-01,809,6,10,0.436,12,11,enterprise,0
acct_617,2026-06-01,670,5,15,0.514,8,11,enterprise,0
acct_617,2026-07-01,611,6,7,0.506,16,11,enterprise,0
acct_617,2026-08-01,544,3,12,0.52,7,11,enterprise,1
acct_617,2026-09-01,379,7,4,0.421,15,11,enterprise,0
acct_617,2026-10-01,383,9,17,0.293,15,11,enterprise,0
acct_617,2026-11-01,282,7,0,0.204,20,11,enterprise,0
acct_617,2026-12-01,166,8,0,0.244,17,11,enterprise,0
acct_618,2026-01-01,1061,3,14,0.296,3,35,enterprise,0
acct_618,2026-02-01,1013,7,23,0.386,14,35,enterprise,0
acct_618,2026-03-01,1013,5,4,0.342,2,35,enterprise,0
acct_618,2026-04-01,989,4,6,0.266,13,35,enterprise,1
acct_618,2026-05-01,996,5,12,0.377,0,35,enterprise,1
acct_618,2026-06-01,943,6,22,0.35,0,35,enterprise,0
acct_618,2026-07-01,1005,7,8,0.3,7,35,enterprise,0
acct_618,2026-08-01,1004,0,8,0.319,17,35,enterprise,0
acct_618,2026-09-01,999,7,12,0.537,3,35,enterprise,0
acct_618,2026-10-01,983,0,12,0.209,13,35,enterprise,0
acct_618,2026-11-01,965,0,12,0.108,11,35,enterprise,0
acct_618,2026-12-01,921,4,3,0.271,3,35,enterprise,0
acct_619,2026-01-01,568,6,17,0.619,15,9,basic,0
acct_619,2026-02-01,522,2,21,0.672,11,9,basic,0
acct_619,2026-03-01,463,7,16,0.642,12,9,basic,0
acct_619,2026-04-01,445,9,22,0.367,4,9,basic,0
acct_619,2026-05-01,449,7,29,0.456,15,9,basic,0
acct_619,2026-06-01,400,5,16,0.331,11,9,basic,0
acct_619,2026-07-01,331,3,16,0.45,18,9,basic,0
acct_619,2026-08-01,299,6,14,0.379,14,9,basic,1
acct_619,2026-09-01,313,7,27,0.327,17,9,basic,0
acct_619,2026-10-01,268,10,5,0.271,20,9,basic,0
acct_619,2026-11-01,234,8,13,0.252,18,9,basic,0
acct_619,2026-12-01,210,9,8,0.365,22,9,basic,0
acct_620,2026-01-01,867,4,46,0.656,4,34,basic,0
acct_620,2026-02-01,852,7,48,0.856,3,34,basic,0
acct_620,2026-03-01,829,0,52,0.734,4,34,basic,0
acct_620,2026-04-01,816,2,50,0.646,3,34,basic,0
acct_620,2026-05-01,821,2,58,0.666,9,34,basic,0
acct_620,2026-06-01,857,2,54,0.684,4,34,basic,0
acct_620,2026-07-01,793,7,54,0.667,5,34,basic,1
acct_620,2026-08-01,815,1,59,0.809,14,34,basic,0
acct_620,2026-09-01,785,2,61,0.605,8,34,basic,1
acct_620,2026-10-01,827,3,52,0.646,11,34,basic,0
acct_620,2026-11-01,853,1,48,0.685,4,34,basic,0
acct_620,2026-12-01,814,2,51,0.725,6,34,basic,0
acct_621,2026-01-01,574,5,33,0.851,9,8,basic,1
acct_621,2026-02-01,600,1,40,0.686,0,8,basic,0
acct_621,2026-03-01,628,2,38,0.701,14,8,basic,0
acct_621,2026-04-01,579,1,35,0.765,15,8,basic,0
acct_621,2026-05-01,610,5,36,0.761,8,8,basic,0
acct_621,2026-06-01,627,1,35,0.665,13,8,basic,0
acct_621,2026-07-01,578,2,38,0.637,10,8,basic,0
acct_621,2026-08-01,584,6,41,0.685,4,8,basic,0
acct_621,2026-09-01,603,3,35,0.9,12,8,basic,0
acct_621,2026-10-01,588,2,36,0.619,12,8,basic,0
acct_621,2026-11-01,620,6,38,0.817,15,8,basic,0
acct_621,2026-12-01,627,1,37,0.705,4,8,basic,0
acct_622,2026-01-01,1074,4,59,0.522,12,27,pro,0
acct_622,2026-02-01,1114,1,64,0.687,3,27,pro,0
acct_622,2026-03-01,1123,1,55,0.618,5,27,pro,0
acct_622,2026-04-01,1160,1,64,0.413,16,27,pro,0
acct_622,2026-05-01,1172,4,55,0.633,17,27,pro,1
acct_622,2026-06-01,1186,0,55,0.755,10,27,pro,1
acct_622,2026-07-01,1157,0,57,0.765,7,27,pro,0
acct_622,2026-08-01,1229,3,54,0.599,17,27,pro,1
acct_622,2026-09-01,1209,3,54,0.593,12,27,pro,0
acct_622,2026-10-01,1206,1,57,0.564,4,27,pro,0
acct_622,2026-11-01,1196,1,63,0.652,6,27,pro,0
acct_622,2026-12-01,1252,1,55,0.654,12,27,pro,0
acct_623,2026-01-01,1166,4,17,0.521,2,32,pro,0
acct_623,2026-02-01,1100,4,6,0.636,8,32,pro,0
acct_623,2026-03-01,1070,7,25,0.439,8,32,pro,0
acct_623,2026-04-01,1154,2,20,0.598,12,32,pro,0
acct_623,2026-05-01,1169,6,20,0.749,12,32,pro,0
acct_623,2026-06-01,1168,1,16,0.525,11,32,pro,0
acct_623,2026-07-01,1101,0,24,0.535,9,32,pro,1
acct_623,2026-08-01,1094,4,21,0.586,8,32,pro,0
acct_623,2026-09-01,1093,2,19,0.626,10,32,pro,0
acct_623,2026-10-01,1107,2,24,0.44,14,32,pro,0
acct_623,2026-11-01,1128,7,22,0.58,6,32,pro,0
acct_623,2026-12-01,1084,5,14,0.634,7,32,pro,0
acct_624,2026-01-01,896,6,36,0.308,9,3,basic,0
acct_624,2026-02-01,808,9,26,0.026,5,3,basic,0
acct_624,2026-03-01,778,4,22,0.152,16,3,basic,0
acct_624,2026-04-01,718,2,15,0.0,12,3,basic,0
acct_624,2026-05-01,636,6,14,0.035,3,3,basic,0
acct_624,2026-06-01,559,7,13,0.04,10,3,basic,0
acct_624,2026-07-01,457,6,22,0.0,14,3,basic,0
acct_624,2026-08-01,380,3,19,0.0,12,3,basic,0
acct_624,2026-09-01,287,9,15,0.0,10,3,basic,1
acct_624,2026-10-01,292,3,1,0.0,15,3,basic,0
acct_624,2026-11-01,166,6,0,0.0,18,3,basic,0
acct_624,2026-12-01,153,8,2,0.0,19,3,basic,0
acct_625,2026-01-01,748,3,37,0.13,13,7,pro,0
acct_625,2026-02-01,718,6,45,0.0,10,7,pro,0
acct_625,2026-03-01,653,3,21,0.146,4,7,pro,0
acct_625,2026-04-01,522,6,32,0.043,15,7,pro,0
acct_625,2026-05-01,469,9,22,0.076,10,7,pro,1
acct_625,2026-06-01,397,7,28,0.011,9,7,pro,1
acct_625,2026-07-01,341,7,23,0.0,17,7,pro,0
acct_625,2026-08-01,166,6,14,0.0,18,7,pro,0
acct_625,2026-09-01,160,8,12,0.0,13,7,pro,0
acct_625,2026-10-01,77,3,0,0.0,11,7,pro,0
acct_625,2026-11-01,0,9,2,0.0,8,7,pro,0
acct_625,2026-12-01,0,6,0,0.0,21,7,pro,0
acct_626,2026-01-01,1028,7,46,0.463,2,28,pro,0
acct_626,2026-02-01,1021,0,46,0.423,0,28,pro,1
acct_626,2026-03-01,1035,4,39,0.379,3,28,pro,1
acct_626,2026-04-01,1083,7,35,0.456,4,28,pro,0
acct_626,2026-05-01,1128,1,54,0.45,4,28,pro,1
acct_626,2026-06-01,1070,6,56,0.415,11,28,pro,0
acct_626,2026-07-01,1049,3,41,0.404,8,28,pro,0
acct_626,2026-08-01,1119,1,51,0.501,4,28,pro,0
acct_626,2026-09-01,1030,3,46,0.371,3,28,pro,0
acct_626,2026-10-01,1068,0,45,0.311,11,28,pro,1
acct_626,2026-11-01,1113,1,53,0.571,13,28,pro,0
acct_626,2026-12-01,1080,2,48,0.373,16,28,pro,0
acct_627,2026-01-01,1073,9,42,0.684,14,10,basic,1
acct_627,2026-02-01,928,6,23,0.304,4,10,basic,0
acct_627,2026-03-01,792,3,25,0.547,10,10,basic,0
acct_627,2026-04-01,758,8,21,0.385,11,10,basic,1
acct_627,2026-05-01,641,3,31,0.422,7,10,basic,0
acct_627,2026-06-01,456,9,8,0.353,13,10,basic,0
acct_627,2026-07-01,305,5,7,0.33,19,10,basic,1
acct_627,2026-08-01,206,6,7,0.455,17,10,basic,0
acct_627,2026-09-01,147,9,14,0.24,18,10,basic,0
acct_627,2026-10-01,65,5,8,0.025,21,10,basic,0
acct_627,2026-11-01,0,5,3,0.223,10,10,basic,0
acct_627,2026-12-01,0,4,2,0.195,20,10,basic,0
acct_628,2026-01-01,1100,1,28,0.541,4,27,enterprise,0
acct_628,2026-02-01,1003,2,32,0.344,6,27,enterprise,0
acct_628,2026-03-01,1063,0,25,0.517,9,27,enterprise,0
acct_628,2026-04-01,1034,6,19,0.54,9,27,enterprise,0
acct_628,2026-05-01,1043,6,20,0.509,0,27,enterprise,0
acct_628,2026-06-01,1048,4,26,0.356,4,27,enterprise,0
acct_628,2026-07-01,1090,2,19,0.577,8,27,enterprise,0
acct_628,2026-08-01,1055,1,30,0.434,2,27,enterprise,0
acct_628,2026-09-01,1019,1,16,0.407,13,27,enterprise,0
acct_628,2026-10-01,1026,1,29,0.64,4,27,enterprise,0
acct_628,2026-11-01,1049,0,18,0.365,9,27,enterprise,1
acct_628,2026-12-01,1086,0,25,0.439,1,27,enterprise,0
acct_629,2026-01-01,1095,0,71,0.729,10,25,pro,0
acct_629,2026-02-01,1023,6,66,0.777,7,25,pro,0
acct_629,2026-03-01,1102,3,55,0.808,0,25,pro,0
acct_629,2026-04-01,1102,3,54,0.68,12,25,pro,0
acct_629,2026-05-01,1116,1,67,0.715,10,25,pro,0
acct_629,2026-06-01,1072,1,60,0.75,7,25,pro,0
acct_629,2026-07-01,971,7,59,0.64,4,25,pro,0
acct_629,2026-08-01,996,4,51,0.703,15,25,pro,0
acct_629,2026-09-01,1005,7,52,0.699,7,25,pro,1
acct_629,2026-10-01,1088,0,56,0.79,3,25,pro,1
acct_629,2026-11-01,1041,5,55,0.472,15,25,pro,0
acct_629,2026-12-01,1033,1,60,0.744,7,25,pro,1
acct_630,2026-01-01,575,2,37,0.622,10,15,pro,0
acct_630,2026-02-01,530,4,35,0.545,10,15,pro,0
acct_630,2026-03-01,577,4,44,0.504,6,15,pro,0
acct_630,2026-04-01,550,0,43,0.746,0,15,pro,1
acct_630,2026-05-01,589,0,52,0.82,10,15,pro,0
acct_630,2026-06-01,566,1,35,0.762,9,15,pro,1
acct_630,2026-07-01,566,6,35,0.772,14,15,pro,0
acct_630,2026-08-01,582,0,33,0.765,3,15,pro,0
acct_630,2026-09-01,568,4,41,0.663,1,15,pro,0
acct_630,2026-10-01,616,1,40,0.659,10,15,pro,0
acct_630,2026-11-01,573,2,34,0.688,8,15,pro,0
acct_630,2026-12-01,538,7,26,0.703,7,15,pro,0
acct_631,2026-01-01,823,4,45,0.474,13,15,basic,0
acct_631,2026-02-01,721,6,40,0.356,2,15,basic,0
acct_631,2026-03-01,680,3,29,0.385,13,15,basic,0
acct_631,2026-04-01,583,5,30,0.266,2,15,basic,0
acct_631,2026-05-01,468,6,21,0.225,4,15,basic,0
acct_631,2026-06-01,431,8,18,0.202,16,15,basic,0
acct_631,2026-07-01,281,2,2,0.126,7,15,basic,0
acct_631,2026-08-01,217,6,3,0.286,20,15,basic,0
acct_631,2026-09-01,135,4,7,0.196,15,15,basic,0
acct_631,2026-10-01,0,10,14,0.0,16,15,basic,0
acct_631,2026-11-01,0,5,1,0.0,21,15,basic,1
acct_631,2026-12-01,0,6,5,0.0,14,15,basic,0
acct_632,2026-01-01,825,0,50,0.393,7,12,basic,0
acct_632,2026-02-01,857,1,32,0.344,14,12,basic,0
acct_632,2026-03-01,816,1,36,0.435,4,12,basic,0
acct_632,2026-04-01,801,7,44,0.472,6,12,basic,0
acct_632,2026-05-01,801,3,41,0.519,2,12,basic,0
acct_632,2026-06-01,812,3,46,0.35,8,12,basic,0
acct_632,2026-07-01,798,5,32,0.252,14,12,basic,1
acct_632,2026-08-01,804,0,34,0.32,6,12,basic,0
acct_632,2026-09-01,806,4,43,0.433,14,12,basic,0
acct_632,2026-10-01,822,3,43,0.459,4,12,basic,0
acct_632,2026-11-01,785,7,32,0.141,3,12,basic,0
acct_632,2026-12-01,779,7,40,0.285,11,12,basic,0
acct_633,2026-01-01,766,7,53,0.668,12,37,enterprise,0
acct_633,2026-02-01,820,0,51,0.707,9,37,enterprise,0
acct_633,2026-03-01,783,2,40,0.727,6,37,enterprise,0
acct_633,2026-04-01,821,4,37,0.727,16,37,enterprise,0
acct_633,2026-05-01,823,6,48,0.69,17,37,enterprise,0
acct_633,2026-06-01,834,4,42,0.494,3,37,enterprise,0
acct_633,2026-07-01,816,5,40,0.716,2,37,enterprise,0
acct_633,2026-08-01,882,2,37,0.529,11,37,enterprise,0
acct_633,2026-09-01,814,3,36,0.642,17,37,enterprise,0
acct_633,2026-10-01,890,5,41,0.739,2,37,enterprise,1
acct_633,2026-11-01,876,4,50,0.832,6,37,enterprise,0
acct_633,2026-12-01,908,4,40,0.568,10,37,enterprise,0
acct_634,2026-01-01,657,7,45,0.431,12,27,pro,0
acct_634,2026-02-01,672,3,44,0.462,14,27,pro,0
acct_634,2026-03-01,683,0,44,0.389,9,27,pro,0
acct_634,2026-04-01,739,0,36,0.374,8,27,pro,0
acct_634,2026-05-01,718,0,43,0.582,2,27,pro,0
acct_634,2026-06-01,694,7,49,0.482,12,27,pro,1
acct_634,2026-07-01,737,1,36,0.419,4,27,pro,0
acct_634,2026-08-01,750,5,46,0.273,7,27,pro,0
acct_634,2026-09-01,748,7,48,0.333,9,27,pro,0
acct_634,2026-10-01,740,1,39,0.683,4,27,pro,0
acct_634,2026-11-01,780,1,42,0.653,12,27,pro,0
acct_634,2026-12-01,790,0,45,0.289,13,27,pro,0
acct_635,2026-01-01,915,9,60,0.342,10,5,enterprise,0
acct_635,2026-02-01,815,2,37,0.249,3,5,enterprise,0
acct_635,2026-03-01,802,8,52,0.238,7,5,enterprise,0
acct_635,2026-04-01,668,4,33,0.181,12,5,enterprise,0
acct_635,2026-05-01,610,4,36,0.237,11,5,enterprise,0
acct_635,2026-06-01,512,3,37,0.261,4,5,enterprise,0
acct_635,2026-07-01,452,7,38,0.088,9,5,enterprise,0
acct_635,2026-08-01,388,4,32,0.239,21,5,enterprise,0
acct_635,2026-09-01,294,5,19,0.0,6,5,enterprise,0
acct_635,2026-10-01,184,7,9,0.006,14,5,enterprise,0
acct_635,2026-11-01,123,4,14,0.122,17,5,enterprise,0
acct_635,2026-12-01,64,4,2,0.0,12,5,enterprise,1
acct_636,2026-01-01,516,0,12,0.706,3,32,pro,0
acct_636,2026-02-01,536,2,15,0.536,14,32,pro,0
acct_636,2026-03-01,522,3,14,0.568,8,32,pro,0
acct_636,2026-04-01,549,3,7,0.52,13,32,pro,0
acct_636,2026-05-01,545,7,13,0.515,3,32,pro,0
acct_636,2026-06-01,519,7,7,0.634,4,32,pro,0
acct_636,2026-07-01,531,5,23,0.701,8,32,pro,1
acct_636,2026-08-01,561,1,17,0.544,7,32,pro,0
acct_636,2026-09-01,542,6,14,0.664,10,32,pro,0
acct_636,2026-10-01,546,1,13,0.511,3,32,pro,0
acct_636,2026-11-01,569,7,20,0.632,10,32,pro,0
acct_636,2026-12-01,527,3,13,0.56,15,32,pro,0
acct_637,2026-01-01,1152,0,41,0.238,0,26,enterprise,1
acct_637,2026-02-01,1118,4,40,0.048,7,26,enterprise,0
acct_637,2026-03-01,1231,5,42,0.188,6,26,enterprise,0
acct_637,2026-04-01,1217,3,54,0.423,17,26,enterprise,0
acct_637,2026-05-01,1195,1,56,0.101,15,26,enterprise,0
acct_637,2026-06-01,1233,5,57,0.411,11,26,enterprise,1
acct_637,2026-07-01,1288,2,59,0.365,1,26,enterprise,0
acct_637,2026-08-01,1247,4,47,0.422,5,26,enterprise,1
acct_637,2026-09-01,1285,5,44,0.389,6,26,enterprise,0
acct_637,2026-10-01,1254,4,47,0.264,8,26,enterprise,0
acct_637,2026-11-01,1256,2,43,0.244,17,26,enterprise,0
acct_637,2026-12-01,1222,5,64,0.199,13,26,enterprise,0
acct_638,2026-01-01,476,2,57,0.585,6,26,enterprise,0
acct_638,2026-02-01,469,5,61,0.567,7,26,enterprise,0
acct_638,2026-03-01,484,6,59,0.414,5,26,enterprise,0
acct_638,2026-04-01,497,6,59,0.722,8,26,enterprise,0
acct_638,2026-05-01,475,5,64,0.533,15,26,enterprise,0
acct_638,2026-06-01,490,7,68,0.632,11,26,enterprise,0
acct_638,2026-07-01,459,2,55,0.603,12,26,enterprise,0
acct_638,2026-08-01,486,0,58,0.657,4,26,enterprise,0
acct_638,2026-09-01,457,4,68,0.545,7,26,enterprise,0
acct_638,2026-10-01,489,2,49,0.544,9,26,enterprise,0
acct_638,2026-11-01,471,4,61,0.531,12,26,enterprise,0
acct_638,2026-12-01,494,6,68,0.502,4,26,enterprise,0
acct_639,2026-01-01,905,7,25,0.666,15,6,pro,0
acct_639,2026-02-01,884,3,26,0.607,11,6,pro,0
acct_639,2026-03-01,889,2,23,0.663,6,6,pro,0
acct_639,2026-04-01,868,4,22,0.704,2,6,pro,0
acct_639,2026-05-01,864,5,36,0.573,14,6,pro,0
acct_639,2026-06-01,861,6,43,0.688,16,6,pro,0
acct_639,2026-07-01,858,6,39,0.68,8,6,pro,0
acct_639,2026-08-01,820,7,37,0.896,15,6,pro,1
acct_639,2026-09-01,828,0,32,0.557,14,6,pro,0
acct_639,2026-10-01,908,5,25,0.616,6,6,pro,0
acct_639,2026-11-01,800,4,16,0.629,3,6,pro,0
acct_639,2026-12-01,827,3,20,0.589,7,6,pro,0
acct_640,2026-01-01,1161,3,16,0.442,6,40,pro,0
acct_640,2026-02-01,1104,7,21,0.381,5,40,pro,1
acct_640,2026-03-01,1068,3,17,0.516,16,40,pro,0
acct_640,2026-04-01,1174,4,25,0.379,11,40,pro,0
acct_640,2026-05-01,1085,3,37,0.425,14,40,pro,0
acct_640,2026-06-01,1127,2,17,0.397,12,40,pro,0
acct_640,2026-07-01,1154,5,18,0.471,3,40,pro,0
acct_640,2026-08-01,1105,4,25,0.454,2,40,pro,1
acct_640,2026-09-01,1123,3,17,0.515,1,40,pro,0
acct_640,2026-10-01,1152,6,25,0.511,6,40,pro,0
acct_640,2026-11-01,1098,4,27,0.46,15,40,pro,0
acct_640,2026-12-01,1114,6,22,0.393,13,40,pro,1
acct_641,2026-01-01,1139,4,35,0.678,4,36,pro,0
acct_641,2026-02-01,1175,2,33,0.71,5,36,pro,0
acct_641,2026-03-01,1184,5,45,0.602,6,36,pro,0
acct_641,2026-04-01,1202,7,43,0.835,8,36,pro,0
acct_641,2026-05-01,1219,2,53,0.65,7,36,pro,0
acct_641,2026-06-01,1235,6,29,0.479,15,36,pro,0
acct_641,2026-07-01,1248,3,42,0.778,4,36,pro,0
acct_641,2026-08-01,1226,0,35,0.802,12,36,pro,0
acct_641,2026-09-01,1300,1,30,0.712,10,36,pro,0
acct_641,2026-10-01,1309,5,31,0.781,10,36,pro,0
acct_641,2026-11-01,1334,6,32,0.752,11,36,pro,0
acct_641,2026-12-01,1377,2,36,0.746,4,36,pro,0
acct_642,2026-01-01,1052,0,40,0.413,4,34,basic,1
acct_642,2026-02-01,1065,2,42,0.22,8,34,basic,0
acct_642,2026-03-01,1090,1,32,0.264,6,34,basic,0
acct_642,2026-04-01,1082,3,56,0.354,11,34,basic,0
acct_642,2026-05-01,1023,0,48,0.362,11,34,basic,0
acct_642,2026-06-01,1068,3,45,0.329,11,34,basic,0
acct_642,2026-07-01,1078,2,41,0.28,9,34,basic,0
acct_642,2026-08-01,1078,5,42,0.338,13,34,basic,0
acct_642,2026-09-01,1061,2,34,0.407,12,34,basic,0
acct_642,2026-10-01,1059,7,48,0.284,5,34,basic,0
acct_642,2026-11-01,1089,3,43,0.151,8,34,basic,1
acct_642,2026-12-01,1018,2,52,0.419,7,34,basic,0
acct_643,2026-01-01,751,5,24,0.654,2,24,enterprise,1
acct_643,2026-02-01,712,3,36,0.746,12,24,enterprise,0
acct_643,2026-03-01,764,2,23,0.776,3,24,enterprise,0
acct_643,2026-04-01,712,7,26,0.788,4,24,enterprise,1
acct_643,2026-05-01,780,2,29,0.835,2,24,enterprise,0
acct_643,2026-06-01,742,0,32,0.804,10,24,enterprise,1
acct_643,2026-07-01,743,1,38,0.86,13,24,enterprise,0
acct_643,2026-08-01,768,7,38,0.706,5,24,enterprise,0
acct_643,2026-09-01,720,6,26,0.678,7,24,enterprise,0
acct_643,2026-10-01,734,1,27,0.713,9,24,enterprise,0
acct_643,2026-11-01,763,6,34,0.801,10,24,enterprise,0
acct_643,2026-12-01,732,5,29,0.66,4,24,enterprise,0
acct_644,2026-01-01,950,3,11,0.267,13,10,enterprise,0
acct_644,2026-02-01,860,4,10,0.314,6,10,enterprise,0
acct_644,2026-03-01,751,8,15,0.405,12,10,enterprise,0
acct_644,2026-04-01,669,6,19,0.337,5,10,enterprise,0
acct_644,2026-05-01,645,9,0,0.168,13,10,enterprise,0
acct_644,2026-06-01,503,9,4,0.064,8,10,enterprise,1
acct_644,2026-07-01,467,3,5,0.084,17,10,enterprise,0
acct_644,2026-08-01,304,3,13,0.042,18,10,enterprise,1
acct_644,2026-09-01,269,7,0,0.13,11,10,enterprise,0
acct_644,2026-10-01,150,5,3,0.0,8,10,enterprise,0
acct_644,2026-11-01,68,7,11,0.0,22,10,enterprise,0
acct_644,2026-12-01,0,10,0,0.0,16,10,enterprise,0
acct_645,2026-01-01,886,0,22,0.526,10,7,pro,0
acct_645,2026-02-01,895,2,35,0.725,14,7,pro,0
acct_645,2026-03-01,898,3,24,0.645,11,7,pro,0
acct_645,2026-04-01,888,1,29,0.687,0,7,pro,0
acct_645,2026-05-01,871,2,33,0.672,1,7,pro,0
acct_645,2026-06-01,874,0,27,0.595,9,7,pro,0
acct_645,2026-07-01,890,2,16,0.61,2,7,pro,0
acct_645,2026-08-01,897,5,32,0.565,7,7,pro,0
acct_645,2026-09-01,937,0,39,0.725,11,7,pro,0
acct_645,2026-10-01,884,5,30,0.662,11,7,pro,0
acct_645,2026-11-01,910,1,28,0.802,13,7,pro,0
acct_645,2026-12-01,913,5,31,0.762,9,7,pro,0
acct_646,2026-01-01,423,4,58,0.121,14,2,enterprise,1
acct_646,2026-02-01,448,6,54,0.285,3,2,enterprise,0
acct_646,2026-03-01,409,4,43,0.304,17,2,enterprise,0
acct_646,2026-04-01,356,9,39,0.0,4,2,enterprise,0
acct_646,2026-05-01,320,6,30,0.0,14,2,enterprise,0
acct_646,2026-06-01,291,8,34,0.061,8,2,enterprise,0
acct_646,2026-07-01,288,8,35,0.039,10,2,enterprise,0
acct_646,2026-08-01,233,9,24,0.0,12,2,enterprise,0
acct_646,2026-09-01,221,9,31,0.0,16,2,enterprise,0
acct_646,2026-10-01,182,4,24,0.0,8,2,enterprise,0
acct_646,2026-11-01,149,4,24,0.0,16,2,enterprise,0
acct_646,2026-12-01,111,4,12,0.0,17,2,enterprise,0
acct_647,2026-01-01,1120,5,42,0.358,10,15,basic,0
acct_647,2026-02-01,1114,0,43,0.137,9,15,basic,0
acct_647,2026-03-01,1050,7,51,0.177,5,15,basic,0
acct_647,2026-04-01,1077,2,35,0.393,2,15,basic,0
acct_647,2026-05-01,1136,0,44,0.291,5,15,basic,0
acct_647,2026-06-01,1055,2,38,0.347,16,15,basic,1
acct_647,2026-07-01,1049,7,44,0.391,9,15,basic,0
acct_647,2026-08-01,1042,2,35,0.291,6,15,basic,0
acct_647,2026-09-01,1162,0,41,0.428,11,15,basic,0
acct_647,2026-10-01,1060,1,33,0.3,16,15,basic,0
acct_647,2026-11-01,1030,5,24,0.198,10,15,basic,0
acct_647,2026-12-01,1070,4,40,0.153,2,15,basic,1
acct_648,2026-01-01,453,4,15,0.335,15,21,pro,0
acct_648,2026-02-01,449,2,29,0.347,14,21,pro,0
acct_648,2026-03-01,457,7,20,0.244,2,21,pro,0
acct_648,2026-04-01,465,7,22,0.45,16,21,pro,0
acct_648,2026-05-01,472,7,29,0.343,13,21,pro,0
acct_648,2026-06-01,434,4,18,0.497,2,21,pro,0
acct_648,2026-07-01,476,6,10,0.19,5,21,pro,0
acct_648,2026-08-01,472,0,34,0.378,10,21,pro,0
acct_648,2026-09-01,479,0,24,0.356,3,21,pro,0
acct_648,2026-10-01,487,3,27,0.401,8,21,pro,0
acct_648,2026-11-01,469,4,20,0.507,14,21,pro,0
acct_648,2026-12-01,520,6,26,0.383,4,21,pro,0
acct_649,2026-01-01,431,7,54,0.559,1,15,enterprise,0
acct_649,2026-02-01,391,4,41,0.417,0,15,enterprise,1
acct_649,2026-03-01,386,9,44,0.429,1,15,enterprise,0
acct_649,2026-04-01,352,4,49,0.427,11,15,enterprise,0
acct_649,2026-05-01,327,7,35,0.568,10,15,enterprise,0
acct_649,2026-06-01,302,9,34,0.331,15,15,enterprise,0
acct_649,2026-07-01,256,4,37,0.57,19,15,enterprise,0
acct_649,2026-08-01,246,4,36,0.335,18,15,enterprise,0
acct_649,2026-09-01,222,7,34,0.362,14,15,enterprise,0
acct_649,2026-10-01,184,5,25,0.36,9,15,enterprise,0
acct_649,2026-11-01,177,4,30,0.268,11,15,enterprise,0
acct_649,2026-12-01,142,10,14,0.075,21,15,enterprise,0
acct_650,2026-01-01,848,2,53,0.644,10,20,pro,0
acct_650,2026-02-01,696,4,32,0.621,4,20,pro,0
acct_650,2026-03-01,727,3,51,0.581,6,20,pro,0
acct_650,2026-04-01,686,8,51,0.562,15,20,pro,0
acct_650,2026-05-01,584,7,28,0.616,10,20,pro,1
acct_650,2026-06-01,553,8,33,0.476,11,20,pro,0
acct_650,2026-07-01,496,4,30,0.379,18,20,pro,0
acct_650,2026-08-01,409,3,29,0.33,10,20,pro,0
acct_650,2026-09-01,376,7,34,0.308,18,20,pro,0
acct_650,2026-10-01,342,10,32,0.386,12,20,pro,0
acct_650,2026-11-01,316,3,11,0.318,23,20,pro,0
acct_650,2026-12-01,243,7,18,0.324,13,20,pro,0
acct_651,2026-01-01,739,7,50,0.298,10,13,basic,0
acct_651,2026-02-01,662,9,54,0.084,12,13,basic,0
acct_651,2026-03-01,614,5,53,0.134,16,13,basic,0
acct_651,2026-04-01,597,8,64,0.066,14,13,basic,1
acct_651,2026-05-01,573,4,39,0.014,2,13,basic,0
acct_651,2026-06-01,486,5,41,0.025,4,13,basic,0
acct_651,2026-07-01,447,5,42,0.087,11,13,basic,0
acct_651,2026-08-01,433,3,36,0.02,18,13,basic,0
acct_651,2026-09-01,393,9,26,0.0,7,13,basic,0
acct_651,2026-10-01,359,8,34,0.198,20,13,basic,0
acct_651,2026-11-01,347,7,29,0.12,10,13,basic,0
acct_651,2026-12-01,284,9,30,0.0,18,13,basic,1
acct_652,2026-01-01,774,6,23,0.349,15,7,basic,0
acct_652,2026-02-01,689,7,17,0.313,2,7,basic,0
acct_652,2026-03-01,591,2,23,0.245,14,7,basic,0
acct_652,2026-04-01,532,5,24,0.331,14,7,basic,0
acct_652,2026-05-01,450,5,19,0.0,12,7,basic,0
acct_652,2026-06-01,407,4,19,0.0,8,7,basic,0
acct_652,2026-07-01,311,7,20,0.0,19,7,basic,0
acct_652,2026-08-01,268,5,8,0.0,15,7,basic,0
acct_652,2026-09-01,168,6,4,0.0,24,7,basic,0
acct_652,2026-10-01,84,6,1,0.0,22,7,basic,0
acct_652,2026-11-01,3,4,0,0.0,11,7,basic,0
acct_652,2026-12-01,0,7,3,0.0,19,7,basic,1
acct_653,2026-01-01,754,1,26,0.309,0,4,basic,0
acct_653,2026-02-01,770,1,22,0.308,7,4,basic,0
acct_653,2026-03-01,736,5,25,0.225,2,4,basic,0
acct_653,2026-04-01,754,2,34,0.462,11,4,basic,0
acct_653,2026-05-01,717,3,19,0.311,8,4,basic,0
acct_653,2026-06-01,746,0,27,0.601,9,4,basic,1
acct_653,2026-07-01,763,3,25,0.362,12,4,basic,0
acct_653,2026-08-01,744,1,21,0.253,7,4,basic,0
acct_653,2026-09-01,712,0,21,0.435,0,4,basic,0
acct_653,2026-10-01,732,0,15,0.121,3,4,basic,0
acct_653,2026-11-01,746,4,30,0.497,8,4,basic,1
acct_653,2026-12-01,733,7,28,0.458,13,4,basic,0
acct_654,2026-01-01,482,3,43,0.418,5,12,basic,0
acct_654,2026-02-01,429,2,44,0.447,4,12,basic,0
acct_654,2026-03-01,342,3,42,0.357,8,12,basic,1
acct_654,2026-04-01,365,6,34,0.28,5,12,basic,0
acct_654,2026-05-01,328,3,26,0.098,15,12,basic,0
acct_654,2026-06-01,247,2,27,0.152,11,12,basic,1
acct_654,2026-07-01,191,3,11,0.176,9,12,basic,0
acct_654,2026-08-01,137,4,17,0.0,19,12,basic,0
acct_654,2026-09-01,81,5,20,0.0,7,12,basic,0
acct_654,2026-10-01,73,8,9,0.075,15,12,basic,0
acct_654,2026-11-01,31,10,10,0.0,18,12,basic,0
acct_654,2026-12-01,0,9,0,0.0,20,12,basic,0
acct_655,2026-01-01,667,1,19,0.643,12,9,enterprise,0
acct_655,2026-02-01,645,0,14,0.764,0,9,enterprise,0
acct_655,2026-03-01,644,0,30,0.746,0,9,enterprise,0
acct_655,2026-04-01,661,7,23,0.679,9,9,enterprise,0
acct_655,2026-05-01,642,1,30,0.739,7,9,enterprise,0
acct_655,2026-06-01,607,2,23,0.743,6,9,enterprise,0
acct_655,2026-07-01,616,3,15,0.814,5,9,enterprise,0
acct_655,2026-08-01,595,5,8,0.771,12,9,enterprise,0
acct_655,2026-09-01,624,2,23,0.792,12,9,enterprise,0
acct_655,2026-10-01,592,6,24,0.847,16,9,enterprise,0
acct_655,2026-11-01,609,6,15,0.703,14,9,enterprise,0
acct_655,2026-12-01,594,5,23,0.495,8,9,enterprise,0
acct_656,2026-01-01,1026,5,67,0.432,14,18,pro,0
acct_656,2026-02-01,1039,3,57,0.305,3,18,pro,0
acct_656,2026-03-01,1018,3,64,0.436,8,18,pro,1
acct_656,2026-04-01,990,6,53,0.417,16,18,pro,0
acct_656,2026-05-01,1054,1,57,0.397,9,18,pro,0
acct_656,2026-06-01,1078,4,61,0.394,5,18,pro,0
acct_656,2026-07-01,1106,6,55,0.284,2,18,pro,1
acct_656,2026-08-01,1068,5,59,0.528,9,18,pro,0
acct_656,2026-09-01,1099,2,68,0.578,6,18,pro,0
acct_656,2026-10-01,1062,5,61,0.387,10,18,pro,1
acct_656,2026-11-01,1104,4,64,0.3,15,18,pro,1
acct_656,2026-12-01,1121,1,63,0.442,6,18,pro,0
acct_657,2026-01-01,1041,4,61,0.883,6,31,pro,0
acct_657,2026-02-01,956,2,50,0.769,5,31,pro,0
acct_657,2026-03-01,974,5,54,0.764,3,31,pro,0
acct_657,2026-04-01,935,4,56,0.769,10,31,pro,0
acct_657,2026-05-01,935,2,57,0.698,1,31,pro,0
acct_657,2026-06-01,1014,6,58,0.806,16,31,pro,0
acct_657,2026-07-01,943,2,61,0.681,7,31,pro,1
acct_657,2026-08-01,972,2,57,0.725,9,31,pro,0
acct_657,2026-09-01,946,4,59,0.722,10,31,pro,0
acct_657,2026-10-01,966,2,63,0.694,10,31,pro,0
acct_657,2026-11-01,923,2,43,0.795,11,31,pro,0
acct_657,2026-12-01,927,3,57,0.807,13,31,pro,0
acct_658,2026-01-01,481,2,51,0.577,7,21,pro,0
acct_658,2026-02-01,493,0,48,0.743,13,21,pro,0
acct_658,2026-03-01,481,5,49,0.449,5,21,pro,0
acct_658,2026-04-01,468,1,50,0.59,2,21,pro,0
acct_658,2026-05-01,477,6,51,0.51,10,21,pro,0
acct_658,2026-06-01,448,3,56,0.551,8,21,pro,1
acct_658,2026-07-01,461,3,46,0.427,4,21,pro,0
acct_658,2026-08-01,475,4,57,0.53,9,21,pro,0
acct_658,2026-09-01,445,1,50,0.672,5,21,pro,0
acct_658,2026-10-01,435,1,39,0.421,5,21,pro,0
acct_658,2026-11-01,446,7,49,0.454,5,21,pro,1
acct_658,2026-12-01,425,1,40,0.633,2,21,pro,0
acct_659,2026-01-01,502,4,66,0.285,12,35,pro,0
acct_659,2026-02-01,466,3,49,0.541,13,35,pro,0
acct_659,2026-03-01,488,3,53,0.596,7,35,pro,1
acct_659,2026-04-01,475,0,48,0.409,13,35,pro,0
acct_659,2026-05-01,443,4,59,0.465,8,35,pro,1
acct_659,2026-06-01,452,2,45,0.333,6,35,pro,0
acct_659,2026-07-01,466,0,37,0.491,10,35,pro,1
acct_659,2026-08-01,447,3,55,0.474,6,35,pro,1
acct_659,2026-09-01,447,7,45,0.38,5,35,pro,0
acct_659,2026-10-01,443,3,64,0.437,17,35,pro,0
acct_659,2026-11-01,456,5,59,0.587,4,35,pro,0
acct_659,2026-12-01,449,4,63,0.479,13,35,pro,0
acct_660,2026-01-01,504,5,34,0.676,3,12,enterprise,0
acct_660,2026-02-01,497,1,36,0.506,8,12,enterprise,0
acct_660,2026-03-01,487,0,35,0.5,14,12,enterprise,1
acct_660,2026-04-01,509,0,36,0.69,16,12,enterprise,0
acct_660,2026-05-01,479,0,30,0.473,4,12,enterprise,0
acct_660,2026-06-01,467,2,37,0.666,5,12,enterprise,0
acct_660,2026-07-01,471,3,43,0.63,11,12,enterprise,0
acct_660,2026-08-01,483,5,18,0.692,17,12,enterprise,0
acct_660,2026-09-01,491,4,32,0.58,12,12,enterprise,0
acct_660,2026-10-01,481,7,35,0.631,12,12,enterprise,0
acct_660,2026-11-01,482,6,36,0.619,6,12,enterprise,0
acct_660,2026-12-01,517,3,34,0.549,6,12,enterprise,0
acct_661,2026-01-01,838,7,42,0.339,6,4,pro,1
acct_661,2026-02-01,833,7,36,0.47,15,4,pro,1
acct_661,2026-03-01,793,1,44,0.271,14,4,pro,0
acct_661,2026-04-01,816,0,39,0.575,6,4,pro,1
acct_661,2026-05-01,802,2,43,0.336,12,4,pro,0
acct_661,2026-06-01,755,0,41,0.243,0,4,pro,0
acct_661,2026-07-01,791,2,32,0.38,3,4,pro,0
acct_661,2026-08-01,767,2,35,0.43,6,4,pro,0
acct_661,2026-09-01,798,3,30,0.212,8,4,pro,0
acct_661,2026-10-01,844,4,33,0.453,8,4,pro,0
acct_661,2026-11-01,819,3,45,0.171,3,4,pro,0
acct_661,2026-12-01,808,1,40,0.406,15,4,pro,0
acct_662,2026-01-01,524,2,16,0.673,9,7,basic,0
acct_662,2026-02-01,511,7,18,0.662,9,7,basic,0
acct_662,2026-03-01,507,0,7,0.701,3,7,basic,1
acct_662,2026-04-01,542,1,17,0.683,10,7,basic,0
acct_662,2026-05-01,507,4,19,0.655,3,7,basic,0
acct_662,2026-06-01,527,1,8,0.704,1,7,basic,0
acct_662,2026-07-01,499,2,27,0.617,13,7,basic,0
acct_662,2026-08-01,525,0,18,0.656,14,7,basic,0
acct_662,2026-09-01,506,1,25,0.597,12,7,basic,0
acct_662,2026-10-01,491,5,21,0.67,4,7,basic,1
acct_662,2026-11-01,489,1,12,0.623,12,7,basic,0
acct_662,2026-12-01,491,6,16,0.658,13,7,basic,0
acct_663,2026-01-01,1006,4,34,0.375,8,16,enterprise,0
acct_663,2026-02-01,912,4,29,0.303,2,16,enterprise,0
acct_663,2026-03-01,868,7,17,0.278,9,16,enterprise,0
acct_663,2026-04-01,717,9,11,0.268,6,16,enterprise,1
acct_663,2026-05-01,602,2,11,0.166,12,16,enterprise,0
acct_663,2026-06-01,504,3,16,0.22,11,16,enterprise,0
acct_663,2026-07-01,437,9,6,0.046,18,16,enterprise,0
acct_663,2026-08-01,330,5,7,0.143,20,16,enterprise,0
acct_663,2026-09-01,243,10,0,0.071,19,16,enterprise,0
acct_663,2026-10-01,232,7,2,0.004,15,16,enterprise,0
acct_663,2026-11-01,138,4,0,0.0,19,16,enterprise,1
acct_663,2026-12-01,0,10,2,0.0,16,16,enterprise,0
acct_664,2026-01-01,801,3,51,0.81,6,33,basic,0
acct_664,2026-02-01,890,3,47,0.81,13,33,basic,0
acct_664,2026-03-01,847,3,55,0.857,4,33,basic,0
acct_664,2026-04-01,842,5,60,0.78,8,33,basic,0
acct_664,2026-05-01,821,6,62,0.726,11,33,basic,0
acct_664,2026-06-01,814,4,62,0.875,3,33,basic,0
acct_664,2026-07-01,869,7,54,0.829,8,33,basic,0
acct_664,2026-08-01,854,2,47,0.685,17,33,basic,0
acct_664,2026-09-01,815,2,63,0.679,9,33,basic,0
acct_664,2026-10-01,875,3,66,0.797,8,33,basic,0
acct_664,2026-11-01,859,5,62,0.761,5,33,basic,0
acct_664,2026-12-01,813,5,64,0.788,6,33,basic,1
acct_665,2026-01-01,809,3,37,0.751,7,10,pro,0
acct_665,2026-02-01,800,6,37,0.682,5,10,pro,0
acct_665,2026-03-01,762,1,33,0.784,13,10,pro,0
acct_665,2026-04-01,806,7,37,0.724,11,10,pro,0
acct_665,2026-05-01,771,0,46,0.788,8,10,pro,0
acct_665,2026-06-01,802,0,39,0.69,13,10,pro,0
acct_665,2026-07-01,772,3,28,0.757,8,10,pro,0
acct_665,2026-08-01,781,2,45,0.764,9,10,pro,0
acct_665,2026-09-01,800,0,40,0.766,2,10,pro,0
acct_665,2026-10-01,781,4,37,0.812,7,10,pro,1
acct_665,2026-11-01,821,1,44,0.904,4,10,pro,1
acct_665,2026-12-01,792,3,36,0.672,17,10,pro,0
acct_666,2026-01-01,621,2,72,0.481,0,17,enterprise,0
acct_666,2026-02-01,638,3,54,0.51,4,17,enterprise,0
acct_666,2026-03-01,634,5,60,0.424,11,17,enterprise,0
acct_666,2026-04-01,625,7,54,0.517,10,17,enterprise,0
acct_666,2026-05-01,627,2,49,0.493,1,17,enterprise,0
acct_666,2026-06-01,618,2,71,0.32,10,17,enterprise,0
acct_666,2026-07-01,601,0,57,0.458,8,17,enterprise,0
acct_666,2026-08-01,607,7,69,0.34,11,17,enterprise,1
acct_666,2026-09-01,629,7,47,0.382,15,17,enterprise,0
acct_666,2026-10-01,599,5,54,0.386,10,17,enterprise,0
acct_666,2026-11-01,647,0,56,0.514,9,17,enterprise,0
acct_666,2026-12-01,629,5,58,0.358,17,17,enterprise,0
acct_667,2026-01-01,1162,1,52,0.57,4,21,pro,1
acct_667,2026-02-01,1259,1,36,0.569,8,21,pro,0
acct_667,2026-03-01,1151,6,50,0.558,13,21,pro,0
acct_667,2026-04-01,1219,0,55,0.5,5,21,pro,0
acct_667,2026-05-01,1169,1,45,0.403,13,21,pro,0
acct_667,2026-06-01,1202,7,48,0.646,11,21,pro,0
acct_667,2026-07-01,1109,4,57,0.453,8,21,pro,0
acct_667,2026-08-01,1147,5,49,0.436,9,21,pro,0
acct_667,2026-09-01,1163,5,59,0.592,16,21,pro,0
acct_667,2026-10-01,1236,1,64,0.485,2,21,pro,0
acct_667,2026-11-01,1104,1,56,0.408,14,21,pro,0
acct_667,2026-12-01,1149,6,43,0.486,3,21,pro,0
acct_668,2026-01-01,1133,4,38,0.865,16,38,enterprise,0
acct_668,2026-02-01,1133,3,33,0.75,9,38,enterprise,0
acct_668,2026-03-01,1138,3,33,0.892,3,38,enterprise,1
acct_668,2026-04-01,1221,5,44,0.863,8,38,enterprise,0
acct_668,2026-05-01,1148,3,40,0.858,8,38,enterprise,0
acct_668,2026-06-01,1216,7,41,0.634,8,38,enterprise,0
acct_668,2026-07-01,1226,3,45,0.727,11,38,enterprise,0
acct_668,2026-08-01,1250,5,42,0.869,3,38,enterprise,0
acct_668,2026-09-01,1203,7,51,0.673,13,38,enterprise,1
acct_668,2026-10-01,1215,6,39,0.742,15,38,enterprise,0
acct_668,2026-11-01,1196,5,48,0.703,13,38,enterprise,0
acct_668,2026-12-01,1226,4,48,1.0,4,38,enterprise,0
acct_669,2026-01-01,583,9,6,0.336,10,18,basic,0
acct_669,2026-02-01,498,7,18,0.319,14,18,basic,0
acct_669,2026-03-01,425,2,13,0.203,15,18,basic,0
acct_669,2026-04-01,378,6,5,0.166,7,18,basic,0
acct_669,2026-05-01,351,4,1,0.111,8,18,basic,0
acct_669,2026-06-01,258,9,1,0.079,3,18,basic,0
acct_669,2026-07-01,182,7,1,0.046,5,18,basic,0
acct_669,2026-08-01,162,5,0,0.0,8,18,basic,0
acct_669,2026-09-01,80,8,0,0.0,7,18,basic,0
acct_669,2026-10-01,16,8,4,0.0,14,18,basic,0
acct_669,2026-11-01,0,9,6,0.0,16,18,basic,1
acct_669,2026-12-01,0,6,0,0.0,20,18,basic,0
acct_670,2026-01-01,998,5,55,0.886,5,31,pro,0
acct_670,2026-02-01,1012,2,52,0.693,5,31,pro,0
acct_670,2026-03-01,964,3,54,0.797,12,31,pro,0
acct_670,2026-04-01,961,1,46,0.76,9,31,pro,0
acct_670,2026-05-01,1012,3,60,0.911,9,31,pro,0
acct_670,2026-06-01,961,0,36,0.767,5,31,pro,0
acct_670,2026-07-01,988,4,49,0.761,9,31,pro,0
acct_670,2026-08-01,961,3,56,0.814,6,31,pro,0
acct_670,2026-09-01,961,4,59,0.913,7,31,pro,1
acct_670,2026-10-01,1002,7,55,0.749,13,31,pro,0
acct_670,2026-11-01,1001,4,54,0.707,16,31,pro,0
acct_670,2026-12-01,1013,6,52,0.807,5,31,pro,0
acct_671,2026-01-01,820,6,65,0.69,0,16,pro,0
acct_671,2026-02-01,782,6,56,0.594,7,16,pro,0
acct_671,2026-03-01,736,6,49,0.587,7,16,pro,0
acct_671,2026-04-01,685,9,52,0.584,15,16,pro,1
acct_671,2026-05-01,638,9,48,0.478,19,16,pro,0
acct_671,2026-06-01,584,5,54,0.51,6,16,pro,0
acct_671,2026-07-01,541,7,42,0.583,14,16,pro,0
acct_671,2026-08-01,531,4,43,0.542,13,16,pro,0
acct_671,2026-09-01,473,10,41,0.343,16,16,pro,0
acct_671,2026-10-01,387,8,36,0.299,17,16,pro,0
acct_671,2026-11-01,392,4,22,0.215,11,16,pro,0
acct_671,2026-12-01,370,3,35,0.323,14,16,pro,0
acct_672,2026-01-01,1114,3,50,0.625,7,35,pro,1
acct_672,2026-02-01,1244,0,52,0.462,0,35,pro,0
acct_672,2026-03-01,1211,6,55,0.585,12,35,pro,0
acct_672,2026-04-01,1153,7,65,0.642,12,35,pro,0
acct_672,2026-05-01,1237,5,56,0.661,7,35,pro,0
acct_672,2026-06-01,1230,3,52,0.414,7,35,pro,0
acct_672,2026-07-01,1228,4,52,0.67,12,35,pro,0
acct_672,2026-08-01,1201,2,56,0.641,1,35,pro,0
acct_672,2026-09-01,1315,7,62,0.582,5,35,pro,1
acct_672,2026-10-01,1301,3,59,0.723,0,35,pro,0
acct_672,2026-11-01,1272,2,58,0.767,10,35,pro,1
acct_672,2026-12-01,1316,2,55,0.696,8,35,pro,0
acct_673,2026-01-01,453,3,37,0.357,2,14,pro,0
acct_673,2026-02-01,417,3,28,0.385,13,14,pro,0
acct_673,2026-03-01,402,6,22,0.289,8,14,pro,0
acct_673,2026-04-01,357,9,37,0.106,14,14,pro,0
acct_673,2026-05-01,354,9,30,0.163,6,14,pro,0
acct_673,2026-06-01,297,8,40,0.129,7,14,pro,0
acct_673,2026-07-01,228,7,25,0.117,6,14,pro,1
acct_673,2026-08-01,223,3,25,0.175,15,14,pro,0
acct_673,2026-09-01,193,7,16,0.037,17,14,pro,0
acct_673,2026-10-01,162,8,14,0.0,13,14,pro,0
acct_673,2026-11-01,137,5,14,0.0,8,14,pro,0
acct_673,2026-12-01,86,6,8,0.02,23,14,pro,0
acct_674,2026-01-01,814,4,28,0.467,10,23,pro,0
acct_674,2026-02-01,857,2,35,0.585,5,23,pro,0
acct_674,2026-03-01,839,2,26,0.536,10,23,pro,1
acct_674,2026-04-01,854,2,14,0.656,10,23,pro,0
acct_674,2026-05-01,887,4,29,0.721,14,23,pro,0
acct_674,2026-06-01,902,5,29,0.498,12,23,pro,0
acct_674,2026-07-01,899,5,24,0.614,1,23,pro,0
acct_674,2026-08-01,918,4,28,0.615,4,23,pro,0
acct_674,2026-09-01,938,3,18,0.685,5,23,pro,0
acct_674,2026-10-01,885,2,37,0.645,3,23,pro,1
acct_674,2026-11-01,852,1,23,0.698,8,23,pro,0
acct_674,2026-12-01,914,6,26,0.646,10,23,pro,0
acct_675,2026-01-01,662,2,18,0.504,8,18,pro,0
acct_675,2026-02-01,701,4,13,0.511,8,18,pro,0
acct_675,2026-03-01,712,6,27,0.628,7,18,pro,0
acct_675,2026-04-01,718,2,13,0.469,12,18,pro,0
acct_675,2026-05-01,725,4,16,0.539,9,18,pro,0
acct_675,2026-06-01,709,1,21,0.545,3,18,pro,1
acct_675,2026-07-01,696,6,2,0.665,13,18,pro,0
acct_675,2026-08-01,708,0,14,0.437,5,18,pro,0
acct_675,2026-09-01,713,2,15,0.522,10,18,pro,1
acct_675,2026-10-01,710,3,2,0.689,14,18,pro,0
acct_675,2026-11-01,747,2,15,0.628,13,18,pro,0
acct_675,2026-12-01,689,4,17,0.518,2,18,pro,0
acct_676,2026-01-01,858,6,0,0.298,12,12,basic,0
acct_676,2026-02-01,831,6,1,0.314,1,12,basic,0
acct_676,2026-03-01,867,6,10,0.309,10,12,basic,0
acct_676,2026-04-01,875,0,13,0.218,3,12,basic,0
acct_676,2026-05-01,858,3,9,0.237,4,12,basic,0
acct_676,2026-06-01,877,2,8,0.237,5,12,basic,1
acct_676,2026-07-01,831,1,12,0.248,13,12,basic,0
acct_676,2026-08-01,839,3,2,0.285,17,12,basic,0
acct_676,2026-09-01,799,2,9,0.278,10,12,basic,0
acct_676,2026-10-01,814,7,0,0.313,0,12,basic,0
acct_676,2026-11-01,820,4,14,0.326,13,12,basic,0
acct_676,2026-12-01,791,3,14,0.339,5,12,basic,0
acct_677,2026-01-01,1044,5,31,0.387,9,11,basic,0
acct_677,2026-02-01,1064,5,37,0.287,5,11,basic,1
acct_677,2026-03-01,913,8,30,0.363,4,11,basic,0
acct_677,2026-04-01,885,6,33,0.262,9,11,basic,0
acct_677,2026-05-01,799,4,34,0.337,13,11,basic,0
acct_677,2026-06-01,742,2,23,0.155,8,11,basic,0
acct_677,2026-07-01,680,6,32,0.073,17,11,basic,0
acct_677,2026-08-01,646,3,12,0.1,9,11,basic,0
acct_677,2026-09-01,592,10,19,0.084,22,11,basic,0
acct_677,2026-10-01,501,4,24,0.044,18,11,basic,0
acct_677,2026-11-01,462,5,29,0.055,11,11,basic,0
acct_677,2026-12-01,407,5,15,0.01,21,11,basic,1
acct_678,2026-01-01,836,6,55,0.38,0,21,enterprise,0
acct_678,2026-02-01,762,8,35,0.123,13,21,enterprise,1
acct_678,2026-03-01,641,9,47,0.087,1,21,enterprise,0
acct_678,2026-04-01,567,5,30,0.086,11,21,enterprise,0
acct_678,2026-05-01,504,5,28,0.007,14,21,enterprise,0
acct_678,2026-06-01,428,8,17,0.046,11,21,enterprise,0
acct_678,2026-07-01,332,6,30,0.0,19,21,enterprise,0
acct_678,2026-08-01,272,4,18,0.0,8,21,enterprise,0
acct_678,2026-09-01,174,5,19,0.0,20,21,enterprise,0
acct_678,2026-10-01,132,3,18,0.0,13,21,enterprise,0
acct_678,2026-11-01,2,3,6,0.0,19,21,enterprise,0
acct_678,2026-12-01,0,10,0,0.0,9,21,enterprise,0
acct_679,2026-01-01,431,5,26,0.797,2,17,enterprise,0
acct_679,2026-02-01,441,6,33,0.605,16,17,enterprise,0
acct_679,2026-03-01,421,4,23,0.788,1,17,enterprise,0
acct_679,2026-04-01,431,6,43,0.732,3,17,enterprise,0
acct_679,2026-05-01,448,0,22,0.642,4,17,enterprise,0
acct_679,2026-06-01,452,2,33,0.775,6,17,enterprise,0
acct_679,2026-07-01,458,7,35,0.533,16,17,enterprise,0
acct_679,2026-08-01,462,0,21,0.899,10,17,enterprise,0
acct_679,2026-09-01,449,5,31,0.778,12,17,enterprise,0
acct_679,2026-10-01,472,3,27,0.545,9,17,enterprise,1
acct_679,2026-11-01,444,2,32,0.751,4,17,enterprise,0
acct_679,2026-12-01,475,2,33,0.676,11,17,enterprise,0
acct_680,2026-01-01,991,7,30,0.11,11,34,pro,0
acct_680,2026-02-01,990,5,19,0.134,1,34,pro,0
acct_680,2026-03-01,1047,1,19,0.26,8,34,pro,0
acct_680,2026-04-01,1052,3,31,0.321,12,34,pro,0
acct_680,2026-05-01,1024,2,32,0.3,1,34,pro,0
acct_680,2026-06-01,1033,0,31,0.314,10,34,pro,0
acct_680,2026-07-01,1049,4,25,0.276,1,34,pro,0
acct_680,2026-08-01,1035,1,26,0.185,7,34,pro,1
acct_680,2026-09-01,1036,5,26,0.28,8,34,pro,0
acct_680,2026-10-01,1082,0,25,0.156,4,34,pro,0
acct_680,2026-11-01,1067,6,23,0.334,15,34,pro,0
acct_680,2026-12-01,1059,3,19,0.463,6,34,pro,0
acct_681,2026-01-01,618,8,26,0.151,13,6,basic,0
acct_681,2026-02-01,570,7,14,0.059,2,6,basic,0
acct_681,2026-03-01,556,4,20,0.0,3,6,basic,0
acct_681,2026-04-01,517,2,14,0.0,8,6,basic,0
acct_681,2026-05-01,460,3,17,0.175,20,6,basic,0
acct_681,2026-06-01,427,7,10,0.037,13,6,basic,0
acct_681,2026-07-01,392,3,12,0.162,10,6,basic,1
acct_681,2026-08-01,339,7,8,0.027,14,6,basic,0
acct_681,2026-09-01,324,10,9,0.0,19,6,basic,0
acct_681,2026-10-01,278,4,19,0.0,17,6,basic,0
acct_681,2026-11-01,258,6,9,0.0,16,6,basic,0
acct_681,2026-12-01,210,7,0,0.0,16,6,basic,0
acct_682,2026-01-01,958,6,49,0.347,8,19,pro,0
acct_682,2026-02-01,935,4,54,0.29,15,19,pro,0
acct_682,2026-03-01,945,7,56,0.263,1,19,pro,0
acct_682,2026-04-01,970,4,67,0.46,13,19,pro,0
acct_682,2026-05-01,992,2,52,0.297,4,19,pro,0
acct_682,2026-06-01,1054,1,54,0.201,3,19,pro,0
acct_682,2026-07-01,1049,5,54,0.354,9,19,pro,0
acct_682,2026-08-01,1013,0,63,0.246,9,19,pro,0
acct_682,2026-09-01,1047,5,62,0.363,7,19,pro,0
acct_682,2026-10-01,1086,7,67,0.428,6,19,pro,0
acct_682,2026-11-01,1019,4,69,0.324,12,19,pro,0
acct_682,2026-12-01,1060,7,61,0.311,6,19,pro,0
acct_683,2026-01-01,780,5,45,0.716,11,22,basic,0
acct_683,2026-02-01,837,7,55,0.732,14,22,basic,0
acct_683,2026-03-01,793,4,66,0.568,13,22,basic,0
acct_683,2026-04-01,758,3,61,0.581,2,22,basic,0
acct_683,2026-05-01,796,0,46,0.772,9,22,basic,0
acct_683,2026-06-01,776,7,50,0.71,12,22,basic,0
acct_683,2026-07-01,759,0,52,0.519,13,22,basic,0
acct_683,2026-08-01,792,6,65,0.794,14,22,basic,0
acct_683,2026-09-01,749,0,46,0.488,8,22,basic,0
acct_683,2026-10-01,768,5,55,0.691,12,22,basic,1
acct_683,2026-11-01,781,0,58,0.601,9,22,basic,0
acct_683,2026-12-01,816,3,47,0.764,13,22,basic,0
acct_684,2026-01-01,810,0,24,0.303,7,8,pro,0
acct_684,2026-02-01,792,3,18,0.407,9,8,pro,0
acct_684,2026-03-01,789,6,12,0.29,4,8,pro,0
acct_684,2026-04-01,813,2,18,0.451,12,8,pro,0
acct_684,2026-05-01,817,5,15,0.392,11,8,pro,0
acct_684,2026-06-01,785,1,7,0.332,3,8,pro,0
acct_684,2026-07-01,761,0,21,0.334,16,8,pro,0
acct_684,2026-08-01,749,6,12,0.286,13,8,pro,0
acct_684,2026-09-01,749,0,27,0.174,3,8,pro,1
acct_684,2026-10-01,763,0,18,0.215,5,8,pro,0
acct_684,2026-11-01,772,6,15,0.41,10,8,pro,1
acct_684,2026-12-01,773,5,13,0.338,10,8,pro,0
acct_685,2026-01-01,1041,6,29,0.228,14,32,pro,0
acct_685,2026-02-01,971,6,25,0.224,14,32,pro,0
acct_685,2026-03-01,1011,6,35,0.285,5,32,pro,0
acct_685,2026-04-01,1003,2,34,0.265,14,32,pro,0
acct_685,2026-05-01,1079,2,27,0.397,12,32,pro,0
acct_685,2026-06-01,1003,3,28,0.187,15,32,pro,0
acct_685,2026-07-01,1032,0,34,0.419,5,32,pro,0
acct_685,2026-08-01,1057,4,30,0.276,3,32,pro,0
acct_685,2026-09-01,991,0,36,0.285,2,32,pro,0
acct_685,2026-10-01,1009,6,33,0.398,13,32,pro,0
acct_685,2026-11-01,976,5,33,0.31,13,32,pro,0
acct_685,2026-12-01,1056,3,13,0.33,8,32,pro,0
acct_686,2026-01-01,1147,6,28,0.223,15,36,basic,0
acct_686,2026-02-01,1117,0,30,0.225,5,36,basic,0
acct_686,2026-03-01,1041,0,24,0.289,3,36,basic,0
acct_686,2026-04-01,1097,7,21,0.308,15,36,basic,0
acct_686,2026-05-01,1064,3,23,0.194,5,36,basic,0
acct_686,2026-06-01,1081,2,32,0.311,3,36,basic,0
acct_686,2026-07-01,1100,1,35,0.353,10,36,basic,0
acct_686,2026-08-01,1121,1,35,0.066,2,36,basic,0
acct_686,2026-09-01,1030,7,29,0.115,4,36,basic,1
acct_686,2026-10-01,1114,7,38,0.226,10,36,basic,0
acct_686,2026-11-01,1031,4,33,0.213,0,36,basic,0
acct_686,2026-12-01,1091,7,22,0.145,8,36,basic,0
acct_687,2026-01-01,560,6,47,0.454,12,21,enterprise,0
acct_687,2026-02-01,554,3,56,0.431,4,21,enterprise,0
acct_687,2026-03-01,565,4,51,0.373,2,21,enterprise,0
acct_687,2026-04-01,537,7,52,0.454,4,21,enterprise,0
acct_687,2026-05-01,550,0,37,0.422,5,21,enterprise,0
acct_687,2026-06-01,570,1,53,0.4,2,21,enterprise,0
acct_687,2026-07-01,584,5,52,0.548,3,21,enterprise,0
acct_687,2026-08-01,583,0,44,0.272,10,21,enterprise,0
acct_687,2026-09-01,590,2,43,0.516,3,21,enterprise,0
acct_687,2026-10-01,604,1,38,0.492,5,21,enterprise,0
acct_687,2026-11-01,589,3,41,0.471,9,21,enterprise,0
acct_687,2026-12-01,612,3,46,0.514,8,21,enterprise,1
acct_688,2026-01-01,992,7,51,0.38,14,26,basic,0
acct_688,2026-02-01,1008,3,49,0.204,0,26,basic,0
acct_688,2026-03-01,1022,4,65,0.26,0,26,basic,0
acct_688,2026-04-01,960,3,58,0.428,2,26,basic,0
acct_688,2026-05-01,1001,4,52,0.129,12,26,basic,0
acct_688,2026-06-01,1016,5,63,0.291,13,26,basic,0
acct_688,2026-07-01,1056,3,59,0.399,13,26,basic,0
acct_688,2026-08-01,1031,6,54,0.328,16,26,basic,0
acct_688,2026-09-01,999,7,53,0.344,5,26,basic,0
acct_688,2026-10-01,996,2,62,0.353,8,26,basic,0
acct_688,2026-11-01,988,2,52,0.245,13,26,basic,0
acct_688,2026-12-01,995,7,53,0.257,6,26,basic,0
acct_689,2026-01-01,844,7,45,0.782,12,40,enterprise,0
acct_689,2026-02-01,839,6,42,0.664,11,40,enterprise,0
acct_689,2026-03-01,828,4,32,0.607,12,40,enterprise,0
acct_689,2026-04-01,851,2,47,0.576,4,40,enterprise,0
acct_689,2026-05-01,854,0,25,0.708,16,40,enterprise,1
acct_689,2026-06-01,860,7,39,0.523,10,40,enterprise,0
acct_689,2026-07-01,887,2,22,0.751,8,40,enterprise,0
acct_689,2026-08-01,906,4,28,0.747,6,40,enterprise,0
acct_689,2026-09-01,909,1,33,0.804,4,40,enterprise,0
acct_689,2026-10-01,914,0,46,0.738,7,40,enterprise,0
acct_689,2026-11-01,899,2,34,0.647,6,40,enterprise,0
acct_689,2026-12-01,991,1,44,0.851,8,40,enterprise,0
acct_690,2026-01-01,1138,2,62,0.738,3,6,enterprise,0
acct_690,2026-02-01,1108,7,55,0.625,4,6,enterprise,0
acct_690,2026-03-01,1115,4,52,0.687,10,6,enterprise,0
acct_690,2026-04-01,1136,5,57,0.543,14,6,enterprise,0
acct_690,2026-05-01,1060,0,56,0.564,2,6,enterprise,0
acct_690,2026-06-01,1055,7,59,0.618,2,6,enterprise,1
acct_690,2026-07-01,1170,1,66,0.691,14,6,enterprise,0
acct_690,2026-08-01,1062,7,66,0.648,11,6,enterprise,0
acct_690,2026-09-01,1079,1,50,0.697,1,6,enterprise,0
acct_690,2026-10-01,1107,4,55,0.622,5,6,enterprise,0
acct_690,2026-11-01,1108,0,54,0.79,6,6,enterprise,1
acct_690,2026-12-01,1115,3,63,0.615,8,6,enterprise,0
acct_691,2026-01-01,585,1,30,0.648,4,14,basic,0
acct_691,2026-02-01,554,2,36,0.616,5,14,basic,0
acct_691,2026-03-01,551,3,38,0.553,16,14,basic,0
acct_691,2026-04-01,596,7,30,0.724,12,14,basic,0
acct_691,2026-05-01,559,1,37,0.535,9,14,basic,0
acct_691,2026-06-01,558,5,23,0.558,5,14,basic,0
acct_691,2026-07-01,556,4,35,0.485,11,14,basic,1
acct_691,2026-08-01,562,7,32,0.604,10,14,basic,0
acct_691,2026-09-01,540,1,40,0.522,5,14,basic,0
acct_691,2026-10-01,527,7,23,0.542,7,14,basic,0
acct_691,2026-11-01,527,1,38,0.502,15,14,basic,0
acct_691,2026-12-01,520,1,36,0.466,10,14,basic,0
acct_692,2026-01-01,396,4,41,0.311,17,12,pro,0
acct_692,2026-02-01,407,4,34,0.265,7,12,pro,0
acct_692,2026-03-01,421,5,43,0.192,9,12,pro,0
acct_692,2026-04-01,401,2,37,0.306,15,12,pro,0
acct_692,2026-05-01,377,0,52,0.293,6,12,pro,0
acct_692,2026-06-01,391,2,36,0.219,6,12,pro,0
acct_692,2026-07-01,388,5,46,0.302,2,12,pro,0
acct_692,2026-08-01,388,6,41,0.187,7,12,pro,0
acct_692,2026-09-01,410,4,35,0.416,8,12,pro,0
acct_692,2026-10-01,396,5,50,0.289,2,12,pro,1
acct_692,2026-11-01,388,4,42,0.248,9,12,pro,0
acct_692,2026-12-01,385,3,36,0.411,13,12,pro,0
acct_693,2026-01-01,472,6,28,0.398,2,30,pro,0
acct_693,2026-02-01,484,4,34,0.635,5,30,pro,1
acct_693,2026-03-01,494,5,35,0.705,7,30,pro,0
acct_693,2026-04-01,479,4,34,0.578,9,30,pro,0
acct_693,2026-05-01,501,1,25,0.357,1,30,pro,0
acct_693,2026-06-01,522,6,35,0.424,4,30,pro,0
acct_693,2026-07-01,488,5,36,0.5,6,30,pro,0
acct_693,2026-08-01,517,3,25,0.394,2,30,pro,0
acct_693,2026-09-01,519,4,35,0.609,2,30,pro,0
acct_693,2026-10-01,511,2,30,0.375,14,30,pro,0
acct_693,2026-11-01,505,1,35,0.593,13,30,pro,0
acct_693,2026-12-01,495,0,36,0.545,12,30,pro,0
acct_694,2026-01-01,675,0,57,0.028,8,6,pro,0
acct_694,2026-02-01,672,5,54,0.126,10,6,pro,0
acct_694,2026-03-01,686,6,47,0.266,1,6,pro,0
acct_694,2026-04-01,642,7,53,0.284,6,6,pro,0
acct_694,2026-05-01,658,1,59,0.206,7,6,pro,1
acct_694,2026-06-01,641,2,59,0.44,4,6,pro,0
acct_694,2026-07-01,623,7,58,0.167,8,6,pro,0
acct_694,2026-08-01,632,1,67,0.306,7,6,pro,0
acct_694,2026-09-01,638,7,58,0.14,0,6,pro,0
acct_694,2026-10-01,613,6,55,0.337,8,6,pro,0
acct_694,2026-11-01,585,4,42,0.283,14,6,pro,0
acct_694,2026-12-01,633,1,50,0.26,7,6,pro,1
acct_695,2026-01-01,536,1,49,0.499,12,35,basic,0
acct_695,2026-02-01,576,4,46,0.641,10,35,basic,0
acct_695,2026-03-01,538,1,48,0.663,10,35,basic,0
acct_695,2026-04-01,528,4,37,0.515,10,35,basic,1
acct_695,2026-05-01,557,7,40,0.496,6,35,basic,1
acct_695,2026-06-01,564,0,41,0.424,13,35,basic,0
acct_695,2026-07-01,574,0,39,0.62,10,35,basic,0
acct_695,2026-08-01,534,0,43,0.491,10,35,basic,0
acct_695,2026-09-01,559,4,49,0.671,5,35,basic,0
acct_695,2026-10-01,575,4,32,0.597,9,35,basic,0
acct_695,2026-11-01,582,1,56,0.476,5,35,basic,0
acct_695,2026-12-01,564,5,40,0.514,14,35,basic,0
acct_696,2026-01-01,513,5,22,0.464,13,27,pro,0
acct_696,2026-02-01,553,5,36,0.45,1,27,pro,1
acct_696,2026-03-01,591,1,36,0.417,8,27,pro,0
acct_696,2026-04-01,549,2,38,0.621,6,27,pro,0
acct_696,2026-05-01,592,3,39,0.475,14,27,pro,0
acct_696,2026-06-01,541,4,35,0.468,8,27,pro,0
acct_696,2026-07-01,558,5,35,0.625,7,27,pro,0
acct_696,2026-08-01,595,0,33,0.512,3,27,pro,1
acct_696,2026-09-01,579,0,37,0.663,9,27,pro,0
acct_696,2026-10-01,598,4,41,0.69,7,27,pro,0
acct_696,2026-11-01,601,2,32,0.48,10,27,pro,0
acct_696,2026-12-01,599,2,36,0.473,4,27,pro,0
acct_697,2026-01-01,1104,9,37,0.35,2,8,basic,0
acct_697,2026-02-01,964,4,36,0.116,3,8,basic,0
acct_697,2026-03-01,874,8,32,0.206,15,8,basic,0
acct_697,2026-04-01,757,8,23,0.124,3,8,basic,0
acct_697,2026-05-01,647,7,24,0.13,13,8,basic,0
acct_697,2026-06-01,555,7,25,0.157,12,8,basic,0
acct_697,2026-07-01,378,4,16,0.01,6,8,basic,1
acct_697,2026-08-01,205,7,21,0.0,20,8,basic,0
acct_697,2026-09-01,183,5,13,0.0,20,8,basic,0
acct_697,2026-10-01,64,3,1,0.0,11,8,basic,0
acct_697,2026-11-01,0,8,5,0.0,11,8,basic,0
acct_697,2026-12-01,0,5,0,0.0,20,8,basic,0
acct_698,2026-01-01,460,0,11,0.561,12,17,pro,0
acct_698,2026-02-01,462,5,20,0.581,4,17,pro,0
acct_698,2026-03-01,476,3,19,0.52,1,17,pro,0
acct_698,2026-04-01,465,5,18,0.404,1,17,pro,0
acct_698,2026-05-01,449,7,10,0.513,10,17,pro,0
acct_698,2026-06-01,473,1,12,0.651,12,17,pro,0
acct_698,2026-07-01,462,7,15,0.524,3,17,pro,0
acct_698,2026-08-01,476,5,29,0.746,9,17,pro,0
acct_698,2026-09-01,468,6,17,0.542,14,17,pro,0
acct_698,2026-10-01,436,1,14,0.672,8,17,pro,0
acct_698,2026-11-01,452,3,19,0.557,6,17,pro,0
acct_698,2026-12-01,478,4,18,0.587,12,17,pro,0
acct_699,2026-01-01,1171,4,64,0.814,14,13,basic,1
acct_699,2026-02-01,1065,3,46,0.723,13,13,basic,0
acct_699,2026-03-01,991,7,58,0.467,8,13,basic,0
acct_699,2026-04-01,953,7,48,0.642,12,13,basic,0
acct_699,2026-05-01,805,9,48,0.47,10,13,basic,1
acct_699,2026-06-01,798,4,42,0.662,17,13,basic,0
acct_699,2026-07-01,775,9,30,0.478,20,13,basic,0
acct_699,2026-08-01,650,3,33,0.387,18,13,basic,0
acct_699,2026-09-01,582,6,21,0.428,15,13,basic,0
acct_699,2026-10-01,535,8,25,0.399,13,13,basic,0
acct_699,2026-11-01,439,4,21,0.252,20,13,basic,0
acct_699,2026-12-01,363,9,39,0.211,11,13,basic,0
acct_700,2026-01-01,832,1,46,0.452,8,34,pro,0
acct_700,2026-02-01,785,3,59,0.281,16,34,pro,0
acct_700,2026-03-01,821,1,44,0.427,11,34,pro,0
acct_700,2026-04-01,809,6,49,0.535,2,34,pro,0
acct_700,2026-05-01,791,1,42,0.429,7,34,pro,0
acct_700,2026-06-01,785,4,45,0.373,5,34,pro,0
acct_700,2026-07-01,809,6,40,0.414,15,34,pro,0
acct_700,2026-08-01,788,6,42,0.524,13,34,pro,0
acct_700,2026-09-01,770,0,39,0.282,15,34,pro,0
acct_700,2026-10-01,772,3,52,0.354,7,34,pro,0
acct_700,2026-11-01,791,5,49,0.422,2,34,pro,0
acct_700,2026-12-01,782,4,56,0.26,7,34,pro,0
acct_701,2026-01-01,689,4,67,0.785,11,7,pro,0
acct_701,2026-02-01,691,5,51,0.725,16,7,pro,0
acct_701,2026-03-01,712,2,52,0.806,14,7,pro,0
acct_701,2026-04-01,710,6,56,0.714,5,7,pro,0
acct_701,2026-05-01,714,7,56,0.762,11,7,pro,0
acct_701,2026-06-01,704,4,54,0.563,1,7,pro,1
acct_701,2026-07-01,673,5,55,0.695,12,7,pro,0
acct_701,2026-08-01,726,4,62,0.724,11,7,pro,0
acct_701,2026-09-01,642,0,54,0.644,6,7,pro,0
acct_701,2026-10-01,651,2,48,0.754,15,7,pro,1
acct_701,2026-11-01,672,4,55,0.61,6,7,pro,0
acct_701,2026-12-01,678,0,53,0.74,13,7,pro,0
acct_702,2026-01-01,431,3,43,0.488,8,22,enterprise,0
acct_702,2026-02-01,365,4,33,0.457,0,22,enterprise,0
acct_702,2026-03-01,373,9,25,0.341,6,22,enterprise,0
acct_702,2026-04-01,338,3,20,0.291,12,22,enterprise,0
acct_702,2026-05-01,309,4,27,0.324,6,22,enterprise,0
acct_702,2026-06-01,274,7,16,0.233,13,22,enterprise,0
acct_702,2026-07-01,237,9,22,0.378,20,22,enterprise,0
acct_702,2026-08-01,217,6,20,0.317,19,22,enterprise,0
acct_702,2026-09-01,166,3,17,0.284,17,22,enterprise,0
acct_702,2026-10-01,134,4,22,0.311,16,22,enterprise,0
acct_702,2026-11-01,109,3,16,0.121,16,22,enterprise,0
acct_702,2026-12-01,94,8,11,0.068,16,22,enterprise,0
acct_703,2026-01-01,1011,2,43,0.451,14,19,basic,0
acct_703,2026-02-01,1111,7,47,0.575,4,19,basic,0
acct_703,2026-03-01,1067,5,41,0.404,2,19,basic,0
acct_703,2026-04-01,1063,0,50,0.56,3,19,basic,1
acct_703,2026-05-01,1078,0,53,0.628,2,19,basic,0
acct_703,2026-06-01,1029,7,34,0.499,5,19,basic,0
acct_703,2026-07-01,988,1,47,0.468,10,19,basic,1
acct_703,2026-08-01,1083,7,47,0.487,14,19,basic,0
acct_703,2026-09-01,1055,0,36,0.544,7,19,basic,0
acct_703,2026-10-01,985,2,28,0.533,11,19,basic,0
acct_703,2026-11-01,1045,5,43,0.506,13,19,basic,0
acct_703,2026-12-01,962,4,47,0.419,11,19,basic,0
acct_704,2026-01-01,557,2,63,0.103,9,21,pro,1
acct_704,2026-02-01,549,1,61,0.238,3,21,pro,0
acct_704,2026-03-01,552,7,65,0.151,12,21,pro,1
acct_704,2026-04-01,577,3,67,0.257,7,21,pro,0
acct_704,2026-05-01,609,4,61,0.28,10,21,pro,0
acct_704,2026-06-01,564,3,63,0.298,5,21,pro,0
acct_704,2026-07-01,571,4,51,0.405,1,21,pro,0
acct_704,2026-08-01,613,1,65,0.341,4,21,pro,0
acct_704,2026-09-01,588,6,68,0.325,2,21,pro,1
acct_704,2026-10-01,618,0,63,0.185,6,21,pro,0
acct_704,2026-11-01,611,2,61,0.155,17,21,pro,0
acct_704,2026-12-01,615,1,62,0.229,11,21,pro,0
acct_705,2026-01-01,538,0,18,0.584,3,10,enterprise,0
acct_705,2026-02-01,565,4,15,0.718,3,10,enterprise,0
acct_705,2026-03-01,545,7,26,0.594,14,10,enterprise,0
acct_705,2026-04-01,559,7,35,0.738,1,10,enterprise,0
acct_705,2026-05-01,588,3,16,0.555,12,10,enterprise,0
acct_705,2026-06-01,564,1,20,0.657,10,10,enterprise,0
acct_705,2026-07-01,566,6,16,0.633,5,10,enterprise,0
acct_705,2026-08-01,579,5,14,0.85,2,10,enterprise,0
acct_705,2026-09-01,556,3,23,0.735,2,10,enterprise,0
acct_705,2026-10-01,566,1,15,0.615,9,10,enterprise,0
acct_705,2026-11-01,550,0,23,0.839,7,10,enterprise,0
acct_705,2026-12-01,576,2,13,0.61,6,10,enterprise,0
acct_706,2026-01-01,804,7,28,0.666,7,30,pro,0
acct_706,2026-02-01,793,4,21,0.666,8,30,pro,0
acct_706,2026-03-01,719,5,25,0.707,10,30,pro,0
acct_706,2026-04-01,784,1,32,0.592,4,30,pro,0
acct_706,2026-05-01,790,3,32,0.735,8,30,pro,0
acct_706,2026-06-01,761,7,17,0.8,9,30,pro,0
acct_706,2026-07-01,790,4,17,0.638,11,30,pro,0
acct_706,2026-08-01,804,5,23,0.563,3,30,pro,0
acct_706,2026-09-01,798,3,24,0.651,8,30,pro,1
acct_706,2026-10-01,780,7,22,0.713,8,30,pro,0
acct_706,2026-11-01,812,1,40,0.703,8,30,pro,0
acct_706,2026-12-01,761,6,37,0.574,1,30,pro,1
acct_707,2026-01-01,1170,7,40,0.233,6,11,basic,1
acct_707,2026-02-01,1022,9,33,0.441,11,11,basic,0
acct_707,2026-03-01,1017,8,28,0.221,9,11,basic,0
acct_707,2026-04-01,906,4,19,0.079,10,11,basic,0
acct_707,2026-05-01,753,4,21,0.083,3,11,basic,1
acct_707,2026-06-01,641,7,21,0.186,13,11,basic,0
acct_707,2026-07-01,578,6,21,0.035,7,11,basic,1
acct_707,2026-08-01,430,3,20,0.0,7,11,basic,0
acct_707,2026-09-01,330,8,19,0.037,14,11,basic,0
acct_707,2026-10-01,213,7,23,0.0,15,11,basic,0
acct_707,2026-11-01,152,7,0,0.0,15,11,basic,1
acct_707,2026-12-01,58,10,2,0.0,10,11,basic,0
acct_708,2026-01-01,927,3,59,0.601,1,22,pro,0
acct_708,2026-02-01,855,3,58,0.728,10,22,pro,0
acct_708,2026-03-01,933,3,55,0.585,5,22,pro,1
acct_708,2026-04-01,907,4,66,0.565,10,22,pro,0
acct_708,2026-05-01,902,4,56,0.511,11,22,pro,0
acct_708,2026-06-01,891,4,54,0.629,10,22,pro,0
acct_708,2026-07-01,873,1,49,0.615,5,22,pro,1
acct_708,2026-08-01,893,6,45,0.497,10,22,pro,1
acct_708,2026-09-01,822,4,58,0.643,5,22,pro,0
acct_708,2026-10-01,804,4,58,0.702,12,22,pro,0
acct_708,2026-11-01,832,1,50,0.447,8,22,pro,1
acct_708,2026-12-01,818,6,55,0.523,3,22,pro,0
acct_709,2026-01-01,414,3,32,0.828,15,28,pro,0
acct_709,2026-02-01,400,0,31,0.627,16,28,pro,0
acct_709,2026-03-01,425,2,31,0.669,7,28,pro,0
acct_709,2026-04-01,430,6,37,0.756,8,28,pro,0
acct_709,2026-05-01,380,0,32,0.664,14,28,pro,0
acct_709,2026-06-01,396,0,39,0.72,7,28,pro,1
acct_709,2026-07-01,384,2,37,0.824,15,28,pro,0
acct_709,2026-08-01,400,0,37,0.666,12,28,pro,0
acct_709,2026-09-01,389,5,36,0.682,10,28,pro,0
acct_709,2026-10-01,378,5,29,0.667,0,28,pro,0
acct_709,2026-11-01,376,1,22,0.618,1,28,pro,0
acct_709,2026-12-01,372,6,38,0.707,12,28,pro,0
acct_710,2026-01-01,571,1,34,0.956,14,28,enterprise,1
acct_710,2026-02-01,535,7,43,0.781,11,28,enterprise,0
acct_710,2026-03-01,552,4,45,0.821,17,28,enterprise,0
acct_710,2026-04-01,514,4,32,0.661,6,28,enterprise,0
acct_710,2026-05-01,544,5,20,0.702,3,28,enterprise,0
acct_710,2026-06-01,520,3,27,0.704,7,28,enterprise,0
acct_710,2026-07-01,475,3,33,0.559,11,28,enterprise,0
acct_710,2026-08-01,517,4,38,0.566,4,28,enterprise,0
acct_710,2026-09-01,495,1,34,0.68,2,28,enterprise,0
acct_710,2026-10-01,476,5,36,0.55,6,28,enterprise,0
acct_710,2026-11-01,519,6,29,0.665,13,28,enterprise,0
acct_710,2026-12-01,504,1,24,0.677,4,28,enterprise,0
acct_711,2026-01-01,1148,3,26,0.804,13,31,pro,0
acct_711,2026-02-01,1133,4,36,0.818,14,31,pro,0
acct_711,2026-03-01,1100,4,40,0.79,2,31,pro,0
acct_711,2026-04-01,1127,4,34,0.793,0,31,pro,1
acct_711,2026-05-01,1136,3,45,0.779,14,31,pro,0
acct_711,2026-06-01,1152,0,42,0.673,12,31,pro,0
acct_711,2026-07-01,1187,0,29,0.831,4,31,pro,0
acct_711,2026-08-01,1159,5,34,0.757,13,31,pro,0
acct_711,2026-09-01,1144,2,25,0.796,14,31,pro,0
acct_711,2026-10-01,1163,1,32,0.797,4,31,pro,0
acct_711,2026-11-01,1095,2,31,0.817,9,31,pro,0
acct_711,2026-12-01,1167,1,38,0.785,8,31,pro,0
acct_712,2026-01-01,433,4,36,0.499,2,35,enterprise,0
acct_712,2026-02-01,485,0,30,0.563,7,35,enterprise,0
acct_712,2026-03-01,484,3,36,0.528,8,35,enterprise,0
acct_712,2026-04-01,464,0,28,0.566,13,35,enterprise,1
acct_712,2026-05-01,461,2,32,0.471,4,35,enterprise,0
acct_712,2026-06-01,489,6,30,0.411,6,35,enterprise,1
acct_712,2026-07-01,471,4,37,0.505,8,35,enterprise,0
acct_712,2026-08-01,463,7,35,0.628,9,35,enterprise,0
acct_712,2026-09-01,520,4,38,0.534,2,35,enterprise,0
acct_712,2026-10-01,482,6,37,0.557,5,35,enterprise,0
acct_712,2026-11-01,516,4,33,0.486,6,35,enterprise,0
acct_712,2026-12-01,501,1,32,0.498,13,35,enterprise,0
acct_713,2026-01-01,766,3,46,0.947,10,20,basic,0
acct_713,2026-02-01,825,3,53,0.79,7,20,basic,0
acct_713,2026-03-01,817,0,49,0.671,6,20,basic,0
acct_713,2026-04-01,853,5,53,0.843,12,20,basic,0
acct_713,2026-05-01,840,0,42,0.834,8,20,basic,0
acct_713,2026-06-01,868,6,44,0.752,15,20,basic,0
acct_713,2026-07-01,860,6,52,0.742,9,20,basic,0
acct_713,2026-08-01,889,7,45,0.882,4,20,basic,0
acct_713,2026-09-01,879,1,59,0.794,8,20,basic,0
acct_713,2026-10-01,857,0,59,0.719,12,20,basic,1
acct_713,2026-11-01,871,3,58,0.748,10,20,basic,0
acct_713,2026-12-01,874,6,66,0.898,2,20,basic,0
acct_714,2026-01-01,1235,3,13,0.404,5,5,pro,0
acct_714,2026-02-01,1084,8,5,0.398,6,5,pro,0
acct_714,2026-03-01,903,7,23,0.313,11,5,pro,0
acct_714,2026-04-01,760,4,5,0.082,16,5,pro,0
acct_714,2026-05-01,609,8,6,0.149,7,5,pro,0
acct_714,2026-06-01,514,8,6,0.044,16,5,pro,1
acct_714,2026-07-01,408,7,8,0.02,12,5,pro,0
acct_714,2026-08-01,295,5,7,0.0,11,5,pro,0
acct_714,2026-09-01,90,9,7,0.016,21,5,pro,0
acct_714,2026-10-01,58,7,10,0.0,18,5,pro,0
acct_714,2026-11-01,0,3,5,0.0,11,5,pro,0
acct_714,2026-12-01,0,8,0,0.0,20,5,pro,1
acct_715,2026-01-01,867,6,40,0.557,9,18,basic,0
acct_715,2026-02-01,874,4,39,0.619,4,18,basic,0
acct_715,2026-03-01,839,5,44,0.398,14,18,basic,0
acct_715,2026-04-01,823,3,25,0.628,4,18,basic,0
acct_715,2026-05-01,839,2,31,0.528,1,18,basic,0
acct_715,2026-06-01,848,3,38,0.502,12,18,basic,0
acct_715,2026-07-01,882,7,37,0.424,13,18,basic,1
acct_715,2026-08-01,827,6,44,0.533,0,18,basic,1
acct_715,2026-09-01,890,0,38,0.401,6,18,basic,0
acct_715,2026-10-01,875,6,30,0.596,7,18,basic,0
acct_715,2026-11-01,885,7,35,0.664,6,18,basic,0
acct_715,2026-12-01,922,7,41,0.558,5,18,basic,0
acct_716,2026-01-01,442,4,47,0.694,1,8,pro,0
acct_716,2026-02-01,515,6,42,0.414,9,8,pro,0
acct_716,2026-03-01,472,4,40,0.526,5,8,pro,0
acct_716,2026-04-01,499,2,45,0.376,2,8,pro,1
acct_716,2026-05-01,473,3,52,0.389,7,8,pro,1
acct_716,2026-06-01,489,7,39,0.531,7,8,pro,0
acct_716,2026-07-01,455,5,51,0.58,3,8,pro,0
acct_716,2026-08-01,507,0,52,0.628,7,8,pro,0
acct_716,2026-09-01,497,1,34,0.524,8,8,pro,0
acct_716,2026-10-01,508,4,51,0.482,5,8,pro,0
acct_716,2026-11-01,489,0,57,0.465,14,8,pro,0
acct_716,2026-12-01,473,3,43,0.506,6,8,pro,0
acct_717,2026-01-01,677,5,46,0.758,8,22,pro,0
acct_717,2026-02-01,637,6,44,0.744,7,22,pro,0
acct_717,2026-03-01,652,5,36,0.699,10,22,pro,0
acct_717,2026-04-01,643,4,39,0.792,8,22,pro,0
acct_717,2026-05-01,648,7,42,0.726,11,22,pro,0
acct_717,2026-06-01,646,4,44,0.662,7,22,pro,0
acct_717,2026-07-01,659,2,37,0.723,7,22,pro,0
acct_717,2026-08-01,639,2,39,0.648,9,22,pro,0
acct_717,2026-09-01,601,4,38,0.647,11,22,pro,0
acct_717,2026-10-01,648,4,35,0.548,12,22,pro,1
acct_717,2026-11-01,641,3,42,0.686,5,22,pro,0
acct_717,2026-12-01,632,0,34,0.784,9,22,pro,0
acct_718,2026-01-01,1181,2,26,0.636,16,17,pro,0
acct_718,2026-02-01,1133,4,22,0.587,10,17,pro,0
acct_718,2026-03-01,1027,8,24,0.404,8,17,pro,0
acct_718,2026-04-01,931,9,30,0.456,12,17,pro,0
acct_718,2026-05-01,892,3,23,0.273,13,17,pro,0
acct_718,2026-06-01,845,5,17,0.526,15,17,pro,1
acct_718,2026-07-01,812,6,18,0.288,6,17,pro,0
acct_718,2026-08-01,661,6,11,0.422,7,17,pro,0
acct_718,2026-09-01,625,6,19,0.216,15,17,pro,0
acct_718,2026-10-01,558,9,12,0.335,11,17,pro,1
acct_718,2026-11-01,444,3,28,0.312,14,17,pro,0
acct_718,2026-12-01,398,6,5,0.124,9,17,pro,0
acct_719,2026-01-01,934,0,55,0.531,7,4,pro,0
acct_719,2026-02-01,857,1,49,0.349,9,4,pro,0
acct_719,2026-03-01,851,6,41,0.429,13,4,pro,0
acct_719,2026-04-01,877,7,41,0.217,5,4,pro,0
acct_719,2026-05-01,861,4,50,0.414,11,4,pro,0
acct_719,2026-06-01,861,3,45,0.257,11,4,pro,1
acct_719,2026-07-01,850,3,45,0.319,8,4,pro,0
acct_719,2026-08-01,854,3,35,0.149,9,4,pro,1
acct_719,2026-09-01,812,6,36,0.22,5,4,pro,0
acct_719,2026-10-01,811,7,44,0.309,9,4,pro,0
acct_719,2026-11-01,794,6,44,0.292,13,4,pro,0
acct_719,2026-12-01,754,0,35,0.443,7,4,pro,1
acct_720,2026-01-01,1198,3,27,0.59,9,22,pro,0
acct_720,2026-02-01,1154,4,25,0.748,5,22,pro,0
acct_720,2026-03-01,1215,5,23,0.578,2,22,pro,0
acct_720,2026-04-01,1193,2,23,0.72,2,22,pro,1
acct_720,2026-05-01,1139,1,27,0.648,9,22,pro,0
acct_720,2026-06-01,1174,1,21,0.436,16,22,pro,0
acct_720,2026-07-01,1196,3,27,0.523,5,22,pro,0
acct_720,2026-08-01,1243,2,24,0.581,10,22,pro,0
acct_720,2026-09-01,1202,7,22,0.76,13,22,pro,1
acct_720,2026-10-01,1228,0,28,0.738,14,22,pro,0
acct_720,2026-11-01,1131,2,25,0.514,14,22,pro,0
acct_720,2026-12-01,1194,7,37,0.6,7,22,pro,0
acct_721,2026-01-01,532,2,33,0.296,13,18,basic,0
acct_721,2026-02-01,518,3,15,0.274,10,18,basic,0
acct_721,2026-03-01,412,4,18,0.154,9,18,basic,1
acct_721,2026-04-01,395,2,13,0.052,13,18,basic,0
acct_721,2026-05-01,395,5,13,0.238,20,18,basic,0
acct_721,2026-06-01,321,6,18,0.09,13,18,basic,0
acct_721,2026-07-01,238,5,12,0.274,16,18,basic,0
acct_721,2026-08-01,186,5,24,0.0,9,18,basic,0
acct_721,2026-09-01,137,3,13,0.029,13,18,basic,0
acct_721,2026-10-01,94,5,10,0.025,21,18,basic,0
acct_721,2026-11-01,35,8,5,0.0,15,18,basic,0
acct_721,2026-12-01,0,4,0,0.0,21,18,basic,0
acct_722,2026-01-01,1147,7,33,0.24,15,15,enterprise,0
acct_722,2026-02-01,1070,3,37,0.101,8,15,enterprise,0
acct_722,2026-03-01,932,4,27,0.269,6,15,enterprise,1
acct_722,2026-04-01,792,5,25,0.171,14,15,enterprise,0
acct_722,2026-05-01,758,7,27,0.157,15,15,enterprise,0
acct_722,2026-06-01,680,7,19,0.118,16,15,enterprise,0
acct_722,2026-07-01,558,7,15,0.103,21,15,enterprise,0
acct_722,2026-08-01,557,4,15,0.0,12,15,enterprise,0
acct_722,2026-09-01,442,4,13,0.057,9,15,enterprise,0
acct_722,2026-10-01,356,6,22,0.0,12,15,enterprise,0
acct_722,2026-11-01,185,7,7,0.0,9,15,enterprise,0
acct_722,2026-12-01,65,8,14,0.0,19,15,enterprise,0
acct_723,2026-01-01,1008,0,44,0.363,6,38,enterprise,0
acct_723,2026-02-01,1014,4,54,0.437,7,38,enterprise,0
acct_723,2026-03-01,937,0,50,0.479,5,38,enterprise,0
acct_723,2026-04-01,996,5,48,0.422,3,38,enterprise,0
acct_723,2026-05-01,977,2,49,0.52,10,38,enterprise,0
acct_723,2026-06-01,988,7,56,0.492,6,38,enterprise,0
acct_723,2026-07-01,954,1,43,0.488,3,38,enterprise,0
acct_723,2026-08-01,1018,2,48,0.478,4,38,enterprise,0
acct_723,2026-09-01,1034,7,51,0.466,10,38,enterprise,0
acct_723,2026-10-01,1079,3,48,0.367,4,38,enterprise,0
acct_723,2026-11-01,1047,0,60,0.472,7,38,enterprise,0
acct_723,2026-12-01,1033,1,55,0.463,10,38,enterprise,0
acct_724,2026-01-01,995,4,55,0.67,10,9,enterprise,0
acct_724,2026-02-01,964,7,57,0.621,2,9,enterprise,0
acct_724,2026-03-01,1000,7,55,0.834,7,9,enterprise,1
acct_724,2026-04-01,958,3,49,0.616,12,9,enterprise,0
acct_724,2026-05-01,983,1,51,0.762,8,9,enterprise,0
acct_724,2026-06-01,1003,4,55,0.526,3,9,enterprise,0
acct_724,2026-07-01,966,3,65,0.659,15,9,enterprise,0
acct_724,2026-08-01,995,4,48,0.825,7,9,enterprise,0
acct_724,2026-09-01,849,2,52,0.67,3,9,enterprise,0
acct_724,2026-10-01,915,3,62,0.673,11,9,enterprise,0
acct_724,2026-11-01,916,3,46,0.733,11,9,enterprise,0
acct_724,2026-12-01,911,2,52,0.485,6,9,enterprise,1
acct_725,2026-01-01,445,1,35,0.44,3,17,enterprise,1
acct_725,2026-02-01,413,5,33,0.381,4,17,enterprise,0
acct_725,2026-03-01,414,3,34,0.352,12,17,enterprise,0
acct_725,2026-04-01,426,6,32,0.426,12,17,enterprise,0
acct_725,2026-05-01,448,4,51,0.433,4,17,enterprise,0
acct_725,2026-06-01,447,2,34,0.444,10,17,enterprise,0
acct_725,2026-07-01,428,3,44,0.322,6,17,enterprise,1
acct_725,2026-08-01,418,1,43,0.305,2,17,enterprise,0
acct_725,2026-09-01,433,4,24,0.342,12,17,enterprise,0
acct_725,2026-10-01,449,7,36,0.616,8,17,enterprise,0
acct_725,2026-11-01,433,6,31,0.4,10,17,enterprise,0
acct_725,2026-12-01,413,7,24,0.281,6,17,enterprise,1
acct_726,2026-01-01,1089,4,12,0.301,1,33,enterprise,0
acct_726,2026-02-01,1096,1,10,0.283,13,33,enterprise,0
acct_726,2026-03-01,1126,3,9,0.343,8,33,enterprise,1
acct_726,2026-04-01,1133,4,16,0.385,10,33,enterprise,1
acct_726,2026-05-01,1162,2,17,0.298,6,33,enterprise,0
acct_726,2026-06-01,1081,4,21,0.23,3,33,enterprise,0
acct_726,2026-07-01,1073,2,22,0.359,1,33,enterprise,0
acct_726,2026-08-01,1012,2,16,0.247,11,33,enterprise,0
acct_726,2026-09-01,1123,0,20,0.236,2,33,enterprise,0
acct_726,2026-10-01,1156,0,24,0.378,9,33,enterprise,0
acct_726,2026-11-01,1105,1,25,0.355,11,33,enterprise,0
acct_726,2026-12-01,1122,3,28,0.355,12,33,enterprise,0
acct_727,2026-01-01,443,4,40,0.651,9,23,enterprise,0
acct_727,2026-02-01,445,7,36,0.847,5,23,enterprise,0
acct_727,2026-03-01,409,2,36,0.828,8,23,enterprise,0
acct_727,2026-04-01,427,3,38,0.593,0,23,enterprise,0
acct_727,2026-05-01,429,7,29,0.77,12,23,enterprise,0
acct_727,2026-06-01,420,1,38,0.598,3,23,enterprise,0
acct_727,2026-07-01,462,4,46,0.67,6,23,enterprise,0
acct_727,2026-08-01,430,0,30,0.748,6,23,enterprise,0
acct_727,2026-09-01,435,7,41,0.561,6,23,enterprise,0
acct_727,2026-10-01,426,5,46,0.542,3,23,enterprise,0
acct_727,2026-11-01,437,1,32,0.697,7,23,enterprise,1
acct_727,2026-12-01,430,0,29,0.595,7,23,enterprise,0
acct_728,2026-01-01,606,5,27,0.505,10,36,pro,1
acct_728,2026-02-01,609,1,37,0.75,7,36,pro,1
acct_728,2026-03-01,622,7,27,0.75,11,36,pro,0
acct_728,2026-04-01,638,6,35,0.696,9,36,pro,0
acct_728,2026-05-01,630,1,39,0.658,4,36,pro,0
acct_728,2026-06-01,619,7,34,0.729,12,36,pro,0
acct_728,2026-07-01,625,2,34,0.635,5,36,pro,0
acct_728,2026-08-01,610,1,31,0.593,7,36,pro,1
acct_728,2026-09-01,639,3,36,0.728,12,36,pro,0
acct_728,2026-10-01,644,1,25,0.744,11,36,pro,0
acct_728,2026-11-01,621,3,32,0.758,10,36,pro,0
acct_728,2026-12-01,645,7,28,0.864,4,36,pro,1
acct_729,2026-01-01,1014,2,53,0.253,7,5,enterprise,0
acct_729,2026-02-01,945,4,54,0.156,6,5,enterprise,0
acct_729,2026-03-01,878,2,42,0.283,7,5,enterprise,0
acct_729,2026-04-01,688,5,36,0.166,10,5,enterprise,0
acct_729,2026-05-01,738,2,37,0.0,14,5,enterprise,0
acct_729,2026-06-01,645,9,34,0.158,10,5,enterprise,0
acct_729,2026-07-01,592,8,40,0.058,17,5,enterprise,0
acct_729,2026-08-01,499,5,36,0.073,10,5,enterprise,1
acct_729,2026-09-01,386,9,28,0.0,11,5,enterprise,0
acct_729,2026-10-01,347,5,9,0.101,8,5,enterprise,0
acct_729,2026-11-01,290,7,25,0.0,26,5,enterprise,0
acct_729,2026-12-01,150,3,17,0.0,15,5,enterprise,0
acct_730,2026-01-01,608,6,51,0.506,11,22,pro,0
acct_730,2026-02-01,618,0,55,0.3,11,22,pro,0
acct_730,2026-03-01,609,2,59,0.361,8,22,pro,0
acct_730,2026-04-01,611,7,53,0.32,12,22,pro,0
acct_730,2026-05-01,582,7,62,0.344,13,22,pro,0
acct_730,2026-06-01,560,2,57,0.277,0,22,pro,0
acct_730,2026-07-01,569,6,42,0.304,8,22,pro,0
acct_730,2026-08-01,568,3,64,0.538,6,22,pro,0
acct_730,2026-09-01,597,7,54,0.512,14,22,pro,0
acct_730,2026-10-01,607,7,45,0.247,8,22,pro,1
acct_730,2026-11-01,567,4,67,0.455,3,22,pro,0
acct_730,2026-12-01,578,4,57,0.149,10,22,pro,0
acct_731,2026-01-01,1116,7,21,0.414,7,34,pro,0
acct_731,2026-02-01,1179,7,13,0.236,1,34,pro,0
acct_731,2026-03-01,1142,0,19,0.275,3,34,pro,1
acct_731,2026-04-01,1181,4,27,0.433,14,34,pro,0
acct_731,2026-05-01,1121,4,17,0.264,14,34,pro,0
acct_731,2026-06-01,1134,2,18,0.264,16,34,pro,0
acct_731,2026-07-01,1179,4,16,0.337,14,34,pro,0
acct_731,2026-08-01,1201,6,25,0.484,11,34,pro,0
acct_731,2026-09-01,1263,5,25,0.47,0,34,pro,0
acct_731,2026-10-01,1214,7,33,0.327,13,34,pro,0
acct_731,2026-11-01,1174,6,24,0.33,11,34,pro,0
acct_731,2026-12-01,1202,1,29,0.324,9,34,pro,0
acct_732,2026-01-01,1099,4,50,0.52,12,34,enterprise,0
acct_732,2026-02-01,1051,6,47,0.428,9,34,enterprise,1
acct_732,2026-03-01,1083,7,58,0.333,3,34,enterprise,0
acct_732,2026-04-01,1104,0,41,0.523,9,34,enterprise,0
acct_732,2026-05-01,1067,4,58,0.411,2,34,enterprise,0
acct_732,2026-06-01,1097,5,48,0.474,7,34,enterprise,0
acct_732,2026-07-01,1061,7,53,0.45,12,34,enterprise,0
acct_732,2026-08-01,1126,4,64,0.506,3,34,enterprise,0
acct_732,2026-09-01,1104,4,55,0.41,13,34,enterprise,0
acct_732,2026-10-01,1079,1,44,0.66,14,34,enterprise,0
acct_732,2026-11-01,1110,3,60,0.425,6,34,enterprise,0
acct_732,2026-12-01,1118,2,56,0.347,4,34,enterprise,0
acct_733,2026-01-01,940,4,24,0.521,5,17,enterprise,0
acct_733,2026-02-01,957,5,13,0.672,2,17,enterprise,0
acct_733,2026-03-01,964,5,12,0.539,12,17,enterprise,0
acct_733,2026-04-01,900,3,16,0.57,0,17,enterprise,0
acct_733,2026-05-01,864,7,10,0.547,15,17,enterprise,0
acct_733,2026-06-01,908,0,25,0.604,3,17,enterprise,0
acct_733,2026-07-01,877,0,19,0.444,9,17,enterprise,0
acct_733,2026-08-01,946,6,14,0.432,5,17,enterprise,0
acct_733,2026-09-01,900,3,5,0.589,10,17,enterprise,0
acct_733,2026-10-01,900,1,18,0.425,7,17,enterprise,0
acct_733,2026-11-01,888,3,12,0.54,10,17,enterprise,0
acct_733,2026-12-01,896,5,16,0.397,6,17,enterprise,0
acct_734,2026-01-01,562,1,18,0.645,8,6,basic,0
acct_734,2026-02-01,565,2,6,0.544,5,6,basic,0
acct_734,2026-03-01,590,6,15,0.296,5,6,basic,1
acct_734,2026-04-01,595,7,26,0.401,5,6,basic,1
acct_734,2026-05-01,585,6,25,0.396,10,6,basic,0
acct_734,2026-06-01,551,6,13,0.316,6,6,basic,0
acct_734,2026-07-01,588,1,10,0.566,12,6,basic,0
acct_734,2026-08-01,618,0,22,0.514,2,6,basic,0
acct_734,2026-09-01,604,7,11,0.42,14,6,basic,0
acct_734,2026-10-01,597,7,18,0.396,6,6,basic,0
acct_734,2026-11-01,597,1,22,0.44,4,6,basic,0
acct_734,2026-12-01,592,3,15,0.544,11,6,basic,0
acct_735,2026-01-01,856,3,40,0.48,4,13,enterprise,0
acct_735,2026-02-01,854,0,36,0.412,8,13,enterprise,0
acct_735,2026-03-01,898,0,43,0.301,9,13,enterprise,0
acct_735,2026-04-01,859,3,40,0.506,9,13,enterprise,0
acct_735,2026-05-01,864,7,46,0.395,8,13,enterprise,0
acct_735,2026-06-01,905,0,44,0.473,10,13,enterprise,0
acct_735,2026-07-01,865,2,39,0.436,4,13,enterprise,0
acct_735,2026-08-01,883,5,48,0.157,12,13,enterprise,0
acct_735,2026-09-01,860,2,47,0.472,3,13,enterprise,0
acct_735,2026-10-01,818,4,39,0.315,12,13,enterprise,0
acct_735,2026-11-01,880,4,39,0.452,8,13,enterprise,0
acct_735,2026-12-01,866,0,32,0.39,5,13,enterprise,0
acct_736,2026-01-01,794,7,66,0.72,4,40,enterprise,1
acct_736,2026-02-01,755,3,55,0.689,5,40,enterprise,0
acct_736,2026-03-01,803,6,54,0.564,4,40,enterprise,0
acct_736,2026-04-01,784,4,43,0.604,2,40,enterprise,0
acct_736,2026-05-01,778,0,61,0.59,11,40,enterprise,0
acct_736,2026-06-01,766,5,62,0.673,2,40,enterprise,0
acct_736,2026-07-01,787,2,64,0.747,15,40,enterprise,0
acct_736,2026-08-01,789,0,53,0.911,13,40,enterprise,0
acct_736,2026-09-01,786,1,72,0.696,9,40,enterprise,0
acct_736,2026-10-01,785,2,65,0.813,14,40,enterprise,0
acct_736,2026-11-01,779,2,61,0.726,4,40,enterprise,0
acct_736,2026-12-01,760,3,51,0.795,12,40,enterprise,0
acct_737,2026-01-01,1220,7,33,0.343,9,11,enterprise,0
acct_737,2026-02-01,1142,7,24,0.241,13,11,enterprise,0
acct_737,2026-03-01,1240,3,25,0.291,12,11,enterprise,1
acct_737,2026-04-01,1222,7,42,0.433,6,11,enterprise,0
acct_737,2026-05-01,1261,4,31,0.215,1,11,enterprise,0
acct_737,2026-06-01,1210,1,23,0.325,3,11,enterprise,0
acct_737,2026-07-01,1234,3,31,0.258,12,11,enterprise,0
acct_737,2026-08-01,1241,6,34,0.229,9,11,enterprise,0
acct_737,2026-09-01,1230,1,33,0.325,7,11,enterprise,0
acct_737,2026-10-01,1224,5,21,0.172,14,11,enterprise,0
acct_737,2026-11-01,1218,3,25,0.281,14,11,enterprise,0
acct_737,2026-12-01,1237,5,36,0.21,5,11,enterprise,0
acct_738,2026-01-01,1212,5,43,0.519,5,5,pro,0
acct_738,2026-02-01,1074,5,40,0.225,6,5,pro,0
acct_738,2026-03-01,1017,2,40,0.517,4,5,pro,0
acct_738,2026-04-01,912,7,39,0.337,3,5,pro,1
acct_738,2026-05-01,927,6,47,0.031,12,5,pro,0
acct_738,2026-06-01,820,7,32,0.291,18,5,pro,0
acct_738,2026-07-01,750,6,26,0.314,5,5,pro,0
acct_738,2026-08-01,669,4,27,0.324,10,5,pro,1
acct_738,2026-09-01,597,4,19,0.187,19,5,pro,0
acct_738,2026-10-01,540,9,22,0.061,20,5,pro,0
acct_738,2026-11-01,435,4,22,0.089,18,5,pro,0
acct_738,2026-12-01,412,3,24,0.184,24,5,pro,0
acct_739,2026-01-01,547,3,39,0.481,9,34,pro,0
acct_739,2026-02-01,550,7,40,0.715,4,34,pro,1
acct_739,2026-03-01,581,7,41,0.493,0,34,pro,0
acct_739,2026-04-01,542,6,37,0.52,3,34,pro,0
acct_739,2026-05-01,549,6,41,0.426,9,34,pro,0
acct_739,2026-06-01,580,6,46,0.494,3,34,pro,0
acct_739,2026-07-01,578,7,43,0.476,9,34,pro,1
acct_739,2026-08-01,567,0,45,0.508,3,34,pro,1
acct_739,2026-09-01,546,2,41,0.584,2,34,pro,1
acct_739,2026-10-01,575,7,27,0.412,2,34,pro,0
acct_739,2026-11-01,576,3,21,0.579,14,34,pro,0
acct_739,2026-12-01,571,2,34,0.403,8,34,pro,0
acct_740,2026-01-01,532,7,48,0.523,9,18,enterprise,0
acct_740,2026-02-01,543,5,33,0.38,11,18,enterprise,0
acct_740,2026-03-01,536,4,53,0.399,7,18,enterprise,1
acct_740,2026-04-01,518,5,48,0.324,5,18,enterprise,0
acct_740,2026-05-01,521,3,49,0.374,10,18,enterprise,0
acct_740,2026-06-01,544,5,39,0.351,14,18,enterprise,0
acct_740,2026-07-01,509,7,40,0.437,14,18,enterprise,0
acct_740,2026-08-01,543,0,50,0.342,11,18,enterprise,0
acct_740,2026-09-01,528,1,55,0.479,6,18,enterprise,0
acct_740,2026-10-01,549,2,45,0.431,14,18,enterprise,0
acct_740,2026-11-01,526,2,42,0.445,12,18,enterprise,0
acct_740,2026-12-01,535,1,33,0.426,2,18,enterprise,0
acct_741,2026-01-01,920,6,36,0.398,14,9,basic,1
acct_741,2026-02-01,827,3,23,0.227,15,9,basic,0
acct_741,2026-03-01,818,2,36,0.237,4,9,basic,0
acct_741,2026-04-01,654,5,31,0.267,11,9,basic,0
acct_741,2026-05-01,609,8,26,0.205,16,9,basic,0
acct_741,2026-06-01,476,4,18,0.152,16,9,basic,0
acct_741,2026-07-01,486,4,19,0.073,7,9,basic,0
acct_741,2026-08-01,346,6,13,0.029,14,9,basic,0
acct_741,2026-09-01,295,4,20,0.137,19,9,basic,1
acct_741,2026-10-01,224,6,14,0.0,19,9,basic,0
acct_741,2026-11-01,146,3,11,0.0,24,9,basic,0
acct_741,2026-12-01,90,3,2,0.0,17,9,basic,1
acct_742,2026-01-01,936,3,25,0.328,14,14,pro,0
acct_742,2026-02-01,874,3,11,0.304,10,14,pro,0
acct_742,2026-03-01,914,5,26,0.415,2,14,pro,0
acct_742,2026-04-01,904,5,2,0.35,6,14,pro,0
acct_742,2026-05-01,878,5,20,0.398,3,14,pro,0
acct_742,2026-06-01,854,5,19,0.299,12,14,pro,0
acct_742,2026-07-01,859,6,27,0.227,3,14,pro,0
acct_742,2026-08-01,836,5,16,0.287,9,14,pro,0
acct_742,2026-09-01,844,0,13,0.38,10,14,pro,0
acct_742,2026-10-01,878,1,5,0.436,8,14,pro,0
acct_742,2026-11-01,831,6,16,0.358,2,14,pro,1
acct_742,2026-12-01,877,4,12,0.43,7,14,pro,0
acct_743,2026-01-01,693,3,16,0.166,12,38,basic,0
acct_743,2026-02-01,651,3,21,0.283,8,38,basic,0
acct_743,2026-03-01,634,5,17,0.249,7,38,basic,0
acct_743,2026-04-01,686,2,12,0.282,10,38,basic,0
acct_743,2026-05-01,694,4,17,0.27,8,38,basic,1
acct_743,2026-06-01,680,6,18,0.53,11,38,basic,0
acct_743,2026-07-01,683,2,10,0.045,4,38,basic,1
acct_743,2026-08-01,721,3,24,0.207,9,38,basic,0
acct_743,2026-09-01,702,3,15,0.283,1,38,basic,0
acct_743,2026-10-01,698,3,23,0.256,12,38,basic,0
acct_743,2026-11-01,687,7,18,0.387,8,38,basic,1
acct_743,2026-12-01,732,5,31,0.339,11,38,basic,0
acct_744,2026-01-01,1171,2,47,0.751,9,38,enterprise,0
acct_744,2026-02-01,1205,3,40,0.693,1,38,enterprise,0
acct_744,2026-03-01,1243,6,28,0.82,6,38,enterprise,0
acct_744,2026-04-01,1228,2,37,0.663,13,38,enterprise,0
acct_744,2026-05-01,1234,7,49,0.733,11,38,enterprise,1
acct_744,2026-06-01,1261,4,43,0.76,7,38,enterprise,0
acct_744,2026-07-01,1299,2,45,0.928,5,38,enterprise,0
acct_744,2026-08-01,1272,1,41,0.772,11,38,enterprise,0
acct_744,2026-09-01,1374,4,34,0.694,6,38,enterprise,0
acct_744,2026-10-01,1267,1,45,0.788,13,38,enterprise,0
acct_744,2026-11-01,1300,4,47,0.964,9,38,enterprise,0
acct_744,2026-12-01,1318,7,40,0.74,13,38,enterprise,0
acct_745,2026-01-01,978,7,47,0.042,14,33,enterprise,0
acct_745,2026-02-01,1019,1,46,0.293,11,33,enterprise,1
acct_745,2026-03-01,982,7,43,0.364,8,33,enterprise,0
acct_745,2026-04-01,987,5,50,0.336,14,33,enterprise,0
acct_745,2026-05-01,956,3,36,0.367,15,33,enterprise,0
acct_745,2026-06-01,961,2,45,0.322,4,33,enterprise,1
acct_745,2026-07-01,1002,1,37,0.177,12,33,enterprise,0
acct_745,2026-08-01,975,7,41,0.259,13,33,enterprise,0
acct_745,2026-09-01,1006,7,45,0.265,4,33,enterprise,0
acct_745,2026-10-01,998,0,39,0.257,6,33,enterprise,0
acct_745,2026-11-01,1034,0,39,0.209,12,33,enterprise,0
acct_745,2026-12-01,1063,5,44,0.294,5,33,enterprise,0
acct_746,2026-01-01,1200,9,19,0.241,2,5,enterprise,0
acct_746,2026-02-01,1118,9,3,0.423,11,5,enterprise,0
acct_746,2026-03-01,947,4,8,0.471,6,5,enterprise,1
acct_746,2026-04-01,853,7,4,0.248,19,5,enterprise,0
acct_746,2026-05-01,807,2,12,0.314,9,5,enterprise,1
acct_746,2026-06-01,736,9,11,0.079,7,5,enterprise,0
acct_746,2026-07-01,607,7,6,0.034,16,5,enterprise,0
acct_746,2026-08-01,529,10,6,0.175,8,5,enterprise,0
acct_746,2026-09-01,429,3,8,0.257,19,5,enterprise,0
acct_746,2026-10-01,329,7,14,0.125,20,5,enterprise,0
acct_746,2026-11-01,228,4,1,0.093,12,5,enterprise,1
acct_746,2026-12-01,209,5,3,0.075,13,5,enterprise,0
acct_747,2026-01-01,801,5,53,0.435,7,20,basic,1
acct_747,2026-02-01,781,4,52,0.279,11,20,basic,0
acct_747,2026-03-01,791,4,47,0.393,3,20,basic,0
acct_747,2026-04-01,793,6,48,0.26,12,20,basic,0
acct_747,2026-05-01,839,1,59,0.265,1,20,basic,0
acct_747,2026-06-01,782,3,38,0.279,7,20,basic,0
acct_747,2026-07-01,804,6,45,0.383,8,20,basic,0
acct_747,2026-08-01,775,3,38,0.178,2,20,basic,1
acct_747,2026-09-01,771,4,41,0.302,15,20,basic,0
acct_747,2026-10-01,797,0,49,0.359,5,20,basic,0
acct_747,2026-11-01,773,7,50,0.247,11,20,basic,0
acct_747,2026-12-01,801,3,43,0.374,10,20,basic,0
acct_748,2026-01-01,1202,2,49,0.421,4,20,basic,0
acct_748,2026-02-01,1099,7,46,0.51,12,20,basic,0
acct_748,2026-03-01,926,5,37,0.536,13,20,basic,0
acct_748,2026-04-01,883,6,29,0.465,5,20,basic,0
acct_748,2026-05-01,730,9,28,0.413,13,20,basic,0
acct_748,2026-06-01,610,9,25,0.393,4,20,basic,0
acct_748,2026-07-01,508,2,24,0.25,11,20,basic,1
acct_748,2026-08-01,434,3,13,0.389,10,20,basic,0
acct_748,2026-09-01,304,6,21,0.167,15,20,basic,0
acct_748,2026-10-01,224,4,11,0.243,16,20,basic,0
acct_748,2026-11-01,109,7,6,0.124,13,20,basic,0
acct_748,2026-12-01,0,5,8,0.076,13,20,basic,0
acct_749,2026-01-01,903,6,52,0.907,3,5,pro,0
acct_749,2026-02-01,954,4,59,0.863,2,5,pro,0
acct_749,2026-03-01,920,7,52,0.981,14,5,pro,0
acct_749,2026-04-01,921,3,54,0.618,4,5,pro,0
acct_749,2026-05-01,858,3,42,0.889,6,5,pro,0
acct_749,2026-06-01,972,3,47,0.748,4,5,pro,1
acct_749,2026-07-01,847,6,59,0.898,15,5,pro,0
acct_749,2026-08-01,910,2,48,0.751,7,5,pro,0
acct_749,2026-09-01,920,2,42,0.809,8,5,pro,0
acct_749,2026-10-01,808,6,43,0.946,13,5,pro,0
acct_749,2026-11-01,862,6,39,0.818,7,5,pro,0
acct_749,2026-12-01,820,4,52,0.825,16,5,pro,0
acct_750,2026-01-01,767,7,53,0.676,15,26,pro,0
acct_750,2026-02-01,817,3,38,0.778,5,26,pro,0
acct_750,2026-03-01,861,4,40,0.818,3,26,pro,0
acct_750,2026-04-01,818,4,31,0.818,14,26,pro,0
acct_750,2026-05-01,820,6,34,0.726,2,26,pro,0
acct_750,2026-06-01,854,1,32,0.909,13,26,pro,0
acct_750,2026-07-01,826,0,41,0.835,12,26,pro,0
acct_750,2026-08-01,864,6,48,0.683,5,26,pro,0
acct_750,2026-09-01,851,5,41,0.779,11,26,pro,0
acct_750,2026-10-01,868,6,51,0.875,11,26,pro,0
acct_750,2026-11-01,847,1,44,0.569,5,26,pro,0
acct_750,2026-12-01,898,3,49,0.708,8,26,pro,0
acct_751,2026-01-01,868,7,40,0.729,5,16,pro,0
acct_751,2026-02-01,902,1,42,0.566,2,16,pro,0
acct_751,2026-03-01,895,6,35,0.744,4,16,pro,0
acct_751,2026-04-01,920,4,45,0.621,0,16,pro,0
acct_751,2026-05-01,926,7,26,0.492,7,16,pro,0
acct_751,2026-06-01,915,4,33,0.871,3,16,pro,0
acct_751,2026-07-01,958,4,33,0.669,8,16,pro,0
acct_751,2026-08-01,931,4,33,0.862,6,16,pro,0
acct_751,2026-09-01,983,2,34,0.707,6,16,pro,0
acct_751,2026-10-01,934,1,50,0.848,5,16,pro,0
acct_751,2026-11-01,941,4,34,0.635,14,16,pro,0
acct_751,2026-12-01,927,4,35,0.709,9,16,pro,0
acct_752,2026-01-01,493,4,23,0.362,14,5,pro,0
acct_752,2026-02-01,485,4,32,0.41,8,5,pro,0
acct_752,2026-03-01,473,2,27,0.283,4,5,pro,0
acct_752,2026-04-01,483,3,37,0.209,9,5,pro,0
acct_752,2026-05-01,461,2,35,0.346,4,5,pro,0
acct_752,2026-06-01,456,5,27,0.467,13,5,pro,0
acct_752,2026-07-01,444,2,31,0.181,8,5,pro,1
acct_752,2026-08-01,450,3,36,0.481,3,5,pro,0
acct_752,2026-09-01,440,2,31,0.408,8,5,pro,0
acct_752,2026-10-01,446,2,42,0.277,10,5,pro,0
acct_752,2026-11-01,434,3,30,0.298,6,5,pro,0
acct_752,2026-12-01,415,0,35,0.146,5,5,pro,0
acct_753,2026-01-01,967,7,31,0.686,8,27,pro,0
acct_753,2026-02-01,1030,2,21,0.659,5,27,pro,0
acct_753,2026-03-01,1025,5,30,0.649,5,27,pro,0
acct_753,2026-04-01,1032,2,28,0.692,10,27,pro,0
acct_753,2026-05-01,936,6,39,0.729,7,27,pro,0
acct_753,2026-06-01,940,1,21,0.632,8,27,pro,0
acct_753,2026-07-01,954,6,23,0.441,3,27,pro,0
acct_753,2026-08-01,931,0,13,0.493,7,27,pro,0
acct_753,2026-09-01,978,2,16,0.641,9,27,pro,0
acct_753,2026-10-01,962,6,9,0.554,11,27,pro,0
acct_753,2026-11-01,913,3,13,0.515,15,27,pro,0
acct_753,2026-12-01,893,6,22,0.705,7,27,pro,0
acct_754,2026-01-01,399,3,15,0.656,10,22,pro,0
acct_754,2026-02-01,433,6,25,0.856,1,22,pro,0
acct_754,2026-03-01,422,2,17,0.817,7,22,pro,0
acct_754,2026-04-01,431,5,7,0.756,14,22,pro,0
acct_754,2026-05-01,417,1,22,0.752,0,22,pro,0
acct_754,2026-06-01,414,0,23,0.664,6,22,pro,0
acct_754,2026-07-01,434,0,20,0.912,10,22,pro,0
acct_754,2026-08-01,434,1,21,0.847,5,22,pro,0
acct_754,2026-09-01,454,7,18,0.775,16,22,pro,0
acct_754,2026-10-01,416,2,26,0.818,10,22,pro,0
acct_754,2026-11-01,432,4,27,0.57,4,22,pro,0
acct_754,2026-12-01,437,3,9,0.923,5,22,pro,0
acct_755,2026-01-01,969,5,11,0.509,14,27,enterprise,0
acct_755,2026-02-01,905,5,12,0.646,10,27,enterprise,0
acct_755,2026-03-01,898,6,7,0.785,3,27,enterprise,0
acct_755,2026-04-01,907,3,7,0.653,10,27,enterprise,0
acct_755,2026-05-01,935,1,19,0.587,2,27,enterprise,1
acct_755,2026-06-01,895,7,16,0.599,3,27,enterprise,1
acct_755,2026-07-01,935,0,5,0.424,8,27,enterprise,0
acct_755,2026-08-01,856,1,14,0.557,3,27,enterprise,0
acct_755,2026-09-01,919,4,0,0.402,14,27,enterprise,0
acct_755,2026-10-01,873,5,12,0.656,11,27,enterprise,1
acct_755,2026-11-01,868,3,16,0.682,2,27,enterprise,0
acct_755,2026-12-01,859,7,8,0.656,15,27,enterprise,0
acct_756,2026-01-01,659,5,47,0.341,2,13,enterprise,0
acct_756,2026-02-01,644,5,36,0.062,13,13,enterprise,0
acct_756,2026-03-01,688,6,35,0.338,5,13,enterprise,0
acct_756,2026-04-01,636,4,35,0.423,10,13,enterprise,0
acct_756,2026-05-01,668,0,31,0.398,5,13,enterprise,0
acct_756,2026-06-01,665,0,40,0.276,4,13,enterprise,0
acct_756,2026-07-01,671,2,44,0.244,11,13,enterprise,0
acct_756,2026-08-01,640,1,48,0.235,9,13,enterprise,0
acct_756,2026-09-01,622,7,48,0.381,10,13,enterprise,1
acct_756,2026-10-01,631,5,39,0.168,7,13,enterprise,0
acct_756,2026-11-01,658,6,31,0.275,15,13,enterprise,0
acct_756,2026-12-01,613,6,30,0.211,5,13,enterprise,0
acct_757,2026-01-01,408,6,40,0.693,10,33,basic,0
acct_757,2026-02-01,411,2,27,0.843,8,33,basic,0
acct_757,2026-03-01,412,1,32,0.809,11,33,basic,0
acct_757,2026-04-01,435,0,35,0.616,10,33,basic,0
acct_757,2026-05-01,427,5,38,0.7,6,33,basic,0
acct_757,2026-06-01,423,6,35,0.717,5,33,basic,0
acct_757,2026-07-01,423,1,34,0.768,6,33,basic,0
acct_757,2026-08-01,413,3,28,0.702,4,33,basic,1
acct_757,2026-09-01,435,6,44,0.731,10,33,basic,0
acct_757,2026-10-01,408,5,32,0.798,2,33,basic,0
acct_757,2026-11-01,427,4,29,0.86,7,33,basic,1
acct_757,2026-12-01,420,0,45,0.766,8,33,basic,0
acct_758,2026-01-01,752,2,24,0.756,13,17,pro,0
acct_758,2026-02-01,686,4,25,0.815,15,17,pro,0
acct_758,2026-03-01,720,0,19,0.772,11,17,pro,0
acct_758,2026-04-01,723,3,15,0.726,9,17,pro,0
acct_758,2026-05-01,730,2,22,0.522,0,17,pro,1
acct_758,2026-06-01,708,1,21,0.639,7,17,pro,0
acct_758,2026-07-01,689,3,26,0.683,13,17,pro,0
acct_758,2026-08-01,721,6,15,0.534,9,17,pro,0
acct_758,2026-09-01,682,6,27,0.587,14,17,pro,1
acct_758,2026-10-01,718,3,26,0.726,8,17,pro,1
acct_758,2026-11-01,703,7,14,0.595,12,17,pro,0
acct_758,2026-12-01,628,0,16,0.691,5,17,pro,0
acct_759,2026-01-01,723,7,24,0.55,12,15,enterprise,0
acct_759,2026-02-01,706,4,24,0.59,9,15,enterprise,0
acct_759,2026-03-01,669,5,30,0.544,2,15,enterprise,0
acct_759,2026-04-01,709,7,34,0.439,10,15,enterprise,0
acct_759,2026-05-01,693,4,12,0.509,10,15,enterprise,0
acct_759,2026-06-01,716,6,34,0.604,6,15,enterprise,0
acct_759,2026-07-01,686,6,27,0.443,11,15,enterprise,0
acct_759,2026-08-01,711,1,25,0.532,16,15,enterprise,0
acct_759,2026-09-01,713,3,29,0.467,8,15,enterprise,1
acct_759,2026-10-01,710,1,28,0.54,2,15,enterprise,0
acct_759,2026-11-01,706,7,44,0.404,14,15,enterprise,0
acct_759,2026-12-01,734,6,34,0.632,2,15,enterprise,0
acct_760,2026-01-01,502,7,9,0.304,9,23,basic,0
acct_760,2026-02-01,521,7,11,0.319,17,23,basic,0
acct_760,2026-03-01,494,3,17,0.309,11,23,basic,0
acct_760,2026-04-01,485,0,21,0.459,9,23,basic,0
acct_760,2026-05-01,478,6,20,0.231,9,23,basic,0
acct_760,2026-06-01,481,0,12,0.348,13,23,basic,1
acct_760,2026-07-01,488,0,16,0.313,12,23,basic,0
acct_760,2026-08-01,500,0,21,0.399,3,23,basic,0
acct_760,2026-09-01,463,3,16,0.379,15,23,basic,0
acct_760,2026-10-01,482,2,8,0.342,6,23,basic,0
acct_760,2026-11-01,484,1,11,0.303,15,23,basic,0
acct_760,2026-12-01,450,0,6,0.269,6,23,basic,0
acct_761,2026-01-01,850,2,12,0.479,12,13,enterprise,0
acct_761,2026-02-01,757,4,33,0.529,0,13,enterprise,1
acct_761,2026-03-01,858,4,36,0.564,7,13,enterprise,1
acct_761,2026-04-01,819,0,30,0.511,7,13,enterprise,0
acct_761,2026-05-01,828,5,33,0.582,5,13,enterprise,0
acct_761,2026-06-01,883,7,30,0.474,7,13,enterprise,1
acct_761,2026-07-01,877,1,28,0.46,3,13,enterprise,0
acct_761,2026-08-01,841,4,35,0.576,4,13,enterprise,0
acct_761,2026-09-01,866,3,33,0.431,3,13,enterprise,0
acct_761,2026-10-01,916,2,29,0.55,10,13,enterprise,0
acct_761,2026-11-01,879,7,24,0.517,6,13,enterprise,0
acct_761,2026-12-01,968,1,19,0.491,1,13,enterprise,0
acct_762,2026-01-01,820,4,47,0.534,1,29,pro,0
acct_762,2026-02-01,768,0,32,0.524,15,29,pro,0
acct_762,2026-03-01,775,7,33,0.484,3,29,pro,0
acct_762,2026-04-01,843,0,30,0.723,5,29,pro,0
acct_762,2026-05-01,803,2,26,0.488,10,29,pro,0
acct_762,2026-06-01,786,1,36,0.528,0,29,pro,0
acct_762,2026-07-01,725,1,27,0.462,14,29,pro,0
acct_762,2026-08-01,747,0,39,0.508,5,29,pro,0
acct_762,2026-09-01,773,6,31,0.342,0,29,pro,0
acct_762,2026-10-01,715,2,27,0.471,12,29,pro,1
acct_762,2026-11-01,720,2,35,0.411,14,29,pro,0
acct_762,2026-12-01,738,1,25,0.458,9,29,pro,1
acct_763,2026-01-01,694,0,33,0.287,4,11,basic,1
acct_763,2026-02-01,677,0,28,0.325,16,11,basic,0
acct_763,2026-03-01,734,7,29,0.368,14,11,basic,0
acct_763,2026-04-01,692,3,21,0.305,9,11,basic,0
acct_763,2026-05-01,730,7,25,0.204,13,11,basic,0
acct_763,2026-06-01,748,4,20,0.311,5,11,basic,0
acct_763,2026-07-01,727,6,19,0.32,4,11,basic,0
acct_763,2026-08-01,746,4,17,0.354,8,11,basic,0
acct_763,2026-09-01,712,0,24,0.4,4,11,basic,0
acct_763,2026-10-01,736,6,23,0.238,16,11,basic,0
acct_763,2026-11-01,745,2,24,0.256,8,11,basic,0
acct_763,2026-12-01,728,4,25,0.291,3,11,basic,0
acct_764,2026-01-01,984,7,14,0.597,5,5,enterprise,0
acct_764,2026-02-01,1007,5,10,0.785,13,5,enterprise,0
acct_764,2026-03-01,982,6,14,0.734,5,5,enterprise,0
acct_764,2026-04-01,962,7,16,0.629,4,5,enterprise,0
acct_764,2026-05-01,978,7,16,0.584,5,5,enterprise,1
acct_764,2026-06-01,923,3,5,0.758,17,5,enterprise,0
acct_764,2026-07-01,876,7,13,0.617,12,5,enterprise,0
acct_764,2026-08-01,945,6,19,0.545,13,5,enterprise,0
acct_764,2026-09-01,890,4,14,0.577,13,5,enterprise,0
acct_764,2026-10-01,976,1,14,0.472,10,5,enterprise,0
acct_764,2026-11-01,910,2,3,0.667,14,5,enterprise,0
acct_764,2026-12-01,889,1,17,0.415,4,5,enterprise,0
acct_765,2026-01-01,412,1,52,0.762,7,30,enterprise,0
acct_765,2026-02-01,392,4,37,0.813,4,30,enterprise,0
acct_765,2026-03-01,417,3,53,0.913,6,30,enterprise,0
acct_765,2026-04-01,401,6,50,0.637,3,30,enterprise,0
acct_765,2026-05-01,425,2,40,0.755,5,30,enterprise,0
acct_765,2026-06-01,414,4,35,0.782,12,30,enterprise,1
acct_765,2026-07-01,399,1,34,0.847,5,30,enterprise,0
acct_765,2026-08-01,410,2,36,0.825,14,30,enterprise,0
acct_765,2026-09-01,425,5,51,0.763,13,30,enterprise,0
acct_765,2026-10-01,408,1,45,0.857,3,30,enterprise,0
acct_765,2026-11-01,407,2,37,0.799,4,30,enterprise,1
acct_765,2026-12-01,435,0,43,0.769,7,30,enterprise,0
acct_766,2026-01-01,991,3,28,0.004,11,12,basic,0
acct_766,2026-02-01,949,6,27,0.109,7,12,basic,0
acct_766,2026-03-01,959,3,20,0.166,13,12,basic,0
acct_766,2026-04-01,837,3,23,0.17,8,12,basic,0
acct_766,2026-05-01,821,7,16,0.169,8,12,basic,0
acct_766,2026-06-01,713,6,7,0.001,16,12,basic,0
acct_766,2026-07-01,679,4,21,0.211,16,12,basic,0
acct_766,2026-08-01,610,4,18,0.1,12,12,basic,0
acct_766,2026-09-01,485,6,16,0.0,16,12,basic,0
acct_766,2026-10-01,489,10,10,0.088,17,12,basic,1
acct_766,2026-11-01,383,6,23,0.0,16,12,basic,0
acct_766,2026-12-01,363,6,13,0.0,18,12,basic,0
acct_767,2026-01-01,428,0,56,0.566,10,8,pro,0
acct_767,2026-02-01,437,0,53,0.425,2,8,pro,0
acct_767,2026-03-01,419,4,55,0.361,7,8,pro,1
acct_767,2026-04-01,436,4,49,0.466,13,8,pro,1
acct_767,2026-05-01,432,1,53,0.56,4,8,pro,1
acct_767,2026-06-01,403,3,48,0.418,10,8,pro,1
acct_767,2026-07-01,409,7,41,0.305,14,8,pro,0
acct_767,2026-08-01,407,7,52,0.572,17,8,pro,0
acct_767,2026-09-01,371,3,55,0.541,8,8,pro,0
acct_767,2026-10-01,408,1,44,0.597,1,8,pro,0
acct_767,2026-11-01,414,1,56,0.51,1,8,pro,0
acct_767,2026-12-01,379,6,52,0.456,14,8,pro,0
acct_768,2026-01-01,1124,4,46,0.385,8,34,basic,0
acct_768,2026-02-01,1147,6,49,0.523,12,34,basic,0
acct_768,2026-03-01,1149,1,42,0.417,9,34,basic,0
acct_768,2026-04-01,1147,0,54,0.488,9,34,basic,0
acct_768,2026-05-01,1151,6,51,0.512,15,34,basic,0
acct_768,2026-06-01,1114,5,37,0.462,4,34,basic,1
acct_768,2026-07-01,1201,2,62,0.408,11,34,basic,0
acct_768,2026-08-01,1157,2,52,0.446,8,34,basic,0
acct_768,2026-09-01,1141,6,48,0.531,3,34,basic,0
acct_768,2026-10-01,1099,4,55,0.545,9,34,basic,1
acct_768,2026-11-01,1137,7,52,0.351,9,34,basic,1
acct_768,2026-12-01,1124,7,47,0.573,3,34,basic,1
acct_769,2026-01-01,1077,5,30,0.862,7,35,pro,0
acct_769,2026-02-01,1179,3,34,0.821,10,35,pro,0
acct_769,2026-03-01,1194,0,35,0.799,12,35,pro,0
acct_769,2026-04-01,1158,6,35,0.749,10,35,pro,0
acct_769,2026-05-01,1145,3,41,0.864,7,35,pro,0
acct_769,2026-06-01,1171,4,31,0.602,7,35,pro,0
acct_769,2026-07-01,1153,2,38,0.757,16,35,pro,0
acct_769,2026-08-01,1243,2,34,0.81,3,35,pro,0
acct_769,2026-09-01,1195,1,35,0.724,5,35,pro,0
acct_769,2026-10-01,1228,4,33,0.853,15,35,pro,0
acct_769,2026-11-01,1218,1,28,0.638,4,35,pro,0
acct_769,2026-12-01,1171,5,31,0.851,3,35,pro,0
acct_770,2026-01-01,1071,7,33,0.132,8,8,basic,0
acct_770,2026-02-01,1030,8,32,0.18,3,8,basic,0
acct_770,2026-03-01,984,5,33,0.126,8,8,basic,0
acct_770,2026-04-01,897,8,31,0.076,11,8,basic,0
acct_770,2026-05-01,708,6,28,0.0,15,8,basic,0
acct_770,2026-06-01,726,8,10,0.145,6,8,basic,0
acct_770,2026-07-01,589,2,17,0.0,15,8,basic,0
acct_770,2026-08-01,563,10,24,0.002,11,8,basic,0
acct_770,2026-09-01,505,10,11,0.0,10,8,basic,0
acct_770,2026-10-01,361,8,5,0.0,11,8,basic,0
acct_770,2026-11-01,268,3,14,0.0,12,8,basic,0
acct_770,2026-12-01,178,6,12,0.0,20,8,basic,0
acct_771,2026-01-01,957,6,37,0.389,4,26,enterprise,0
acct_771,2026-02-01,987,0,29,0.319,8,26,enterprise,0
acct_771,2026-03-01,985,6,19,0.349,0,26,enterprise,0
acct_771,2026-04-01,924,7,26,0.191,5,26,enterprise,0
acct_771,2026-05-01,975,6,29,0.427,8,26,enterprise,0
acct_771,2026-06-01,980,7,25,0.246,5,26,enterprise,0
acct_771,2026-07-01,975,2,34,0.193,15,26,enterprise,0
acct_771,2026-08-01,998,5,35,0.306,10,26,enterprise,0
acct_771,2026-09-01,1018,6,34,0.28,6,26,enterprise,0
acct_771,2026-10-01,991,3,28,0.478,16,26,enterprise,0
acct_771,2026-11-01,1028,6,30,0.443,7,26,enterprise,0
acct_771,2026-12-01,1001,0,35,0.363,11,26,enterprise,0
acct_772,2026-01-01,510,7,15,0.202,4,3,basic,0
acct_772,2026-02-01,451,4,21,0.23,6,3,basic,0
acct_772,2026-03-01,431,2,9,0.166,4,3,basic,0
acct_772,2026-04-01,398,8,14,0.117,4,3,basic,0
acct_772,2026-05-01,342,6,9,0.033,13,3,basic,0
acct_772,2026-06-01,304,8,9,0.07,7,3,basic,0
acct_772,2026-07-01,272,2,5,0.0,15,3,basic,0
acct_772,2026-08-01,220,6,12,0.095,10,3,basic,0
acct_772,2026-09-01,206,7,6,0.0,11,3,basic,0
acct_772,2026-10-01,102,7,6,0.0,16,3,basic,0
acct_772,2026-11-01,126,3,12,0.0,21,3,basic,0
acct_772,2026-12-01,46,10,7,0.0,21,3,basic,0
acct_773,2026-01-01,1054,3,29,0.268,11,21,enterprise,0
acct_773,2026-02-01,963,6,37,0.257,2,21,enterprise,0
acct_773,2026-03-01,804,9,35,0.081,7,21,enterprise,0
acct_773,2026-04-01,758,4,36,0.126,6,21,enterprise,0
acct_773,2026-05-01,654,2,22,0.046,6,21,enterprise,0
acct_773,2026-06-01,554,4,16,0.02,9,21,enterprise,0
acct_773,2026-07-01,385,7,28,0.0,16,21,enterprise,0
acct_773,2026-08-01,327,6,1,0.0,14,21,enterprise,0
acct_773,2026-09-01,218,8,21,0.0,20,21,enterprise,0
acct_773,2026-10-01,125,9,3,0.0,22,21,enterprise,0
acct_773,2026-11-01,12,6,3,0.0,26,21,enterprise,0
acct_773,2026-12-01,0,6,9,0.0,16,21,enterprise,0
acct_774,2026-01-01,1140,3,22,0.268,4,14,enterprise,0
acct_774,2026-02-01,1010,4,17,0.244,10,14,enterprise,0
acct_774,2026-03-01,1014,4,37,0.307,14,14,enterprise,0
acct_774,2026-04-01,880,6,24,0.127,17,14,enterprise,0
acct_774,2026-05-01,840,2,32,0.209,11,14,enterprise,0
acct_774,2026-06-01,791,6,30,0.043,10,14,enterprise,0
acct_774,2026-07-01,754,2,22,0.008,7,14,enterprise,0
acct_774,2026-08-01,656,3,16,0.289,15,14,enterprise,0
acct_774,2026-09-01,627,9,28,0.128,11,14,enterprise,0
acct_774,2026-10-01,570,7,15,0.224,13,14,enterprise,0
acct_774,2026-11-01,481,9,14,0.082,19,14,enterprise,0
acct_774,2026-12-01,474,10,12,0.0,16,14,enterprise,0
acct_775,2026-01-01,996,3,9,0.384,9,8,pro,0
acct_775,2026-02-01,930,5,7,0.29,12,8,pro,0
acct_775,2026-03-01,1003,1,10,0.358,3,8,pro,1
acct_775,2026-04-01,972,0,16,0.303,15,8,pro,0
acct_775,2026-05-01,1021,3,12,0.244,15,8,pro,0
acct_775,2026-06-01,1072,4,14,0.247,9,8,pro,0
acct_775,2026-07-01,1060,0,10,0.204,11,8,pro,0
acct_775,2026-08-01,969,3,14,0.335,8,8,pro,0
acct_775,2026-09-01,989,2,7,0.192,10,8,pro,0
acct_775,2026-10-01,1051,1,22,0.167,6,8,pro,0
acct_775,2026-11-01,1017,4,23,0.164,6,8,pro,0
acct_775,2026-12-01,1070,7,13,0.335,12,8,pro,0
acct_776,2026-01-01,883,3,33,0.65,2,29,basic,0
acct_776,2026-02-01,914,2,39,0.59,14,29,basic,0
acct_776,2026-03-01,885,5,44,0.59,11,29,basic,0
acct_776,2026-04-01,900,4,34,0.529,4,29,basic,1
acct_776,2026-05-01,906,4,35,0.414,3,29,basic,0
acct_776,2026-06-01,871,7,55,0.416,2,29,basic,1
acct_776,2026-07-01,908,1,30,0.512,2,29,basic,0
acct_776,2026-08-01,885,5,40,0.453,6,29,basic,0
acct_776,2026-09-01,924,3,43,0.393,9,29,basic,0
acct_776,2026-10-01,896,7,46,0.51,7,29,basic,0
acct_776,2026-11-01,909,6,36,0.383,5,29,basic,1
acct_776,2026-12-01,929,4,39,0.471,7,29,basic,0
acct_777,2026-01-01,1135,4,14,0.446,6,4,enterprise,0
acct_777,2026-02-01,1108,6,23,0.252,14,4,enterprise,0
acct_777,2026-03-01,1154,5,22,0.38,2,4,enterprise,0
acct_777,2026-04-01,1168,3,14,0.47,3,4,enterprise,0
acct_777,2026-05-01,1177,0,20,0.569,3,4,enterprise,0
acct_777,2026-06-01,1204,1,17,0.554,2,4,enterprise,0
acct_777,2026-07-01,1196,5,21,0.495,6,4,enterprise,0
acct_777,2026-08-01,1290,2,14,0.462,2,4,enterprise,0
acct_777,2026-09-01,1205,5,29,0.454,8,4,enterprise,0
acct_777,2026-10-01,1253,0,21,0.389,5,4,enterprise,0
acct_777,2026-11-01,1274,3,18,0.533,8,4,enterprise,1
acct_777,2026-12-01,1229,2,19,0.492,5,4,enterprise,0
acct_778,2026-01-01,1206,9,57,0.575,6,3,basic,0
acct_778,2026-02-01,1095,3,56,0.435,9,3,basic,0
acct_778,2026-03-01,939,2,46,0.767,6,3,basic,0
acct_778,2026-04-01,920,5,46,0.299,6,3,basic,0
acct_778,2026-05-01,836,7,51,0.406,11,3,basic,0
acct_778,2026-06-01,746,3,41,0.5,8,3,basic,0
acct_778,2026-07-01,660,9,33,0.497,13,3,basic,1
acct_778,2026-08-01,574,4,12,0.326,20,3,basic,0
acct_778,2026-09-01,585,3,30,0.253,13,3,basic,0
acct_778,2026-10-01,389,8,25,0.249,16,3,basic,0
acct_778,2026-11-01,396,4,28,0.396,19,3,basic,1
acct_778,2026-12-01,316,3,24,0.252,17,3,basic,0
acct_779,2026-01-01,788,0,56,0.354,5,10,basic,0
acct_779,2026-02-01,790,5,41,0.427,2,10,basic,0
acct_779,2026-03-01,789,0,52,0.191,11,10,basic,0
acct_779,2026-04-01,821,6,33,0.243,15,10,basic,1
acct_779,2026-05-01,788,7,43,0.386,7,10,basic,0
acct_779,2026-06-01,832,1,50,0.386,10,10,basic,0
acct_779,2026-07-01,830,4,51,0.199,12,10,basic,0
acct_779,2026-08-01,820,4,52,0.372,10,10,basic,0
acct_779,2026-09-01,787,1,48,0.35,12,10,basic,0
acct_779,2026-10-01,824,0,56,0.371,14,10,basic,0
acct_779,2026-11-01,809,7,48,0.317,13,10,basic,0
acct_779,2026-12-01,813,4,52,0.417,3,10,basic,0
acct_780,2026-01-01,812,0,56,0.574,8,21,pro,0
acct_780,2026-02-01,844,4,62,0.441,7,21,pro,0
acct_780,2026-03-01,832,6,66,0.655,6,21,pro,0
acct_780,2026-04-01,835,4,57,0.612,10,21,pro,0
acct_780,2026-05-01,826,5,56,0.47,10,21,pro,0
acct_780,2026-06-01,789,6,45,0.575,15,21,pro,0
acct_780,2026-07-01,797,3,60,0.483,4,21,pro,0
acct_780,2026-08-01,820,5,55,0.359,2,21,pro,0
acct_780,2026-09-01,795,6,47,0.372,10,21,pro,1
acct_780,2026-10-01,782,2,51,0.619,11,21,pro,0
acct_780,2026-11-01,760,5,57,0.571,7,21,pro,0
acct_780,2026-12-01,772,3,50,0.599,4,21,pro,0
acct_781,2026-01-01,832,6,41,0.382,7,10,enterprise,0
acct_781,2026-02-01,900,6,58,0.393,15,10,enterprise,0
acct_781,2026-03-01,923,7,44,0.612,8,10,enterprise,0
acct_781,2026-04-01,870,6,44,0.413,3,10,enterprise,0
acct_781,2026-05-01,880,7,52,0.472,7,10,enterprise,0
acct_781,2026-06-01,871,1,44,0.422,12,10,enterprise,0
acct_781,2026-07-01,838,5,64,0.501,15,10,enterprise,0
acct_781,2026-08-01,838,5,50,0.261,7,10,enterprise,0
acct_781,2026-09-01,883,1,55,0.173,6,10,enterprise,0
acct_781,2026-10-01,827,7,49,0.262,6,10,enterprise,0
acct_781,2026-11-01,807,6,56,0.564,11,10,enterprise,0
acct_781,2026-12-01,842,2,45,0.475,10,10,enterprise,0
acct_782,2026-01-01,529,0,17,0.506,5,37,enterprise,0
acct_782,2026-02-01,592,7,8,0.589,12,37,enterprise,0
acct_782,2026-03-01,600,4,12,0.649,11,37,enterprise,0
acct_782,2026-04-01,597,7,21,0.815,5,37,enterprise,1
acct_782,2026-05-01,602,2,15,0.552,12,37,enterprise,0
acct_782,2026-06-01,577,5,15,0.682,1,37,enterprise,0
acct_782,2026-07-01,610,1,16,0.557,6,37,enterprise,0
acct_782,2026-08-01,596,5,7,0.589,10,37,enterprise,0
acct_782,2026-09-01,622,4,15,0.591,3,37,enterprise,1
acct_782,2026-10-01,575,0,17,0.595,6,37,enterprise,0
acct_782,2026-11-01,603,0,25,0.537,12,37,enterprise,0
acct_782,2026-12-01,604,2,13,0.468,5,37,enterprise,0
acct_783,2026-01-01,1008,6,12,0.563,13,38,pro,0
acct_783,2026-02-01,960,7,13,0.655,3,38,pro,0
acct_783,2026-03-01,1026,1,17,0.44,12,38,pro,0
acct_783,2026-04-01,1008,0,12,0.672,15,38,pro,1
acct_783,2026-05-01,994,3,11,0.585,11,38,pro,0
acct_783,2026-06-01,984,2,5,0.698,12,38,pro,0
acct_783,2026-07-01,983,6,15,0.652,13,38,pro,0
acct_783,2026-08-01,967,4,17,0.479,4,38,pro,1
acct_783,2026-09-01,974,0,21,0.449,9,38,pro,1
acct_783,2026-10-01,999,0,16,0.506,6,38,pro,0
acct_783,2026-11-01,1014,0,19,0.605,10,38,pro,0
acct_783,2026-12-01,1013,1,12,0.643,16,38,pro,0
acct_784,2026-01-01,450,0,50,0.468,10,9,pro,0
acct_784,2026-02-01,425,0,55,0.366,8,9,pro,0
acct_784,2026-03-01,438,2,53,0.507,8,9,pro,0
acct_784,2026-04-01,449,0,55,0.427,8,9,pro,1
acct_784,2026-05-01,437,5,48,0.417,6,9,pro,0
acct_784,2026-06-01,432,1,57,0.318,12,9,pro,0
acct_784,2026-07-01,447,5,58,0.397,7,9,pro,0
acct_784,2026-08-01,436,0,51,0.412,6,9,pro,0
acct_784,2026-09-01,417,6,49,0.371,7,9,pro,0
acct_784,2026-10-01,437,5,57,0.375,3,9,pro,0
acct_784,2026-11-01,425,5,63,0.519,6,9,pro,0
acct_784,2026-12-01,429,7,51,0.395,16,9,pro,0
acct_785,2026-01-01,873,1,54,0.577,5,35,basic,0
acct_785,2026-02-01,919,5,43,0.595,14,35,basic,0
acct_785,2026-03-01,878,2,49,0.6,12,35,basic,0
acct_785,2026-04-01,909,0,45,0.659,10,35,basic,0
acct_785,2026-05-01,868,0,59,0.647,13,35,basic,0
acct_785,2026-06-01,861,5,45,0.691,8,35,basic,0
acct_785,2026-07-01,889,0,46,0.715,2,35,basic,0
acct_785,2026-08-01,895,6,42,0.71,9,35,basic,0
acct_785,2026-09-01,901,1,57,0.565,12,35,basic,0
acct_785,2026-10-01,899,3,36,0.619,9,35,basic,0
acct_785,2026-11-01,882,0,48,0.692,17,35,basic,0
acct_785,2026-12-01,873,7,57,0.818,6,35,basic,0
acct_786,2026-01-01,1058,3,33,0.268,12,27,pro,0
acct_786,2026-02-01,1035,0,41,0.455,9,27,pro,0
acct_786,2026-03-01,1085,6,36,0.556,4,27,pro,0
acct_786,2026-04-01,1027,1,31,0.409,7,27,pro,0
acct_786,2026-05-01,1054,2,22,0.477,2,27,pro,1
acct_786,2026-06-01,984,5,41,0.519,16,27,pro,0
acct_786,2026-07-01,1063,4,30,0.499,10,27,pro,0
acct_786,2026-08-01,1037,2,36,0.361,13,27,pro,0
acct_786,2026-09-01,1063,3,32,0.393,6,27,pro,0
acct_786,2026-10-01,1035,3,28,0.31,4,27,pro,0
acct_786,2026-11-01,1056,2,34,0.351,15,27,pro,0
acct_786,2026-12-01,1020,1,35,0.385,6,27,pro,0
acct_787,2026-01-01,428,7,14,0.624,14,24,enterprise,0
acct_787,2026-02-01,409,1,24,0.49,7,24,enterprise,0
acct_787,2026-03-01,410,5,20,0.475,3,24,enterprise,0
acct_787,2026-04-01,405,6,17,0.478,4,24,enterprise,0
acct_787,2026-05-01,404,1,3,0.414,9,24,enterprise,0
acct_787,2026-06-01,354,4,27,0.488,6,24,enterprise,1
acct_787,2026-07-01,401,6,9,0.414,0,24,enterprise,0
acct_787,2026-08-01,380,6,14,0.456,12,24,enterprise,0
acct_787,2026-09-01,394,2,15,0.347,1,24,enterprise,0
acct_787,2026-10-01,381,3,7,0.406,10,24,enterprise,0
acct_787,2026-11-01,371,0,27,0.433,10,24,enterprise,0
acct_787,2026-12-01,353,5,11,0.394,4,24,enterprise,0
acct_788,2026-01-01,1034,2,40,0.294,4,27,pro,0
acct_788,2026-02-01,1064,0,58,0.441,6,27,pro,0
acct_788,2026-03-01,1008,4,44,0.43,6,27,pro,0
acct_788,2026-04-01,1051,7,51,0.462,12,27,pro,0
acct_788,2026-05-01,1092,3,51,0.627,3,27,pro,0
acct_788,2026-06-01,1098,3,47,0.485,9,27,pro,0
acct_788,2026-07-01,1104,6,51,0.591,4,27,pro,0
acct_788,2026-08-01,1070,5,46,0.592,4,27,pro,0
acct_788,2026-09-01,1002,1,49,0.411,9,27,pro,0
acct_788,2026-10-01,1058,7,52,0.407,9,27,pro,0
acct_788,2026-11-01,1067,2,35,0.396,0,27,pro,0
acct_788,2026-12-01,1039,4,52,0.51,3,27,pro,0
acct_789,2026-01-01,861,1,24,0.409,8,16,enterprise,1
acct_789,2026-02-01,818,4,25,0.366,12,16,enterprise,0
acct_789,2026-03-01,857,7,28,0.476,10,16,enterprise,0
acct_789,2026-04-01,844,1,26,0.496,11,16,enterprise,0
acct_789,2026-05-01,821,6,20,0.574,11,16,enterprise,0
acct_789,2026-06-01,791,0,17,0.474,4,16,enterprise,0
acct_789,2026-07-01,815,5,22,0.435,5,16,enterprise,0
acct_789,2026-08-01,781,5,13,0.558,4,16,enterprise,0
acct_789,2026-09-01,785,1,17,0.548,5,16,enterprise,0
acct_789,2026-10-01,742,1,14,0.553,4,16,enterprise,0
acct_789,2026-11-01,789,0,12,0.413,0,16,enterprise,0
acct_789,2026-12-01,739,4,9,0.286,8,16,enterprise,0
acct_790,2026-01-01,581,9,24,0.499,11,21,basic,0
acct_790,2026-02-01,508,3,16,0.483,4,21,basic,0
acct_790,2026-03-01,485,5,14,0.344,14,21,basic,0
acct_790,2026-04-01,426,5,20,0.446,2,21,basic,0
acct_790,2026-05-01,356,6,13,0.313,14,21,basic,0
acct_790,2026-06-01,341,8,12,0.27,16,21,basic,0
acct_790,2026-07-01,289,6,22,0.379,21,21,basic,0
acct_790,2026-08-01,183,10,14,0.343,19,21,basic,1
acct_790,2026-09-01,207,10,10,0.0,10,21,basic,0
acct_790,2026-10-01,134,9,4,0.04,20,21,basic,0
acct_790,2026-11-01,76,10,4,0.0,25,21,basic,1
acct_790,2026-12-01,0,3,2,0.101,23,21,basic,0
acct_791,2026-01-01,875,0,44,0.877,16,35,enterprise,0
acct_791,2026-02-01,876,6,38,0.749,9,35,enterprise,0
acct_791,2026-03-01,870,6,30,0.854,12,35,enterprise,0
acct_791,2026-04-01,886,5,46,0.688,8,35,enterprise,0
acct_791,2026-05-01,896,7,47,0.615,8,35,enterprise,0
acct_791,2026-06-01,867,4,42,0.768,3,35,enterprise,0
acct_791,2026-07-01,869,1,44,0.939,8,35,enterprise,0
acct_791,2026-08-01,858,1,42,0.637,6,35,enterprise,0
acct_791,2026-09-01,848,6,45,0.565,11,35,enterprise,0
acct_791,2026-10-01,845,3,37,0.902,14,35,enterprise,0
acct_791,2026-11-01,844,5,45,0.606,7,35,enterprise,0
acct_791,2026-12-01,848,0,35,0.535,15,35,enterprise,0
acct_792,2026-01-01,621,7,24,0.718,9,13,basic,0
acct_792,2026-02-01,605,9,5,0.648,3,13,basic,0
acct_792,2026-03-01,500,6,13,0.523,5,13,basic,0
acct_792,2026-04-01,477,5,7,0.399,10,13,basic,0
acct_792,2026-05-01,441,8,8,0.316,12,13,basic,0
acct_792,2026-06-01,370,8,7,0.481,12,13,basic,0
acct_792,2026-07-01,326,4,0,0.324,8,13,basic,0
acct_792,2026-08-01,300,5,7,0.371,10,13,basic,0
acct_792,2026-09-01,238,5,0,0.331,21,13,basic,0
acct_792,2026-10-01,208,3,4,0.2,16,13,basic,0
acct_792,2026-11-01,152,3,5,0.36,12,13,basic,0
acct_792,2026-12-01,142,5,8,0.324,18,13,basic,1
acct_793,2026-01-01,1023,5,41,0.525,5,28,pro,1
acct_793,2026-02-01,1037,0,44,0.54,6,28,pro,1
acct_793,2026-03-01,1023,5,41,0.502,12,28,pro,0
acct_793,2026-04-01,959,1,41,0.612,10,28,pro,0
acct_793,2026-05-01,968,3,42,0.467,6,28,pro,0
acct_793,2026-06-01,998,0,42,0.437,8,28,pro,0
acct_793,2026-07-01,971,1,48,0.559,2,28,pro,1
acct_793,2026-08-01,1017,2,51,0.608,15,28,pro,0
acct_793,2026-09-01,980,0,39,0.529,8,28,pro,1
acct_793,2026-10-01,992,3,39,0.496,14,28,pro,0
acct_793,2026-11-01,993,5,39,0.439,17,28,pro,0
acct_793,2026-12-01,947,7,47,0.4,16,28,pro,0
acct_794,2026-01-01,676,4,59,0.448,7,26,basic,1
acct_794,2026-02-01,673,1,53,0.73,10,26,basic,0
acct_794,2026-03-01,665,2,42,0.576,0,26,basic,0
acct_794,2026-04-01,691,0,59,0.601,10,26,basic,0
acct_794,2026-05-01,708,4,57,0.505,4,26,basic,0
acct_794,2026-06-01,692,2,58,0.681,13,26,basic,0
acct_794,2026-07-01,678,2,62,0.517,4,26,basic,1
acct_794,2026-08-01,725,5,58,0.566,14,26,basic,0
acct_794,2026-09-01,674,3,57,0.626,9,26,basic,0
acct_794,2026-10-01,690,1,48,0.55,6,26,basic,0
acct_794,2026-11-01,724,3,58,0.597,11,26,basic,1
acct_794,2026-12-01,704,5,42,0.746,11,26,basic,0
acct_795,2026-01-01,1135,7,51,0.708,4,8,enterprise,0
acct_795,2026-02-01,1166,5,43,0.538,3,8,enterprise,0
acct_795,2026-03-01,1088,5,37,0.767,15,8,enterprise,0
acct_795,2026-04-01,1028,7,30,0.522,9,8,enterprise,1
acct_795,2026-05-01,1064,2,47,0.692,5,8,enterprise,0
acct_795,2026-06-01,1026,0,38,0.473,12,8,enterprise,0
acct_795,2026-07-01,953,1,35,0.393,10,8,enterprise,0
acct_795,2026-08-01,1082,5,40,0.508,10,8,enterprise,0
acct_795,2026-09-01,973,3,36,0.594,11,8,enterprise,1
acct_795,2026-10-01,969,5,42,0.721,1,8,enterprise,0
acct_795,2026-11-01,1010,3,41,0.417,4,8,enterprise,0
acct_795,2026-12-01,983,5,36,0.609,12,8,enterprise,0
acct_796,2026-01-01,705,1,36,0.513,0,23,pro,0
acct_796,2026-02-01,708,2,40,0.587,7,23,pro,0
acct_796,2026-03-01,704,1,42,0.759,4,23,pro,0
acct_796,2026-04-01,740,6,38,0.738,12,23,pro,1
acct_796,2026-05-01,731,7,28,0.551,11,23,pro,0
acct_796,2026-06-01,751,2,34,0.513,13,23,pro,1
acct_796,2026-07-01,708,2,35,0.531,6,23,pro,0
acct_796,2026-08-01,774,3,40,0.622,8,23,pro,0
acct_796,2026-09-01,763,6,45,0.433,5,23,pro,0
acct_796,2026-10-01,703,1,39,0.41,10,23,pro,0
acct_796,2026-11-01,762,0,39,0.509,12,23,pro,0
acct_796,2026-12-01,705,5,35,0.709,4,23,pro,1
acct_797,2026-01-01,655,7,65,0.328,10,5,pro,1
acct_797,2026-02-01,643,5,60,0.306,3,5,pro,0
acct_797,2026-03-01,672,1,56,0.127,0,5,pro,0
acct_797,2026-04-01,696,6,66,0.312,5,5,pro,0
acct_797,2026-05-01,694,6,52,0.129,1,5,pro,0
acct_797,2026-06-01,678,6,54,0.226,10,5,pro,0
acct_797,2026-07-01,701,3,60,0.417,6,5,pro,0
acct_797,2026-08-01,691,5,53,0.411,9,5,pro,0
acct_797,2026-09-01,715,1,69,0.498,6,5,pro,1
acct_797,2026-10-01,696,2,58,0.379,7,5,pro,0
acct_797,2026-11-01,717,3,52,0.299,8,5,pro,1
acct_797,2026-12-01,722,0,49,0.411,12,5,pro,0
acct_798,2026-01-01,843,6,40,0.379,12,9,pro,0
acct_798,2026-02-01,829,6,39,0.172,5,9,pro,1
acct_798,2026-03-01,802,6,48,0.136,6,9,pro,0
acct_798,2026-04-01,817,0,39,0.433,8,9,pro,0
acct_798,2026-05-01,862,2,44,0.35,10,9,pro,0
acct_798,2026-06-01,805,2,54,0.284,14,9,pro,0
acct_798,2026-07-01,800,7,39,0.188,7,9,pro,0
acct_798,2026-08-01,798,4,47,0.115,5,9,pro,0
acct_798,2026-09-01,794,5,39,0.338,0,9,pro,0
acct_798,2026-10-01,751,7,34,0.346,10,9,pro,0
acct_798,2026-11-01,699,0,36,0.394,7,9,pro,1
acct_798,2026-12-01,711,5,47,0.285,13,9,pro,1
acct_799,2026-01-01,647,4,41,0.248,9,7,basic,0
acct_799,2026-02-01,637,7,50,0.114,0,7,basic,0
acct_799,2026-03-01,631,4,39,0.065,0,7,basic,0
acct_799,2026-04-01,501,5,40,0.0,13,7,basic,0
acct_799,2026-05-01,507,7,27,0.173,8,7,basic,1
acct_799,2026-06-01,417,8,29,0.101,13,7,basic,0
acct_799,2026-07-01,381,9,20,0.0,12,7,basic,0
acct_799,2026-08-01,321,6,29,0.0,20,7,basic,0
acct_799,2026-09-01,287,9,29,0.0,12,7,basic,0
acct_799,2026-10-01,224,10,21,0.0,20,7,basic,0
acct_799,2026-11-01,210,5,19,0.0,16,7,basic,0
acct_799,2026-12-01,150,7,4,0.0,16,7,basic,0
